driver_id,timestamp,status
D101,2023-10-04 00:00:00,Online
D101,2023-10-04 00:33:00,Idle
D101,2023-10-04 02:11:00,Busy
D101,2023-10-04 02:46:00,Busy
D101,2023-10-04 04:35:00,Idle
D101,2023-10-04 05:58:00,Idle
D101,2023-10-04 06:57:00,Idle
D101,2023-10-04 07:24:00,Busy
D101,2023-10-04 07:48:00,Idle
D101,2023-10-04 08:14:00,Offline
D101,2023-10-05 07:14:00,Online
D101,2023-10-05 07:35:00,Idle
D101,2023-10-05 09:26:00,Busy
D101,2023-10-05 09:48:00,Busy
D101,2023-10-05 10:37:00,Idle
D101,2023-10-05 12:30:00,Idle
D101,2023-10-05 14:05:00,Busy
D101,2023-10-05 14:32:00,Idle
D101,2023-10-05 14:51:00,Offline
D101,2023-10-06 10:51:00,Online
D101,2023-10-06 12:15:00,Idle
D101,2023-10-06 13:21:00,Busy
D101,2023-10-06 13:52:00,Busy
D101,2023-10-06 14:36:00,Idle
D101,2023-10-06 15:37:00,Idle
D101,2023-10-06 16:24:00,Busy
D101,2023-10-06 17:20:00,Idle
D101,2023-10-06 18:16:00,Busy
D101,2023-10-06 19:34:00,Busy
D101,2023-10-06 20:58:00,Idle
D101,2023-10-06 21:22:00,Offline
D101,2023-10-07 17:22:00,Online
D101,2023-10-07 18:14:00,Idle
D101,2023-10-07 19:26:00,Idle
D101,2023-10-07 19:43:00,Busy
D101,2023-10-07 20:48:00,Busy
D101,2023-10-07 21:22:00,Busy
D101,2023-10-07 22:27:00,Busy
D101,2023-10-07 22:55:00,Offline
D101,2023-10-08 12:55:00,Online
D101,2023-10-08 13:58:00,Idle
D101,2023-10-08 15:47:00,Idle
D101,2023-10-08 17:33:00,Idle
D101,2023-10-08 18:18:00,Busy
D101,2023-10-08 19:53:00,Busy
D101,2023-10-08 21:01:00,Busy
D101,2023-10-08 22:50:00,Busy
D101,2023-10-08 23:07:00,Busy
D101,2023-10-08 23:27:00,Busy
D101,2023-10-09 00:32:00,Idle
D101,2023-10-09 01:14:00,Offline
D101,2023-10-09 23:14:00,Online
D101,2023-10-09 23:30:00,Busy
D101,2023-10-10 00:14:00,Busy
D101,2023-10-10 01:18:00,Busy
D101,2023-10-10 02:30:00,Busy
D101,2023-10-10 03:50:00,Idle
D101,2023-10-10 05:33:00,Busy
D101,2023-10-10 06:10:00,Offline
D101,2023-10-10 22:10:00,Online
D101,2023-10-11 00:03:00,Busy
D101,2023-10-11 01:46:00,Idle
D101,2023-10-11 02:56:00,Busy
D101,2023-10-11 04:22:00,Idle
D101,2023-10-11 05:04:00,Offline
D101,2023-10-11 21:04:00,Online
D101,2023-10-11 21:53:00,Busy
D101,2023-10-11 22:10:00,Busy
D101,2023-10-11 23:22:00,Idle
D101,2023-10-12 00:14:00,Idle
D101,2023-10-12 01:53:00,Busy
D101,2023-10-12 02:17:00,Offline
D101,2023-10-13 02:17:00,Online
D101,2023-10-13 03:38:00,Busy
D101,2023-10-13 04:57:00,Busy
D101,2023-10-13 06:27:00,Busy
D101,2023-10-13 08:05:00,Busy
D101,2023-10-13 08:58:00,Idle
D101,2023-10-13 09:39:00,Offline
D101,2023-10-14 06:39:00,Online
D101,2023-10-14 08:29:00,Idle
D101,2023-10-14 10:07:00,Busy
D101,2023-10-14 10:44:00,Busy
D101,2023-10-14 11:47:00,Idle
D101,2023-10-14 12:09:00,Idle
D101,2023-10-14 12:31:00,Busy
D101,2023-10-14 13:28:00,Idle
D101,2023-10-14 14:54:00,Busy
D101,2023-10-14 16:20:00,Busy
D101,2023-10-14 16:56:00,Offline
D102,2023-10-05 00:00:00,Online
D102,2023-10-05 01:33:00,Busy
D102,2023-10-05 03:03:00,Busy
D102,2023-10-05 03:33:00,Busy
D102,2023-10-05 04:45:00,Idle
D102,2023-10-05 06:43:00,Busy
D102,2023-10-05 08:12:00,Busy
D102,2023-10-05 10:09:00,Busy
D102,2023-10-05 10:38:00,Offline
D102,2023-10-06 04:38:00,Online
D102,2023-10-06 05:36:00,Idle
D102,2023-10-06 06:37:00,Busy
D102,2023-10-06 06:54:00,Idle
D102,2023-10-06 08:23:00,Busy
D102,2023-10-06 09:13:00,Idle
D102,2023-10-06 09:39:00,Idle
D102,2023-10-06 11:34:00,Idle
D102,2023-10-06 11:56:00,Busy
D102,2023-10-06 12:50:00,Offline
D102,2023-10-07 10:50:00,Online
D102,2023-10-07 11:17:00,Idle
D102,2023-10-07 13:01:00,Idle
D102,2023-10-07 14:36:00,Idle
D102,2023-10-07 15:02:00,Idle
D102,2023-10-07 15:55:00,Idle
D102,2023-10-07 16:12:00,Busy
D102,2023-10-07 17:18:00,Busy
D102,2023-10-07 18:55:00,Idle
D102,2023-10-07 19:07:00,Offline
D102,2023-10-08 15:07:00,Online
D102,2023-10-08 16:59:00,Idle
D102,2023-10-08 18:48:00,Busy
D102,2023-10-08 19:24:00,Busy
D102,2023-10-08 19:46:00,Offline
D102,2023-10-09 09:46:00,Online
D102,2023-10-09 11:46:00,Busy
D102,2023-10-09 13:10:00,Busy
D102,2023-10-09 14:39:00,Idle
D102,2023-10-09 16:21:00,Idle
D102,2023-10-09 17:07:00,Busy
D102,2023-10-09 19:04:00,Busy
D102,2023-10-09 20:14:00,Busy
D102,2023-10-09 21:12:00,Idle
D102,2023-10-09 22:56:00,Busy
D102,2023-10-09 23:34:00,Idle
D102,2023-10-10 00:01:00,Offline
D102,2023-10-10 14:01:00,Online
D102,2023-10-10 14:18:00,Idle
D102,2023-10-10 15:32:00,Idle
D102,2023-10-10 16:58:00,Busy
D102,2023-10-10 17:27:00,Idle
D102,2023-10-10 18:39:00,Idle
D102,2023-10-10 18:55:00,Busy
D102,2023-10-10 20:10:00,Idle
D102,2023-10-10 22:00:00,Busy
D102,2023-10-10 23:27:00,Busy
D102,2023-10-10 23:50:00,Offline
D102,2023-10-11 13:50:00,Online
D102,2023-10-11 15:31:00,Busy
D102,2023-10-11 16:03:00,Busy
D102,2023-10-11 17:12:00,Busy
D102,2023-10-11 17:46:00,Idle
D102,2023-10-11 19:09:00,Idle
D102,2023-10-11 19:40:00,Idle
D102,2023-10-11 21:04:00,Busy
D102,2023-10-11 23:02:00,Busy
D102,2023-10-11 23:19:00,Idle
D102,2023-10-11 23:57:00,Busy
D102,2023-10-12 00:32:00,Offline
D102,2023-10-12 19:32:00,Online
D102,2023-10-12 21:05:00,Busy
D102,2023-10-12 21:57:00,Idle
D102,2023-10-12 22:26:00,Idle
D102,2023-10-12 23:26:00,Offline
D102,2023-10-13 14:26:00,Online
D102,2023-10-13 16:22:00,Idle
D102,2023-10-13 17:41:00,Busy
D102,2023-10-13 19:05:00,Busy
D102,2023-10-13 20:15:00,Busy
D102,2023-10-13 20:47:00,Busy
D102,2023-10-13 21:11:00,Idle
D102,2023-10-13 22:40:00,Idle
D102,2023-10-14 00:06:00,Idle
D102,2023-10-14 01:34:00,Idle
D102,2023-10-14 02:19:00,Offline
D103,2023-10-03 00:00:00,Online
D103,2023-10-03 00:47:00,Busy
D103,2023-10-03 01:05:00,Idle
D103,2023-10-03 01:25:00,Idle
D103,2023-10-03 02:21:00,Idle
D103,2023-10-03 03:10:00,Idle
D103,2023-10-03 04:37:00,Busy
D103,2023-10-03 05:15:00,Busy
D103,2023-10-03 05:59:00,Busy
D103,2023-10-03 06:40:00,Busy
D103,2023-10-03 07:22:00,Offline
D103,2023-10-04 03:22:00,Online
D103,2023-10-04 05:04:00,Idle
D103,2023-10-04 06:28:00,Busy
D103,2023-10-04 06:51:00,Busy
D103,2023-10-04 07:24:00,Idle
D103,2023-10-04 08:24:00,Busy
D103,2023-10-04 09:13:00,Busy
D103,2023-10-04 10:26:00,Idle
D103,2023-10-04 12:25:00,Busy
D103,2023-10-04 13:08:00,Idle
D103,2023-10-04 13:53:00,Offline
D103,2023-10-05 03:53:00,Online
D103,2023-10-05 05:31:00,Idle
D103,2023-10-05 05:57:00,Busy
D103,2023-10-05 07:30:00,Busy
D103,2023-10-05 08:37:00,Busy
D103,2023-10-05 10:34:00,Busy
D103,2023-10-05 11:04:00,Offline
D103,2023-10-06 07:04:00,Online
D103,2023-10-06 08:40:00,Busy
D103,2023-10-06 09:07:00,Idle
D103,2023-10-06 11:05:00,Idle
D103,2023-10-06 11:32:00,Busy
D103,2023-10-06 12:05:00,Idle
D103,2023-10-06 14:03:00,Busy
D103,2023-10-06 14:38:00,Idle
D103,2023-10-06 15:34:00,Busy
D103,2023-10-06 16:36:00,Idle
D103,2023-10-06 17:26:00,Offline
D103,2023-10-07 13:26:00,Online
D103,2023-10-07 15:05:00,Busy
D103,2023-10-07 15:36:00,Busy
D103,2023-10-07 16:51:00,Busy
D103,2023-10-07 18:09:00,Busy
D103,2023-10-07 18:27:00,Busy
D103,2023-10-07 19:48:00,Idle
D103,2023-10-07 21:06:00,Idle
D103,2023-10-07 21:32:00,Offline
D103,2023-10-08 21:32:00,Online
D103,2023-10-08 22:33:00,Idle
D103,2023-10-08 23:08:00,Busy
D103,2023-10-08 23:25:00,Busy
D103,2023-10-08 23:57:00,Idle
D103,2023-10-09 01:44:00,Idle
D103,2023-10-09 02:43:00,Busy
D103,2023-10-09 03:28:00,Offline
D103,2023-10-09 19:28:00,Online
D103,2023-10-09 20:34:00,Busy
D103,2023-10-09 22:25:00,Busy
D103,2023-10-09 23:47:00,Idle
D103,2023-10-10 00:10:00,Offline
D103,2023-10-10 14:10:00,Online
D103,2023-10-10 15:57:00,Busy
D103,2023-10-10 17:01:00,Busy
D103,2023-10-10 17:16:00,Busy
D103,2023-10-10 18:06:00,Busy
D103,2023-10-10 18:23:00,Idle
D103,2023-10-10 20:22:00,Busy
D103,2023-10-10 21:55:00,Busy
D103,2023-10-10 22:23:00,Offline
D103,2023-10-11 10:23:00,Online
D103,2023-10-11 12:03:00,Busy
D103,2023-10-11 14:02:00,Idle
D103,2023-10-11 15:47:00,Busy
D103,2023-10-11 17:44:00,Idle
D103,2023-10-11 18:21:00,Busy
D103,2023-10-11 19:34:00,Idle
D103,2023-10-11 20:48:00,Idle
D103,2023-10-11 22:09:00,Idle
D103,2023-10-11 22:33:00,Busy
D103,2023-10-11 22:55:00,Idle
D103,2023-10-11 23:29:00,Offline
D104,2023-10-03 00:00:00,Online
D104,2023-10-03 00:42:00,Busy
D104,2023-10-03 02:42:00,Busy
D104,2023-10-03 04:03:00,Idle
D104,2023-10-03 04:41:00,Busy
D104,2023-10-03 05:20:00,Idle
D104,2023-10-03 05:44:00,Idle
D104,2023-10-03 06:31:00,Idle
D104,2023-10-03 07:56:00,Idle
D104,2023-10-03 08:35:00,Idle
D104,2023-10-03 09:35:00,Offline
D104,2023-10-03 21:35:00,Online
D104,2023-10-03 22:08:00,Idle
D104,2023-10-03 22:23:00,Busy
D104,2023-10-03 23:59:00,Idle
D104,2023-10-04 00:45:00,Idle
D104,2023-10-04 01:16:00,Busy
D104,2023-10-04 01:50:00,Offline
D104,2023-10-04 20:50:00,Online
D104,2023-10-04 22:26:00,Idle
D104,2023-10-04 23:39:00,Idle
D104,2023-10-05 00:05:00,Busy
D104,2023-10-05 00:37:00,Offline
D104,2023-10-05 23:37:00,Online
D104,2023-10-06 00:28:00,Idle
D104,2023-10-06 01:56:00,Idle
D104,2023-10-06 03:17:00,Idle
D104,2023-10-06 03:46:00,Busy
D104,2023-10-06 05:41:00,Idle
D104,2023-10-06 06:08:00,Offline
D104,2023-10-06 18:08:00,Online
D104,2023-10-06 19:02:00,Idle
D104,2023-10-06 19:51:00,Busy
D104,2023-10-06 20:32:00,Busy
D104,2023-10-06 22:15:00,Idle
D104,2023-10-06 22:58:00,Idle
D104,2023-10-06 23:46:00,Busy
D104,2023-10-07 00:31:00,Idle
D104,2023-10-07 02:30:00,Idle
D104,2023-10-07 02:49:00,Offline
D104,2023-10-07 20:49:00,Online
D104,2023-10-07 22:27:00,Busy
D104,2023-10-08 00:25:00,Idle
D104,2023-10-08 01:19:00,Idle
D104,2023-10-08 02:03:00,Idle
D104,2023-10-08 03:34:00,Busy
D104,2023-10-08 04:02:00,Idle
D104,2023-10-08 05:23:00,Idle
D104,2023-10-08 07:02:00,Busy
D104,2023-10-08 07:45:00,Busy
D104,2023-10-08 08:13:00,Offline
D104,2023-10-09 05:13:00,Online
D104,2023-10-09 05:33:00,Busy
D104,2023-10-09 05:54:00,Busy
D104,2023-10-09 06:31:00,Idle
D104,2023-10-09 07:31:00,Busy
D104,2023-10-09 08:28:00,Idle
D104,2023-10-09 09:43:00,Idle
D104,2023-10-09 09:59:00,Busy
D104,2023-10-09 10:39:00,Offline
D104,2023-10-10 05:39:00,Online
D104,2023-10-10 06:16:00,Idle
D104,2023-10-10 06:59:00,Idle
D104,2023-10-10 07:56:00,Busy
D104,2023-10-10 08:53:00,Idle
D104,2023-10-10 10:51:00,Busy
D104,2023-10-10 12:17:00,Busy
D104,2023-10-10 13:31:00,Idle
D104,2023-10-10 14:46:00,Busy
D104,2023-10-10 15:48:00,Busy
D104,2023-10-10 16:02:00,Offline
D104,2023-10-11 13:02:00,Online
D104,2023-10-11 13:53:00,Busy
D104,2023-10-11 14:49:00,Idle
D104,2023-10-11 15:26:00,Idle
D104,2023-10-11 16:02:00,Idle
D104,2023-10-11 17:42:00,Busy
D104,2023-10-11 18:44:00,Busy
D104,2023-10-11 20:01:00,Busy
D104,2023-10-11 20:38:00,Offline
D104,2023-10-12 20:38:00,Online
D104,2023-10-12 22:34:00,Idle
D104,2023-10-12 23:57:00,Idle
D104,2023-10-13 01:13:00,Idle
D104,2023-10-13 02:44:00,Busy
D104,2023-10-13 03:02:00,Offline
D104,2023-10-13 17:02:00,Online
D104,2023-10-13 18:46:00,Idle
D104,2023-10-13 19:11:00,Idle
D104,2023-10-13 20:23:00,Idle
D104,2023-10-13 21:11:00,Busy
D104,2023-10-13 21:41:00,Offline
D104,2023-10-14 11:41:00,Online
D104,2023-10-14 12:10:00,Idle
D104,2023-10-14 13:51:00,Busy
D104,2023-10-14 14:56:00,Idle
D104,2023-10-14 15:44:00,Idle
D104,2023-10-14 17:03:00,Busy
D104,2023-10-14 17:30:00,Busy
D104,2023-10-14 18:13:00,Offline
D104,2023-10-15 09:13:00,Online
D104,2023-10-15 10:38:00,Idle
D104,2023-10-15 11:37:00,Busy
D104,2023-10-15 12:53:00,Busy
D104,2023-10-15 14:12:00,Busy
D104,2023-10-15 15:14:00,Idle
D104,2023-10-15 16:39:00,Busy
D104,2023-10-15 17:53:00,Busy
D104,2023-10-15 18:25:00,Idle
D104,2023-10-15 19:01:00,Offline
D104,2023-10-16 08:01:00,Online
D104,2023-10-16 09:50:00,Idle
D104,2023-10-16 10:24:00,Idle
D104,2023-10-16 12:05:00,Idle
D104,2023-10-16 12:46:00,Idle
D104,2023-10-16 14:05:00,Idle
D104,2023-10-16 15:52:00,Idle
D104,2023-10-16 16:33:00,Busy
D104,2023-10-16 17:30:00,Offline
D104,2023-10-17 10:30:00,Online
D104,2023-10-17 11:22:00,Busy
D104,2023-10-17 13:02:00,Idle
D104,2023-10-17 14:32:00,Idle
D104,2023-10-17 16:11:00,Busy
D104,2023-10-17 17:02:00,Offline
D106,2023-10-01 00:00:00,Online
D106,2023-10-01 01:53:00,Idle
D106,2023-10-01 03:47:00,Idle
D106,2023-10-01 05:34:00,Idle
D106,2023-10-01 06:53:00,Idle
D106,2023-10-01 08:25:00,Idle
D106,2023-10-01 10:09:00,Idle
D106,2023-10-01 11:28:00,Busy
D106,2023-10-01 12:22:00,Idle
D106,2023-10-01 13:13:00,Busy
D106,2023-10-01 15:05:00,Busy
D106,2023-10-01 15:17:00,Offline
D106,2023-10-02 10:17:00,Online
D106,2023-10-02 11:57:00,Busy
D106,2023-10-02 12:33:00,Idle
D106,2023-10-02 13:01:00,Busy
D106,2023-10-02 14:14:00,Busy
D106,2023-10-02 15:58:00,Busy
D106,2023-10-02 17:23:00,Idle
D106,2023-10-02 18:05:00,Busy
D106,2023-10-02 18:56:00,Idle
D106,2023-10-02 19:55:00,Offline
D106,2023-10-03 10:55:00,Online
D106,2023-10-03 12:27:00,Busy
D106,2023-10-03 12:51:00,Busy
D106,2023-10-03 14:08:00,Idle
D106,2023-10-03 15:58:00,Busy
D106,2023-10-03 17:43:00,Busy
D106,2023-10-03 19:17:00,Busy
D106,2023-10-03 21:05:00,Idle
D106,2023-10-03 21:37:00,Offline
D106,2023-10-04 16:37:00,Online
D106,2023-10-04 18:14:00,Busy
D106,2023-10-04 19:20:00,Busy
D106,2023-10-04 20:54:00,Busy
D106,2023-10-04 22:46:00,Idle
D106,2023-10-04 23:34:00,Idle
D106,2023-10-05 00:16:00,Idle
D106,2023-10-05 00:57:00,Busy
D106,2023-10-05 01:35:00,Busy
D106,2023-10-05 01:57:00,Offline
D106,2023-10-05 19:57:00,Online
D106,2023-10-05 20:24:00,Busy
D106,2023-10-05 21:13:00,Busy
D106,2023-10-05 21:58:00,Busy
D106,2023-10-05 22:55:00,Offline
D106,2023-10-06 11:55:00,Online
D106,2023-10-06 12:41:00,Busy
D106,2023-10-06 14:01:00,Busy
D106,2023-10-06 14:50:00,Idle
D106,2023-10-06 15:57:00,Idle
D106,2023-10-06 17:33:00,Idle
D106,2023-10-06 17:55:00,Busy
D106,2023-10-06 19:26:00,Idle
D106,2023-10-06 20:32:00,Busy
D106,2023-10-06 21:07:00,Busy
D106,2023-10-06 21:49:00,Idle
D106,2023-10-06 22:28:00,Offline
D106,2023-10-07 14:28:00,Online
D106,2023-10-07 15:55:00,Idle
D106,2023-10-07 16:22:00,Busy
D106,2023-10-07 18:12:00,Busy
D106,2023-10-07 19:34:00,Busy
D106,2023-10-07 20:19:00,Idle
D106,2023-10-07 21:43:00,Idle
D106,2023-10-07 22:02:00,Idle
D106,2023-10-07 22:52:00,Offline
D106,2023-10-08 19:52:00,Online
D106,2023-10-08 20:26:00,Idle
D106,2023-10-08 22:25:00,Busy
D106,2023-10-09 00:15:00,Idle
D106,2023-10-09 01:02:00,Offline
D106,2023-10-09 16:02:00,Online
D106,2023-10-09 17:01:00,Busy
D106,2023-10-09 17:16:00,Idle
D106,2023-10-09 17:45:00,Busy
D106,2023-10-09 19:05:00,Idle
D106,2023-10-09 19:46:00,Idle
D106,2023-10-09 21:25:00,Busy
D106,2023-10-09 23:08:00,Busy
D106,2023-10-10 00:50:00,Busy
D106,2023-10-10 01:19:00,Offline
D106,2023-10-10 19:19:00,Online
D106,2023-10-10 20:20:00,Idle
D106,2023-10-10 21:59:00,Busy
D106,2023-10-10 23:07:00,Busy
D106,2023-10-11 00:04:00,Busy
D106,2023-10-11 01:35:00,Busy
D106,2023-10-11 03:24:00,Idle
D106,2023-10-11 04:17:00,Idle
D106,2023-10-11 05:17:00,Offline
D106,2023-10-12 05:17:00,Online
D106,2023-10-12 05:37:00,Busy
D106,2023-10-12 07:28:00,Busy
D106,2023-10-12 08:16:00,Busy
D106,2023-10-12 09:48:00,Busy
D106,2023-10-12 10:07:00,Busy
D106,2023-10-12 10:18:00,Offline
D106,2023-10-13 09:18:00,Online
D106,2023-10-13 09:50:00,Busy
D106,2023-10-13 11:09:00,Busy
D106,2023-10-13 12:50:00,Busy
D106,2023-10-13 13:16:00,Idle
D106,2023-10-13 14:28:00,Idle
D106,2023-10-13 16:19:00,Busy
D106,2023-10-13 18:16:00,Busy
D106,2023-10-13 18:59:00,Offline
D106,2023-10-14 09:59:00,Online
D106,2023-10-14 10:14:00,Idle
D106,2023-10-14 12:11:00,Idle
D106,2023-10-14 13:14:00,Busy
D106,2023-10-14 14:59:00,Busy
D106,2023-10-14 15:26:00,Idle
D106,2023-10-14 15:46:00,Busy
D106,2023-10-14 17:31:00,Idle
D106,2023-10-14 19:05:00,Busy
D106,2023-10-14 20:14:00,Idle
D106,2023-10-14 21:05:00,Offline
D107,2023-10-02 00:00:00,Online
D107,2023-10-02 01:32:00,Idle
D107,2023-10-02 02:37:00,Busy
D107,2023-10-02 03:17:00,Busy
D107,2023-10-02 04:06:00,Idle
D107,2023-10-02 04:58:00,Offline
D107,2023-10-02 23:58:00,Online
D107,2023-10-03 01:07:00,Busy
D107,2023-10-03 02:12:00,Idle
D107,2023-10-03 02:40:00,Busy
D107,2023-10-03 04:12:00,Idle
D107,2023-10-03 05:18:00,Busy
D107,2023-10-03 07:16:00,Idle
D107,2023-10-03 09:00:00,Busy
D107,2023-10-03 09:45:00,Idle
D107,2023-10-03 10:40:00,Offline
D107,2023-10-04 05:40:00,Online
D107,2023-10-04 07:07:00,Busy
D107,2023-10-04 08:20:00,Idle
D107,2023-10-04 09:06:00,Busy
D107,2023-10-04 09:17:00,Offline
D107,2023-10-05 02:17:00,Online
D107,2023-10-05 03:24:00,Busy
D107,2023-10-05 05:12:00,Idle
D107,2023-10-05 06:08:00,Busy
D107,2023-10-05 07:42:00,Idle
D107,2023-10-05 08:39:00,Idle
D107,2023-10-05 09:49:00,Busy
D107,2023-10-05 10:05:00,Busy
D107,2023-10-05 10:51:00,Idle
D107,2023-10-05 11:51:00,Idle
D107,2023-10-05 12:16:00,Offline
D107,2023-10-06 08:16:00,Online
D107,2023-10-06 09:30:00,Busy
D107,2023-10-06 11:17:00,Busy
D107,2023-10-06 12:16:00,Busy
D107,2023-10-06 14:15:00,Busy
D107,2023-10-06 14:46:00,Idle
D107,2023-10-06 16:02:00,Busy
D107,2023-10-06 16:59:00,Offline
D107,2023-10-07 14:59:00,Online
D107,2023-10-07 15:36:00,Busy
D107,2023-10-07 17:23:00,Busy
D107,2023-10-07 18:09:00,Busy
D107,2023-10-07 19:24:00,Busy
D107,2023-10-07 19:51:00,Idle
D107,2023-10-07 21:45:00,Idle
D107,2023-10-07 22:26:00,Busy
D107,2023-10-07 23:45:00,Idle
D107,2023-10-08 00:16:00,Offline
D107,2023-10-08 19:16:00,Online
D107,2023-10-08 20:32:00,Idle
D107,2023-10-08 22:29:00,Idle
D107,2023-10-08 23:29:00,Busy
D107,2023-10-09 00:47:00,Idle
D107,2023-10-09 01:06:00,Idle
D107,2023-10-09 02:55:00,Busy
D107,2023-10-09 04:07:00,Busy
D107,2023-10-09 04:21:00,Offline
D107,2023-10-10 01:21:00,Online
D107,2023-10-10 03:02:00,Idle
D107,2023-10-10 04:44:00,Busy
D107,2023-10-10 05:03:00,Busy
D107,2023-10-10 06:35:00,Idle
D107,2023-10-10 07:20:00,Idle
D107,2023-10-10 08:43:00,Busy
D107,2023-10-10 09:23:00,Offline
D107,2023-10-11 09:23:00,Online
D107,2023-10-11 10:28:00,Idle
D107,2023-10-11 11:26:00,Idle
D107,2023-10-11 13:07:00,Idle
D107,2023-10-11 13:51:00,Idle
D107,2023-10-11 14:50:00,Offline
D107,2023-10-12 05:50:00,Online
D107,2023-10-12 07:25:00,Idle
D107,2023-10-12 08:16:00,Idle
D107,2023-10-12 09:48:00,Busy
D107,2023-10-12 11:15:00,Idle
D107,2023-10-12 13:12:00,Idle
D107,2023-10-12 14:30:00,Busy
D107,2023-10-12 16:17:00,Idle
D107,2023-10-12 16:57:00,Offline
D107,2023-10-13 09:57:00,Online
D107,2023-10-13 10:29:00,Busy
D107,2023-10-13 11:12:00,Busy
D107,2023-10-13 12:43:00,Idle
D107,2023-10-13 14:07:00,Idle
D107,2023-10-13 15:53:00,Busy
D107,2023-10-13 16:21:00,Idle
D107,2023-10-13 17:54:00,Busy
D107,2023-10-13 18:25:00,Busy
D107,2023-10-13 19:09:00,Idle
D107,2023-10-13 19:52:00,Offline
D107,2023-10-14 12:52:00,Online
D107,2023-10-14 13:54:00,Busy
D107,2023-10-14 15:51:00,Idle
D107,2023-10-14 17:39:00,Busy
D107,2023-10-14 19:37:00,Idle
D107,2023-10-14 20:08:00,Idle
D107,2023-10-14 21:03:00,Idle
D107,2023-10-14 21:42:00,Busy
D107,2023-10-14 23:00:00,Busy
D107,2023-10-14 23:57:00,Busy
D107,2023-10-15 01:32:00,Busy
D107,2023-10-15 02:04:00,Offline
D107,2023-10-16 02:04:00,Online
D107,2023-10-16 03:20:00,Busy
D107,2023-10-16 04:08:00,Idle
D107,2023-10-16 05:13:00,Busy
D107,2023-10-16 06:25:00,Busy
D107,2023-10-16 08:13:00,Idle
D107,2023-10-16 09:07:00,Offline
D108,2023-10-01 00:00:00,Online
D108,2023-10-01 01:54:00,Idle
D108,2023-10-01 03:52:00,Idle
D108,2023-10-01 04:54:00,Idle
D108,2023-10-01 06:06:00,Busy
D108,2023-10-01 07:42:00,Busy
D108,2023-10-01 08:13:00,Busy
D108,2023-10-01 08:56:00,Offline
D108,2023-10-02 03:56:00,Online
D108,2023-10-02 04:49:00,Idle
D108,2023-10-02 05:21:00,Busy
D108,2023-10-02 05:51:00,Busy
D108,2023-10-02 07:38:00,Busy
D108,2023-10-02 08:52:00,Busy
D108,2023-10-02 09:42:00,Offline
D108,2023-10-02 21:42:00,Online
D108,2023-10-02 23:23:00,Idle
D108,2023-10-03 01:23:00,Busy
D108,2023-10-03 03:03:00,Idle
D108,2023-10-03 03:38:00,Idle
D108,2023-10-03 04:49:00,Idle
D108,2023-10-03 06:23:00,Busy
D108,2023-10-03 08:04:00,Busy
D108,2023-10-03 08:24:00,Idle
D108,2023-10-03 10:10:00,Idle
D108,2023-10-03 10:48:00,Busy
D108,2023-10-03 11:34:00,Offline
D108,2023-10-04 00:34:00,Online
D108,2023-10-04 01:57:00,Busy
D108,2023-10-04 03:49:00,Idle
D108,2023-10-04 04:04:00,Busy
D108,2023-10-04 05:15:00,Busy
D108,2023-10-04 06:27:00,Idle
D108,2023-10-04 06:57:00,Idle
D108,2023-10-04 07:39:00,Busy
D108,2023-10-04 08:19:00,Idle
D108,2023-10-04 08:59:00,Offline
D108,2023-10-05 00:59:00,Online
D108,2023-10-05 02:21:00,Busy
D108,2023-10-05 03:53:00,Idle
D108,2023-10-05 05:32:00,Idle
D108,2023-10-05 06:59:00,Busy
D108,2023-10-05 07:24:00,Idle
D108,2023-10-05 08:27:00,Idle
D108,2023-10-05 09:27:00,Busy
D108,2023-10-05 10:37:00,Idle
D108,2023-10-05 11:18:00,Idle
D108,2023-10-05 11:57:00,Offline
D108,2023-10-06 05:57:00,Online
D108,2023-10-06 06:44:00,Idle
D108,2023-10-06 07:59:00,Idle
D108,2023-10-06 08:17:00,Idle
D108,2023-10-06 09:18:00,Idle
D108,2023-10-06 10:39:00,Idle
D108,2023-10-06 11:13:00,Offline
D109,2023-10-05 00:00:00,Online
D109,2023-10-05 00:43:00,Idle
D109,2023-10-05 02:19:00,Busy
D109,2023-10-05 03:13:00,Busy
D109,2023-10-05 04:20:00,Idle
D109,2023-10-05 05:24:00,Idle
D109,2023-10-05 07:12:00,Busy
D109,2023-10-05 07:53:00,Idle
D109,2023-10-05 09:14:00,Busy
D109,2023-10-05 09:30:00,Offline
D109,2023-10-06 04:30:00,Online
D109,2023-10-06 05:57:00,Idle
D109,2023-10-06 07:40:00,Busy
D109,2023-10-06 09:39:00,Busy
D109,2023-10-06 11:11:00,Busy
D109,2023-10-06 12:56:00,Idle
D109,2023-10-06 14:25:00,Busy
D109,2023-10-06 15:34:00,Busy
D109,2023-10-06 17:27:00,Idle
D109,2023-10-06 17:44:00,Offline
D109,2023-10-07 13:44:00,Online
D109,2023-10-07 15:06:00,Busy
D109,2023-10-07 15:33:00,Busy
D109,2023-10-07 16:04:00,Busy
D109,2023-10-07 17:29:00,Busy
D109,2023-10-07 18:14:00,Busy
D109,2023-10-07 20:00:00,Idle
D109,2023-10-07 21:42:00,Busy
D109,2023-10-07 22:29:00,Offline
D109,2023-10-08 18:29:00,Online
D109,2023-10-08 19:09:00,Idle
D109,2023-10-08 20:14:00,Busy
D109,2023-10-08 21:35:00,Idle
D109,2023-10-08 22:51:00,Idle
D109,2023-10-08 23:55:00,Busy
D109,2023-10-09 01:48:00,Busy
D109,2023-10-09 02:37:00,Offline
D109,2023-10-09 16:37:00,Online
D109,2023-10-09 17:25:00,Busy
D109,2023-10-09 18:24:00,Idle
D109,2023-10-09 20:09:00,Busy
D109,2023-10-09 21:40:00,Idle
D109,2023-10-09 22:04:00,Busy
D109,2023-10-09 22:46:00,Idle
D109,2023-10-09 23:11:00,Offline
D109,2023-10-10 15:11:00,Online
D109,2023-10-10 15:44:00,Idle
D109,2023-10-10 16:26:00,Busy
D109,2023-10-10 17:54:00,Busy
D109,2023-10-10 18:33:00,Idle
D109,2023-10-10 19:25:00,Busy
D109,2023-10-10 20:13:00,Idle
D109,2023-10-10 20:58:00,Busy
D109,2023-10-10 21:14:00,Idle
D109,2023-10-10 22:21:00,Busy
D109,2023-10-10 22:52:00,Offline
D109,2023-10-11 13:52:00,Online
D109,2023-10-11 14:35:00,Busy
D109,2023-10-11 14:54:00,Idle
D109,2023-10-11 16:17:00,Busy
D109,2023-10-11 16:33:00,Idle
D109,2023-10-11 17:37:00,Idle
D109,2023-10-11 18:27:00,Offline
D109,2023-10-12 14:27:00,Online
D109,2023-10-12 16:01:00,Idle
D109,2023-10-12 17:14:00,Idle
D109,2023-10-12 18:49:00,Idle
D109,2023-10-12 20:22:00,Busy
D109,2023-10-12 21:45:00,Idle
D109,2023-10-12 22:22:00,Busy
D109,2023-10-12 23:08:00,Busy
D109,2023-10-12 23:25:00,Idle
D109,2023-10-13 00:10:00,Idle
D109,2023-10-13 02:10:00,Idle
D109,2023-10-13 02:48:00,Offline
D109,2023-10-14 00:48:00,Online
D109,2023-10-14 02:34:00,Busy
D109,2023-10-14 03:50:00,Idle
D109,2023-10-14 05:46:00,Busy
D109,2023-10-14 06:45:00,Busy
D109,2023-10-14 07:15:00,Offline
D109,2023-10-15 01:15:00,Online
D109,2023-10-15 02:31:00,Busy
D109,2023-10-15 03:25:00,Idle
D109,2023-10-15 03:56:00,Busy
D109,2023-10-15 04:34:00,Idle
D109,2023-10-15 06:23:00,Idle
D109,2023-10-15 06:52:00,Busy
D109,2023-10-15 08:00:00,Busy
D109,2023-10-15 08:34:00,Busy
D109,2023-10-15 09:03:00,Idle
D109,2023-10-15 09:32:00,Idle
D109,2023-10-15 10:01:00,Offline
D109,2023-10-16 02:01:00,Online
D109,2023-10-16 03:00:00,Busy
D109,2023-10-16 03:59:00,Busy
D109,2023-10-16 04:45:00,Busy
D109,2023-10-16 05:37:00,Idle
D109,2023-10-16 05:57:00,Offline
D109,2023-10-16 21:57:00,Online
D109,2023-10-16 22:14:00,Idle
D109,2023-10-16 23:58:00,Busy
D109,2023-10-17 01:47:00,Busy
D109,2023-10-17 03:27:00,Idle
D109,2023-10-17 05:10:00,Busy
D109,2023-10-17 05:54:00,Offline
D109,2023-10-17 20:54:00,Online
D109,2023-10-17 21:26:00,Busy
D109,2023-10-17 23:10:00,Busy
D109,2023-10-17 23:40:00,Busy
D109,2023-10-18 01:04:00,Busy
D109,2023-10-18 01:21:00,Offline
D110,2023-10-06 00:00:00,Online
D110,2023-10-06 01:53:00,Busy
D110,2023-10-06 02:23:00,Busy
D110,2023-10-06 04:22:00,Idle
D110,2023-10-06 04:59:00,Idle
D110,2023-10-06 05:18:00,Idle
D110,2023-10-06 05:45:00,Idle
D110,2023-10-06 07:12:00,Idle
D110,2023-10-06 07:37:00,Idle
D110,2023-10-06 08:25:00,Offline
D110,2023-10-07 04:25:00,Online
D110,2023-10-07 05:04:00,Busy
D110,2023-10-07 06:50:00,Idle
D110,2023-10-07 07:50:00,Busy
D110,2023-10-07 08:40:00,Offline
D110,2023-10-08 06:40:00,Online
D110,2023-10-08 06:57:00,Idle
D110,2023-10-08 07:29:00,Idle
D110,2023-10-08 08:50:00,Busy
D110,2023-10-08 09:01:00,Offline
D110,2023-10-09 01:01:00,Online
D110,2023-10-09 01:16:00,Busy
D110,2023-10-09 02:22:00,Idle
D110,2023-10-09 02:54:00,Busy
D110,2023-10-09 03:23:00,Idle
D110,2023-10-09 04:00:00,Busy
D110,2023-10-09 05:21:00,Idle
D110,2023-10-09 06:28:00,Idle
D110,2023-10-09 06:54:00,Idle
D110,2023-10-09 07:20:00,Idle
D110,2023-10-09 07:57:00,Offline
D110,2023-10-10 00:57:00,Online
D110,2023-10-10 02:31:00,Idle
D110,2023-10-10 02:48:00,Idle
D110,2023-10-10 03:43:00,Busy
D110,2023-10-10 04:14:00,Offline
D110,2023-10-11 00:14:00,Online
D110,2023-10-11 01:25:00,Busy
D110,2023-10-11 01:57:00,Idle
D110,2023-10-11 03:21:00,Idle
D110,2023-10-11 05:18:00,Busy
D110,2023-10-11 06:23:00,Busy
D110,2023-10-11 08:00:00,Busy
D110,2023-10-11 09:02:00,Busy
D110,2023-10-11 09:40:00,Offline
D110,2023-10-12 07:40:00,Online
D110,2023-10-12 08:14:00,Busy
D110,2023-10-12 09:04:00,Idle
D110,2023-10-12 10:40:00,Idle
D110,2023-10-12 12:24:00,Busy
D110,2023-10-12 14:18:00,Busy
D110,2023-10-12 16:12:00,Busy
D110,2023-10-12 16:32:00,Offline
D110,2023-10-13 10:32:00,Online
D110,2023-10-13 11:29:00,Busy
D110,2023-10-13 12:00:00,Busy
D110,2023-10-13 13:14:00,Idle
D110,2023-10-13 14:09:00,Offline
D110,2023-10-14 12:09:00,Online
D110,2023-10-14 13:54:00,Busy
D110,2023-10-14 14:49:00,Idle
D110,2023-10-14 15:19:00,Idle
D110,2023-10-14 15:45:00,Idle
D110,2023-10-14 16:04:00,Idle
D110,2023-10-14 17:00:00,Busy
D110,2023-10-14 18:36:00,Idle
D110,2023-10-14 19:04:00,Offline
D110,2023-10-15 13:04:00,Online
D110,2023-10-15 14:15:00,Idle
D110,2023-10-15 16:12:00,Idle
D110,2023-10-15 16:42:00,Idle
D110,2023-10-15 17:30:00,Idle
D110,2023-10-15 18:07:00,Offline
D110,2023-10-16 13:07:00,Online
D110,2023-10-16 13:25:00,Idle
D110,2023-10-16 15:04:00,Busy
D110,2023-10-16 15:56:00,Busy
D110,2023-10-16 17:30:00,Idle
D110,2023-10-16 19:06:00,Busy
D110,2023-10-16 19:47:00,Offline
D110,2023-10-17 07:47:00,Online
D110,2023-10-17 08:33:00,Idle
D110,2023-10-17 09:21:00,Busy
D110,2023-10-17 10:51:00,Idle
D110,2023-10-17 11:31:00,Offline
D110,2023-10-18 01:31:00,Online
D110,2023-10-18 01:53:00,Busy
D110,2023-10-18 02:17:00,Idle
D110,2023-10-18 03:37:00,Busy
D110,2023-10-18 04:32:00,Idle
D110,2023-10-18 06:13:00,Idle
D110,2023-10-18 06:54:00,Busy
D110,2023-10-18 07:40:00,Idle
D110,2023-10-18 08:09:00,Busy
D110,2023-10-18 08:28:00,Idle
D110,2023-10-18 09:22:00,Offline
D110,2023-10-19 08:22:00,Online
D110,2023-10-19 08:38:00,Busy
D110,2023-10-19 09:54:00,Idle
D110,2023-10-19 10:16:00,Busy
D110,2023-10-19 11:34:00,Busy
D110,2023-10-19 11:57:00,Idle
D110,2023-10-19 12:31:00,Idle
D110,2023-10-19 13:43:00,Busy
D110,2023-10-19 14:41:00,Offline
D111,2023-10-03 00:00:00,Online
D111,2023-10-03 00:19:00,Idle
D111,2023-10-03 01:01:00,Idle
D111,2023-10-03 02:26:00,Idle
D111,2023-10-03 03:21:00,Idle
D111,2023-10-03 04:24:00,Idle
D111,2023-10-03 06:06:00,Busy
D111,2023-10-03 07:15:00,Busy
D111,2023-10-03 08:24:00,Idle
D111,2023-10-03 09:20:00,Offline
D111,2023-10-04 06:20:00,Online
D111,2023-10-04 07:49:00,Idle
D111,2023-10-04 08:26:00,Idle
D111,2023-10-04 10:16:00,Busy
D111,2023-10-04 10:48:00,Busy
D111,2023-10-04 12:24:00,Idle
D111,2023-10-04 13:52:00,Idle
D111,2023-10-04 14:25:00,Idle
D111,2023-10-04 14:44:00,Busy
D111,2023-10-04 16:22:00,Busy
D111,2023-10-04 17:01:00,Offline
D111,2023-10-05 09:01:00,Online
D111,2023-10-05 10:59:00,Busy
D111,2023-10-05 12:24:00,Idle
D111,2023-10-05 13:58:00,Idle
D111,2023-10-05 14:34:00,Busy
D111,2023-10-05 16:09:00,Busy
D111,2023-10-05 17:38:00,Idle
D111,2023-10-05 18:24:00,Offline
D111,2023-10-06 09:24:00,Online
D111,2023-10-06 11:04:00,Busy
D111,2023-10-06 12:10:00,Idle
D111,2023-10-06 13:07:00,Busy
D111,2023-10-06 13:58:00,Idle
D111,2023-10-06 14:57:00,Idle
D111,2023-10-06 16:13:00,Idle
D111,2023-10-06 16:34:00,Offline
D111,2023-10-07 13:34:00,Online
D111,2023-10-07 14:48:00,Idle
D111,2023-10-07 15:30:00,Idle
D111,2023-10-07 15:46:00,Busy
D111,2023-10-07 16:58:00,Idle
D111,2023-10-07 17:41:00,Idle
D111,2023-10-07 18:43:00,Busy
D111,2023-10-07 19:08:00,Idle
D111,2023-10-07 19:39:00,Offline
D111,2023-10-08 08:39:00,Online
D111,2023-10-08 10:24:00,Idle
D111,2023-10-08 12:09:00,Busy
D111,2023-10-08 13:12:00,Idle
D111,2023-10-08 13:55:00,Idle
D111,2023-10-08 14:55:00,Busy
D111,2023-10-08 15:10:00,Offline
D111,2023-10-09 13:10:00,Online
D111,2023-10-09 13:45:00,Busy
D111,2023-10-09 15:24:00,Idle
D111,2023-10-09 15:45:00,Idle
D111,2023-10-09 17:16:00,Idle
D111,2023-10-09 18:04:00,Idle
D111,2023-10-09 18:45:00,Offline
D111,2023-10-10 10:45:00,Online
D111,2023-10-10 11:10:00,Busy
D111,2023-10-10 12:10:00,Idle
D111,2023-10-10 12:56:00,Busy
D111,2023-10-10 14:10:00,Idle
D111,2023-10-10 15:18:00,Idle
D111,2023-10-10 16:06:00,Busy
D111,2023-10-10 17:48:00,Busy
D111,2023-10-10 18:14:00,Busy
D111,2023-10-10 18:36:00,Offline
D111,2023-10-11 17:36:00,Online
D111,2023-10-11 18:37:00,Busy
D111,2023-10-11 19:28:00,Busy
D111,2023-10-11 20:00:00,Busy
D111,2023-10-11 20:31:00,Busy
D111,2023-10-11 22:28:00,Idle
D111,2023-10-12 00:19:00,Busy
D111,2023-10-12 01:27:00,Idle
D111,2023-10-12 02:09:00,Idle
D111,2023-10-12 03:37:00,Idle
D111,2023-10-12 04:11:00,Offline
D111,2023-10-13 01:11:00,Online
D111,2023-10-13 02:10:00,Busy
D111,2023-10-13 02:40:00,Idle
D111,2023-10-13 04:03:00,Idle
D111,2023-10-13 05:22:00,Busy
D111,2023-10-13 06:04:00,Busy
D111,2023-10-13 06:30:00,Offline
D111,2023-10-13 23:30:00,Online
D111,2023-10-14 00:34:00,Idle
D111,2023-10-14 02:03:00,Busy
D111,2023-10-14 02:31:00,Busy
D111,2023-10-14 04:24:00,Idle
D111,2023-10-14 05:40:00,Idle
D111,2023-10-14 07:13:00,Busy
D111,2023-10-14 08:55:00,Idle
D111,2023-10-14 09:50:00,Offline
D114,2023-10-01 00:00:00,Online
D114,2023-10-01 00:50:00,Idle
D114,2023-10-01 01:22:00,Idle
D114,2023-10-01 01:44:00,Busy
D114,2023-10-01 03:31:00,Idle
D114,2023-10-01 05:07:00,Busy
D114,2023-10-01 06:12:00,Busy
D114,2023-10-01 06:39:00,Offline
D114,2023-10-01 22:39:00,Online
D114,2023-10-01 23:42:00,Idle
D114,2023-10-02 01:30:00,Idle
D114,2023-10-02 03:27:00,Busy
D114,2023-10-02 04:00:00,Idle
D114,2023-10-02 05:52:00,Idle
D114,2023-10-02 07:39:00,Idle
D114,2023-10-02 08:09:00,Busy
D114,2023-10-02 08:37:00,Idle
D114,2023-10-02 09:46:00,Idle
D114,2023-10-02 10:32:00,Offline
D114,2023-10-03 08:32:00,Online
D114,2023-10-03 10:30:00,Busy
D114,2023-10-03 11:15:00,Busy
D114,2023-10-03 11:47:00,Busy
D114,2023-10-03 12:38:00,Idle
D114,2023-10-03 14:13:00,Busy
D114,2023-10-03 14:57:00,Busy
D114,2023-10-03 15:50:00,Offline
D114,2023-10-04 07:50:00,Online
D114,2023-10-04 08:56:00,Idle
D114,2023-10-04 10:32:00,Idle
D114,2023-10-04 11:05:00,Busy
D114,2023-10-04 12:35:00,Busy
D114,2023-10-04 13:27:00,Busy
D114,2023-10-04 14:24:00,Busy
D114,2023-10-04 15:03:00,Busy
D114,2023-10-04 16:54:00,Idle
D114,2023-10-04 17:11:00,Offline
D114,2023-10-05 07:11:00,Online
D114,2023-10-05 08:21:00,Idle
D114,2023-10-05 09:01:00,Busy
D114,2023-10-05 10:09:00,Busy
D114,2023-10-05 11:08:00,Busy
D114,2023-10-05 12:10:00,Idle
D114,2023-10-05 13:04:00,Idle
D114,2023-10-05 14:19:00,Idle
D114,2023-10-05 14:48:00,Offline
D114,2023-10-06 05:48:00,Online
D114,2023-10-06 06:15:00,Idle
D114,2023-10-06 07:20:00,Idle
D114,2023-10-06 07:58:00,Busy
D114,2023-10-06 08:46:00,Offline
D114,2023-10-07 00:46:00,Online
D114,2023-10-07 02:33:00,Idle
D114,2023-10-07 03:45:00,Busy
D114,2023-10-07 04:18:00,Idle
D114,2023-10-07 05:00:00,Busy
D114,2023-10-07 06:19:00,Idle
D114,2023-10-07 08:11:00,Idle
D114,2023-10-07 09:08:00,Offline
D114,2023-10-08 03:08:00,Online
D114,2023-10-08 04:51:00,Busy
D114,2023-10-08 05:20:00,Busy
D114,2023-10-08 07:09:00,Idle
D114,2023-10-08 07:24:00,Idle
D114,2023-10-08 09:08:00,Busy
D114,2023-10-08 10:08:00,Busy
D114,2023-10-08 11:08:00,Busy
D114,2023-10-08 12:02:00,Idle
D114,2023-10-08 13:48:00,Idle
D114,2023-10-08 15:09:00,Busy
D114,2023-10-08 15:21:00,Offline
D114,2023-10-09 07:21:00,Online
D114,2023-10-09 08:46:00,Idle
D114,2023-10-09 09:30:00,Idle
D114,2023-10-09 10:54:00,Busy
D114,2023-10-09 12:28:00,Busy
D114,2023-10-09 14:25:00,Busy
D114,2023-10-09 14:49:00,Busy
D114,2023-10-09 16:48:00,Idle
D114,2023-10-09 17:08:00,Idle
D114,2023-10-09 18:17:00,Busy
D114,2023-10-09 18:55:00,Offline
D114,2023-10-10 14:55:00,Online
D114,2023-10-10 15:54:00,Idle
D114,2023-10-10 17:16:00,Idle
D114,2023-10-10 17:49:00,Idle
D114,2023-10-10 18:28:00,Idle
D114,2023-10-10 19:28:00,Offline
D114,2023-10-11 18:28:00,Online
D114,2023-10-11 20:09:00,Idle
D114,2023-10-11 21:44:00,Idle
D114,2023-10-11 23:11:00,Idle
D114,2023-10-11 23:31:00,Busy
D114,2023-10-12 00:52:00,Busy
D114,2023-10-12 01:30:00,Offline
D114,2023-10-12 15:30:00,Online
D114,2023-10-12 17:02:00,Idle
D114,2023-10-12 17:29:00,Idle
D114,2023-10-12 18:15:00,Busy
D114,2023-10-12 19:13:00,Busy
D114,2023-10-12 20:15:00,Busy
D114,2023-10-12 20:30:00,Busy
D114,2023-10-12 21:27:00,Busy
D114,2023-10-12 22:09:00,Idle
D114,2023-10-12 22:56:00,Offline
D116,2023-10-05 00:00:00,Online
D116,2023-10-05 01:23:00,Idle
D116,2023-10-05 01:45:00,Idle
D116,2023-10-05 03:43:00,Busy
D116,2023-10-05 05:18:00,Busy
D116,2023-10-05 05:55:00,Idle
D116,2023-10-05 07:50:00,Idle
D116,2023-10-05 08:36:00,Busy
D116,2023-10-05 10:35:00,Busy
D116,2023-10-05 12:00:00,Idle
D116,2023-10-05 13:28:00,Busy
D116,2023-10-05 13:41:00,Offline
D116,2023-10-06 06:41:00,Online
D116,2023-10-06 07:02:00,Busy
D116,2023-10-06 08:35:00,Busy
D116,2023-10-06 09:22:00,Idle
D116,2023-10-06 10:23:00,Busy
D116,2023-10-06 12:03:00,Idle
D116,2023-10-06 12:35:00,Offline
D116,2023-10-07 08:35:00,Online
D116,2023-10-07 10:33:00,Busy
D116,2023-10-07 12:19:00,Busy
D116,2023-10-07 13:44:00,Busy
D116,2023-10-07 15:21:00,Busy
D116,2023-10-07 15:39:00,Idle
D116,2023-10-07 17:34:00,Busy
D116,2023-10-07 17:59:00,Offline
D116,2023-10-08 16:59:00,Online
D116,2023-10-08 17:20:00,Busy
D116,2023-10-08 17:41:00,Busy
D116,2023-10-08 19:30:00,Busy
D116,2023-10-08 21:23:00,Idle
D116,2023-10-08 22:18:00,Idle
D116,2023-10-08 23:00:00,Busy
D116,2023-10-08 23:55:00,Idle
D116,2023-10-09 00:43:00,Busy
D116,2023-10-09 01:32:00,Offline
D116,2023-10-09 14:32:00,Online
D116,2023-10-09 15:56:00,Idle
D116,2023-10-09 17:38:00,Busy
D116,2023-10-09 18:16:00,Busy
D116,2023-10-09 19:02:00,Busy
D116,2023-10-09 20:49:00,Busy
D116,2023-10-09 22:46:00,Busy
D116,2023-10-10 00:42:00,Busy
D116,2023-10-10 01:04:00,Busy
D116,2023-10-10 02:00:00,Idle
D116,2023-10-10 02:17:00,Idle
D116,2023-10-10 03:07:00,Offline
D116,2023-10-10 23:07:00,Online
D116,2023-10-11 00:56:00,Idle
D116,2023-10-11 02:55:00,Idle
D116,2023-10-11 04:32:00,Idle
D116,2023-10-11 05:14:00,Busy
D116,2023-10-11 06:14:00,Offline
D116,2023-10-12 05:14:00,Online
D116,2023-10-12 06:25:00,Busy
D116,2023-10-12 08:19:00,Busy
D116,2023-10-12 08:50:00,Idle
D116,2023-10-12 10:34:00,Idle
D116,2023-10-12 12:05:00,Busy
D116,2023-10-12 13:43:00,Busy
D116,2023-10-12 13:59:00,Idle
D116,2023-10-12 15:59:00,Busy
D116,2023-10-12 16:26:00,Offline
D116,2023-10-13 04:26:00,Online
D116,2023-10-13 06:22:00,Busy
D116,2023-10-13 07:18:00,Busy
D116,2023-10-13 08:21:00,Idle
D116,2023-10-13 09:01:00,Offline
D116,2023-10-14 01:01:00,Online
D116,2023-10-14 02:49:00,Busy
D116,2023-10-14 04:01:00,Busy
D116,2023-10-14 05:20:00,Busy
D116,2023-10-14 06:50:00,Busy
D116,2023-10-14 07:33:00,Offline
D116,2023-10-15 04:33:00,Online
D116,2023-10-15 05:23:00,Busy
D116,2023-10-15 07:06:00,Busy
D116,2023-10-15 07:44:00,Idle
D116,2023-10-15 09:10:00,Idle
D116,2023-10-15 10:49:00,Idle
D116,2023-10-15 12:32:00,Idle
D116,2023-10-15 13:59:00,Idle
D116,2023-10-15 15:40:00,Busy
D116,2023-10-15 16:39:00,Offline
D117,2023-10-01 00:00:00,Online
D117,2023-10-01 00:48:00,Idle
D117,2023-10-01 01:42:00,Idle
D117,2023-10-01 02:21:00,Busy
D117,2023-10-01 02:54:00,Busy
D117,2023-10-01 03:10:00,Busy
D117,2023-10-01 03:40:00,Idle
D117,2023-10-01 04:10:00,Idle
D117,2023-10-01 04:28:00,Offline
D117,2023-10-01 16:28:00,Online
D117,2023-10-01 17:03:00,Idle
D117,2023-10-01 18:15:00,Busy
D117,2023-10-01 19:47:00,Idle
D117,2023-10-01 20:46:00,Busy
D117,2023-10-01 21:11:00,Offline
D117,2023-10-02 18:11:00,Online
D117,2023-10-02 19:30:00,Idle
D117,2023-10-02 20:08:00,Busy
D117,2023-10-02 21:31:00,Busy
D117,2023-10-02 22:34:00,Busy
D117,2023-10-03 00:15:00,Busy
D117,2023-10-03 02:11:00,Busy
D117,2023-10-03 03:40:00,Idle
D117,2023-10-03 04:09:00,Offline
D117,2023-10-04 00:09:00,Online
D117,2023-10-04 01:05:00,Busy
D117,2023-10-04 02:54:00,Busy
D117,2023-10-04 04:08:00,Busy
D117,2023-10-04 05:50:00,Busy
D117,2023-10-04 06:13:00,Idle
D117,2023-10-04 07:41:00,Idle
D117,2023-10-04 08:12:00,Busy
D117,2023-10-04 08:49:00,Busy
D117,2023-10-04 09:34:00,Offline
D117,2023-10-05 04:34:00,Online
D117,2023-10-05 06:05:00,Busy
D117,2023-10-05 07:30:00,Busy
D117,2023-10-05 08:52:00,Idle
D117,2023-10-05 10:01:00,Busy
D117,2023-10-05 11:57:00,Idle
D117,2023-10-05 12:08:00,Offline
D117,2023-10-06 03:08:00,Online
D117,2023-10-06 04:24:00,Busy
D117,2023-10-06 05:33:00,Idle
D117,2023-10-06 05:49:00,Idle
D117,2023-10-06 06:25:00,Offline
D117,2023-10-07 03:25:00,Online
D117,2023-10-07 04:49:00,Idle
D117,2023-10-07 06:42:00,Idle
D117,2023-10-07 08:28:00,Busy
D117,2023-10-07 09:09:00,Busy
D117,2023-10-07 10:20:00,Busy
D117,2023-10-07 10:39:00,Offline
D117,2023-10-08 00:39:00,Online
D117,2023-10-08 02:31:00,Idle
D117,2023-10-08 03:27:00,Idle
D117,2023-10-08 03:50:00,Busy
D117,2023-10-08 04:06:00,Busy
D117,2023-10-08 04:42:00,Busy
D117,2023-10-08 05:40:00,Busy
D117,2023-10-08 05:58:00,Offline
D117,2023-10-09 00:58:00,Online
D117,2023-10-09 02:40:00,Busy
D117,2023-10-09 02:59:00,Idle
D117,2023-10-09 04:56:00,Idle
D117,2023-10-09 05:23:00,Busy
D117,2023-10-09 05:48:00,Busy
D117,2023-10-09 07:07:00,Busy
D117,2023-10-09 08:33:00,Idle
D117,2023-10-09 09:26:00,Idle
D117,2023-10-09 10:07:00,Busy
D117,2023-10-09 10:41:00,Idle
D117,2023-10-09 11:40:00,Offline
D117,2023-10-09 23:40:00,Online
D117,2023-10-10 00:27:00,Busy
D117,2023-10-10 01:29:00,Busy
D117,2023-10-10 02:05:00,Busy
D117,2023-10-10 03:54:00,Busy
D117,2023-10-10 05:03:00,Idle
D117,2023-10-10 06:09:00,Busy
D117,2023-10-10 07:14:00,Busy
D117,2023-10-10 08:41:00,Busy
D117,2023-10-10 09:56:00,Idle
D117,2023-10-10 11:24:00,Idle
D117,2023-10-10 12:09:00,Offline
D118,2023-10-05 00:00:00,Online
D118,2023-10-05 01:58:00,Busy
D118,2023-10-05 02:14:00,Idle
D118,2023-10-05 03:08:00,Idle
D118,2023-10-05 04:04:00,Busy
D118,2023-10-05 05:49:00,Idle
D118,2023-10-05 06:21:00,Idle
D118,2023-10-05 06:54:00,Busy
D118,2023-10-05 08:22:00,Busy
D118,2023-10-05 09:04:00,Busy
D118,2023-10-05 09:46:00,Offline
D118,2023-10-06 08:46:00,Online
D118,2023-10-06 10:35:00,Idle
D118,2023-10-06 11:54:00,Idle
D118,2023-10-06 12:17:00,Idle
D118,2023-10-06 12:33:00,Idle
D118,2023-10-06 13:41:00,Busy
D118,2023-10-06 14:24:00,Busy
D118,2023-10-06 16:23:00,Idle
D118,2023-10-06 17:30:00,Idle
D118,2023-10-06 18:23:00,Offline
D118,2023-10-07 17:23:00,Online
D118,2023-10-07 18:06:00,Busy
D118,2023-10-07 18:22:00,Idle
D118,2023-10-07 19:11:00,Busy
D118,2023-10-07 19:42:00,Busy
D118,2023-10-07 20:11:00,Offline
D118,2023-10-08 08:11:00,Online
D118,2023-10-08 10:03:00,Idle
D118,2023-10-08 11:48:00,Busy
D118,2023-10-08 12:22:00,Idle
D118,2023-10-08 13:05:00,Busy
D118,2023-10-08 14:57:00,Idle
D118,2023-10-08 16:37:00,Idle
D118,2023-10-08 17:04:00,Idle
D118,2023-10-08 18:02:00,Offline
D118,2023-10-09 16:02:00,Online
D118,2023-10-09 16:32:00,Idle
D118,2023-10-09 17:49:00,Idle
D118,2023-10-09 19:31:00,Busy
D118,2023-10-09 20:29:00,Busy
D118,2023-10-09 21:17:00,Idle
D118,2023-10-09 22:13:00,Idle
D118,2023-10-09 23:06:00,Offline
D118,2023-10-10 15:06:00,Online
D118,2023-10-10 16:55:00,Busy
D118,2023-10-10 18:25:00,Busy
D118,2023-10-10 20:18:00,Idle
D118,2023-10-10 21:56:00,Busy
D118,2023-10-10 23:23:00,Busy
D118,2023-10-10 23:44:00,Idle
D118,2023-10-11 00:31:00,Offline
D118,2023-10-11 20:31:00,Online
D118,2023-10-11 21:45:00,Idle
D118,2023-10-11 23:41:00,Busy
D118,2023-10-12 01:39:00,Idle
D118,2023-10-12 01:59:00,Idle
D118,2023-10-12 02:36:00,Offline
D118,2023-10-12 16:36:00,Online
D118,2023-10-12 17:28:00,Busy
D118,2023-10-12 19:23:00,Busy
D118,2023-10-12 20:40:00,Busy
D118,2023-10-12 21:43:00,Busy
D118,2023-10-12 22:00:00,Idle
D118,2023-10-12 23:03:00,Idle
D118,2023-10-12 23:47:00,Busy
D118,2023-10-13 00:32:00,Offline
D118,2023-10-13 18:32:00,Online
D118,2023-10-13 19:34:00,Busy
D118,2023-10-13 21:06:00,Busy
D118,2023-10-13 22:53:00,Busy
D118,2023-10-14 00:44:00,Idle
D118,2023-10-14 02:21:00,Idle
D118,2023-10-14 02:53:00,Idle
D118,2023-10-14 03:34:00,Idle
D118,2023-10-14 04:07:00,Offline
D118,2023-10-14 21:07:00,Online
D118,2023-10-14 21:47:00,Busy
D118,2023-10-14 22:26:00,Idle
D118,2023-10-15 00:21:00,Busy
D118,2023-10-15 00:58:00,Busy
D118,2023-10-15 01:34:00,Idle
D118,2023-10-15 02:45:00,Busy
D118,2023-10-15 03:04:00,Idle
D118,2023-10-15 03:29:00,Busy
D118,2023-10-15 05:04:00,Busy
D118,2023-10-15 05:41:00,Offline
D118,2023-10-15 17:41:00,Online
D118,2023-10-15 18:24:00,Busy
D118,2023-10-15 20:02:00,Busy
D118,2023-10-15 21:02:00,Idle
D118,2023-10-15 22:26:00,Idle
D118,2023-10-15 22:50:00,Idle
D118,2023-10-15 23:41:00,Offline
D118,2023-10-16 21:41:00,Online
D118,2023-10-16 23:35:00,Idle
D118,2023-10-17 00:18:00,Idle
D118,2023-10-17 01:49:00,Idle
D118,2023-10-17 02:36:00,Busy
D118,2023-10-17 03:18:00,Busy
D118,2023-10-17 04:46:00,Idle
D118,2023-10-17 06:18:00,Busy
D118,2023-10-17 07:31:00,Busy
D118,2023-10-17 07:53:00,Offline
D118,2023-10-18 03:53:00,Online
D118,2023-10-18 05:24:00,Idle
D118,2023-10-18 07:23:00,Idle
D118,2023-10-18 08:57:00,Busy
D118,2023-10-18 10:40:00,Busy
D118,2023-10-18 11:23:00,Offline
D118,2023-10-19 11:23:00,Online
D118,2023-10-19 12:04:00,Busy
D118,2023-10-19 13:03:00,Busy
D118,2023-10-19 13:35:00,Busy
D118,2023-10-19 14:04:00,Busy
D118,2023-10-19 16:00:00,Idle
D118,2023-10-19 16:54:00,Busy
D118,2023-10-19 17:58:00,Busy
D118,2023-10-19 19:56:00,Idle
D118,2023-10-19 20:24:00,Offline
D119,2023-10-01 00:00:00,Online
D119,2023-10-01 01:49:00,Idle
D119,2023-10-01 02:16:00,Busy
D119,2023-10-01 04:14:00,Busy
D119,2023-10-01 04:36:00,Offline
D119,2023-10-01 23:36:00,Online
D119,2023-10-02 00:48:00,Idle
D119,2023-10-02 01:43:00,Idle
D119,2023-10-02 03:09:00,Busy
D119,2023-10-02 03:59:00,Busy
D119,2023-10-02 04:30:00,Offline
D119,2023-10-02 21:30:00,Online
D119,2023-10-02 22:51:00,Busy
D119,2023-10-03 00:37:00,Busy
D119,2023-10-03 01:57:00,Idle
D119,2023-10-03 03:14:00,Busy
D119,2023-10-03 05:12:00,Busy
D119,2023-10-03 05:39:00,Offline
D119,2023-10-04 05:39:00,Online
D119,2023-10-04 07:12:00,Idle
D119,2023-10-04 09:10:00,Idle
D119,2023-10-04 11:03:00,Busy
D119,2023-10-04 12:22:00,Idle
D119,2023-10-04 14:04:00,Idle
D119,2023-10-04 15:47:00,Idle
D119,2023-10-04 17:43:00,Busy
D119,2023-10-04 18:01:00,Offline
D119,2023-10-05 11:01:00,Online
D119,2023-10-05 12:18:00,Idle
D119,2023-10-05 14:08:00,Idle
D119,2023-10-05 15:03:00,Busy
D119,2023-10-05 15:54:00,Idle
D119,2023-10-05 17:04:00,Busy
D119,2023-10-05 17:31:00,Offline
D119,2023-10-06 17:31:00,Online
D119,2023-10-06 19:03:00,Busy
D119,2023-10-06 19:51:00,Idle
D119,2023-10-06 21:25:00,Idle
D119,2023-10-06 21:53:00,Offline
D119,2023-10-07 15:53:00,Online
D119,2023-10-07 16:55:00,Idle
D119,2023-10-07 17:47:00,Idle
D119,2023-10-07 19:27:00,Idle
D119,2023-10-07 21:05:00,Idle
D119,2023-10-07 22:30:00,Idle
D119,2023-10-08 00:04:00,Busy
D119,2023-10-08 01:02:00,Idle
D119,2023-10-08 02:29:00,Idle
D119,2023-10-08 03:27:00,Busy
D119,2023-10-08 03:41:00,Offline
D119,2023-10-08 17:41:00,Online
D119,2023-10-08 19:26:00,Idle
D119,2023-10-08 20:45:00,Idle
D119,2023-10-08 21:04:00,Idle
D119,2023-10-08 21:51:00,Idle
D119,2023-10-08 22:38:00,Idle
D119,2023-10-09 00:03:00,Busy
D119,2023-10-09 01:28:00,Idle
D119,2023-10-09 01:41:00,Offline
D119,2023-10-09 14:41:00,Online
D119,2023-10-09 15:58:00,Idle
D119,2023-10-09 16:54:00,Busy
D119,2023-10-09 17:29:00,Idle
D119,2023-10-09 17:45:00,Offline
D119,2023-10-10 16:45:00,Online
D119,2023-10-10 17:53:00,Busy
D119,2023-10-10 19:29:00,Idle
D119,2023-10-10 21:09:00,Idle
D119,2023-10-10 21:32:00,Offline
D119,2023-10-11 21:32:00,Online
D119,2023-10-11 23:22:00,Busy
D119,2023-10-12 01:17:00,Busy
D119,2023-10-12 03:12:00,Idle
D119,2023-10-12 04:23:00,Busy
D119,2023-10-12 04:55:00,Busy
D119,2023-10-12 05:42:00,Busy
D119,2023-10-12 06:28:00,Busy
D119,2023-10-12 07:40:00,Busy
D119,2023-10-12 08:25:00,Offline
D119,2023-10-13 03:25:00,Online
D119,2023-10-13 05:25:00,Idle
D119,2023-10-13 06:28:00,Idle
D119,2023-10-13 08:10:00,Busy
D119,2023-10-13 08:51:00,Busy
D119,2023-10-13 09:22:00,Busy
D119,2023-10-13 10:41:00,Idle
D119,2023-10-13 11:01:00,Offline
D119,2023-10-14 02:01:00,Online
D119,2023-10-14 02:53:00,Busy
D119,2023-10-14 04:18:00,Idle
D119,2023-10-14 06:09:00,Idle
D119,2023-10-14 06:27:00,Offline
D120,2023-10-01 00:00:00,Online
D120,2023-10-01 01:52:00,Idle
D120,2023-10-01 03:18:00,Idle
D120,2023-10-01 04:48:00,Busy
D120,2023-10-01 05:48:00,Busy
D120,2023-10-01 06:37:00,Idle
D120,2023-10-01 07:16:00,Busy
D120,2023-10-01 08:40:00,Idle
D120,2023-10-01 09:30:00,Busy
D120,2023-10-01 10:49:00,Busy
D120,2023-10-01 11:45:00,Idle
D120,2023-10-01 12:14:00,Offline
D120,2023-10-02 02:14:00,Online
D120,2023-10-02 03:44:00,Idle
D120,2023-10-02 05:36:00,Idle
D120,2023-10-02 06:32:00,Idle
D120,2023-10-02 08:28:00,Idle
D120,2023-10-02 10:25:00,Idle
D120,2023-10-02 11:53:00,Idle
D120,2023-10-02 12:17:00,Busy
D120,2023-10-02 13:21:00,Busy
D120,2023-10-02 13:32:00,Offline
D120,2023-10-03 12:32:00,Online
D120,2023-10-03 13:44:00,Idle
D120,2023-10-03 15:26:00,Busy
D120,2023-10-03 16:06:00,Busy
D120,2023-10-03 16:34:00,Busy
D120,2023-10-03 17:56:00,Busy
D120,2023-10-03 19:10:00,Idle
D120,2023-10-03 20:29:00,Idle
D120,2023-10-03 21:03:00,Busy
D120,2023-10-03 22:42:00,Idle
D120,2023-10-03 23:18:00,Offline
D120,2023-10-04 15:18:00,Online
D120,2023-10-04 16:40:00,Idle
D120,2023-10-04 17:54:00,Busy
D120,2023-10-04 18:17:00,Idle
D120,2023-10-04 18:28:00,Offline
D120,2023-10-05 08:28:00,Online
D120,2023-10-05 10:00:00,Busy
D120,2023-10-05 11:31:00,Idle
D120,2023-10-05 12:28:00,Idle
D120,2023-10-05 14:11:00,Busy
D120,2023-10-05 14:49:00,Busy
D120,2023-10-05 15:46:00,Busy
D120,2023-10-05 16:27:00,Offline
D122,2023-10-02 00:00:00,Online
D122,2023-10-02 01:20:00,Busy
D122,2023-10-02 02:55:00,Busy
D122,2023-10-02 03:29:00,Idle
D122,2023-10-02 04:18:00,Idle
D122,2023-10-02 05:19:00,Busy
D122,2023-10-02 06:23:00,Idle
D122,2023-10-02 06:55:00,Busy
D122,2023-10-02 07:49:00,Busy
D122,2023-10-02 09:22:00,Idle
D122,2023-10-02 10:21:00,Idle
D122,2023-10-02 10:40:00,Offline
D122,2023-10-02 22:40:00,Online
D122,2023-10-03 00:23:00,Idle
D122,2023-10-03 01:24:00,Busy
D122,2023-10-03 01:43:00,Busy
D122,2023-10-03 02:38:00,Busy
D122,2023-10-03 03:01:00,Idle
D122,2023-10-03 04:58:00,Idle
D122,2023-10-03 05:17:00,Idle
D122,2023-10-03 06:15:00,Offline
D122,2023-10-04 04:15:00,Online
D122,2023-10-04 05:46:00,Busy
D122,2023-10-04 06:10:00,Idle
D122,2023-10-04 07:07:00,Idle
D122,2023-10-04 07:23:00,Offline
D122,2023-10-05 06:23:00,Online
D122,2023-10-05 06:39:00,Idle
D122,2023-10-05 07:11:00,Idle
D122,2023-10-05 08:15:00,Busy
D122,2023-10-05 08:31:00,Busy
D122,2023-10-05 09:40:00,Busy
D122,2023-10-05 11:35:00,Busy
D122,2023-10-05 12:43:00,Busy
D122,2023-10-05 12:56:00,Offline
D122,2023-10-06 08:56:00,Online
D122,2023-10-06 09:53:00,Idle
D122,2023-10-06 11:16:00,Busy
D122,2023-10-06 11:58:00,Idle
D122,2023-10-06 13:53:00,Idle
D122,2023-10-06 15:18:00,Idle
D122,2023-10-06 15:45:00,Offline
D123,2023-10-03 00:00:00,Online
D123,2023-10-03 01:53:00,Busy
D123,2023-10-03 02:54:00,Idle
D123,2023-10-03 03:46:00,Busy
D123,2023-10-03 05:00:00,Busy
D123,2023-10-03 06:46:00,Idle
D123,2023-10-03 08:46:00,Busy
D123,2023-10-03 10:45:00,Busy
D123,2023-10-03 11:03:00,Idle
D123,2023-10-03 12:42:00,Busy
D123,2023-10-03 13:22:00,Offline
D123,2023-10-04 03:22:00,Online
D123,2023-10-04 04:00:00,Idle
D123,2023-10-04 05:21:00,Busy
D123,2023-10-04 07:15:00,Idle
D123,2023-10-04 08:37:00,Busy
D123,2023-10-04 09:09:00,Offline
D123,2023-10-05 05:09:00,Online
D123,2023-10-05 06:48:00,Idle
D123,2023-10-05 07:31:00,Idle
D123,2023-10-05 08:51:00,Busy
D123,2023-10-05 09:23:00,Offline
D123,2023-10-05 22:23:00,Online
D123,2023-10-05 23:03:00,Idle
D123,2023-10-06 00:26:00,Busy
D123,2023-10-06 01:32:00,Busy
D123,2023-10-06 02:39:00,Idle
D123,2023-10-06 02:54:00,Idle
D123,2023-10-06 04:40:00,Idle
D123,2023-10-06 05:49:00,Busy
D123,2023-10-06 06:33:00,Offline
D123,2023-10-07 06:33:00,Online
D123,2023-10-07 07:11:00,Idle
D123,2023-10-07 08:15:00,Idle
D123,2023-10-07 08:58:00,Idle
D123,2023-10-07 09:31:00,Busy
D123,2023-10-07 11:00:00,Busy
D123,2023-10-07 12:59:00,Busy
D123,2023-10-07 14:16:00,Idle
D123,2023-10-07 16:10:00,Busy
D123,2023-10-07 17:33:00,Busy
D123,2023-10-07 17:49:00,Offline
D123,2023-10-08 16:49:00,Online
D123,2023-10-08 17:07:00,Idle
D123,2023-10-08 18:12:00,Busy
D123,2023-10-08 18:34:00,Busy
D123,2023-10-08 19:10:00,Busy
D123,2023-10-08 19:29:00,Offline
D123,2023-10-09 17:29:00,Online
D123,2023-10-09 18:00:00,Busy
D123,2023-10-09 18:23:00,Idle
D123,2023-10-09 19:13:00,Idle
D123,2023-10-09 20:02:00,Busy
D123,2023-10-09 21:25:00,Idle
D123,2023-10-09 22:35:00,Busy
D123,2023-10-10 00:20:00,Idle
D123,2023-10-10 01:38:00,Busy
D123,2023-10-10 02:01:00,Offline
D123,2023-10-10 17:01:00,Online
D123,2023-10-10 18:28:00,Busy
D123,2023-10-10 18:50:00,Busy
D123,2023-10-10 19:29:00,Idle
D123,2023-10-10 20:07:00,Idle
D123,2023-10-10 21:37:00,Busy
D123,2023-10-10 21:58:00,Idle
D123,2023-10-10 22:27:00,Busy
D123,2023-10-10 23:05:00,Busy
D123,2023-10-11 01:02:00,Busy
D123,2023-10-11 01:54:00,Idle
D123,2023-10-11 02:35:00,Offline
D124,2023-10-04 00:00:00,Online
D124,2023-10-04 01:19:00,Busy
D124,2023-10-04 02:44:00,Busy
D124,2023-10-04 03:40:00,Idle
D124,2023-10-04 05:36:00,Idle
D124,2023-10-04 07:22:00,Idle
D124,2023-10-04 08:00:00,Idle
D124,2023-10-04 08:26:00,Idle
D124,2023-10-04 09:20:00,Idle
D124,2023-10-04 09:47:00,Busy
D124,2023-10-04 11:35:00,Busy
D124,2023-10-04 12:17:00,Offline
D124,2023-10-05 08:17:00,Online
D124,2023-10-05 08:39:00,Busy
D124,2023-10-05 09:16:00,Idle
D124,2023-10-05 09:52:00,Idle
D124,2023-10-05 11:17:00,Busy
D124,2023-10-05 13:03:00,Idle
D124,2023-10-05 13:56:00,Busy
D124,2023-10-05 14:29:00,Busy
D124,2023-10-05 15:21:00,Offline
D124,2023-10-06 06:21:00,Online
D124,2023-10-06 07:30:00,Idle
D124,2023-10-06 08:56:00,Idle
D124,2023-10-06 09:33:00,Busy
D124,2023-10-06 09:57:00,Busy
D124,2023-10-06 11:09:00,Idle
D124,2023-10-06 12:59:00,Busy
D124,2023-10-06 13:27:00,Busy
D124,2023-10-06 13:46:00,Busy
D124,2023-10-06 15:35:00,Busy
D124,2023-10-06 16:56:00,Idle
D124,2023-10-06 17:25:00,Offline
D124,2023-10-07 10:25:00,Online
D124,2023-10-07 11:16:00,Idle
D124,2023-10-07 12:55:00,Busy
D124,2023-10-07 14:06:00,Busy
D124,2023-10-07 14:46:00,Idle
D124,2023-10-07 15:34:00,Offline
D124,2023-10-08 11:34:00,Online
D124,2023-10-08 12:35:00,Idle
D124,2023-10-08 13:29:00,Busy
D124,2023-10-08 14:13:00,Busy
D124,2023-10-08 15:44:00,Busy
D124,2023-10-08 16:17:00,Offline
D124,2023-10-09 16:17:00,Online
D124,2023-10-09 17:18:00,Idle
D124,2023-10-09 18:43:00,Busy
D124,2023-10-09 20:27:00,Busy
D124,2023-10-09 22:08:00,Busy
D124,2023-10-09 22:31:00,Offline
D125,2023-10-06 00:00:00,Online
D125,2023-10-06 01:30:00,Busy
D125,2023-10-06 01:51:00,Busy
D125,2023-10-06 02:50:00,Busy
D125,2023-10-06 03:35:00,Busy
D125,2023-10-06 05:03:00,Idle
D125,2023-10-06 06:54:00,Idle
D125,2023-10-06 07:54:00,Idle
D125,2023-10-06 08:09:00,Offline
D125,2023-10-07 04:09:00,Online
D125,2023-10-07 04:31:00,Idle
D125,2023-10-07 05:40:00,Idle
D125,2023-10-07 06:50:00,Idle
D125,2023-10-07 07:37:00,Busy
D125,2023-10-07 08:54:00,Idle
D125,2023-10-07 09:53:00,Idle
D125,2023-10-07 10:45:00,Idle
D125,2023-10-07 11:32:00,Offline
D125,2023-10-08 05:32:00,Online
D125,2023-10-08 06:28:00,Busy
D125,2023-10-08 06:44:00,Idle
D125,2023-10-08 07:39:00,Idle
D125,2023-10-08 08:01:00,Offline
D125,2023-10-09 06:01:00,Online
D125,2023-10-09 06:35:00,Idle
D125,2023-10-09 07:43:00,Busy
D125,2023-10-09 09:10:00,Busy
D125,2023-10-09 09:29:00,Busy
D125,2023-10-09 10:34:00,Busy
D125,2023-10-09 12:05:00,Busy
D125,2023-10-09 12:31:00,Offline
D125,2023-10-10 04:31:00,Online
D125,2023-10-10 06:16:00,Busy
D125,2023-10-10 07:48:00,Busy
D125,2023-10-10 09:09:00,Busy
D125,2023-10-10 10:02:00,Idle
D125,2023-10-10 10:42:00,Offline
D125,2023-10-11 04:42:00,Online
D125,2023-10-11 05:34:00,Idle
D125,2023-10-11 06:42:00,Busy
D125,2023-10-11 08:10:00,Busy
D125,2023-10-11 09:12:00,Busy
D125,2023-10-11 10:15:00,Idle
D125,2023-10-11 11:20:00,Busy
D125,2023-10-11 12:21:00,Busy
D125,2023-10-11 13:28:00,Idle
D125,2023-10-11 14:50:00,Busy
D125,2023-10-11 15:06:00,Busy
D125,2023-10-11 15:18:00,Offline
D125,2023-10-12 11:18:00,Online
D125,2023-10-12 12:58:00,Busy
D125,2023-10-12 14:53:00,Busy
D125,2023-10-12 15:10:00,Idle
D125,2023-10-12 15:21:00,Offline
D125,2023-10-13 05:21:00,Online
D125,2023-10-13 05:56:00,Idle
D125,2023-10-13 07:36:00,Idle
D125,2023-10-13 08:08:00,Idle
D125,2023-10-13 09:58:00,Busy
D125,2023-10-13 11:41:00,Idle
D125,2023-10-13 13:05:00,Idle
D125,2023-10-13 13:27:00,Busy
D125,2023-10-13 14:18:00,Busy
D125,2023-10-13 16:12:00,Busy
D125,2023-10-13 17:11:00,Busy
D125,2023-10-13 17:28:00,Offline
D125,2023-10-14 17:28:00,Online
D125,2023-10-14 18:26:00,Busy
D125,2023-10-14 19:08:00,Idle
D125,2023-10-14 20:34:00,Busy
D125,2023-10-14 22:33:00,Idle
D125,2023-10-14 22:49:00,Busy
D125,2023-10-14 23:11:00,Idle
D125,2023-10-14 23:39:00,Idle
D125,2023-10-15 01:05:00,Idle
D125,2023-10-15 02:24:00,Idle
D125,2023-10-15 02:40:00,Offline
D125,2023-10-15 16:40:00,Online
D125,2023-10-15 18:22:00,Busy
D125,2023-10-15 19:13:00,Busy
D125,2023-10-15 20:50:00,Idle
D125,2023-10-15 21:24:00,Busy
D125,2023-10-15 21:53:00,Idle
D125,2023-10-15 23:32:00,Idle
D125,2023-10-16 00:57:00,Busy
D125,2023-10-16 01:26:00,Offline
D125,2023-10-16 17:26:00,Online
D125,2023-10-16 18:20:00,Busy
D125,2023-10-16 19:11:00,Busy
D125,2023-10-16 21:03:00,Busy
D125,2023-10-16 21:38:00,Busy
D125,2023-10-16 23:15:00,Busy
D125,2023-10-16 23:49:00,Busy
D125,2023-10-17 01:46:00,Busy
D125,2023-10-17 02:35:00,Offline
D125,2023-10-17 21:35:00,Online
D125,2023-10-17 22:18:00,Busy
D125,2023-10-18 00:05:00,Idle
D125,2023-10-18 02:04:00,Idle
D125,2023-10-18 03:09:00,Busy
D125,2023-10-18 03:47:00,Idle
D125,2023-10-18 04:27:00,Offline
D125,2023-10-19 01:27:00,Online
D125,2023-10-19 02:55:00,Busy
D125,2023-10-19 04:47:00,Idle
D125,2023-10-19 06:01:00,Busy
D125,2023-10-19 06:21:00,Busy
D125,2023-10-19 07:02:00,Busy
D125,2023-10-19 08:42:00,Idle
D125,2023-10-19 10:10:00,Idle
D125,2023-10-19 10:26:00,Busy
D125,2023-10-19 11:10:00,Offline
D126,2023-10-06 00:00:00,Online
D126,2023-10-06 00:52:00,Busy
D126,2023-10-06 01:27:00,Idle
D126,2023-10-06 02:31:00,Idle
D126,2023-10-06 04:15:00,Busy
D126,2023-10-06 05:22:00,Idle
D126,2023-10-06 07:02:00,Idle
D126,2023-10-06 07:59:00,Busy
D126,2023-10-06 08:48:00,Busy
D126,2023-10-06 09:03:00,Offline
D126,2023-10-07 03:03:00,Online
D126,2023-10-07 04:37:00,Idle
D126,2023-10-07 06:22:00,Idle
D126,2023-10-07 08:09:00,Busy
D126,2023-10-07 08:51:00,Idle
D126,2023-10-07 10:17:00,Busy
D126,2023-10-07 12:11:00,Busy
D126,2023-10-07 14:07:00,Idle
D126,2023-10-07 15:24:00,Busy
D126,2023-10-07 16:39:00,Busy
D126,2023-10-07 17:27:00,Idle
D126,2023-10-07 18:09:00,Offline
D126,2023-10-08 17:09:00,Online
D126,2023-10-08 17:46:00,Idle
D126,2023-10-08 19:32:00,Idle
D126,2023-10-08 21:28:00,Busy
D126,2023-10-08 22:24:00,Idle
D126,2023-10-08 22:48:00,Busy
D126,2023-10-08 23:24:00,Busy
D126,2023-10-09 00:44:00,Busy
D126,2023-10-09 01:18:00,Offline
D126,2023-10-09 23:18:00,Online
D126,2023-10-09 23:47:00,Busy
D126,2023-10-10 01:03:00,Idle
D126,2023-10-10 02:52:00,Busy
D126,2023-10-10 03:23:00,Offline
D126,2023-10-10 21:23:00,Online
D126,2023-10-10 22:51:00,Idle
D126,2023-10-10 23:28:00,Busy
D126,2023-10-11 00:00:00,Idle
D126,2023-10-11 00:39:00,Idle
D126,2023-10-11 01:52:00,Busy
D126,2023-10-11 02:51:00,Offline
D126,2023-10-11 15:51:00,Online
D126,2023-10-11 17:48:00,Idle
D126,2023-10-11 19:43:00,Busy
D126,2023-10-11 20:05:00,Busy
D126,2023-10-11 21:06:00,Idle
D126,2023-10-11 23:03:00,Busy
D126,2023-10-11 23:52:00,Idle
D126,2023-10-12 01:44:00,Busy
D126,2023-10-12 02:47:00,Idle
D126,2023-10-12 04:04:00,Busy
D126,2023-10-12 04:28:00,Offline
D126,2023-10-12 19:28:00,Online
D126,2023-10-12 21:00:00,Busy
D126,2023-10-12 22:04:00,Idle
D126,2023-10-12 22:30:00,Busy
D126,2023-10-13 00:12:00,Busy
D126,2023-10-13 00:37:00,Busy
D126,2023-10-13 01:28:00,Idle
D126,2023-10-13 02:18:00,Offline
D126,2023-10-13 16:18:00,Online
D126,2023-10-13 18:05:00,Idle
D126,2023-10-13 19:46:00,Busy
D126,2023-10-13 21:11:00,Busy
D126,2023-10-13 21:24:00,Offline
D126,2023-10-14 17:24:00,Online
D126,2023-10-14 19:12:00,Busy
D126,2023-10-14 20:32:00,Idle
D126,2023-10-14 22:25:00,Idle
D126,2023-10-15 00:02:00,Idle
D126,2023-10-15 01:22:00,Busy
D126,2023-10-15 02:52:00,Idle
D126,2023-10-15 04:12:00,Idle
D126,2023-10-15 05:16:00,Busy
D126,2023-10-15 06:24:00,Idle
D126,2023-10-15 08:22:00,Busy
D126,2023-10-15 08:35:00,Offline
D127,2023-10-01 00:00:00,Online
D127,2023-10-01 00:56:00,Busy
D127,2023-10-01 01:50:00,Idle
D127,2023-10-01 02:48:00,Idle
D127,2023-10-01 03:48:00,Busy
D127,2023-10-01 05:37:00,Busy
D127,2023-10-01 06:03:00,Busy
D127,2023-10-01 07:04:00,Idle
D127,2023-10-01 08:03:00,Idle
D127,2023-10-01 08:52:00,Busy
D127,2023-10-01 09:13:00,Offline
D127,2023-10-02 04:13:00,Online
D127,2023-10-02 05:24:00,Idle
D127,2023-10-02 06:50:00,Idle
D127,2023-10-02 07:13:00,Busy
D127,2023-10-02 08:10:00,Busy
D127,2023-10-02 09:00:00,Idle
D127,2023-10-02 09:35:00,Idle
D127,2023-10-02 09:57:00,Idle
D127,2023-10-02 11:03:00,Idle
D127,2023-10-02 12:32:00,Busy
D127,2023-10-02 14:25:00,Idle
D127,2023-10-02 14:55:00,Offline
D127,2023-10-03 10:55:00,Online
D127,2023-10-03 12:21:00,Busy
D127,2023-10-03 13:32:00,Busy
D127,2023-10-03 13:51:00,Busy
D127,2023-10-03 15:03:00,Idle
D127,2023-10-03 15:20:00,Idle
D127,2023-10-03 16:24:00,Idle
D127,2023-10-03 16:53:00,Offline
D127,2023-10-04 16:53:00,Online
D127,2023-10-04 17:57:00,Busy
D127,2023-10-04 19:17:00,Busy
D127,2023-10-04 20:57:00,Idle
D127,2023-10-04 22:13:00,Idle
D127,2023-10-04 23:47:00,Idle
D127,2023-10-05 01:27:00,Idle
D127,2023-10-05 02:05:00,Idle
D127,2023-10-05 03:31:00,Busy
D127,2023-10-05 04:49:00,Busy
D127,2023-10-05 05:28:00,Idle
D127,2023-10-05 05:42:00,Offline
D127,2023-10-05 19:42:00,Online
D127,2023-10-05 21:05:00,Busy
D127,2023-10-05 23:05:00,Busy
D127,2023-10-06 00:21:00,Busy
D127,2023-10-06 00:40:00,Busy
D127,2023-10-06 01:45:00,Idle
D127,2023-10-06 02:13:00,Idle
D127,2023-10-06 03:55:00,Busy
D127,2023-10-06 04:15:00,Busy
D127,2023-10-06 04:34:00,Busy
D127,2023-10-06 06:01:00,Busy
D127,2023-10-06 06:35:00,Offline
D127,2023-10-07 02:35:00,Online
D127,2023-10-07 04:24:00,Busy
D127,2023-10-07 05:25:00,Idle
D127,2023-10-07 06:56:00,Busy
D127,2023-10-07 08:51:00,Idle
D127,2023-10-07 10:32:00,Busy
D127,2023-10-07 11:11:00,Offline
D127,2023-10-08 07:11:00,Online
D127,2023-10-08 08:13:00,Idle
D127,2023-10-08 09:16:00,Busy
D127,2023-10-08 09:43:00,Busy
D127,2023-10-08 10:56:00,Busy
D127,2023-10-08 11:52:00,Idle
D127,2023-10-08 12:42:00,Busy
D127,2023-10-08 14:05:00,Busy
D127,2023-10-08 15:57:00,Busy
D127,2023-10-08 16:14:00,Idle
D127,2023-10-08 17:58:00,Busy
D127,2023-10-08 18:54:00,Offline
D127,2023-10-09 13:54:00,Online
D127,2023-10-09 15:18:00,Idle
D127,2023-10-09 16:01:00,Busy
D127,2023-10-09 17:56:00,Idle
D127,2023-10-09 18:25:00,Idle
D127,2023-10-09 19:24:00,Offline
D127,2023-10-10 12:24:00,Online
D127,2023-10-10 13:30:00,Idle
D127,2023-10-10 14:57:00,Busy
D127,2023-10-10 16:39:00,Busy
D127,2023-10-10 18:27:00,Busy
D127,2023-10-10 20:05:00,Busy
D127,2023-10-10 21:38:00,Idle
D127,2023-10-10 22:55:00,Idle
D127,2023-10-11 00:15:00,Idle
D127,2023-10-11 01:01:00,Offline
D127,2023-10-11 20:01:00,Online
D127,2023-10-11 21:37:00,Idle
D127,2023-10-11 21:55:00,Busy
D127,2023-10-11 23:05:00,Busy
D127,2023-10-11 23:52:00,Busy
D127,2023-10-12 00:47:00,Idle
D127,2023-10-12 02:35:00,Idle
D127,2023-10-12 03:26:00,Offline
D128,2023-10-05 00:00:00,Online
D128,2023-10-05 00:59:00,Busy
D128,2023-10-05 01:19:00,Idle
D128,2023-10-05 02:58:00,Idle
D128,2023-10-05 03:42:00,Idle
D128,2023-10-05 04:40:00,Idle
D128,2023-10-05 05:21:00,Busy
D128,2023-10-05 06:22:00,Busy
D128,2023-10-05 07:43:00,Busy
D128,2023-10-05 09:20:00,Idle
D128,2023-10-05 09:54:00,Offline
D128,2023-10-06 08:54:00,Online
D128,2023-10-06 09:21:00,Idle
D128,2023-10-06 09:53:00,Idle
D128,2023-10-06 10:42:00,Idle
D128,2023-10-06 11:44:00,Idle
D128,2023-10-06 13:38:00,Idle
D128,2023-10-06 14:50:00,Busy
D128,2023-10-06 16:20:00,Idle
D128,2023-10-06 17:20:00,Offline
D128,2023-10-07 12:20:00,Online
D128,2023-10-07 13:23:00,Idle
D128,2023-10-07 15:23:00,Idle
D128,2023-10-07 17:06:00,Busy
D128,2023-10-07 17:33:00,Idle
D128,2023-10-07 19:01:00,Busy
D128,2023-10-07 19:12:00,Offline
D128,2023-10-08 15:12:00,Online
D128,2023-10-08 16:28:00,Busy
D128,2023-10-08 17:46:00,Idle
D128,2023-10-08 18:57:00,Idle
D128,2023-10-08 19:15:00,Idle
D128,2023-10-08 20:35:00,Idle
D128,2023-10-08 21:07:00,Busy
D128,2023-10-08 21:45:00,Idle
D128,2023-10-08 22:37:00,Idle
D128,2023-10-08 23:12:00,Offline
D128,2023-10-09 17:12:00,Online
D128,2023-10-09 17:58:00,Busy
D128,2023-10-09 19:08:00,Idle
D128,2023-10-09 19:49:00,Idle
D128,2023-10-09 21:04:00,Idle
D128,2023-10-09 22:23:00,Busy
D128,2023-10-10 00:01:00,Idle
D128,2023-10-10 01:26:00,Busy
D128,2023-10-10 03:02:00,Idle
D128,2023-10-10 03:28:00,Offline
D128,2023-10-11 03:28:00,Online
D128,2023-10-11 04:50:00,Idle
D128,2023-10-11 05:28:00,Idle
D128,2023-10-11 06:44:00,Idle
D128,2023-10-11 07:49:00,Idle
D128,2023-10-11 08:09:00,Offline
D128,2023-10-11 22:09:00,Online
D128,2023-10-11 23:24:00,Idle
D128,2023-10-12 01:00:00,Idle
D128,2023-10-12 02:13:00,Busy
D128,2023-10-12 04:00:00,Idle
D128,2023-10-12 04:10:00,Offline
D128,2023-10-13 03:10:00,Online
D128,2023-10-13 04:34:00,Idle
D128,2023-10-13 05:39:00,Idle
D128,2023-10-13 07:06:00,Busy
D128,2023-10-13 08:31:00,Idle
D128,2023-10-13 10:13:00,Idle
D128,2023-10-13 11:45:00,Idle
D128,2023-10-13 13:19:00,Idle
D128,2023-10-13 15:18:00,Busy
D128,2023-10-13 17:12:00,Busy
D128,2023-10-13 17:40:00,Offline
D128,2023-10-14 11:40:00,Online
D128,2023-10-14 13:12:00,Busy
D128,2023-10-14 15:00:00,Idle
D128,2023-10-14 16:46:00,Busy
D128,2023-10-14 18:26:00,Idle
D128,2023-10-14 19:06:00,Idle
D128,2023-10-14 20:28:00,Busy
D128,2023-10-14 21:04:00,Offline
D128,2023-10-15 18:04:00,Online
D128,2023-10-15 18:44:00,Busy
D128,2023-10-15 19:43:00,Idle
D128,2023-10-15 20:51:00,Idle
D128,2023-10-15 21:52:00,Busy
D128,2023-10-15 23:08:00,Busy
D128,2023-10-16 00:34:00,Idle
D128,2023-10-16 01:47:00,Idle
D128,2023-10-16 02:33:00,Idle
D128,2023-10-16 04:22:00,Idle
D128,2023-10-16 06:08:00,Busy
D128,2023-10-16 06:32:00,Offline
D128,2023-10-16 21:32:00,Online
D128,2023-10-16 23:23:00,Busy
D128,2023-10-17 00:16:00,Busy
D128,2023-10-17 01:02:00,Idle
D128,2023-10-17 01:34:00,Offline
D128,2023-10-17 21:34:00,Online
D128,2023-10-17 23:06:00,Busy
D128,2023-10-18 00:21:00,Idle
D128,2023-10-18 01:07:00,Busy
D128,2023-10-18 02:01:00,Offline
D128,2023-10-18 16:01:00,Online
D128,2023-10-18 16:52:00,Busy
D128,2023-10-18 17:23:00,Idle
D128,2023-10-18 18:19:00,Idle
D128,2023-10-18 19:09:00,Idle
D128,2023-10-18 19:46:00,Idle
D128,2023-10-18 20:07:00,Offline
D128,2023-10-19 19:07:00,Online
D128,2023-10-19 20:31:00,Idle
D128,2023-10-19 20:58:00,Busy
D128,2023-10-19 21:44:00,Busy
D128,2023-10-19 22:34:00,Offline
D128,2023-10-20 17:34:00,Online
D128,2023-10-20 18:50:00,Idle
D128,2023-10-20 20:03:00,Busy
D128,2023-10-20 20:26:00,Busy
D128,2023-10-20 22:07:00,Idle
D128,2023-10-20 22:35:00,Idle
D128,2023-10-20 23:27:00,Idle
D128,2023-10-21 01:12:00,Busy
D128,2023-10-21 02:05:00,Offline
D129,2023-10-05 00:00:00,Online
D129,2023-10-05 01:41:00,Idle
D129,2023-10-05 02:59:00,Idle
D129,2023-10-05 04:55:00,Busy
D129,2023-10-05 06:14:00,Busy
D129,2023-10-05 06:42:00,Offline
D129,2023-10-05 18:42:00,Online
D129,2023-10-05 19:24:00,Idle
D129,2023-10-05 21:22:00,Idle
D129,2023-10-05 23:14:00,Busy
D129,2023-10-06 00:21:00,Idle
D129,2023-10-06 00:37:00,Busy
D129,2023-10-06 01:11:00,Offline
D129,2023-10-06 16:11:00,Online
D129,2023-10-06 16:48:00,Busy
D129,2023-10-06 18:28:00,Busy
D129,2023-10-06 19:24:00,Busy
D129,2023-10-06 21:19:00,Idle
D129,2023-10-06 22:19:00,Offline
D129,2023-10-07 12:19:00,Online
D129,2023-10-07 13:58:00,Busy
D129,2023-10-07 14:38:00,Idle
D129,2023-10-07 15:04:00,Idle
D129,2023-10-07 15:47:00,Offline
D129,2023-10-08 06:47:00,Online
D129,2023-10-08 08:24:00,Busy
D129,2023-10-08 09:26:00,Busy
D129,2023-10-08 10:51:00,Idle
D129,2023-10-08 12:36:00,Idle
D129,2023-10-08 14:07:00,Idle
D129,2023-10-08 15:34:00,Idle
D129,2023-10-08 16:34:00,Busy
D129,2023-10-08 17:04:00,Offline
D129,2023-10-09 09:04:00,Online
D129,2023-10-09 10:07:00,Idle
D129,2023-10-09 11:09:00,Busy
D129,2023-10-09 12:06:00,Busy
D129,2023-10-09 13:05:00,Idle
D129,2023-10-09 13:33:00,Offline
D129,2023-10-10 01:33:00,Online
D129,2023-10-10 02:48:00,Idle
D129,2023-10-10 04:42:00,Busy
D129,2023-10-10 06:00:00,Idle
D129,2023-10-10 07:19:00,Busy
D129,2023-10-10 07:49:00,Offline
D130,2023-10-06 00:00:00,Online
D130,2023-10-06 01:49:00,Idle
D130,2023-10-06 02:41:00,Busy
D130,2023-10-06 04:09:00,Idle
D130,2023-10-06 05:07:00,Idle
D130,2023-10-06 06:30:00,Idle
D130,2023-10-06 07:26:00,Offline
D130,2023-10-07 02:26:00,Online
D130,2023-10-07 04:14:00,Idle
D130,2023-10-07 05:42:00,Busy
D130,2023-10-07 06:04:00,Busy
D130,2023-10-07 07:15:00,Idle
D130,2023-10-07 08:16:00,Busy
D130,2023-10-07 09:55:00,Idle
D130,2023-10-07 11:51:00,Busy
D130,2023-10-07 12:39:00,Idle
D130,2023-10-07 13:48:00,Busy
D130,2023-10-07 14:33:00,Offline
D130,2023-10-08 03:33:00,Online
D130,2023-10-08 04:16:00,Busy
D130,2023-10-08 04:56:00,Busy
D130,2023-10-08 06:19:00,Idle
D130,2023-10-08 06:40:00,Idle
D130,2023-10-08 08:21:00,Busy
D130,2023-10-08 09:55:00,Idle
D130,2023-10-08 11:00:00,Idle
D130,2023-10-08 11:20:00,Offline
D130,2023-10-09 07:20:00,Online
D130,2023-10-09 08:19:00,Idle
D130,2023-10-09 10:08:00,Idle
D130,2023-10-09 11:26:00,Busy
D130,2023-10-09 12:38:00,Busy
D130,2023-10-09 13:54:00,Idle
D130,2023-10-09 14:28:00,Idle
D130,2023-10-09 16:18:00,Idle
D130,2023-10-09 17:49:00,Busy
D130,2023-10-09 18:02:00,Offline
D130,2023-10-10 10:02:00,Online
D130,2023-10-10 11:47:00,Idle
D130,2023-10-10 12:23:00,Idle
D130,2023-10-10 13:05:00,Busy
D130,2023-10-10 13:20:00,Busy
D130,2023-10-10 13:40:00,Idle
D130,2023-10-10 14:10:00,Busy
D130,2023-10-10 15:24:00,Idle
D130,2023-10-10 16:31:00,Idle
D130,2023-10-10 16:45:00,Offline
D130,2023-10-11 10:45:00,Online
D130,2023-10-11 11:50:00,Idle
D130,2023-10-11 13:30:00,Busy
D130,2023-10-11 14:42:00,Idle
D130,2023-10-11 15:57:00,Busy
D130,2023-10-11 16:56:00,Busy
D130,2023-10-11 17:50:00,Busy
D130,2023-10-11 19:16:00,Idle
D130,2023-10-11 20:17:00,Idle
D130,2023-10-11 21:27:00,Busy
D130,2023-10-11 21:55:00,Offline
D130,2023-10-12 20:55:00,Online
D130,2023-10-12 22:39:00,Busy
D130,2023-10-13 00:26:00,Idle
D130,2023-10-13 02:03:00,Idle
D130,2023-10-13 03:45:00,Busy
D130,2023-10-13 04:47:00,Idle
D130,2023-10-13 05:17:00,Busy
D130,2023-10-13 06:52:00,Idle
D130,2023-10-13 07:59:00,Busy
D130,2023-10-13 09:11:00,Busy
D130,2023-10-13 10:24:00,Idle
D130,2023-10-13 10:53:00,Offline
D131,2023-10-04 00:00:00,Online
D131,2023-10-04 01:14:00,Idle
D131,2023-10-04 02:38:00,Idle
D131,2023-10-04 03:35:00,Busy
D131,2023-10-04 04:12:00,Idle
D131,2023-10-04 05:44:00,Busy
D131,2023-10-04 07:21:00,Busy
D131,2023-10-04 07:42:00,Offline
D131,2023-10-04 22:42:00,Online
D131,2023-10-04 23:10:00,Idle
D131,2023-10-05 00:47:00,Busy
D131,2023-10-05 02:04:00,Busy
D131,2023-10-05 03:28:00,Idle
D131,2023-10-05 03:55:00,Busy
D131,2023-10-05 04:16:00,Idle
D131,2023-10-05 05:50:00,Idle
D131,2023-10-05 06:20:00,Busy
D131,2023-10-05 07:16:00,Busy
D131,2023-10-05 08:15:00,Busy
D131,2023-10-05 09:08:00,Offline
D131,2023-10-05 23:08:00,Online
D131,2023-10-06 00:01:00,Busy
D131,2023-10-06 01:16:00,Idle
D131,2023-10-06 02:43:00,Idle
D131,2023-10-06 03:11:00,Offline
D131,2023-10-06 16:11:00,Online
D131,2023-10-06 17:01:00,Idle
D131,2023-10-06 18:03:00,Busy
D131,2023-10-06 18:25:00,Idle
D131,2023-10-06 18:52:00,Idle
D131,2023-10-06 20:22:00,Busy
D131,2023-10-06 20:48:00,Busy
D131,2023-10-06 21:46:00,Offline
D131,2023-10-07 12:46:00,Online
D131,2023-10-07 13:34:00,Busy
D131,2023-10-07 14:04:00,Busy
D131,2023-10-07 14:42:00,Busy
D131,2023-10-07 15:06:00,Busy
D131,2023-10-07 16:31:00,Idle
D131,2023-10-07 17:26:00,Busy
D131,2023-10-07 18:48:00,Idle
D131,2023-10-07 20:46:00,Busy
D131,2023-10-07 21:22:00,Busy
D131,2023-10-07 22:18:00,Offline
D131,2023-10-08 12:18:00,Online
D131,2023-10-08 13:17:00,Idle
D131,2023-10-08 14:24:00,Busy
D131,2023-10-08 15:20:00,Idle
D131,2023-10-08 16:28:00,Busy
D131,2023-10-08 17:50:00,Busy
D131,2023-10-08 19:40:00,Idle
D131,2023-10-08 20:53:00,Idle
D131,2023-10-08 21:27:00,Busy
D131,2023-10-08 21:59:00,Busy
D131,2023-10-08 22:20:00,Idle
D131,2023-10-08 22:33:00,Offline
D131,2023-10-09 14:33:00,Online
D131,2023-10-09 16:33:00,Busy
D131,2023-10-09 18:04:00,Busy
D131,2023-10-09 19:00:00,Idle
D131,2023-10-09 20:33:00,Busy
D131,2023-10-09 22:17:00,Busy
D131,2023-10-09 22:36:00,Offline
D131,2023-10-10 21:36:00,Online
D131,2023-10-10 23:12:00,Idle
D131,2023-10-10 23:53:00,Busy
D131,2023-10-11 00:24:00,Idle
D131,2023-10-11 00:55:00,Idle
D131,2023-10-11 01:58:00,Idle
D131,2023-10-11 02:13:00,Idle
D131,2023-10-11 03:24:00,Idle
D131,2023-10-11 04:18:00,Offline
D131,2023-10-11 16:18:00,Online
D131,2023-10-11 16:47:00,Busy
D131,2023-10-11 18:34:00,Busy
D131,2023-10-11 19:19:00,Idle
D131,2023-10-11 20:47:00,Idle
D131,2023-10-11 21:28:00,Idle
D131,2023-10-11 22:06:00,Offline
D131,2023-10-12 18:06:00,Online
D131,2023-10-12 19:49:00,Idle
D131,2023-10-12 20:12:00,Idle
D131,2023-10-12 21:18:00,Busy
D131,2023-10-12 22:18:00,Idle
D131,2023-10-12 23:44:00,Idle
D131,2023-10-13 00:44:00,Idle
D131,2023-10-13 01:23:00,Busy
D131,2023-10-13 02:06:00,Idle
D131,2023-10-13 03:00:00,Idle
D131,2023-10-13 03:27:00,Offline
D131,2023-10-14 02:27:00,Online
D131,2023-10-14 03:04:00,Busy
D131,2023-10-14 03:39:00,Idle
D131,2023-10-14 04:07:00,Idle
D131,2023-10-14 04:32:00,Offline
D131,2023-10-14 21:32:00,Online
D131,2023-10-14 21:58:00,Busy
D131,2023-10-14 22:14:00,Idle
D131,2023-10-14 23:25:00,Idle
D131,2023-10-15 00:51:00,Busy
D131,2023-10-15 02:30:00,Busy
D131,2023-10-15 03:11:00,Idle
D131,2023-10-15 04:02:00,Idle
D131,2023-10-15 05:03:00,Busy
D131,2023-10-15 05:14:00,Offline
D132,2023-10-06 00:00:00,Online
D132,2023-10-06 00:26:00,Idle
D132,2023-10-06 02:16:00,Idle
D132,2023-10-06 02:57:00,Busy
D132,2023-10-06 04:13:00,Idle
D132,2023-10-06 05:56:00,Idle
D132,2023-10-06 06:37:00,Idle
D132,2023-10-06 07:17:00,Offline
D132,2023-10-07 03:17:00,Online
D132,2023-10-07 03:41:00,Busy
D132,2023-10-07 05:27:00,Idle
D132,2023-10-07 07:00:00,Idle
D132,2023-10-07 07:32:00,Idle
D132,2023-10-07 08:01:00,Idle
D132,2023-10-07 08:25:00,Idle
D132,2023-10-07 08:36:00,Offline
D132,2023-10-08 06:36:00,Online
D132,2023-10-08 07:01:00,Idle
D132,2023-10-08 08:19:00,Busy
D132,2023-10-08 08:58:00,Busy
D132,2023-10-08 09:59:00,Busy
D132,2023-10-08 11:06:00,Busy
D132,2023-10-08 11:41:00,Offline
D132,2023-10-09 01:41:00,Online
D132,2023-10-09 02:50:00,Busy
D132,2023-10-09 04:16:00,Busy
D132,2023-10-09 05:21:00,Busy
D132,2023-10-09 06:55:00,Idle
D132,2023-10-09 08:23:00,Idle
D132,2023-10-09 09:51:00,Busy
D132,2023-10-09 10:45:00,Offline
D132,2023-10-10 00:45:00,Online
D132,2023-10-10 01:49:00,Idle
D132,2023-10-10 03:34:00,Busy
D132,2023-10-10 05:01:00,Busy
D132,2023-10-10 06:56:00,Busy
D132,2023-10-10 07:19:00,Idle
D132,2023-10-10 08:32:00,Busy
D132,2023-10-10 10:25:00,Busy
D132,2023-10-10 11:28:00,Idle
D132,2023-10-10 12:17:00,Offline
D132,2023-10-11 06:17:00,Online
D132,2023-10-11 06:57:00,Busy
D132,2023-10-11 08:20:00,Busy
D132,2023-10-11 10:02:00,Idle
D132,2023-10-11 10:44:00,Idle
D132,2023-10-11 11:32:00,Idle
D132,2023-10-11 11:58:00,Idle
D132,2023-10-11 13:15:00,Busy
D132,2023-10-11 14:46:00,Busy
D132,2023-10-11 15:43:00,Offline
D133,2023-10-04 00:00:00,Online
D133,2023-10-04 01:50:00,Idle
D133,2023-10-04 02:37:00,Idle
D133,2023-10-04 03:19:00,Busy
D133,2023-10-04 05:18:00,Idle
D133,2023-10-04 06:50:00,Idle
D133,2023-10-04 08:42:00,Busy
D133,2023-10-04 09:13:00,Busy
D133,2023-10-04 09:54:00,Busy
D133,2023-10-04 11:54:00,Idle
D133,2023-10-04 12:20:00,Busy
D133,2023-10-04 12:32:00,Offline
D133,2023-10-05 09:32:00,Online
D133,2023-10-05 11:14:00,Idle
D133,2023-10-05 12:18:00,Idle
D133,2023-10-05 12:46:00,Idle
D133,2023-10-05 13:21:00,Idle
D133,2023-10-05 14:04:00,Idle
D133,2023-10-05 14:32:00,Idle
D133,2023-10-05 16:16:00,Busy
D133,2023-10-05 16:55:00,Offline
D133,2023-10-06 04:55:00,Online
D133,2023-10-06 05:45:00,Busy
D133,2023-10-06 07:35:00,Idle
D133,2023-10-06 07:57:00,Idle
D133,2023-10-06 08:54:00,Idle
D133,2023-10-06 09:12:00,Offline
D133,2023-10-07 05:12:00,Online
D133,2023-10-07 05:38:00,Busy
D133,2023-10-07 07:15:00,Busy
D133,2023-10-07 07:57:00,Idle
D133,2023-10-07 09:10:00,Busy
D133,2023-10-07 10:15:00,Busy
D133,2023-10-07 10:37:00,Busy
D133,2023-10-07 11:49:00,Idle
D133,2023-10-07 12:17:00,Offline
D133,2023-10-08 00:17:00,Online
D133,2023-10-08 01:46:00,Idle
D133,2023-10-08 02:53:00,Idle
D133,2023-10-08 03:15:00,Idle
D133,2023-10-08 04:19:00,Idle
D133,2023-10-08 05:35:00,Busy
D133,2023-10-08 07:08:00,Idle
D133,2023-10-08 08:02:00,Idle
D133,2023-10-08 09:00:00,Offline
D133,2023-10-09 08:00:00,Online
D133,2023-10-09 08:23:00,Busy
D133,2023-10-09 09:07:00,Idle
D133,2023-10-09 10:12:00,Idle
D133,2023-10-09 11:25:00,Idle
D133,2023-10-09 12:42:00,Idle
D133,2023-10-09 14:18:00,Idle
D133,2023-10-09 15:33:00,Idle
D133,2023-10-09 17:31:00,Idle
D133,2023-10-09 17:54:00,Offline
D134,2023-10-05 00:00:00,Online
D134,2023-10-05 00:53:00,Busy
D134,2023-10-05 01:57:00,Busy
D134,2023-10-05 02:32:00,Idle
D134,2023-10-05 03:25:00,Offline
D134,2023-10-05 21:25:00,Online
D134,2023-10-05 22:55:00,Busy
D134,2023-10-06 00:53:00,Idle
D134,2023-10-06 01:41:00,Busy
D134,2023-10-06 02:50:00,Idle
D134,2023-10-06 03:19:00,Busy
D134,2023-10-06 05:07:00,Busy
D134,2023-10-06 05:26:00,Busy
D134,2023-10-06 05:39:00,Offline
D134,2023-10-07 04:39:00,Online
D134,2023-10-07 06:23:00,Idle
D134,2023-10-07 07:58:00,Busy
D134,2023-10-07 08:46:00,Idle
D134,2023-10-07 09:41:00,Offline
D134,2023-10-08 08:41:00,Online
D134,2023-10-08 10:26:00,Busy
D134,2023-10-08 12:00:00,Busy
D134,2023-10-08 12:32:00,Busy
D134,2023-10-08 13:34:00,Busy
D134,2023-10-08 15:02:00,Idle
D134,2023-10-08 16:18:00,Idle
D134,2023-10-08 16:37:00,Offline
D134,2023-10-09 12:37:00,Online
D134,2023-10-09 14:26:00,Idle
D134,2023-10-09 15:00:00,Busy
D134,2023-10-09 15:20:00,Busy
D134,2023-10-09 16:43:00,Idle
D134,2023-10-09 18:25:00,Busy
D134,2023-10-09 19:22:00,Offline
D134,2023-10-10 13:22:00,Online
D134,2023-10-10 14:45:00,Idle
D134,2023-10-10 15:13:00,Busy
D134,2023-10-10 16:50:00,Busy
D134,2023-10-10 17:35:00,Busy
D134,2023-10-10 18:55:00,Busy
D134,2023-10-10 20:00:00,Busy
D134,2023-10-10 20:11:00,Offline
D134,2023-10-11 08:11:00,Online
D134,2023-10-11 09:00:00,Busy
D134,2023-10-11 10:11:00,Idle
D134,2023-10-11 10:47:00,Idle
D134,2023-10-11 11:41:00,Busy
D134,2023-10-11 13:36:00,Busy
D134,2023-10-11 13:57:00,Busy
D134,2023-10-11 14:28:00,Busy
D134,2023-10-11 14:53:00,Idle
D134,2023-10-11 15:50:00,Offline
D134,2023-10-12 11:50:00,Online
D134,2023-10-12 12:32:00,Busy
D134,2023-10-12 14:15:00,Idle
D134,2023-10-12 15:46:00,Busy
D134,2023-10-12 16:23:00,Busy
D134,2023-10-12 16:57:00,Idle
D134,2023-10-12 17:27:00,Idle
D134,2023-10-12 18:02:00,Idle
D134,2023-10-12 18:29:00,Idle
D134,2023-10-12 20:18:00,Idle
D134,2023-10-12 20:48:00,Idle
D134,2023-10-12 21:40:00,Offline
D135,2023-10-03 00:00:00,Online
D135,2023-10-03 01:52:00,Idle
D135,2023-10-03 02:57:00,Idle
D135,2023-10-03 03:51:00,Busy
D135,2023-10-03 04:06:00,Busy
D135,2023-10-03 05:29:00,Busy
D135,2023-10-03 05:52:00,Busy
D135,2023-10-03 07:04:00,Idle
D135,2023-10-03 08:06:00,Busy
D135,2023-10-03 08:30:00,Offline
D135,2023-10-03 22:30:00,Online
D135,2023-10-03 22:56:00,Idle
D135,2023-10-03 23:25:00,Busy
D135,2023-10-04 00:57:00,Idle
D135,2023-10-04 02:42:00,Idle
D135,2023-10-04 04:31:00,Idle
D135,2023-10-04 05:36:00,Idle
D135,2023-10-04 06:10:00,Busy
D135,2023-10-04 07:29:00,Idle
D135,2023-10-04 08:29:00,Offline
D135,2023-10-05 05:29:00,Online
D135,2023-10-05 06:57:00,Busy
D135,2023-10-05 08:01:00,Idle
D135,2023-10-05 09:41:00,Idle
D135,2023-10-05 11:41:00,Idle
D135,2023-10-05 12:51:00,Busy
D135,2023-10-05 13:23:00,Busy
D135,2023-10-05 13:39:00,Busy
D135,2023-10-05 14:29:00,Busy
D135,2023-10-05 15:22:00,Idle
D135,2023-10-05 15:41:00,Offline
D135,2023-10-06 05:41:00,Online
D135,2023-10-06 06:19:00,Busy
D135,2023-10-06 06:49:00,Idle
D135,2023-10-06 07:53:00,Idle
D135,2023-10-06 09:31:00,Busy
D135,2023-10-06 09:48:00,Busy
D135,2023-10-06 11:16:00,Idle
D135,2023-10-06 12:51:00,Idle
D135,2023-10-06 13:36:00,Offline
D135,2023-10-07 09:36:00,Online
D135,2023-10-07 11:23:00,Busy
D135,2023-10-07 13:22:00,Idle
D135,2023-10-07 13:54:00,Idle
D135,2023-10-07 14:34:00,Busy
D135,2023-10-07 15:04:00,Offline
D136,2023-10-02 00:00:00,Online
D136,2023-10-02 01:01:00,Idle
D136,2023-10-02 02:05:00,Idle
D136,2023-10-02 03:34:00,Idle
D136,2023-10-02 05:13:00,Busy
D136,2023-10-02 05:34:00,Idle
D136,2023-10-02 05:51:00,Idle
D136,2023-10-02 06:32:00,Offline
D136,2023-10-03 06:32:00,Online
D136,2023-10-03 07:52:00,Idle
D136,2023-10-03 09:18:00,Busy
D136,2023-10-03 10:11:00,Busy
D136,2023-10-03 11:37:00,Idle
D136,2023-10-03 12:29:00,Busy
D136,2023-10-03 14:15:00,Busy
D136,2023-10-03 15:59:00,Idle
D136,2023-10-03 17:52:00,Busy
D136,2023-10-03 18:28:00,Offline
D136,2023-10-04 09:28:00,Online
D136,2023-10-04 10:40:00,Idle
D136,2023-10-04 12:20:00,Idle
D136,2023-10-04 12:44:00,Idle
D136,2023-10-04 14:04:00,Idle
D136,2023-10-04 15:24:00,Idle
D136,2023-10-04 15:54:00,Idle
D136,2023-10-04 16:11:00,Busy
D136,2023-10-04 16:35:00,Busy
D136,2023-10-04 18:34:00,Busy
D136,2023-10-04 19:28:00,Idle
D136,2023-10-04 20:18:00,Offline
D136,2023-10-05 08:18:00,Online
D136,2023-10-05 09:11:00,Busy
D136,2023-10-05 11:06:00,Busy
D136,2023-10-05 11:21:00,Idle
D136,2023-10-05 12:00:00,Busy
D136,2023-10-05 13:01:00,Busy
D136,2023-10-05 14:09:00,Busy
D136,2023-10-05 15:37:00,Idle
D136,2023-10-05 16:00:00,Busy
D136,2023-10-05 16:28:00,Idle
D136,2023-10-05 16:40:00,Offline
D136,2023-10-06 07:40:00,Online
D136,2023-10-06 09:12:00,Idle
D136,2023-10-06 10:12:00,Idle
D136,2023-10-06 11:18:00,Idle
D136,2023-10-06 11:48:00,Offline
D136,2023-10-07 11:48:00,Online
D136,2023-10-07 12:12:00,Idle
D136,2023-10-07 13:08:00,Idle
D136,2023-10-07 15:01:00,Busy
D136,2023-10-07 15:47:00,Busy
D136,2023-10-07 17:08:00,Idle
D136,2023-10-07 18:10:00,Idle
D136,2023-10-07 19:11:00,Busy
D136,2023-10-07 19:53:00,Busy
D136,2023-10-07 21:45:00,Busy
D136,2023-10-07 22:45:00,Busy
D136,2023-10-07 22:57:00,Offline
D136,2023-10-08 21:57:00,Online
D136,2023-10-08 22:16:00,Busy
D136,2023-10-08 23:43:00,Busy
D136,2023-10-09 00:13:00,Idle
D136,2023-10-09 00:53:00,Idle
D136,2023-10-09 02:20:00,Busy
D136,2023-10-09 03:26:00,Busy
D136,2023-10-09 03:43:00,Idle
D136,2023-10-09 05:07:00,Idle
D136,2023-10-09 05:34:00,Offline
D136,2023-10-09 23:34:00,Online
D136,2023-10-10 00:36:00,Busy
D136,2023-10-10 01:35:00,Busy
D136,2023-10-10 02:52:00,Idle
D136,2023-10-10 03:17:00,Busy
D136,2023-10-10 04:54:00,Idle
D136,2023-10-10 06:07:00,Busy
D136,2023-10-10 06:18:00,Offline
D136,2023-10-11 01:18:00,Online
D136,2023-10-11 01:33:00,Busy
D136,2023-10-11 02:19:00,Busy
D136,2023-10-11 02:53:00,Busy
D136,2023-10-11 03:22:00,Offline
D136,2023-10-12 03:22:00,Online
D136,2023-10-12 04:59:00,Idle
D136,2023-10-12 06:31:00,Idle
D136,2023-10-12 07:58:00,Idle
D136,2023-10-12 08:49:00,Busy
D136,2023-10-12 10:13:00,Busy
D136,2023-10-12 10:28:00,Offline
D136,2023-10-13 05:28:00,Online
D136,2023-10-13 07:17:00,Idle
D136,2023-10-13 08:29:00,Idle
D136,2023-10-13 09:42:00,Busy
D136,2023-10-13 11:11:00,Idle
D136,2023-10-13 12:10:00,Offline
D136,2023-10-14 07:10:00,Online
D136,2023-10-14 08:20:00,Busy
D136,2023-10-14 10:03:00,Busy
D136,2023-10-14 11:23:00,Idle
D136,2023-10-14 12:08:00,Offline
D136,2023-10-15 04:08:00,Online
D136,2023-10-15 05:34:00,Busy
D136,2023-10-15 06:44:00,Idle
D136,2023-10-15 08:18:00,Busy
D136,2023-10-15 10:00:00,Busy
D136,2023-10-15 11:43:00,Busy
D136,2023-10-15 12:33:00,Idle
D136,2023-10-15 13:27:00,Idle
D136,2023-10-15 13:55:00,Busy
D136,2023-10-15 14:55:00,Idle
D136,2023-10-15 15:54:00,Offline
D138,2023-10-03 00:00:00,Online
D138,2023-10-03 01:06:00,Idle
D138,2023-10-03 02:31:00,Idle
D138,2023-10-03 04:09:00,Idle
D138,2023-10-03 05:17:00,Idle
D138,2023-10-03 06:31:00,Busy
D138,2023-10-03 07:00:00,Offline
D138,2023-10-04 01:00:00,Online
D138,2023-10-04 02:28:00,Busy
D138,2023-10-04 02:53:00,Idle
D138,2023-10-04 03:50:00,Idle
D138,2023-10-04 04:08:00,Busy
D138,2023-10-04 05:08:00,Idle
D138,2023-10-04 05:35:00,Offline
D138,2023-10-05 04:35:00,Online
D138,2023-10-05 05:36:00,Idle
D138,2023-10-05 06:30:00,Busy
D138,2023-10-05 07:31:00,Busy
D138,2023-10-05 07:59:00,Idle
D138,2023-10-05 08:51:00,Idle
D138,2023-10-05 09:20:00,Offline
D138,2023-10-06 05:20:00,Online
D138,2023-10-06 06:15:00,Busy
D138,2023-10-06 08:09:00,Idle
D138,2023-10-06 10:05:00,Busy
D138,2023-10-06 11:23:00,Idle
D138,2023-10-06 12:28:00,Idle
D138,2023-10-06 12:43:00,Idle
D138,2023-10-06 14:23:00,Busy
D138,2023-10-06 15:13:00,Idle
D138,2023-10-06 16:28:00,Busy
D138,2023-10-06 17:08:00,Offline
D138,2023-10-07 08:08:00,Online
D138,2023-10-07 08:28:00,Idle
D138,2023-10-07 08:46:00,Busy
D138,2023-10-07 09:52:00,Busy
D138,2023-10-07 10:34:00,Offline
D138,2023-10-07 22:34:00,Online
D138,2023-10-07 23:14:00,Busy
D138,2023-10-08 01:12:00,Idle
D138,2023-10-08 03:04:00,Idle
D138,2023-10-08 03:41:00,Offline
D138,2023-10-08 19:41:00,Online
D138,2023-10-08 21:06:00,Busy
D138,2023-10-08 22:42:00,Busy
D138,2023-10-08 23:36:00,Idle
D138,2023-10-09 01:16:00,Idle
D138,2023-10-09 03:10:00,Idle
D138,2023-10-09 03:42:00,Busy
D138,2023-10-09 05:28:00,Idle
D138,2023-10-09 05:44:00,Busy
D138,2023-10-09 06:34:00,Busy
D138,2023-10-09 07:03:00,Offline
D138,2023-10-10 01:03:00,Online
D138,2023-10-10 02:02:00,Idle
D138,2023-10-10 02:21:00,Busy
D138,2023-10-10 03:06:00,Busy
D138,2023-10-10 03:49:00,Busy
D138,2023-10-10 04:23:00,Offline
D138,2023-10-10 20:23:00,Online
D138,2023-10-10 21:21:00,Busy
D138,2023-10-10 21:45:00,Busy
D138,2023-10-10 22:01:00,Busy
D138,2023-10-10 22:49:00,Idle
D138,2023-10-11 00:03:00,Busy
D138,2023-10-11 01:50:00,Busy
D138,2023-10-11 02:44:00,Idle
D138,2023-10-11 03:03:00,Offline
D138,2023-10-11 17:03:00,Online
D138,2023-10-11 17:33:00,Idle
D138,2023-10-11 19:33:00,Busy
D138,2023-10-11 19:51:00,Idle
D138,2023-10-11 20:06:00,Idle
D138,2023-10-11 20:33:00,Offline
D138,2023-10-12 18:33:00,Online
D138,2023-10-12 20:32:00,Idle
D138,2023-10-12 22:02:00,Idle
D138,2023-10-12 22:24:00,Idle
D138,2023-10-12 23:11:00,Busy
D138,2023-10-13 00:10:00,Offline
D138,2023-10-13 19:10:00,Online
D138,2023-10-13 20:15:00,Busy
D138,2023-10-13 21:15:00,Idle
D138,2023-10-13 21:44:00,Idle
D138,2023-10-13 22:49:00,Busy
D138,2023-10-14 00:34:00,Idle
D138,2023-10-14 01:23:00,Busy
D138,2023-10-14 02:13:00,Offline
D138,2023-10-14 19:13:00,Online
D138,2023-10-14 20:45:00,Busy
D138,2023-10-14 21:49:00,Busy
D138,2023-10-14 22:33:00,Busy
D138,2023-10-14 22:58:00,Busy
D138,2023-10-15 00:37:00,Busy
D138,2023-10-15 00:53:00,Idle
D138,2023-10-15 01:49:00,Idle
D138,2023-10-15 02:52:00,Busy
D138,2023-10-15 03:25:00,Offline
D142,2023-10-04 00:00:00,Online
D142,2023-10-04 00:25:00,Busy
D142,2023-10-04 01:17:00,Busy
D142,2023-10-04 02:16:00,Busy
D142,2023-10-04 03:06:00,Idle
D142,2023-10-04 03:25:00,Busy
D142,2023-10-04 03:48:00,Busy
D142,2023-10-04 05:25:00,Busy
D142,2023-10-04 06:25:00,Offline
D142,2023-10-04 23:25:00,Online
D142,2023-10-04 23:45:00,Idle
D142,2023-10-05 00:00:00,Busy
D142,2023-10-05 00:34:00,Busy
D142,2023-10-05 02:22:00,Busy
D142,2023-10-05 04:03:00,Idle
D142,2023-10-05 06:03:00,Idle
D142,2023-10-05 07:24:00,Busy
D142,2023-10-05 08:56:00,Idle
D142,2023-10-05 10:01:00,Idle
D142,2023-10-05 11:55:00,Busy
D142,2023-10-05 12:21:00,Offline
D142,2023-10-06 04:21:00,Online
D142,2023-10-06 04:55:00,Busy
D142,2023-10-06 05:32:00,Busy
D142,2023-10-06 05:57:00,Busy
D142,2023-10-06 06:33:00,Busy
D142,2023-10-06 08:04:00,Idle
D142,2023-10-06 08:29:00,Idle
D142,2023-10-06 10:13:00,Busy
D142,2023-10-06 11:09:00,Busy
D142,2023-10-06 12:27:00,Busy
D142,2023-10-06 13:03:00,Offline
D142,2023-10-07 10:03:00,Online
D142,2023-10-07 11:59:00,Busy
D142,2023-10-07 13:11:00,Idle
D142,2023-10-07 14:21:00,Busy
D142,2023-10-07 15:45:00,Busy
D142,2023-10-07 16:39:00,Busy
D142,2023-10-07 17:07:00,Busy
D142,2023-10-07 18:07:00,Idle
D142,2023-10-07 19:57:00,Idle
D142,2023-10-07 21:53:00,Idle
D142,2023-10-07 22:20:00,Offline
D142,2023-10-08 12:20:00,Online
D142,2023-10-08 13:35:00,Busy
D142,2023-10-08 14:50:00,Idle
D142,2023-10-08 16:00:00,Idle
D142,2023-10-08 16:18:00,Busy
D142,2023-10-08 18:07:00,Busy
D142,2023-10-08 18:48:00,Offline
D142,2023-10-09 13:48:00,Online
D142,2023-10-09 14:32:00,Idle
D142,2023-10-09 15:29:00,Busy
D142,2023-10-09 17:23:00,Busy
D142,2023-10-09 18:48:00,Idle
D142,2023-10-09 19:18:00,Busy
D142,2023-10-09 20:01:00,Offline
D142,2023-10-10 17:01:00,Online
D142,2023-10-10 18:17:00,Idle
D142,2023-10-10 18:57:00,Busy
D142,2023-10-10 19:31:00,Idle
D142,2023-10-10 21:06:00,Busy
D142,2023-10-10 22:02:00,Idle
D142,2023-10-10 23:01:00,Idle
D142,2023-10-10 23:28:00,Busy
D142,2023-10-11 01:01:00,Idle
D142,2023-10-11 01:53:00,Busy
D142,2023-10-11 02:19:00,Offline
D142,2023-10-11 16:19:00,Online
D142,2023-10-11 17:25:00,Idle
D142,2023-10-11 18:32:00,Busy
D142,2023-10-11 20:21:00,Busy
D142,2023-10-11 21:38:00,Idle
D142,2023-10-11 23:07:00,Busy
D142,2023-10-12 00:50:00,Idle
D142,2023-10-12 01:45:00,Idle
D142,2023-10-12 02:36:00,Idle
D142,2023-10-12 03:30:00,Offline
D142,2023-10-13 00:30:00,Online
D142,2023-10-13 01:37:00,Busy
D142,2023-10-13 02:46:00,Idle
D142,2023-10-13 04:45:00,Idle
D142,2023-10-13 05:21:00,Busy
D142,2023-10-13 06:29:00,Busy
D142,2023-10-13 08:27:00,Busy
D142,2023-10-13 08:45:00,Busy
D142,2023-10-13 10:42:00,Idle
D142,2023-10-13 11:39:00,Idle
D142,2023-10-13 12:20:00,Offline
D142,2023-10-14 00:20:00,Online
D142,2023-10-14 01:45:00,Busy
D142,2023-10-14 02:14:00,Idle
D142,2023-10-14 03:56:00,Busy
D142,2023-10-14 04:20:00,Busy
D142,2023-10-14 04:48:00,Offline
D142,2023-10-15 01:48:00,Online
D142,2023-10-15 03:10:00,Busy
D142,2023-10-15 03:41:00,Idle
D142,2023-10-15 05:17:00,Idle
D142,2023-10-15 05:34:00,Busy
D142,2023-10-15 06:40:00,Busy
D142,2023-10-15 08:37:00,Idle
D142,2023-10-15 09:21:00,Busy
D142,2023-10-15 10:50:00,Busy
D142,2023-10-15 11:46:00,Offline
D142,2023-10-16 07:46:00,Online
D142,2023-10-16 09:25:00,Idle
D142,2023-10-16 11:19:00,Busy
D142,2023-10-16 12:47:00,Idle
D142,2023-10-16 14:37:00,Busy
D142,2023-10-16 16:36:00,Busy
D142,2023-10-16 17:36:00,Offline
D142,2023-10-17 15:36:00,Online
D142,2023-10-17 16:30:00,Busy
D142,2023-10-17 17:41:00,Busy
D142,2023-10-17 18:36:00,Busy
D142,2023-10-17 20:25:00,Busy
D142,2023-10-17 21:49:00,Busy
D142,2023-10-17 23:04:00,Idle
D142,2023-10-18 00:46:00,Idle
D142,2023-10-18 01:52:00,Idle
D142,2023-10-18 02:15:00,Offline
D142,2023-10-18 19:15:00,Online
D142,2023-10-18 20:10:00,Busy
D142,2023-10-18 20:41:00,Idle
D142,2023-10-18 21:06:00,Busy
D142,2023-10-18 22:22:00,Idle
D142,2023-10-19 00:21:00,Busy
D142,2023-10-19 01:24:00,Busy
D142,2023-10-19 02:00:00,Idle
D142,2023-10-19 03:33:00,Busy
D142,2023-10-19 05:02:00,Busy
D142,2023-10-19 05:35:00,Offline
D142,2023-10-20 05:35:00,Online
D142,2023-10-20 06:41:00,Busy
D142,2023-10-20 07:20:00,Busy
D142,2023-10-20 08:46:00,Busy
D142,2023-10-20 10:36:00,Busy
D142,2023-10-20 12:36:00,Busy
D142,2023-10-20 14:27:00,Busy
D142,2023-10-20 14:59:00,Idle
D142,2023-10-20 16:48:00,Busy
D142,2023-10-20 17:49:00,Busy
D142,2023-10-20 18:47:00,Busy
D142,2023-10-20 19:44:00,Offline
D143,2023-10-05 00:00:00,Online
D143,2023-10-05 00:46:00,Idle
D143,2023-10-05 01:59:00,Busy
D143,2023-10-05 02:15:00,Idle
D143,2023-10-05 03:03:00,Busy
D143,2023-10-05 03:49:00,Idle
D143,2023-10-05 04:51:00,Idle
D143,2023-10-05 05:48:00,Busy
D143,2023-10-05 07:00:00,Busy
D143,2023-10-05 07:50:00,Offline
D143,2023-10-05 20:50:00,Online
D143,2023-10-05 22:02:00,Busy
D143,2023-10-05 22:52:00,Idle
D143,2023-10-06 00:26:00,Idle
D143,2023-10-06 01:53:00,Busy
D143,2023-10-06 02:14:00,Offline
D143,2023-10-07 00:14:00,Online
D143,2023-10-07 01:13:00,Busy
D143,2023-10-07 01:30:00,Busy
D143,2023-10-07 03:01:00,Busy
D143,2023-10-07 04:48:00,Idle
D143,2023-10-07 05:18:00,Idle
D143,2023-10-07 06:15:00,Offline
D143,2023-10-08 02:15:00,Online
D143,2023-10-08 04:14:00,Idle
D143,2023-10-08 05:36:00,Idle
D143,2023-10-08 07:23:00,Idle
D143,2023-10-08 08:41:00,Idle
D143,2023-10-08 10:01:00,Busy
D143,2023-10-08 10:26:00,Busy
D143,2023-10-08 11:14:00,Idle
D143,2023-10-08 11:44:00,Offline
D143,2023-10-09 07:44:00,Online
D143,2023-10-09 08:11:00,Busy
D143,2023-10-09 09:27:00,Idle
D143,2023-10-09 11:02:00,Busy
D143,2023-10-09 12:38:00,Idle
D143,2023-10-09 13:29:00,Busy
D143,2023-10-09 14:47:00,Idle
D143,2023-10-09 15:04:00,Busy
D143,2023-10-09 15:24:00,Busy
D143,2023-10-09 17:14:00,Idle
D143,2023-10-09 17:33:00,Offline
D143,2023-10-10 15:33:00,Online
D143,2023-10-10 17:33:00,Idle
D143,2023-10-10 18:26:00,Busy
D143,2023-10-10 19:32:00,Busy
D143,2023-10-10 21:22:00,Idle
D143,2023-10-10 22:16:00,Offline
D143,2023-10-11 13:16:00,Online
D143,2023-10-11 14:16:00,Busy
D143,2023-10-11 14:38:00,Idle
D143,2023-10-11 15:13:00,Idle
D143,2023-10-11 17:13:00,Busy
D143,2023-10-11 17:56:00,Busy
D143,2023-10-11 19:12:00,Busy
D143,2023-10-11 19:37:00,Offline
D144,2023-10-06 00:00:00,Online
D144,2023-10-06 01:59:00,Busy
D144,2023-10-06 03:34:00,Idle
D144,2023-10-06 05:03:00,Idle
D144,2023-10-06 06:51:00,Busy
D144,2023-10-06 07:50:00,Idle
D144,2023-10-06 08:34:00,Busy
D144,2023-10-06 09:02:00,Busy
D144,2023-10-06 09:53:00,Offline
D144,2023-10-07 01:53:00,Online
D144,2023-10-07 02:57:00,Busy
D144,2023-10-07 03:35:00,Idle
D144,2023-10-07 05:11:00,Idle
D144,2023-10-07 06:04:00,Idle
D144,2023-10-07 06:16:00,Offline
D144,2023-10-07 22:16:00,Online
D144,2023-10-07 23:16:00,Busy
D144,2023-10-08 00:37:00,Idle
D144,2023-10-08 00:58:00,Idle
D144,2023-10-08 02:29:00,Busy
D144,2023-10-08 03:20:00,Idle
D144,2023-10-08 04:58:00,Busy
D144,2023-10-08 06:23:00,Busy
D144,2023-10-08 06:50:00,Offline
D144,2023-10-09 05:50:00,Online
D144,2023-10-09 07:15:00,Busy
D144,2023-10-09 07:40:00,Busy
D144,2023-10-09 09:03:00,Idle
D144,2023-10-09 09:25:00,Busy
D144,2023-10-09 10:28:00,Idle
D144,2023-10-09 11:08:00,Offline
D144,2023-10-10 01:08:00,Online
D144,2023-10-10 01:42:00,Idle
D144,2023-10-10 02:38:00,Busy
D144,2023-10-10 03:07:00,Busy
D144,2023-10-10 04:58:00,Idle
D144,2023-10-10 05:48:00,Offline
D144,2023-10-10 17:48:00,Online
D144,2023-10-10 19:03:00,Busy
D144,2023-10-10 19:47:00,Idle
D144,2023-10-10 21:42:00,Busy
D144,2023-10-10 22:37:00,Busy
D144,2023-10-10 23:11:00,Busy
D144,2023-10-11 00:39:00,Busy
D144,2023-10-11 01:18:00,Busy
D144,2023-10-11 02:00:00,Offline
D144,2023-10-12 00:00:00,Online
D144,2023-10-12 01:53:00,Busy
D144,2023-10-12 02:09:00,Idle
D144,2023-10-12 03:49:00,Idle
D144,2023-10-12 04:16:00,Idle
D144,2023-10-12 05:05:00,Busy
D144,2023-10-12 05:25:00,Offline
D144,2023-10-13 00:25:00,Online
D144,2023-10-13 01:50:00,Idle
D144,2023-10-13 03:49:00,Busy
D144,2023-10-13 04:45:00,Idle
D144,2023-10-13 05:17:00,Idle
D144,2023-10-13 06:10:00,Offline
D144,2023-10-14 05:10:00,Online
D144,2023-10-14 06:08:00,Idle
D144,2023-10-14 06:42:00,Idle
D144,2023-10-14 07:16:00,Busy
D144,2023-10-14 08:12:00,Idle
D144,2023-10-14 08:36:00,Busy
D144,2023-10-14 10:15:00,Idle
D144,2023-10-14 11:46:00,Busy
D144,2023-10-14 12:09:00,Idle
D144,2023-10-14 12:57:00,Busy
D144,2023-10-14 13:32:00,Offline
D144,2023-10-15 09:32:00,Online
D144,2023-10-15 11:10:00,Busy
D144,2023-10-15 12:20:00,Idle
D144,2023-10-15 14:12:00,Busy
D144,2023-10-15 15:33:00,Busy
D144,2023-10-15 17:21:00,Idle
D144,2023-10-15 18:57:00,Idle
D144,2023-10-15 19:59:00,Idle
D144,2023-10-15 21:50:00,Busy
D144,2023-10-15 22:48:00,Busy
D144,2023-10-15 23:28:00,Offline
D144,2023-10-16 19:28:00,Online
D144,2023-10-16 19:50:00,Busy
D144,2023-10-16 20:25:00,Busy
D144,2023-10-16 21:04:00,Idle
D144,2023-10-16 21:30:00,Idle
D144,2023-10-16 23:05:00,Idle
D144,2023-10-16 23:32:00,Busy
D144,2023-10-17 00:03:00,Offline
D144,2023-10-17 20:03:00,Online
D144,2023-10-17 20:35:00,Busy
D144,2023-10-17 22:19:00,Busy
D144,2023-10-17 23:42:00,Idle
D144,2023-10-18 01:22:00,Idle
D144,2023-10-18 02:03:00,Idle
D144,2023-10-18 03:37:00,Idle
D144,2023-10-18 03:59:00,Busy
D144,2023-10-18 05:40:00,Idle
D144,2023-10-18 06:17:00,Busy
D144,2023-10-18 07:35:00,Idle
D144,2023-10-18 08:05:00,Offline
D146,2023-10-06 00:00:00,Online
D146,2023-10-06 01:18:00,Busy
D146,2023-10-06 02:54:00,Busy
D146,2023-10-06 03:37:00,Idle
D146,2023-10-06 04:05:00,Idle
D146,2023-10-06 04:54:00,Idle
D146,2023-10-06 06:44:00,Idle
D146,2023-10-06 07:10:00,Offline
D146,2023-10-07 00:10:00,Online
D146,2023-10-07 01:35:00,Busy
D146,2023-10-07 02:15:00,Idle
D146,2023-10-07 04:10:00,Idle
D146,2023-10-07 05:38:00,Idle
D146,2023-10-07 06:28:00,Idle
D146,2023-10-07 07:55:00,Idle
D146,2023-10-07 09:08:00,Idle
D146,2023-10-07 10:18:00,Idle
D146,2023-10-07 10:42:00,Offline
D146,2023-10-08 02:42:00,Online
D146,2023-10-08 04:37:00,Idle
D146,2023-10-08 06:30:00,Idle
D146,2023-10-08 07:45:00,Idle
D146,2023-10-08 09:09:00,Busy
D146,2023-10-08 09:34:00,Idle
D146,2023-10-08 09:54:00,Idle
D146,2023-10-08 11:29:00,Idle
D146,2023-10-08 12:11:00,Idle
D146,2023-10-08 13:01:00,Busy
D146,2023-10-08 14:19:00,Idle
D146,2023-10-08 15:13:00,Offline
D146,2023-10-09 04:13:00,Online
D146,2023-10-09 05:24:00,Idle
D146,2023-10-09 05:49:00,Busy
D146,2023-10-09 06:09:00,Idle
D146,2023-10-09 07:49:00,Busy
D146,2023-10-09 08:11:00,Offline
D146,2023-10-10 07:11:00,Online
D146,2023-10-10 09:07:00,Idle
D146,2023-10-10 09:32:00,Idle
D146,2023-10-10 10:20:00,Idle
D146,2023-10-10 11:14:00,Offline
D146,2023-10-10 23:14:00,Online
D146,2023-10-10 23:37:00,Idle
D146,2023-10-10 23:54:00,Idle
D146,2023-10-11 00:36:00,Busy
D146,2023-10-11 01:09:00,Offline
D146,2023-10-11 21:09:00,Online
D146,2023-10-11 21:37:00,Idle
D146,2023-10-11 23:32:00,Idle
D146,2023-10-12 00:22:00,Busy
D146,2023-10-12 00:53:00,Idle
D146,2023-10-12 02:34:00,Busy
D146,2023-10-12 03:34:00,Offline
D147,2023-10-04 00:00:00,Online
D147,2023-10-04 01:52:00,Idle
D147,2023-10-04 02:59:00,Idle
D147,2023-10-04 03:27:00,Busy
D147,2023-10-04 03:45:00,Idle
D147,2023-10-04 04:11:00,Busy
D147,2023-10-04 05:30:00,Busy
D147,2023-10-04 06:54:00,Idle
D147,2023-10-04 08:46:00,Busy
D147,2023-10-04 09:40:00,Offline
D147,2023-10-05 04:40:00,Online
D147,2023-10-05 06:05:00,Idle
D147,2023-10-05 07:46:00,Busy
D147,2023-10-05 08:49:00,Idle
D147,2023-10-05 09:52:00,Idle
D147,2023-10-05 10:11:00,Offline
D147,2023-10-06 06:11:00,Online
D147,2023-10-06 06:35:00,Idle
D147,2023-10-06 08:32:00,Idle
D147,2023-10-06 09:15:00,Busy
D147,2023-10-06 09:33:00,Offline
D147,2023-10-07 08:33:00,Online
D147,2023-10-07 08:52:00,Idle
D147,2023-10-07 09:26:00,Busy
D147,2023-10-07 10:46:00,Idle
D147,2023-10-07 11:56:00,Busy
D147,2023-10-07 13:51:00,Idle
D147,2023-10-07 15:41:00,Idle
D147,2023-10-07 15:59:00,Offline
D147,2023-10-08 04:59:00,Online
D147,2023-10-08 06:24:00,Busy
D147,2023-10-08 07:04:00,Idle
D147,2023-10-08 07:19:00,Busy
D147,2023-10-08 09:15:00,Idle
D147,2023-10-08 10:17:00,Idle
D147,2023-10-08 10:47:00,Busy
D147,2023-10-08 11:02:00,Idle
D147,2023-10-08 12:05:00,Busy
D147,2023-10-08 13:33:00,Busy
D147,2023-10-08 13:50:00,Offline
D147,2023-10-09 04:50:00,Online
D147,2023-10-09 06:33:00,Idle
D147,2023-10-09 07:58:00,Idle
D147,2023-10-09 09:03:00,Busy
D147,2023-10-09 10:37:00,Idle
D147,2023-10-09 11:02:00,Busy
D147,2023-10-09 12:40:00,Idle
D147,2023-10-09 14:19:00,Busy
D147,2023-10-09 14:39:00,Idle
D147,2023-10-09 15:41:00,Idle
D147,2023-10-09 16:06:00,Idle
D147,2023-10-09 16:17:00,Offline
D147,2023-10-10 04:17:00,Online
D147,2023-10-10 05:35:00,Idle
D147,2023-10-10 07:11:00,Busy
D147,2023-10-10 07:26:00,Idle
D147,2023-10-10 08:40:00,Busy
D147,2023-10-10 09:12:00,Idle
D147,2023-10-10 10:45:00,Busy
D147,2023-10-10 12:26:00,Idle
D147,2023-10-10 12:49:00,Busy
D147,2023-10-10 14:38:00,Busy
D147,2023-10-10 15:28:00,Offline
D147,2023-10-11 11:28:00,Online
D147,2023-10-11 12:00:00,Busy
D147,2023-10-11 13:09:00,Busy
D147,2023-10-11 14:57:00,Busy
D147,2023-10-11 16:38:00,Busy
D147,2023-10-11 17:09:00,Busy
D147,2023-10-11 17:42:00,Idle
D147,2023-10-11 18:13:00,Busy
D147,2023-10-11 18:28:00,Offline
D148,2023-10-01 00:00:00,Online
D148,2023-10-01 01:32:00,Idle
D148,2023-10-01 02:35:00,Idle
D148,2023-10-01 03:53:00,Busy
D148,2023-10-01 05:15:00,Idle
D148,2023-10-01 07:01:00,Idle
D148,2023-10-01 07:38:00,Busy
D148,2023-10-01 08:45:00,Busy
D148,2023-10-01 09:16:00,Idle
D148,2023-10-01 10:03:00,Idle
D148,2023-10-01 10:47:00,Idle
D148,2023-10-01 11:11:00,Offline
D148,2023-10-02 02:11:00,Online
D148,2023-10-02 02:49:00,Idle
D148,2023-10-02 03:52:00,Idle
D148,2023-10-02 05:51:00,Idle
D148,2023-10-02 06:49:00,Idle
D148,2023-10-02 08:25:00,Busy
D148,2023-10-02 08:52:00,Busy
D148,2023-10-02 10:32:00,Busy
D148,2023-10-02 12:08:00,Idle
D148,2023-10-02 13:16:00,Busy
D148,2023-10-02 13:40:00,Busy
D148,2023-10-02 14:09:00,Offline
D148,2023-10-03 06:09:00,Online
D148,2023-10-03 07:56:00,Busy
D148,2023-10-03 08:56:00,Busy
D148,2023-10-03 09:50:00,Busy
D148,2023-10-03 11:49:00,Busy
D148,2023-10-03 12:11:00,Busy
D148,2023-10-03 13:54:00,Idle
D148,2023-10-03 14:22:00,Idle
D148,2023-10-03 14:58:00,Offline
D148,2023-10-04 09:58:00,Online
D148,2023-10-04 10:15:00,Idle
D148,2023-10-04 11:28:00,Busy
D148,2023-10-04 11:44:00,Idle
D148,2023-10-04 13:17:00,Busy
D148,2023-10-04 13:30:00,Offline
D148,2023-10-05 12:30:00,Online
D148,2023-10-05 13:39:00,Idle
D148,2023-10-05 15:04:00,Idle
D148,2023-10-05 15:32:00,Busy
D148,2023-10-05 16:38:00,Idle
D148,2023-10-05 17:47:00,Busy
D148,2023-10-05 19:01:00,Idle
D148,2023-10-05 19:23:00,Offline
D148,2023-10-06 11:23:00,Online
D148,2023-10-06 13:16:00,Busy
D148,2023-10-06 14:56:00,Busy
D148,2023-10-06 15:51:00,Busy
D148,2023-10-06 16:37:00,Offline
D149,2023-10-04 00:00:00,Online
D149,2023-10-04 00:54:00,Idle
D149,2023-10-04 01:27:00,Idle
D149,2023-10-04 02:13:00,Busy
D149,2023-10-04 03:06:00,Busy
D149,2023-10-04 03:38:00,Idle
D149,2023-10-04 04:52:00,Busy
D149,2023-10-04 05:15:00,Idle
D149,2023-10-04 06:17:00,Idle
D149,2023-10-04 08:10:00,Busy
D149,2023-10-04 08:33:00,Offline
D149,2023-10-05 00:33:00,Online
D149,2023-10-05 01:09:00,Idle
D149,2023-10-05 01:51:00,Busy
D149,2023-10-05 03:12:00,Idle
D149,2023-10-05 04:19:00,Idle
D149,2023-10-05 06:03:00,Idle
D149,2023-10-05 07:00:00,Offline
D149,2023-10-06 07:00:00,Online
D149,2023-10-06 08:35:00,Busy
D149,2023-10-06 09:00:00,Busy
D149,2023-10-06 10:09:00,Busy
D149,2023-10-06 11:58:00,Idle
D149,2023-10-06 13:11:00,Idle
D149,2023-10-06 13:54:00,Idle
D149,2023-10-06 15:07:00,Idle
D149,2023-10-06 16:06:00,Busy
D149,2023-10-06 16:58:00,Idle
D149,2023-10-06 17:37:00,Offline
D149,2023-10-07 08:37:00,Online
D149,2023-10-07 10:37:00,Busy
D149,2023-10-07 12:15:00,Idle
D149,2023-10-07 13:55:00,Idle
D149,2023-10-07 14:56:00,Busy
D149,2023-10-07 16:55:00,Idle
D149,2023-10-07 17:31:00,Idle
D149,2023-10-07 19:15:00,Idle
D149,2023-10-07 20:40:00,Idle
D149,2023-10-07 22:09:00,Busy
D149,2023-10-07 22:41:00,Busy
D149,2023-10-07 23:20:00,Offline
D149,2023-10-08 21:20:00,Online
D149,2023-10-08 22:29:00,Busy
D149,2023-10-08 23:29:00,Idle
D149,2023-10-09 00:05:00,Busy
D149,2023-10-09 01:55:00,Busy
D149,2023-10-09 02:35:00,Offline
D149,2023-10-10 02:35:00,Online
D149,2023-10-10 03:42:00,Busy
D149,2023-10-10 05:01:00,Busy
D149,2023-10-10 05:42:00,Busy
D149,2023-10-10 06:18:00,Idle
D149,2023-10-10 06:38:00,Idle
D149,2023-10-10 06:51:00,Offline
D149,2023-10-10 18:51:00,Online
D149,2023-10-10 19:35:00,Busy
D149,2023-10-10 21:03:00,Busy
D149,2023-10-10 21:48:00,Busy
D149,2023-10-10 22:23:00,Idle
D149,2023-10-11 00:14:00,Busy
D149,2023-10-11 01:04:00,Busy
D149,2023-10-11 03:04:00,Idle
D149,2023-10-11 04:29:00,Idle
D149,2023-10-11 05:14:00,Offline
D149,2023-10-11 22:14:00,Online
D149,2023-10-11 23:14:00,Busy
D149,2023-10-12 00:59:00,Busy
D149,2023-10-12 01:23:00,Busy
D149,2023-10-12 01:51:00,Busy
D149,2023-10-12 02:17:00,Idle
D149,2023-10-12 03:06:00,Busy
D149,2023-10-12 03:50:00,Idle
D149,2023-10-12 05:12:00,Idle
D149,2023-10-12 07:09:00,Busy
D149,2023-10-12 07:58:00,Busy
D149,2023-10-12 08:20:00,Offline
D149,2023-10-13 07:20:00,Online
D149,2023-10-13 08:46:00,Busy
D149,2023-10-13 10:29:00,Idle
D149,2023-10-13 12:12:00,Busy
D149,2023-10-13 13:37:00,Idle
D149,2023-10-13 15:23:00,Busy
D149,2023-10-13 16:07:00,Offline
D149,2023-10-14 09:07:00,Online
D149,2023-10-14 10:32:00,Idle
D149,2023-10-14 11:09:00,Busy
D149,2023-10-14 12:46:00,Idle
D149,2023-10-14 13:30:00,Offline
D149,2023-10-15 02:30:00,Online
D149,2023-10-15 03:53:00,Busy
D149,2023-10-15 04:45:00,Busy
D149,2023-10-15 05:56:00,Busy
D149,2023-10-15 06:31:00,Idle
D149,2023-10-15 07:47:00,Idle
D149,2023-10-15 08:52:00,Busy
D149,2023-10-15 09:07:00,Busy
D149,2023-10-15 10:14:00,Idle
D149,2023-10-15 11:03:00,Offline
D149,2023-10-16 06:03:00,Online
D149,2023-10-16 06:33:00,Busy
D149,2023-10-16 08:12:00,Busy
D149,2023-10-16 08:55:00,Busy
D149,2023-10-16 09:42:00,Busy
D149,2023-10-16 10:40:00,Offline
D149,2023-10-17 06:40:00,Online
D149,2023-10-17 08:08:00,Idle
D149,2023-10-17 09:26:00,Busy
D149,2023-10-17 10:43:00,Idle
D149,2023-10-17 11:18:00,Busy
D149,2023-10-17 13:04:00,Idle
D149,2023-10-17 13:56:00,Offline
D149,2023-10-18 07:56:00,Online
D149,2023-10-18 09:06:00,Idle
D149,2023-10-18 09:30:00,Busy
D149,2023-10-18 10:39:00,Idle
D149,2023-10-18 11:28:00,Offline
D150,2023-10-03 00:00:00,Online
D150,2023-10-03 01:30:00,Busy
D150,2023-10-03 01:58:00,Idle
D150,2023-10-03 03:08:00,Idle
D150,2023-10-03 04:45:00,Idle
D150,2023-10-03 05:21:00,Busy
D150,2023-10-03 06:53:00,Busy
D150,2023-10-03 08:35:00,Busy
D150,2023-10-03 10:24:00,Busy
D150,2023-10-03 11:48:00,Idle
D150,2023-10-03 12:29:00,Busy
D150,2023-10-03 13:28:00,Offline
D150,2023-10-04 05:28:00,Online
D150,2023-10-04 06:48:00,Busy
D150,2023-10-04 08:07:00,Busy
D150,2023-10-04 09:52:00,Busy
D150,2023-10-04 10:47:00,Offline
D150,2023-10-05 08:47:00,Online
D150,2023-10-05 09:05:00,Idle
D150,2023-10-05 10:04:00,Idle
D150,2023-10-05 11:25:00,Busy
D150,2023-10-05 11:43:00,Busy
D150,2023-10-05 12:10:00,Busy
D150,2023-10-05 13:21:00,Busy
D150,2023-10-05 14:07:00,Idle
D150,2023-10-05 15:36:00,Idle
D150,2023-10-05 17:11:00,Busy
D150,2023-10-05 17:58:00,Idle
D150,2023-10-05 18:18:00,Offline
D150,2023-10-06 08:18:00,Online
D150,2023-10-06 09:25:00,Busy
D150,2023-10-06 10:09:00,Idle
D150,2023-10-06 11:42:00,Busy
D150,2023-10-06 12:28:00,Idle
D150,2023-10-06 13:36:00,Idle
D150,2023-10-06 14:19:00,Busy
D150,2023-10-06 15:53:00,Idle
D150,2023-10-06 17:04:00,Busy
D150,2023-10-06 18:03:00,Busy
D150,2023-10-06 18:36:00,Busy
D150,2023-10-06 19:15:00,Offline
D150,2023-10-07 19:15:00,Online
D150,2023-10-07 19:32:00,Busy
D150,2023-10-07 21:07:00,Busy
D150,2023-10-07 22:52:00,Idle
D150,2023-10-08 00:11:00,Idle
D150,2023-10-08 01:35:00,Idle
D150,2023-10-08 03:35:00,Busy
D150,2023-10-08 05:25:00,Idle
D150,2023-10-08 06:04:00,Offline
D150,2023-10-09 04:04:00,Online
D150,2023-10-09 06:02:00,Busy
D150,2023-10-09 07:24:00,Idle
D150,2023-10-09 08:35:00,Idle
D150,2023-10-09 10:21:00,Busy
D150,2023-10-09 10:40:00,Idle
D150,2023-10-09 10:51:00,Offline
D150,2023-10-10 01:51:00,Online
D150,2023-10-10 02:20:00,Idle
D150,2023-10-10 04:06:00,Busy
D150,2023-10-10 06:06:00,Idle
D150,2023-10-10 07:19:00,Busy
D150,2023-10-10 07:58:00,Idle
D150,2023-10-10 08:22:00,Busy
D150,2023-10-10 10:06:00,Idle
D150,2023-10-10 11:36:00,Busy
D150,2023-10-10 12:00:00,Offline
D150,2023-10-11 10:00:00,Online
D150,2023-10-11 11:12:00,Busy
D150,2023-10-11 11:27:00,Busy
D150,2023-10-11 12:20:00,Busy
D150,2023-10-11 13:45:00,Idle
D150,2023-10-11 14:27:00,Idle
D150,2023-10-11 14:43:00,Offline
D150,2023-10-12 04:43:00,Online
D150,2023-10-12 06:32:00,Busy
D150,2023-10-12 08:02:00,Idle
D150,2023-10-12 09:37:00,Idle
D150,2023-10-12 11:28:00,Idle
D150,2023-10-12 12:57:00,Busy
D150,2023-10-12 13:17:00,Idle
D150,2023-10-12 14:04:00,Busy
D150,2023-10-12 14:48:00,Idle
D150,2023-10-12 16:17:00,Busy
D150,2023-10-12 17:54:00,Busy
D150,2023-10-12 18:48:00,Offline
D150,2023-10-13 11:48:00,Online
D150,2023-10-13 13:43:00,Busy
D150,2023-10-13 14:17:00,Busy
D150,2023-10-13 14:52:00,Idle
D150,2023-10-13 16:43:00,Busy
D150,2023-10-13 17:59:00,Busy
D150,2023-10-13 18:40:00,Idle
D150,2023-10-13 20:31:00,Busy
D150,2023-10-13 21:59:00,Busy
D150,2023-10-13 23:13:00,Busy
D150,2023-10-13 23:50:00,Offline
D150,2023-10-14 21:50:00,Online
D150,2023-10-14 22:33:00,Idle
D150,2023-10-14 23:10:00,Idle
D150,2023-10-15 00:50:00,Idle
D150,2023-10-15 01:23:00,Offline
D150,2023-10-16 01:23:00,Online
D150,2023-10-16 02:22:00,Idle
D150,2023-10-16 02:40:00,Busy
D150,2023-10-16 04:11:00,Idle
D150,2023-10-16 06:05:00,Idle
D150,2023-10-16 07:24:00,Busy
D150,2023-10-16 08:00:00,Offline
D150,2023-10-16 23:00:00,Online
D150,2023-10-16 23:15:00,Idle
D150,2023-10-16 23:50:00,Busy
D150,2023-10-17 01:25:00,Idle
D150,2023-10-17 02:21:00,Busy
D150,2023-10-17 03:18:00,Idle
D150,2023-10-17 05:04:00,Busy
D150,2023-10-17 05:42:00,Idle
D150,2023-10-17 06:18:00,Busy
D150,2023-10-17 07:11:00,Offline
D150,2023-10-18 02:11:00,Online
D150,2023-10-18 03:25:00,Idle
D150,2023-10-18 04:57:00,Idle
D150,2023-10-18 06:21:00,Idle
D150,2023-10-18 06:56:00,Idle
D150,2023-10-18 08:23:00,Busy
D150,2023-10-18 09:10:00,Idle
D150,2023-10-18 09:49:00,Busy
D150,2023-10-18 11:43:00,Idle
D150,2023-10-18 12:01:00,Offline
D151,2023-10-06 00:00:00,Online
D151,2023-10-06 00:54:00,Busy
D151,2023-10-06 01:44:00,Idle
D151,2023-10-06 02:53:00,Busy
D151,2023-10-06 03:57:00,Idle
D151,2023-10-06 05:01:00,Idle
D151,2023-10-06 06:33:00,Idle
D151,2023-10-06 08:18:00,Idle
D151,2023-10-06 09:15:00,Offline
D151,2023-10-07 08:15:00,Online
D151,2023-10-07 10:12:00,Busy
D151,2023-10-07 10:55:00,Idle
D151,2023-10-07 11:48:00,Idle
D151,2023-10-07 12:05:00,Idle
D151,2023-10-07 12:48:00,Busy
D151,2023-10-07 14:40:00,Idle
D151,2023-10-07 15:59:00,Idle
D151,2023-10-07 16:52:00,Idle
D151,2023-10-07 17:58:00,Idle
D151,2023-10-07 19:00:00,Busy
D151,2023-10-07 19:16:00,Offline
D151,2023-10-08 14:16:00,Online
D151,2023-10-08 15:14:00,Busy
D151,2023-10-08 16:37:00,Busy
D151,2023-10-08 16:56:00,Busy
D151,2023-10-08 17:44:00,Idle
D151,2023-10-08 18:10:00,Idle
D151,2023-10-08 19:03:00,Offline
D151,2023-10-09 12:03:00,Online
D151,2023-10-09 13:47:00,Busy
D151,2023-10-09 15:01:00,Idle
D151,2023-10-09 15:48:00,Busy
D151,2023-10-09 17:16:00,Busy
D151,2023-10-09 18:46:00,Busy
D151,2023-10-09 19:15:00,Offline
D151,2023-10-10 17:15:00,Online
D151,2023-10-10 18:41:00,Idle
D151,2023-10-10 20:21:00,Busy
D151,2023-10-10 21:42:00,Idle
D151,2023-10-10 22:48:00,Idle
D151,2023-10-10 23:29:00,Busy
D151,2023-10-11 00:12:00,Offline
D151,2023-10-11 15:12:00,Online
D151,2023-10-11 16:07:00,Busy
D151,2023-10-11 17:38:00,Idle
D151,2023-10-11 19:34:00,Busy
D151,2023-10-11 19:59:00,Idle
D151,2023-10-11 20:29:00,Idle
D151,2023-10-11 21:25:00,Idle
D151,2023-10-11 23:07:00,Busy
D151,2023-10-11 23:47:00,Offline
D151,2023-10-12 17:47:00,Online
D151,2023-10-12 18:42:00,Busy
D151,2023-10-12 20:25:00,Idle
D151,2023-10-12 21:44:00,Idle
D151,2023-10-12 23:15:00,Busy
D151,2023-10-13 00:50:00,Busy
D151,2023-10-13 01:24:00,Idle
D151,2023-10-13 01:46:00,Offline
D151,2023-10-13 15:46:00,Online
D151,2023-10-13 17:41:00,Busy
D151,2023-10-13 18:48:00,Idle
D151,2023-10-13 19:13:00,Busy
D151,2023-10-13 19:37:00,Offline
D151,2023-10-14 13:37:00,Online
D151,2023-10-14 15:19:00,Busy
D151,2023-10-14 15:59:00,Busy
D151,2023-10-14 17:21:00,Busy
D151,2023-10-14 19:01:00,Idle
D151,2023-10-14 20:05:00,Busy
D151,2023-10-14 21:42:00,Busy
D151,2023-10-14 23:19:00,Busy
D151,2023-10-15 00:30:00,Idle
D151,2023-10-15 01:06:00,Offline
D151,2023-10-16 00:06:00,Online
D151,2023-10-16 02:00:00,Idle
D151,2023-10-16 03:59:00,Busy
D151,2023-10-16 04:59:00,Idle
D151,2023-10-16 05:25:00,Idle
D151,2023-10-16 05:40:00,Offline
D151,2023-10-16 23:40:00,Online
D151,2023-10-17 01:25:00,Idle
D151,2023-10-17 01:53:00,Idle
D151,2023-10-17 02:28:00,Busy
D151,2023-10-17 03:00:00,Busy
D151,2023-10-17 03:38:00,Busy
D151,2023-10-17 04:01:00,Idle
D151,2023-10-17 05:17:00,Idle
D151,2023-10-17 05:29:00,Offline
D151,2023-10-17 18:29:00,Online
D151,2023-10-17 18:56:00,Idle
D151,2023-10-17 20:20:00,Busy
D151,2023-10-17 21:52:00,Busy
D151,2023-10-17 23:40:00,Busy
D151,2023-10-18 01:33:00,Busy
D151,2023-10-18 02:32:00,Offline
D151,2023-10-18 18:32:00,Online
D151,2023-10-18 19:16:00,Busy
D151,2023-10-18 20:06:00,Busy
D151,2023-10-18 20:27:00,Busy
D151,2023-10-18 21:59:00,Idle
D151,2023-10-18 22:14:00,Busy
D151,2023-10-18 22:57:00,Idle
D151,2023-10-18 23:46:00,Idle
D151,2023-10-19 00:21:00,Idle
D151,2023-10-19 01:09:00,Offline
D151,2023-10-19 14:09:00,Online
D151,2023-10-19 14:57:00,Idle
D151,2023-10-19 15:39:00,Idle
D151,2023-10-19 16:33:00,Idle
D151,2023-10-19 17:56:00,Idle
D151,2023-10-19 19:10:00,Busy
D151,2023-10-19 20:01:00,Busy
D151,2023-10-19 21:06:00,Idle
D151,2023-10-19 21:25:00,Busy
D151,2023-10-19 21:39:00,Offline
D151,2023-10-20 16:39:00,Online
D151,2023-10-20 17:21:00,Idle
D151,2023-10-20 19:14:00,Busy
D151,2023-10-20 20:34:00,Idle
D151,2023-10-20 21:41:00,Busy
D151,2023-10-20 21:58:00,Busy
D151,2023-10-20 22:33:00,Offline
D153,2023-10-01 00:00:00,Online
D153,2023-10-01 01:56:00,Busy
D153,2023-10-01 03:54:00,Idle
D153,2023-10-01 04:14:00,Idle
D153,2023-10-01 05:42:00,Busy
D153,2023-10-01 07:11:00,Idle
D153,2023-10-01 07:31:00,Busy
D153,2023-10-01 07:51:00,Busy
D153,2023-10-01 09:33:00,Busy
D153,2023-10-01 11:20:00,Busy
D153,2023-10-01 11:43:00,Offline
D153,2023-10-02 09:43:00,Online
D153,2023-10-02 10:56:00,Busy
D153,2023-10-02 12:50:00,Idle
D153,2023-10-02 14:33:00,Idle
D153,2023-10-02 14:51:00,Busy
D153,2023-10-02 15:42:00,Busy
D153,2023-10-02 16:38:00,Idle
D153,2023-10-02 17:23:00,Offline
D153,2023-10-03 12:23:00,Online
D153,2023-10-03 13:21:00,Busy
D153,2023-10-03 15:03:00,Idle
D153,2023-10-03 16:07:00,Idle
D153,2023-10-03 17:55:00,Busy
D153,2023-10-03 19:24:00,Idle
D153,2023-10-03 21:21:00,Busy
D153,2023-10-03 22:56:00,Idle
D153,2023-10-04 00:28:00,Busy
D153,2023-10-04 02:00:00,Busy
D153,2023-10-04 02:51:00,Busy
D153,2023-10-04 03:36:00,Offline
D153,2023-10-04 21:36:00,Online
D153,2023-10-04 22:52:00,Busy
D153,2023-10-04 23:24:00,Idle
D153,2023-10-05 01:13:00,Busy
D153,2023-10-05 02:49:00,Idle
D153,2023-10-05 04:04:00,Idle
D153,2023-10-05 05:47:00,Idle
D153,2023-10-05 06:27:00,Idle
D153,2023-10-05 08:01:00,Idle
D153,2023-10-05 08:50:00,Offline
D153,2023-10-06 03:50:00,Online
D153,2023-10-06 05:03:00,Idle
D153,2023-10-06 05:55:00,Idle
D153,2023-10-06 07:10:00,Idle
D153,2023-10-06 07:43:00,Idle
D153,2023-10-06 08:12:00,Offline
D153,2023-10-07 06:12:00,Online
D153,2023-10-07 07:00:00,Busy
D153,2023-10-07 08:32:00,Busy
D153,2023-10-07 10:01:00,Busy
D153,2023-10-07 11:32:00,Idle
D153,2023-10-07 11:58:00,Offline
D153,2023-10-08 02:58:00,Online
D153,2023-10-08 04:44:00,Idle
D153,2023-10-08 05:12:00,Busy
D153,2023-10-08 06:43:00,Idle
D153,2023-10-08 08:18:00,Busy
D153,2023-10-08 09:52:00,Idle
D153,2023-10-08 10:22:00,Busy
D153,2023-10-08 11:11:00,Offline
D153,2023-10-09 01:11:00,Online
D153,2023-10-09 01:59:00,Busy
D153,2023-10-09 03:36:00,Idle
D153,2023-10-09 04:33:00,Busy
D153,2023-10-09 06:03:00,Busy
D153,2023-10-09 07:23:00,Busy
D153,2023-10-09 07:51:00,Offline
D153,2023-10-10 06:51:00,Online
D153,2023-10-10 07:10:00,Busy
D153,2023-10-10 07:27:00,Idle
D153,2023-10-10 07:49:00,Busy
D153,2023-10-10 08:21:00,Idle
D153,2023-10-10 09:17:00,Busy
D153,2023-10-10 09:47:00,Offline
D154,2023-10-02 00:00:00,Online
D154,2023-10-02 01:10:00,Idle
D154,2023-10-02 01:28:00,Busy
D154,2023-10-02 01:46:00,Busy
D154,2023-10-02 02:20:00,Busy
D154,2023-10-02 03:27:00,Busy
D154,2023-10-02 04:18:00,Busy
D154,2023-10-02 06:18:00,Idle
D154,2023-10-02 06:59:00,Offline
D154,2023-10-02 23:59:00,Online
D154,2023-10-03 00:57:00,Idle
D154,2023-10-03 01:35:00,Busy
D154,2023-10-03 02:40:00,Idle
D154,2023-10-03 04:22:00,Idle
D154,2023-10-03 06:00:00,Busy
D154,2023-10-03 07:16:00,Busy
D154,2023-10-03 08:51:00,Idle
D154,2023-10-03 09:38:00,Idle
D154,2023-10-03 10:07:00,Idle
D154,2023-10-03 10:26:00,Offline
D154,2023-10-04 05:26:00,Online
D154,2023-10-04 06:42:00,Busy
D154,2023-10-04 07:01:00,Idle
D154,2023-10-04 08:41:00,Busy
D154,2023-10-04 09:02:00,Idle
D154,2023-10-04 09:31:00,Idle
D154,2023-10-04 10:06:00,Busy
D154,2023-10-04 10:44:00,Offline
D154,2023-10-05 06:44:00,Online
D154,2023-10-05 08:06:00,Busy
D154,2023-10-05 08:45:00,Busy
D154,2023-10-05 09:11:00,Idle
D154,2023-10-05 10:14:00,Idle
D154,2023-10-05 10:31:00,Idle
D154,2023-10-05 10:55:00,Offline
D154,2023-10-06 05:55:00,Online
D154,2023-10-06 06:40:00,Busy
D154,2023-10-06 08:08:00,Busy
D154,2023-10-06 09:53:00,Idle
D154,2023-10-06 11:12:00,Idle
D154,2023-10-06 12:58:00,Busy
D154,2023-10-06 14:26:00,Busy
D154,2023-10-06 15:54:00,Busy
D154,2023-10-06 17:36:00,Busy
D154,2023-10-06 19:14:00,Busy
D154,2023-10-06 19:49:00,Offline
D154,2023-10-07 16:49:00,Online
D154,2023-10-07 17:20:00,Busy
D154,2023-10-07 18:11:00,Idle
D154,2023-10-07 18:34:00,Busy
D154,2023-10-07 19:33:00,Busy
D154,2023-10-07 20:14:00,Offline
D154,2023-10-08 13:14:00,Online
D154,2023-10-08 14:08:00,Idle
D154,2023-10-08 15:03:00,Busy
D154,2023-10-08 15:38:00,Idle
D154,2023-10-08 17:09:00,Busy
D154,2023-10-08 18:13:00,Busy
D154,2023-10-08 19:38:00,Idle
D154,2023-10-08 21:20:00,Idle
D154,2023-10-08 22:46:00,Idle
D154,2023-10-08 23:10:00,Idle
D154,2023-10-08 23:43:00,Offline
D154,2023-10-09 14:43:00,Online
D154,2023-10-09 16:25:00,Busy
D154,2023-10-09 18:16:00,Busy
D154,2023-10-09 19:28:00,Idle
D154,2023-10-09 19:53:00,Offline
D154,2023-10-10 10:53:00,Online
D154,2023-10-10 12:43:00,Busy
D154,2023-10-10 14:42:00,Busy
D154,2023-10-10 15:06:00,Idle
D154,2023-10-10 16:22:00,Busy
D154,2023-10-10 17:55:00,Busy
D154,2023-10-10 18:23:00,Idle
D154,2023-10-10 19:10:00,Idle
D154,2023-10-10 20:53:00,Idle
D154,2023-10-10 21:34:00,Offline
D154,2023-10-11 12:34:00,Online
D154,2023-10-11 14:10:00,Busy
D154,2023-10-11 15:29:00,Busy
D154,2023-10-11 16:42:00,Busy
D154,2023-10-11 17:58:00,Busy
D154,2023-10-11 19:54:00,Busy
D154,2023-10-11 21:29:00,Busy
D154,2023-10-11 22:36:00,Idle
D154,2023-10-12 00:18:00,Idle
D154,2023-10-12 00:28:00,Offline
D154,2023-10-12 15:28:00,Online
D154,2023-10-12 16:22:00,Busy
D154,2023-10-12 18:05:00,Busy
D154,2023-10-12 18:37:00,Idle
D154,2023-10-12 20:32:00,Busy
D154,2023-10-12 22:09:00,Idle
D154,2023-10-12 22:49:00,Busy
D154,2023-10-12 23:43:00,Offline
D154,2023-10-13 18:43:00,Online
D154,2023-10-13 19:37:00,Busy
D154,2023-10-13 19:52:00,Busy
D154,2023-10-13 21:30:00,Idle
D154,2023-10-13 22:57:00,Busy
D154,2023-10-14 00:27:00,Busy
D154,2023-10-14 01:20:00,Offline
D154,2023-10-14 22:20:00,Online
D154,2023-10-14 22:39:00,Idle
D154,2023-10-14 23:59:00,Busy
D154,2023-10-15 00:25:00,Busy
D154,2023-10-15 01:54:00,Idle
D154,2023-10-15 02:20:00,Offline
D154,2023-10-15 16:20:00,Online
D154,2023-10-15 17:54:00,Idle
D154,2023-10-15 18:56:00,Busy
D154,2023-10-15 19:26:00,Idle
D154,2023-10-15 20:31:00,Busy
D154,2023-10-15 22:08:00,Busy
D154,2023-10-15 22:38:00,Offline
D154,2023-10-16 20:38:00,Online
D154,2023-10-16 22:17:00,Idle
D154,2023-10-16 23:19:00,Busy
D154,2023-10-17 00:56:00,Idle
D154,2023-10-17 01:15:00,Busy
D154,2023-10-17 01:55:00,Busy
D154,2023-10-17 03:55:00,Idle
D154,2023-10-17 04:27:00,Idle
D154,2023-10-17 05:44:00,Busy
D154,2023-10-17 06:19:00,Busy
D154,2023-10-17 06:54:00,Idle
D154,2023-10-17 07:22:00,Offline
D156,2023-10-04 00:00:00,Online
D156,2023-10-04 01:07:00,Idle
D156,2023-10-04 01:34:00,Idle
D156,2023-10-04 02:35:00,Idle
D156,2023-10-04 03:43:00,Idle
D156,2023-10-04 05:12:00,Idle
D156,2023-10-04 06:21:00,Idle
D156,2023-10-04 06:52:00,Busy
D156,2023-10-04 07:23:00,Offline
D156,2023-10-05 04:23:00,Online
D156,2023-10-05 05:06:00,Busy
D156,2023-10-05 06:59:00,Busy
D156,2023-10-05 08:02:00,Idle
D156,2023-10-05 09:29:00,Busy
D156,2023-10-05 10:29:00,Offline
D156,2023-10-06 09:29:00,Online
D156,2023-10-06 10:58:00,Idle
D156,2023-10-06 12:31:00,Busy
D156,2023-10-06 13:34:00,Busy
D156,2023-10-06 14:28:00,Idle
D156,2023-10-06 15:31:00,Busy
D156,2023-10-06 16:59:00,Idle
D156,2023-10-06 18:29:00,Idle
D156,2023-10-06 18:48:00,Busy
D156,2023-10-06 20:36:00,Busy
D156,2023-10-06 22:28:00,Idle
D156,2023-10-06 23:14:00,Offline
D156,2023-10-07 20:14:00,Online
D156,2023-10-07 21:58:00,Busy
D156,2023-10-07 23:16:00,Busy
D156,2023-10-08 00:04:00,Idle
D156,2023-10-08 01:04:00,Idle
D156,2023-10-08 02:43:00,Idle
D156,2023-10-08 04:34:00,Idle
D156,2023-10-08 05:44:00,Idle
D156,2023-10-08 06:47:00,Idle
D156,2023-10-08 08:28:00,Busy
D156,2023-10-08 09:47:00,Busy
D156,2023-10-08 10:05:00,Offline
D156,2023-10-08 23:05:00,Online
D156,2023-10-08 23:41:00,Idle
D156,2023-10-09 01:20:00,Busy
D156,2023-10-09 01:41:00,Idle
D156,2023-10-09 02:01:00,Idle
D156,2023-10-09 02:58:00,Idle
D156,2023-10-09 03:42:00,Busy
D156,2023-10-09 04:05:00,Busy
D156,2023-10-09 05:55:00,Idle
D156,2023-10-09 06:57:00,Busy
D156,2023-10-09 07:46:00,Offline
D156,2023-10-09 19:46:00,Online
D156,2023-10-09 20:57:00,Busy
D156,2023-10-09 22:13:00,Busy
D156,2023-10-10 00:05:00,Idle
D156,2023-10-10 01:22:00,Idle
D156,2023-10-10 02:55:00,Idle
D156,2023-10-10 03:22:00,Busy
D156,2023-10-10 05:14:00,Busy
D156,2023-10-10 07:07:00,Idle
D156,2023-10-10 08:10:00,Busy
D156,2023-10-10 08:44:00,Busy
D156,2023-10-10 09:39:00,Offline
D156,2023-10-10 21:39:00,Online
D156,2023-10-10 22:14:00,Idle
D156,2023-10-10 22:50:00,Idle
D156,2023-10-11 00:27:00,Busy
D156,2023-10-11 01:06:00,Idle
D156,2023-10-11 03:04:00,Busy
D156,2023-10-11 04:56:00,Idle
D156,2023-10-11 05:28:00,Busy
D156,2023-10-11 06:28:00,Busy
D156,2023-10-11 07:13:00,Offline
D156,2023-10-12 02:13:00,Online
D156,2023-10-12 03:44:00,Idle
D156,2023-10-12 05:27:00,Busy
D156,2023-10-12 06:03:00,Busy
D156,2023-10-12 07:53:00,Idle
D156,2023-10-12 08:40:00,Busy
D156,2023-10-12 09:34:00,Busy
D156,2023-10-12 10:23:00,Busy
D156,2023-10-12 10:51:00,Busy
D156,2023-10-12 11:26:00,Idle
D156,2023-10-12 11:57:00,Offline
D156,2023-10-12 23:57:00,Online
D156,2023-10-13 01:25:00,Idle
D156,2023-10-13 01:52:00,Idle
D156,2023-10-13 02:52:00,Idle
D156,2023-10-13 04:13:00,Idle
D156,2023-10-13 04:46:00,Busy
D156,2023-10-13 05:31:00,Idle
D156,2023-10-13 06:08:00,Offline
D156,2023-10-14 06:08:00,Online
D156,2023-10-14 06:42:00,Busy
D156,2023-10-14 07:40:00,Busy
D156,2023-10-14 08:59:00,Busy
D156,2023-10-14 10:11:00,Busy
D156,2023-10-14 10:31:00,Offline
D156,2023-10-15 09:31:00,Online
D156,2023-10-15 10:41:00,Busy
D156,2023-10-15 12:18:00,Idle
D156,2023-10-15 12:49:00,Busy
D156,2023-10-15 14:47:00,Idle
D156,2023-10-15 16:00:00,Busy
D156,2023-10-15 16:48:00,Offline
D156,2023-10-16 09:48:00,Online
D156,2023-10-16 10:12:00,Busy
D156,2023-10-16 11:20:00,Busy
D156,2023-10-16 12:50:00,Idle
D156,2023-10-16 14:32:00,Idle
D156,2023-10-16 15:48:00,Idle
D156,2023-10-16 17:15:00,Busy
D156,2023-10-16 17:37:00,Busy
D156,2023-10-16 19:07:00,Idle
D156,2023-10-16 20:24:00,Busy
D156,2023-10-16 22:19:00,Busy
D156,2023-10-16 22:55:00,Offline
D156,2023-10-17 20:55:00,Online
D156,2023-10-17 22:18:00,Idle
D156,2023-10-17 23:11:00,Idle
D156,2023-10-18 00:52:00,Busy
D156,2023-10-18 01:22:00,Busy
D156,2023-10-18 02:59:00,Busy
D156,2023-10-18 03:55:00,Busy
D156,2023-10-18 04:39:00,Offline
D156,2023-10-18 20:39:00,Online
D156,2023-10-18 22:18:00,Busy
D156,2023-10-19 00:12:00,Idle
D156,2023-10-19 01:02:00,Busy
D156,2023-10-19 01:46:00,Offline
D156,2023-10-19 22:46:00,Online
D156,2023-10-19 23:23:00,Busy
D156,2023-10-20 00:09:00,Busy
D156,2023-10-20 01:47:00,Idle
D156,2023-10-20 03:00:00,Busy
D156,2023-10-20 03:56:00,Idle
D156,2023-10-20 04:24:00,Offline
D158,2023-10-02 00:00:00,Online
D158,2023-10-02 01:00:00,Idle
D158,2023-10-02 02:56:00,Busy
D158,2023-10-02 04:00:00,Idle
D158,2023-10-02 05:21:00,Busy
D158,2023-10-02 05:49:00,Offline
D158,2023-10-03 02:49:00,Online
D158,2023-10-03 03:44:00,Busy
D158,2023-10-03 04:23:00,Busy
D158,2023-10-03 05:54:00,Idle
D158,2023-10-03 06:19:00,Idle
D158,2023-10-03 08:09:00,Idle
D158,2023-10-03 09:02:00,Offline
D158,2023-10-04 08:02:00,Online
D158,2023-10-04 09:51:00,Idle
D158,2023-10-04 10:13:00,Busy
D158,2023-10-04 11:54:00,Busy
D158,2023-10-04 12:52:00,Offline
D158,2023-10-05 12:52:00,Online
D158,2023-10-05 14:46:00,Busy
D158,2023-10-05 16:39:00,Idle
D158,2023-10-05 17:51:00,Idle
D158,2023-10-05 19:08:00,Busy
D158,2023-10-05 19:30:00,Busy
D158,2023-10-05 21:01:00,Idle
D158,2023-10-05 21:21:00,Busy
D158,2023-10-05 21:39:00,Busy
D158,2023-10-05 22:19:00,Offline
D158,2023-10-06 17:19:00,Online
D158,2023-10-06 17:42:00,Idle
D158,2023-10-06 18:28:00,Busy
D158,2023-10-06 20:07:00,Busy
D158,2023-10-06 21:09:00,Idle
D158,2023-10-06 21:33:00,Busy
D158,2023-10-06 23:07:00,Busy
D158,2023-10-07 01:05:00,Idle
D158,2023-10-07 01:24:00,Busy
D158,2023-10-07 01:48:00,Busy
D158,2023-10-07 02:22:00,Idle
D158,2023-10-07 02:37:00,Offline
D158,2023-10-08 01:37:00,Online
D158,2023-10-08 03:02:00,Busy
D158,2023-10-08 04:50:00,Busy
D158,2023-10-08 06:46:00,Idle
D158,2023-10-08 07:43:00,Idle
D158,2023-10-08 08:58:00,Busy
D158,2023-10-08 09:21:00,Busy
D158,2023-10-08 11:18:00,Idle
D158,2023-10-08 12:05:00,Busy
D158,2023-10-08 12:41:00,Busy
D158,2023-10-08 13:02:00,Offline
D158,2023-10-09 06:02:00,Online
D158,2023-10-09 06:35:00,Busy
D158,2023-10-09 07:49:00,Idle
D158,2023-10-09 08:21:00,Busy
D158,2023-10-09 09:17:00,Busy
D158,2023-10-09 10:13:00,Idle
D158,2023-10-09 11:28:00,Busy
D158,2023-10-09 12:43:00,Idle
D158,2023-10-09 14:21:00,Idle
D158,2023-10-09 15:52:00,Idle
D158,2023-10-09 17:38:00,Busy
D158,2023-10-09 18:20:00,Offline
D158,2023-10-10 09:20:00,Online
D158,2023-10-10 10:43:00,Busy
D158,2023-10-10 12:16:00,Idle
D158,2023-10-10 14:06:00,Busy
D158,2023-10-10 14:48:00,Idle
D158,2023-10-10 15:24:00,Busy
D158,2023-10-10 16:22:00,Busy
D158,2023-10-10 17:34:00,Idle
D158,2023-10-10 19:24:00,Idle
D158,2023-10-10 21:10:00,Idle
D158,2023-10-10 22:04:00,Offline
D158,2023-10-11 22:04:00,Online
D158,2023-10-11 23:39:00,Idle
D158,2023-10-12 00:06:00,Busy
D158,2023-10-12 01:32:00,Idle
D158,2023-10-12 01:49:00,Busy
D158,2023-10-12 02:38:00,Idle
D158,2023-10-12 03:05:00,Busy
D158,2023-10-12 03:25:00,Busy
D158,2023-10-12 05:04:00,Idle
D158,2023-10-12 06:13:00,Busy
D158,2023-10-12 07:55:00,Busy
D158,2023-10-12 08:48:00,Offline
D158,2023-10-12 22:48:00,Online
D158,2023-10-12 23:57:00,Idle
D158,2023-10-13 01:27:00,Busy
D158,2023-10-13 01:56:00,Busy
D158,2023-10-13 03:13:00,Idle
D158,2023-10-13 03:34:00,Offline
D158,2023-10-13 16:34:00,Online
D158,2023-10-13 18:11:00,Idle
D158,2023-10-13 20:00:00,Idle
D158,2023-10-13 20:46:00,Busy
D158,2023-10-13 21:06:00,Busy
D158,2023-10-13 22:03:00,Offline
D160,2023-10-04 00:00:00,Online
D160,2023-10-04 00:33:00,Busy
D160,2023-10-04 01:49:00,Busy
D160,2023-10-04 02:15:00,Idle
D160,2023-10-04 02:56:00,Busy
D160,2023-10-04 04:50:00,Busy
D160,2023-10-04 06:13:00,Idle
D160,2023-10-04 07:43:00,Idle
D160,2023-10-04 08:43:00,Idle
D160,2023-10-04 09:28:00,Idle
D160,2023-10-04 11:22:00,Busy
D160,2023-10-04 12:14:00,Offline
D160,2023-10-05 01:14:00,Online
D160,2023-10-05 03:00:00,Idle
D160,2023-10-05 03:59:00,Busy
D160,2023-10-05 05:32:00,Busy
D160,2023-10-05 07:26:00,Busy
D160,2023-10-05 07:52:00,Busy
D160,2023-10-05 08:11:00,Busy
D160,2023-10-05 09:33:00,Idle
D160,2023-10-05 10:29:00,Busy
D160,2023-10-05 10:48:00,Idle
D160,2023-10-05 12:25:00,Idle
D160,2023-10-05 12:39:00,Offline
D160,2023-10-06 12:39:00,Online
D160,2023-10-06 14:28:00,Busy
D160,2023-10-06 16:04:00,Idle
D160,2023-10-06 16:23:00,Busy
D160,2023-10-06 16:39:00,Idle
D160,2023-10-06 18:00:00,Idle
D160,2023-10-06 18:26:00,Busy
D160,2023-10-06 19:06:00,Offline
D160,2023-10-07 12:06:00,Online
D160,2023-10-07 14:05:00,Busy
D160,2023-10-07 15:35:00,Idle
D160,2023-10-07 16:52:00,Idle
D160,2023-10-07 17:45:00,Idle
D160,2023-10-07 18:01:00,Busy
D160,2023-10-07 18:33:00,Busy
D160,2023-10-07 19:58:00,Busy
D160,2023-10-07 20:50:00,Busy
D160,2023-10-07 22:40:00,Busy
D160,2023-10-07 23:27:00,Busy
D160,2023-10-07 23:56:00,Offline
D160,2023-10-08 18:56:00,Online
D160,2023-10-08 20:15:00,Idle
D160,2023-10-08 20:52:00,Idle
D160,2023-10-08 22:47:00,Idle
D160,2023-10-08 23:20:00,Busy
D160,2023-10-09 00:19:00,Busy
D160,2023-10-09 00:52:00,Busy
D160,2023-10-09 01:22:00,Idle
D160,2023-10-09 01:53:00,Offline
D160,2023-10-09 16:53:00,Online
D160,2023-10-09 17:39:00,Busy
D160,2023-10-09 18:54:00,Busy
D160,2023-10-09 19:17:00,Busy
D160,2023-10-09 20:17:00,Busy
D160,2023-10-09 21:49:00,Busy
D160,2023-10-09 22:33:00,Busy
D160,2023-10-09 22:49:00,Busy
D160,2023-10-09 23:29:00,Idle
D160,2023-10-10 00:13:00,Busy
D160,2023-10-10 00:32:00,Offline
D160,2023-10-10 13:32:00,Online
D160,2023-10-10 15:06:00,Idle
D160,2023-10-10 16:38:00,Idle
D160,2023-10-10 18:12:00,Idle
D160,2023-10-10 19:03:00,Idle
D160,2023-10-10 21:02:00,Idle
D160,2023-10-10 21:44:00,Busy
D160,2023-10-10 22:15:00,Idle
D160,2023-10-10 22:33:00,Offline
D160,2023-10-11 12:33:00,Online
D160,2023-10-11 14:23:00,Busy
D160,2023-10-11 14:56:00,Busy
D160,2023-10-11 16:45:00,Busy
D160,2023-10-11 17:32:00,Idle
D160,2023-10-11 19:04:00,Busy
D160,2023-10-11 19:41:00,Offline
D160,2023-10-12 09:41:00,Online
D160,2023-10-12 10:26:00,Idle
D160,2023-10-12 11:38:00,Idle
D160,2023-10-12 12:09:00,Busy
D160,2023-10-12 12:47:00,Idle
D160,2023-10-12 14:21:00,Busy
D160,2023-10-12 16:15:00,Idle
D160,2023-10-12 17:03:00,Idle
D160,2023-10-12 19:03:00,Busy
D160,2023-10-12 19:14:00,Offline
D160,2023-10-13 07:14:00,Online
D160,2023-10-13 08:57:00,Busy
D160,2023-10-13 09:33:00,Idle
D160,2023-10-13 10:07:00,Busy
D160,2023-10-13 11:31:00,Busy
D160,2023-10-13 12:41:00,Busy
D160,2023-10-13 13:05:00,Idle
D160,2023-10-13 14:01:00,Offline
D160,2023-10-14 11:01:00,Online
D160,2023-10-14 11:39:00,Idle
D160,2023-10-14 12:27:00,Busy
D160,2023-10-14 13:10:00,Busy
D160,2023-10-14 13:57:00,Idle
D160,2023-10-14 15:09:00,Busy
D160,2023-10-14 16:40:00,Idle
D160,2023-10-14 18:38:00,Idle
D160,2023-10-14 19:09:00,Offline
D160,2023-10-15 08:09:00,Online
D160,2023-10-15 08:26:00,Idle
D160,2023-10-15 10:13:00,Busy
D160,2023-10-15 10:40:00,Busy
D160,2023-10-15 11:28:00,Busy
D160,2023-10-15 12:01:00,Offline
D160,2023-10-16 11:01:00,Online
D160,2023-10-16 11:59:00,Busy
D160,2023-10-16 13:43:00,Busy
D160,2023-10-16 14:40:00,Busy
D160,2023-10-16 15:48:00,Busy
D160,2023-10-16 16:23:00,Offline
D160,2023-10-17 11:23:00,Online
D160,2023-10-17 12:40:00,Idle
D160,2023-10-17 13:37:00,Busy
D160,2023-10-17 15:03:00,Idle
D160,2023-10-17 15:32:00,Idle
D160,2023-10-17 17:19:00,Busy
D160,2023-10-17 17:48:00,Busy
D160,2023-10-17 18:21:00,Busy
D160,2023-10-17 18:48:00,Busy
D160,2023-10-17 20:08:00,Busy
D160,2023-10-17 20:42:00,Offline
D160,2023-10-18 14:42:00,Online
D160,2023-10-18 15:47:00,Idle
D160,2023-10-18 16:54:00,Busy
D160,2023-10-18 17:59:00,Busy
D160,2023-10-18 19:20:00,Idle
D160,2023-10-18 20:12:00,Offline
D162,2023-10-02 00:00:00,Online
D162,2023-10-02 00:25:00,Busy
D162,2023-10-02 00:44:00,Busy
D162,2023-10-02 01:18:00,Busy
D162,2023-10-02 02:11:00,Idle
D162,2023-10-02 04:10:00,Busy
D162,2023-10-02 04:29:00,Idle
D162,2023-10-02 05:27:00,Busy
D162,2023-10-02 05:57:00,Offline
D162,2023-10-03 00:57:00,Online
D162,2023-10-03 01:21:00,Busy
D162,2023-10-03 02:54:00,Busy
D162,2023-10-03 03:47:00,Idle
D162,2023-10-03 05:01:00,Idle
D162,2023-10-03 06:23:00,Idle
D162,2023-10-03 06:39:00,Idle
D162,2023-10-03 07:52:00,Busy
D162,2023-10-03 09:48:00,Idle
D162,2023-10-03 10:25:00,Offline
D162,2023-10-04 08:25:00,Online
D162,2023-10-04 09:49:00,Idle
D162,2023-10-04 11:35:00,Busy
D162,2023-10-04 13:15:00,Idle
D162,2023-10-04 14:14:00,Offline
D162,2023-10-05 10:14:00,Online
D162,2023-10-05 11:29:00,Busy
D162,2023-10-05 11:53:00,Busy
D162,2023-10-05 13:00:00,Busy
D162,2023-10-05 13:31:00,Busy
D162,2023-10-05 14:24:00,Offline
D162,2023-10-06 08:24:00,Online
D162,2023-10-06 09:29:00,Idle
D162,2023-10-06 11:27:00,Busy
D162,2023-10-06 12:23:00,Busy
D162,2023-10-06 13:39:00,Idle
D162,2023-10-06 14:47:00,Idle
D162,2023-10-06 15:52:00,Busy
D162,2023-10-06 17:17:00,Busy
D162,2023-10-06 17:54:00,Busy
D162,2023-10-06 18:55:00,Idle
D162,2023-10-06 19:42:00,Busy
D162,2023-10-06 19:53:00,Offline
D162,2023-10-07 19:53:00,Online
D162,2023-10-07 21:35:00,Idle
D162,2023-10-07 23:07:00,Busy
D162,2023-10-07 23:29:00,Busy
D162,2023-10-08 00:45:00,Busy
D162,2023-10-08 01:26:00,Busy
D162,2023-10-08 02:17:00,Busy
D162,2023-10-08 03:32:00,Idle
D162,2023-10-08 05:07:00,Idle
D162,2023-10-08 06:40:00,Idle
D162,2023-10-08 08:12:00,Busy
D162,2023-10-08 08:40:00,Offline
D162,2023-10-09 07:40:00,Online
D162,2023-10-09 08:02:00,Idle
D162,2023-10-09 08:23:00,Busy
D162,2023-10-09 08:50:00,Idle
D162,2023-10-09 09:08:00,Idle
D162,2023-10-09 09:33:00,Idle
D162,2023-10-09 10:17:00,Offline
D162,2023-10-09 23:17:00,Online
D162,2023-10-10 00:13:00,Busy
D162,2023-10-10 00:28:00,Idle
D162,2023-10-10 00:56:00,Busy
D162,2023-10-10 01:51:00,Offline
D163,2023-10-02 00:00:00,Online
D163,2023-10-02 02:00:00,Busy
D163,2023-10-02 02:49:00,Busy
D163,2023-10-02 03:29:00,Idle
D163,2023-10-02 04:49:00,Busy
D163,2023-10-02 05:22:00,Busy
D163,2023-10-02 07:07:00,Busy
D163,2023-10-02 08:29:00,Busy
D163,2023-10-02 10:27:00,Idle
D163,2023-10-02 11:02:00,Idle
D163,2023-10-02 11:43:00,Offline
D163,2023-10-03 08:43:00,Online
D163,2023-10-03 10:09:00,Busy
D163,2023-10-03 12:00:00,Idle
D163,2023-10-03 13:21:00,Busy
D163,2023-10-03 13:48:00,Idle
D163,2023-10-03 14:31:00,Idle
D163,2023-10-03 15:23:00,Idle
D163,2023-10-03 15:54:00,Idle
D163,2023-10-03 16:18:00,Offline
D163,2023-10-04 07:18:00,Online
D163,2023-10-04 08:49:00,Busy
D163,2023-10-04 10:20:00,Idle
D163,2023-10-04 11:11:00,Busy
D163,2023-10-04 12:29:00,Idle
D163,2023-10-04 13:31:00,Idle
D163,2023-10-04 15:20:00,Idle
D163,2023-10-04 15:33:00,Offline
D163,2023-10-05 11:33:00,Online
D163,2023-10-05 13:02:00,Idle
D163,2023-10-05 14:29:00,Idle
D163,2023-10-05 14:58:00,Idle
D163,2023-10-05 16:13:00,Busy
D163,2023-10-05 16:38:00,Busy
D163,2023-10-05 17:01:00,Busy
D163,2023-10-05 18:10:00,Idle
D163,2023-10-05 18:44:00,Offline
D163,2023-10-06 11:44:00,Online
D163,2023-10-06 12:17:00,Busy
D163,2023-10-06 13:48:00,Idle
D163,2023-10-06 15:47:00,Busy
D163,2023-10-06 16:10:00,Idle
D163,2023-10-06 17:40:00,Idle
D163,2023-10-06 19:38:00,Busy
D163,2023-10-06 19:56:00,Offline
D163,2023-10-07 14:56:00,Online
D163,2023-10-07 15:51:00,Busy
D163,2023-10-07 16:20:00,Busy
D163,2023-10-07 17:13:00,Busy
D163,2023-10-07 18:30:00,Busy
D163,2023-10-07 19:34:00,Busy
D163,2023-10-07 20:27:00,Busy
D163,2023-10-07 20:47:00,Offline
D163,2023-10-08 09:47:00,Online
D163,2023-10-08 11:00:00,Busy
D163,2023-10-08 11:55:00,Idle
D163,2023-10-08 13:34:00,Busy
D163,2023-10-08 14:45:00,Busy
D163,2023-10-08 15:24:00,Offline
D163,2023-10-09 14:24:00,Online
D163,2023-10-09 14:39:00,Idle
D163,2023-10-09 15:02:00,Idle
D163,2023-10-09 15:17:00,Idle
D163,2023-10-09 16:27:00,Busy
D163,2023-10-09 18:18:00,Busy
D163,2023-10-09 18:33:00,Busy
D163,2023-10-09 18:59:00,Idle
D163,2023-10-09 20:29:00,Busy
D163,2023-10-09 20:45:00,Busy
D163,2023-10-09 21:31:00,Offline
D163,2023-10-10 14:31:00,Online
D163,2023-10-10 14:58:00,Idle
D163,2023-10-10 15:40:00,Busy
D163,2023-10-10 16:05:00,Busy
D163,2023-10-10 17:45:00,Busy
D163,2023-10-10 18:27:00,Idle
D163,2023-10-10 20:12:00,Busy
D163,2023-10-10 20:23:00,Offline
D163,2023-10-11 17:23:00,Online
D163,2023-10-11 18:35:00,Busy
D163,2023-10-11 20:25:00,Idle
D163,2023-10-11 21:44:00,Busy
D163,2023-10-11 22:31:00,Idle
D163,2023-10-11 23:44:00,Idle
D163,2023-10-12 01:21:00,Idle
D163,2023-10-12 02:01:00,Offline
D163,2023-10-12 22:01:00,Online
D163,2023-10-12 22:21:00,Idle
D163,2023-10-12 22:47:00,Busy
D163,2023-10-13 00:37:00,Busy
D163,2023-10-13 01:52:00,Busy
D163,2023-10-13 03:51:00,Busy
D163,2023-10-13 05:34:00,Busy
D163,2023-10-13 06:48:00,Idle
D163,2023-10-13 07:58:00,Idle
D163,2023-10-13 09:00:00,Busy
D163,2023-10-13 09:18:00,Offline
D163,2023-10-14 02:18:00,Online
D163,2023-10-14 03:42:00,Busy
D163,2023-10-14 05:35:00,Idle
D163,2023-10-14 05:53:00,Idle
D163,2023-10-14 06:43:00,Offline
D163,2023-10-14 19:43:00,Online
D163,2023-10-14 20:24:00,Idle
D163,2023-10-14 21:18:00,Busy
D163,2023-10-14 22:00:00,Busy
D163,2023-10-14 22:27:00,Busy
D163,2023-10-15 00:13:00,Idle
D163,2023-10-15 01:18:00,Idle
D163,2023-10-15 02:57:00,Busy
D163,2023-10-15 04:50:00,Idle
D163,2023-10-15 06:17:00,Busy
D163,2023-10-15 07:17:00,Offline
D163,2023-10-15 19:17:00,Online
D163,2023-10-15 20:36:00,Idle
D163,2023-10-15 21:39:00,Idle
D163,2023-10-15 22:18:00,Idle
D163,2023-10-15 23:49:00,Busy
D163,2023-10-16 00:29:00,Busy
D163,2023-10-16 02:09:00,Busy
D163,2023-10-16 02:57:00,Busy
D163,2023-10-16 03:26:00,Busy
D163,2023-10-16 05:19:00,Busy
D163,2023-10-16 05:39:00,Busy
D163,2023-10-16 06:35:00,Offline
D164,2023-10-05 00:00:00,Online
D164,2023-10-05 01:08:00,Idle
D164,2023-10-05 03:08:00,Busy
D164,2023-10-05 04:33:00,Idle
D164,2023-10-05 04:53:00,Idle
D164,2023-10-05 06:31:00,Busy
D164,2023-10-05 06:46:00,Busy
D164,2023-10-05 08:45:00,Busy
D164,2023-10-05 09:39:00,Idle
D164,2023-10-05 10:19:00,Idle
D164,2023-10-05 10:29:00,Offline
D164,2023-10-06 06:29:00,Online
D164,2023-10-06 06:51:00,Busy
D164,2023-10-06 07:30:00,Busy
D164,2023-10-06 09:20:00,Busy
D164,2023-10-06 10:50:00,Idle
D164,2023-10-06 11:36:00,Busy
D164,2023-10-06 11:59:00,Busy
D164,2023-10-06 13:03:00,Busy
D164,2023-10-06 14:06:00,Idle
D164,2023-10-06 14:49:00,Busy
D164,2023-10-06 15:10:00,Idle
D164,2023-10-06 15:47:00,Offline
D164,2023-10-07 14:47:00,Online
D164,2023-10-07 16:46:00,Idle
D164,2023-10-07 18:27:00,Busy
D164,2023-10-07 20:11:00,Idle
D164,2023-10-07 21:29:00,Busy
D164,2023-10-07 21:59:00,Idle
D164,2023-10-07 23:51:00,Busy
D164,2023-10-08 01:51:00,Idle
D164,2023-10-08 03:28:00,Idle
D164,2023-10-08 03:55:00,Offline
D164,2023-10-08 19:55:00,Online
D164,2023-10-08 20:58:00,Busy
D164,2023-10-08 22:23:00,Idle
D164,2023-10-08 23:39:00,Busy
D164,2023-10-09 00:12:00,Offline
D164,2023-10-09 18:12:00,Online
D164,2023-10-09 19:31:00,Idle
D164,2023-10-09 19:57:00,Idle
D164,2023-10-09 21:04:00,Idle
D164,2023-10-09 22:51:00,Busy
D164,2023-10-09 23:17:00,Idle
D164,2023-10-10 00:01:00,Idle
D164,2023-10-10 01:49:00,Busy
D164,2023-10-10 03:30:00,Busy
D164,2023-10-10 05:24:00,Idle
D164,2023-10-10 06:46:00,Busy
D164,2023-10-10 07:22:00,Offline
D164,2023-10-11 04:22:00,Online
D164,2023-10-11 06:19:00,Idle
D164,2023-10-11 07:43:00,Busy
D164,2023-10-11 07:59:00,Idle
D164,2023-10-11 09:48:00,Idle
D164,2023-10-11 10:03:00,Offline
D164,2023-10-12 03:03:00,Online
D164,2023-10-12 04:51:00,Idle
D164,2023-10-12 06:38:00,Busy
D164,2023-10-12 08:24:00,Busy
D164,2023-10-12 09:20:00,Busy
D164,2023-10-12 10:31:00,Idle
D164,2023-10-12 11:15:00,Idle
D164,2023-10-12 12:28:00,Idle
D164,2023-10-12 14:06:00,Idle
D164,2023-10-12 15:57:00,Idle
D164,2023-10-12 16:51:00,Offline
D164,2023-10-13 05:51:00,Online
D164,2023-10-13 07:32:00,Busy
D164,2023-10-13 07:51:00,Idle
D164,2023-10-13 08:44:00,Idle
D164,2023-10-13 09:29:00,Offline
D164,2023-10-13 22:29:00,Online
D164,2023-10-13 23:36:00,Busy
D164,2023-10-14 01:15:00,Busy
D164,2023-10-14 02:08:00,Idle
D164,2023-10-14 03:56:00,Busy
D164,2023-10-14 04:47:00,Idle
D164,2023-10-14 06:03:00,Idle
D164,2023-10-14 08:00:00,Busy
D164,2023-10-14 09:45:00,Busy
D164,2023-10-14 10:43:00,Busy
D164,2023-10-14 11:40:00,Busy
D164,2023-10-14 12:35:00,Offline
D165,2023-10-04 00:00:00,Online
D165,2023-10-04 01:40:00,Busy
D165,2023-10-04 03:04:00,Busy
D165,2023-10-04 03:50:00,Busy
D165,2023-10-04 04:19:00,Busy
D165,2023-10-04 04:50:00,Idle
D165,2023-10-04 06:38:00,Idle
D165,2023-10-04 07:16:00,Idle
D165,2023-10-04 08:55:00,Idle
D165,2023-10-04 09:36:00,Busy
D165,2023-10-04 10:18:00,Offline
D165,2023-10-05 08:18:00,Online
D165,2023-10-05 09:37:00,Idle
D165,2023-10-05 10:23:00,Busy
D165,2023-10-05 12:00:00,Busy
D165,2023-10-05 13:41:00,Busy
D165,2023-10-05 14:15:00,Offline
D165,2023-10-06 03:15:00,Online
D165,2023-10-06 03:30:00,Busy
D165,2023-10-06 04:20:00,Idle
D165,2023-10-06 06:13:00,Busy
D165,2023-10-06 06:33:00,Offline
D165,2023-10-06 18:33:00,Online
D165,2023-10-06 20:11:00,Busy
D165,2023-10-06 21:03:00,Idle
D165,2023-10-06 22:09:00,Busy
D165,2023-10-06 23:45:00,Busy
D165,2023-10-07 00:10:00,Offline
D165,2023-10-07 13:10:00,Online
D165,2023-10-07 14:32:00,Busy
D165,2023-10-07 14:57:00,Idle
D165,2023-10-07 15:50:00,Idle
D165,2023-10-07 17:26:00,Idle
D165,2023-10-07 17:36:00,Offline
D165,2023-10-08 05:36:00,Online
D165,2023-10-08 07:16:00,Idle
D165,2023-10-08 08:29:00,Busy
D165,2023-10-08 10:21:00,Busy
D165,2023-10-08 12:09:00,Idle
D165,2023-10-08 12:53:00,Offline
D165,2023-10-09 08:53:00,Online
D165,2023-10-09 09:48:00,Busy
D165,2023-10-09 10:25:00,Busy
D165,2023-10-09 11:37:00,Idle
D165,2023-10-09 13:03:00,Idle
D165,2023-10-09 13:40:00,Offline
D165,2023-10-10 13:40:00,Online
D165,2023-10-10 15:09:00,Busy
D165,2023-10-10 15:55:00,Idle
D165,2023-10-10 16:10:00,Idle
D165,2023-10-10 16:59:00,Offline
D165,2023-10-11 08:59:00,Online
D165,2023-10-11 10:11:00,Idle
D165,2023-10-11 10:56:00,Idle
D165,2023-10-11 12:03:00,Idle
D165,2023-10-11 12:51:00,Idle
D165,2023-10-11 14:51:00,Idle
D165,2023-10-11 15:30:00,Busy
D165,2023-10-11 16:10:00,Offline
D165,2023-10-12 10:10:00,Online
D165,2023-10-12 12:00:00,Busy
D165,2023-10-12 13:03:00,Busy
D165,2023-10-12 14:13:00,Idle
D165,2023-10-12 14:38:00,Busy
D165,2023-10-12 15:15:00,Busy
D165,2023-10-12 17:06:00,Busy
D165,2023-10-12 17:28:00,Idle
D165,2023-10-12 18:13:00,Idle
D165,2023-10-12 20:07:00,Idle
D165,2023-10-12 21:06:00,Busy
D165,2023-10-12 21:30:00,Offline
D165,2023-10-13 11:30:00,Online
D165,2023-10-13 13:00:00,Idle
D165,2023-10-13 14:18:00,Idle
D165,2023-10-13 16:18:00,Idle
D165,2023-10-13 18:06:00,Idle
D165,2023-10-13 19:58:00,Busy
D165,2023-10-13 20:40:00,Idle
D165,2023-10-13 21:34:00,Busy
D165,2023-10-13 22:42:00,Busy
D165,2023-10-13 23:57:00,Idle
D165,2023-10-14 00:25:00,Busy
D165,2023-10-14 00:45:00,Offline
D165,2023-10-14 17:45:00,Online
D165,2023-10-14 19:06:00,Busy
D165,2023-10-14 19:42:00,Idle
D165,2023-10-14 20:22:00,Busy
D165,2023-10-14 20:37:00,Idle
D165,2023-10-14 21:45:00,Busy
D165,2023-10-14 22:28:00,Busy
D165,2023-10-14 23:00:00,Offline
D165,2023-10-15 19:00:00,Online
D165,2023-10-15 20:08:00,Idle
D165,2023-10-15 21:51:00,Idle
D165,2023-10-15 22:23:00,Busy
D165,2023-10-15 23:38:00,Busy
D165,2023-10-16 00:30:00,Offline
D167,2023-10-02 00:00:00,Online
D167,2023-10-02 01:28:00,Busy
D167,2023-10-02 02:25:00,Busy
D167,2023-10-02 02:40:00,Idle
D167,2023-10-02 03:35:00,Idle
D167,2023-10-02 04:54:00,Busy
D167,2023-10-02 05:45:00,Busy
D167,2023-10-02 07:06:00,Idle
D167,2023-10-02 08:48:00,Busy
D167,2023-10-02 10:16:00,Busy
D167,2023-10-02 10:32:00,Offline
D167,2023-10-03 10:32:00,Online
D167,2023-10-03 11:18:00,Busy
D167,2023-10-03 13:06:00,Busy
D167,2023-10-03 14:49:00,Idle
D167,2023-10-03 16:00:00,Idle
D167,2023-10-03 16:20:00,Idle
D167,2023-10-03 16:51:00,Offline
D167,2023-10-04 16:51:00,Online
D167,2023-10-04 18:14:00,Idle
D167,2023-10-04 18:45:00,Busy
D167,2023-10-04 19:41:00,Idle
D167,2023-10-04 21:02:00,Busy
D167,2023-10-04 21:46:00,Idle
D167,2023-10-04 23:27:00,Idle
D167,2023-10-05 00:25:00,Idle
D167,2023-10-05 01:07:00,Idle
D167,2023-10-05 02:41:00,Busy
D167,2023-10-05 03:09:00,Offline
D167,2023-10-05 17:09:00,Online
D167,2023-10-05 18:03:00,Idle
D167,2023-10-05 19:17:00,Idle
D167,2023-10-05 19:54:00,Busy
D167,2023-10-05 20:54:00,Idle
D167,2023-10-05 22:31:00,Busy
D167,2023-10-06 00:12:00,Busy
D167,2023-10-06 01:09:00,Busy
D167,2023-10-06 01:37:00,Busy
D167,2023-10-06 02:07:00,Busy
D167,2023-10-06 03:08:00,Busy
D167,2023-10-06 03:33:00,Offline
D167,2023-10-06 18:33:00,Online
D167,2023-10-06 19:52:00,Busy
D167,2023-10-06 20:12:00,Busy
D167,2023-10-06 20:56:00,Busy
D167,2023-10-06 22:35:00,Idle
D167,2023-10-07 00:11:00,Busy
D167,2023-10-07 01:32:00,Busy
D167,2023-10-07 03:15:00,Busy
D167,2023-10-07 05:11:00,Idle
D167,2023-10-07 05:28:00,Idle
D167,2023-10-07 06:26:00,Offline
D167,2023-10-07 19:26:00,Online
D167,2023-10-07 20:33:00,Idle
D167,2023-10-07 21:45:00,Busy
D167,2023-10-07 23:26:00,Busy
D167,2023-10-08 00:08:00,Offline
D167,2023-10-09 00:08:00,Online
D167,2023-10-09 01:15:00,Busy
D167,2023-10-09 03:02:00,Idle
D167,2023-10-09 05:00:00,Busy
D167,2023-10-09 05:39:00,Idle
D167,2023-10-09 07:29:00,Idle
D167,2023-10-09 08:18:00,Idle
D167,2023-10-09 10:08:00,Busy
D167,2023-10-09 11:32:00,Busy
D167,2023-10-09 12:27:00,Idle
D167,2023-10-09 12:48:00,Idle
D167,2023-10-09 13:08:00,Offline
D167,2023-10-10 13:08:00,Online
D167,2023-10-10 13:47:00,Busy
D167,2023-10-10 14:40:00,Busy
D167,2023-10-10 16:16:00,Busy
D167,2023-10-10 16:31:00,Idle
D167,2023-10-10 16:49:00,Offline
D167,2023-10-11 08:49:00,Online
D167,2023-10-11 10:03:00,Idle
D167,2023-10-11 11:01:00,Idle
D167,2023-10-11 12:03:00,Busy
D167,2023-10-11 12:40:00,Idle
D167,2023-10-11 13:23:00,Offline
D168,2023-10-01 00:00:00,Online
D168,2023-10-01 01:00:00,Busy
D168,2023-10-01 01:28:00,Idle
D168,2023-10-01 03:04:00,Idle
D168,2023-10-01 04:49:00,Idle
D168,2023-10-01 05:35:00,Busy
D168,2023-10-01 07:21:00,Busy
D168,2023-10-01 09:18:00,Idle
D168,2023-10-01 10:52:00,Busy
D168,2023-10-01 12:32:00,Idle
D168,2023-10-01 14:03:00,Idle
D168,2023-10-01 14:22:00,Offline
D168,2023-10-02 11:22:00,Online
D168,2023-10-02 12:12:00,Idle
D168,2023-10-02 13:30:00,Busy
D168,2023-10-02 14:00:00,Idle
D168,2023-10-02 15:49:00,Busy
D168,2023-10-02 17:33:00,Idle
D168,2023-10-02 19:20:00,Busy
D168,2023-10-02 20:12:00,Busy
D168,2023-10-02 21:22:00,Idle
D168,2023-10-02 22:02:00,Busy
D168,2023-10-02 23:49:00,Busy
D168,2023-10-03 00:19:00,Offline
D168,2023-10-03 15:19:00,Online
D168,2023-10-03 17:02:00,Busy
D168,2023-10-03 17:38:00,Idle
D168,2023-10-03 19:00:00,Busy
D168,2023-10-03 20:00:00,Offline
D168,2023-10-04 16:00:00,Online
D168,2023-10-04 16:48:00,Idle
D168,2023-10-04 17:59:00,Busy
D168,2023-10-04 19:34:00,Idle
D168,2023-10-04 19:58:00,Idle
D168,2023-10-04 20:31:00,Offline
D168,2023-10-05 08:31:00,Online
D168,2023-10-05 10:28:00,Busy
D168,2023-10-05 11:40:00,Busy
D168,2023-10-05 13:24:00,Busy
D168,2023-10-05 15:17:00,Idle
D168,2023-10-05 16:57:00,Busy
D168,2023-10-05 17:32:00,Busy
D168,2023-10-05 18:24:00,Idle
D168,2023-10-05 19:54:00,Idle
D168,2023-10-05 20:32:00,Offline
D170,2023-10-06 00:00:00,Online
D170,2023-10-06 01:21:00,Busy
D170,2023-10-06 01:47:00,Busy
D170,2023-10-06 02:47:00,Busy
D170,2023-10-06 03:26:00,Idle
D170,2023-10-06 05:21:00,Busy
D170,2023-10-06 06:02:00,Offline
D170,2023-10-06 18:02:00,Online
D170,2023-10-06 18:41:00,Busy
D170,2023-10-06 20:34:00,Busy
D170,2023-10-06 21:13:00,Idle
D170,2023-10-06 22:41:00,Busy
D170,2023-10-07 00:37:00,Idle
D170,2023-10-07 01:04:00,Idle
D170,2023-10-07 02:16:00,Busy
D170,2023-10-07 03:51:00,Idle
D170,2023-10-07 05:14:00,Idle
D170,2023-10-07 05:50:00,Busy
D170,2023-10-07 06:19:00,Offline
D170,2023-10-08 01:19:00,Online
D170,2023-10-08 02:00:00,Busy
D170,2023-10-08 03:59:00,Busy
D170,2023-10-08 04:45:00,Idle
D170,2023-10-08 06:01:00,Busy
D170,2023-10-08 07:24:00,Idle
D170,2023-10-08 08:04:00,Offline
D170,2023-10-08 22:04:00,Online
D170,2023-10-08 22:54:00,Busy
D170,2023-10-08 23:11:00,Idle
D170,2023-10-09 01:11:00,Idle
D170,2023-10-09 02:44:00,Busy
D170,2023-10-09 03:13:00,Offline
D170,2023-10-09 23:13:00,Online
D170,2023-10-10 00:23:00,Idle
D170,2023-10-10 01:20:00,Idle
D170,2023-10-10 03:13:00,Idle
D170,2023-10-10 05:04:00,Idle
D170,2023-10-10 06:18:00,Idle
D170,2023-10-10 08:02:00,Busy
D170,2023-10-10 09:20:00,Busy
D170,2023-10-10 10:12:00,Busy
D170,2023-10-10 11:42:00,Busy
D170,2023-10-10 12:32:00,Busy
D170,2023-10-10 13:27:00,Offline
D170,2023-10-11 05:27:00,Online
D170,2023-10-11 07:04:00,Busy
D170,2023-10-11 07:35:00,Busy
D170,2023-10-11 08:51:00,Idle
D170,2023-10-11 09:53:00,Idle
D170,2023-10-11 10:26:00,Idle
D170,2023-10-11 12:18:00,Busy
D170,2023-10-11 12:59:00,Busy
D170,2023-10-11 13:27:00,Offline
D170,2023-10-12 01:27:00,Online
D170,2023-10-12 02:08:00,Busy
D170,2023-10-12 04:02:00,Idle
D170,2023-10-12 05:42:00,Busy
D170,2023-10-12 06:45:00,Busy
D170,2023-10-12 07:30:00,Offline
D170,2023-10-12 22:30:00,Online
D170,2023-10-12 23:42:00,Busy
D170,2023-10-13 01:17:00,Idle
D170,2023-10-13 01:41:00,Idle
D170,2023-10-13 02:07:00,Offline
D170,2023-10-13 18:07:00,Online
D170,2023-10-13 19:57:00,Busy
D170,2023-10-13 20:26:00,Idle
D170,2023-10-13 22:25:00,Busy
D170,2023-10-13 22:55:00,Idle
D170,2023-10-14 00:03:00,Idle
D170,2023-10-14 01:24:00,Busy
D170,2023-10-14 01:53:00,Busy
D170,2023-10-14 03:18:00,Idle
D170,2023-10-14 03:57:00,Offline
D171,2023-10-01 00:00:00,Online
D171,2023-10-01 00:41:00,Busy
D171,2023-10-01 01:31:00,Idle
D171,2023-10-01 03:18:00,Idle
D171,2023-10-01 04:54:00,Busy
D171,2023-10-01 05:45:00,Offline
D171,2023-10-02 03:45:00,Online
D171,2023-10-02 05:27:00,Idle
D171,2023-10-02 06:51:00,Busy
D171,2023-10-02 08:15:00,Idle
D171,2023-10-02 08:26:00,Offline
D171,2023-10-02 21:26:00,Online
D171,2023-10-02 22:05:00,Busy
D171,2023-10-02 23:58:00,Busy
D171,2023-10-03 00:25:00,Busy
D171,2023-10-03 01:00:00,Offline
D171,2023-10-03 23:00:00,Online
D171,2023-10-03 23:18:00,Busy
D171,2023-10-04 00:47:00,Busy
D171,2023-10-04 02:17:00,Busy
D171,2023-10-04 03:24:00,Busy
D171,2023-10-04 03:55:00,Busy
D171,2023-10-04 04:48:00,Idle
D171,2023-10-04 05:40:00,Idle
D171,2023-10-04 07:37:00,Busy
D171,2023-10-04 07:59:00,Offline
D171,2023-10-05 07:59:00,Online
D171,2023-10-05 09:55:00,Busy
D171,2023-10-05 11:08:00,Busy
D171,2023-10-05 11:26:00,Busy
D171,2023-10-05 12:41:00,Busy
D171,2023-10-05 13:50:00,Idle
D171,2023-10-05 14:50:00,Idle
D171,2023-10-05 16:13:00,Busy
D171,2023-10-05 16:44:00,Idle
D171,2023-10-05 17:18:00,Offline
D171,2023-10-06 06:18:00,Online
D171,2023-10-06 06:51:00,Busy
D171,2023-10-06 08:02:00,Idle
D171,2023-10-06 09:33:00,Idle
D171,2023-10-06 10:27:00,Offline
D171,2023-10-07 06:27:00,Online
D171,2023-10-07 07:31:00,Busy
D171,2023-10-07 08:02:00,Busy
D171,2023-10-07 09:12:00,Idle
D171,2023-10-07 09:32:00,Busy
D171,2023-10-07 11:24:00,Idle
D171,2023-10-07 12:21:00,Idle
D171,2023-10-07 13:41:00,Idle
D171,2023-10-07 14:07:00,Idle
D171,2023-10-07 14:40:00,Offline
D171,2023-10-08 12:40:00,Online
D171,2023-10-08 13:46:00,Busy
D171,2023-10-08 15:28:00,Busy
D171,2023-10-08 16:56:00,Idle
D171,2023-10-08 17:30:00,Offline
D171,2023-10-09 14:30:00,Online
D171,2023-10-09 16:05:00,Busy
D171,2023-10-09 17:50:00,Idle
D171,2023-10-09 19:36:00,Idle
D171,2023-10-09 20:59:00,Idle
D171,2023-10-09 22:56:00,Idle
D171,2023-10-09 23:34:00,Busy
D171,2023-10-10 00:12:00,Idle
D171,2023-10-10 00:41:00,Idle
D171,2023-10-10 00:58:00,Busy
D171,2023-10-10 01:45:00,Offline
D171,2023-10-11 00:45:00,Online
D171,2023-10-11 01:31:00,Busy
D171,2023-10-11 02:38:00,Busy
D171,2023-10-11 03:55:00,Idle
D171,2023-10-11 05:36:00,Busy
D171,2023-10-11 07:04:00,Busy
D171,2023-10-11 08:58:00,Busy
D171,2023-10-11 09:33:00,Busy
D171,2023-10-11 10:05:00,Idle
D171,2023-10-11 10:18:00,Offline
D171,2023-10-12 00:18:00,Online
D171,2023-10-12 00:38:00,Idle
D171,2023-10-12 02:02:00,Idle
D171,2023-10-12 03:07:00,Busy
D171,2023-10-12 03:59:00,Offline
D172,2023-10-02 00:00:00,Online
D172,2023-10-02 01:53:00,Busy
D172,2023-10-02 02:37:00,Idle
D172,2023-10-02 03:10:00,Idle
D172,2023-10-02 03:52:00,Idle
D172,2023-10-02 04:24:00,Busy
D172,2023-10-02 05:48:00,Idle
D172,2023-10-02 06:14:00,Busy
D172,2023-10-02 07:21:00,Idle
D172,2023-10-02 08:23:00,Idle
D172,2023-10-02 10:09:00,Busy
D172,2023-10-02 10:27:00,Offline
D172,2023-10-03 02:27:00,Online
D172,2023-10-03 04:10:00,Busy
D172,2023-10-03 05:49:00,Idle
D172,2023-10-03 06:31:00,Busy
D172,2023-10-03 07:40:00,Idle
D172,2023-10-03 08:34:00,Offline
D172,2023-10-03 23:34:00,Online
D172,2023-10-04 00:30:00,Idle
D172,2023-10-04 00:57:00,Idle
D172,2023-10-04 01:44:00,Busy
D172,2023-10-04 02:17:00,Busy
D172,2023-10-04 03:13:00,Offline
D172,2023-10-05 03:13:00,Online
D172,2023-10-05 04:07:00,Busy
D172,2023-10-05 06:03:00,Idle
D172,2023-10-05 06:39:00,Busy
D172,2023-10-05 07:52:00,Busy
D172,2023-10-05 08:51:00,Busy
D172,2023-10-05 09:54:00,Busy
D172,2023-10-05 10:53:00,Offline
D172,2023-10-06 01:53:00,Online
D172,2023-10-06 02:38:00,Idle
D172,2023-10-06 03:28:00,Idle
D172,2023-10-06 04:58:00,Busy
D172,2023-10-06 05:23:00,Idle
D172,2023-10-06 05:49:00,Busy
D172,2023-10-06 07:00:00,Busy
D172,2023-10-06 08:14:00,Idle
D172,2023-10-06 08:45:00,Busy
D172,2023-10-06 09:19:00,Offline
D172,2023-10-07 05:19:00,Online
D172,2023-10-07 06:09:00,Busy
D172,2023-10-07 07:08:00,Busy
D172,2023-10-07 08:12:00,Idle
D172,2023-10-07 08:36:00,Idle
D172,2023-10-07 10:30:00,Idle
D172,2023-10-07 11:45:00,Busy
D172,2023-10-07 13:08:00,Busy
D172,2023-10-07 13:48:00,Offline
D172,2023-10-08 12:48:00,Online
D172,2023-10-08 13:50:00,Busy
D172,2023-10-08 14:43:00,Busy
D172,2023-10-08 15:25:00,Idle
D172,2023-10-08 17:25:00,Busy
D172,2023-10-08 17:51:00,Busy
D172,2023-10-08 18:08:00,Idle
D172,2023-10-08 19:43:00,Busy
D172,2023-10-08 21:15:00,Busy
D172,2023-10-08 22:00:00,Idle
D172,2023-10-08 23:04:00,Busy
D172,2023-10-08 23:59:00,Offline
D172,2023-10-09 21:59:00,Online
D172,2023-10-09 23:04:00,Idle
D172,2023-10-10 00:48:00,Idle
D172,2023-10-10 01:25:00,Busy
D172,2023-10-10 01:49:00,Idle
D172,2023-10-10 02:13:00,Idle
D172,2023-10-10 04:03:00,Idle
D172,2023-10-10 05:37:00,Idle
D172,2023-10-10 06:24:00,Busy
D172,2023-10-10 07:30:00,Idle
D172,2023-10-10 08:19:00,Offline
D172,2023-10-11 00:19:00,Online
D172,2023-10-11 01:01:00,Busy
D172,2023-10-11 02:20:00,Busy
D172,2023-10-11 03:37:00,Idle
D172,2023-10-11 04:25:00,Idle
D172,2023-10-11 05:31:00,Busy
D172,2023-10-11 06:07:00,Offline
D172,2023-10-12 02:07:00,Online
D172,2023-10-12 03:08:00,Busy
D172,2023-10-12 04:00:00,Busy
D172,2023-10-12 04:37:00,Busy
D172,2023-10-12 06:23:00,Busy
D172,2023-10-12 06:40:00,Idle
D172,2023-10-12 07:10:00,Busy
D172,2023-10-12 07:33:00,Offline
D172,2023-10-13 05:33:00,Online
D172,2023-10-13 06:35:00,Busy
D172,2023-10-13 08:02:00,Idle
D172,2023-10-13 08:18:00,Idle
D172,2023-10-13 09:11:00,Offline
D172,2023-10-14 07:11:00,Online
D172,2023-10-14 08:43:00,Busy
D172,2023-10-14 10:32:00,Busy
D172,2023-10-14 11:05:00,Busy
D172,2023-10-14 12:05:00,Offline
D172,2023-10-15 02:05:00,Online
D172,2023-10-15 03:03:00,Idle
D172,2023-10-15 04:15:00,Busy
D172,2023-10-15 04:56:00,Busy
D172,2023-10-15 06:56:00,Idle
D172,2023-10-15 08:39:00,Idle
D172,2023-10-15 08:59:00,Busy
D172,2023-10-15 09:16:00,Idle
D172,2023-10-15 10:19:00,Busy
D172,2023-10-15 10:40:00,Busy
D172,2023-10-15 12:03:00,Busy
D172,2023-10-15 12:20:00,Offline
D172,2023-10-16 01:20:00,Online
D172,2023-10-16 03:20:00,Idle
D172,2023-10-16 03:40:00,Idle
D172,2023-10-16 04:28:00,Busy
D172,2023-10-16 05:46:00,Busy
D172,2023-10-16 06:22:00,Offline
D173,2023-10-06 00:00:00,Online
D173,2023-10-06 01:45:00,Busy
D173,2023-10-06 03:04:00,Idle
D173,2023-10-06 05:01:00,Busy
D173,2023-10-06 06:45:00,Idle
D173,2023-10-06 07:59:00,Idle
D173,2023-10-06 09:29:00,Busy
D173,2023-10-06 10:21:00,Idle
D173,2023-10-06 12:00:00,Idle
D173,2023-10-06 12:37:00,Busy
D173,2023-10-06 12:59:00,Offline
D173,2023-10-07 04:59:00,Online
D173,2023-10-07 05:30:00,Idle
D173,2023-10-07 06:48:00,Busy
D173,2023-10-07 08:15:00,Busy
D173,2023-10-07 08:39:00,Idle
D173,2023-10-07 09:49:00,Busy
D173,2023-10-07 10:50:00,Busy
D173,2023-10-07 11:06:00,Busy
D173,2023-10-07 12:44:00,Idle
D173,2023-10-07 13:03:00,Offline
D173,2023-10-08 06:03:00,Online
D173,2023-10-08 07:39:00,Idle
D173,2023-10-08 08:59:00,Idle
D173,2023-10-08 10:01:00,Busy
D173,2023-10-08 10:32:00,Busy
D173,2023-10-08 12:05:00,Busy
D173,2023-10-08 13:20:00,Idle
D173,2023-10-08 14:54:00,Idle
D173,2023-10-08 15:16:00,Busy
D173,2023-10-08 16:14:00,Offline
D173,2023-10-09 10:14:00,Online
D173,2023-10-09 11:18:00,Idle
D173,2023-10-09 13:04:00,Idle
D173,2023-10-09 14:48:00,Busy
D173,2023-10-09 15:56:00,Idle
D173,2023-10-09 16:42:00,Offline
D173,2023-10-10 08:42:00,Online
D173,2023-10-10 09:03:00,Busy
D173,2023-10-10 09:52:00,Idle
D173,2023-10-10 11:28:00,Busy
D173,2023-10-10 12:47:00,Idle
D173,2023-10-10 13:46:00,Busy
D173,2023-10-10 15:10:00,Busy
D173,2023-10-10 16:16:00,Busy
D173,2023-10-10 17:44:00,Busy
D173,2023-10-10 18:34:00,Offline
D173,2023-10-11 12:34:00,Online
D173,2023-10-11 13:45:00,Busy
D173,2023-10-11 14:16:00,Idle
D173,2023-10-11 15:11:00,Idle
D173,2023-10-11 15:28:00,Offline
D173,2023-10-12 03:28:00,Online
D173,2023-10-12 03:52:00,Idle
D173,2023-10-12 04:59:00,Idle
D173,2023-10-12 06:50:00,Idle
D173,2023-10-12 08:46:00,Idle
D173,2023-10-12 10:20:00,Busy
D173,2023-10-12 11:21:00,Busy
D173,2023-10-12 12:17:00,Busy
D173,2023-10-12 12:35:00,Busy
D173,2023-10-12 12:55:00,Idle
D173,2023-10-12 13:44:00,Idle
D173,2023-10-12 14:06:00,Offline
D173,2023-10-13 02:06:00,Online
D173,2023-10-13 03:07:00,Idle
D173,2023-10-13 04:36:00,Idle
D173,2023-10-13 05:23:00,Idle
D173,2023-10-13 06:24:00,Idle
D173,2023-10-13 08:11:00,Busy
D173,2023-10-13 09:54:00,Idle
D173,2023-10-13 10:36:00,Idle
D173,2023-10-13 11:00:00,Offline
D173,2023-10-14 10:00:00,Online
D173,2023-10-14 11:17:00,Idle
D173,2023-10-14 11:43:00,Idle
D173,2023-10-14 12:37:00,Idle
D173,2023-10-14 13:56:00,Busy
D173,2023-10-14 14:40:00,Offline
D173,2023-10-15 05:40:00,Online
D173,2023-10-15 07:30:00,Busy
D173,2023-10-15 09:06:00,Busy
D173,2023-10-15 10:14:00,Busy
D173,2023-10-15 12:10:00,Busy
D173,2023-10-15 12:37:00,Idle
D173,2023-10-15 13:20:00,Offline
D173,2023-10-16 09:20:00,Online
D173,2023-10-16 11:07:00,Idle
D173,2023-10-16 13:02:00,Idle
D173,2023-10-16 14:40:00,Idle
D173,2023-10-16 16:36:00,Busy
D173,2023-10-16 18:12:00,Idle
D173,2023-10-16 20:00:00,Idle
D173,2023-10-16 20:23:00,Busy
D173,2023-10-16 20:57:00,Offline
D173,2023-10-17 17:57:00,Online
D173,2023-10-17 18:52:00,Busy
D173,2023-10-17 19:47:00,Busy
D173,2023-10-17 20:04:00,Busy
D173,2023-10-17 21:42:00,Idle
D173,2023-10-17 23:39:00,Idle
D173,2023-10-18 01:18:00,Busy
D173,2023-10-18 02:59:00,Busy
D173,2023-10-18 03:49:00,Idle
D173,2023-10-18 04:31:00,Offline
D173,2023-10-19 03:31:00,Online
D173,2023-10-19 04:47:00,Idle
D173,2023-10-19 05:41:00,Idle
D173,2023-10-19 06:14:00,Idle
D173,2023-10-19 07:56:00,Busy
D173,2023-10-19 09:38:00,Idle
D173,2023-10-19 11:17:00,Idle
D173,2023-10-19 12:16:00,Busy
D173,2023-10-19 13:00:00,Busy
D173,2023-10-19 13:42:00,Idle
D173,2023-10-19 14:10:00,Offline
D176,2023-10-06 00:00:00,Online
D176,2023-10-06 00:26:00,Idle
D176,2023-10-06 01:08:00,Idle
D176,2023-10-06 01:53:00,Idle
D176,2023-10-06 03:37:00,Busy
D176,2023-10-06 05:09:00,Idle
D176,2023-10-06 05:31:00,Offline
D176,2023-10-07 03:31:00,Online
D176,2023-10-07 04:16:00,Idle
D176,2023-10-07 04:42:00,Idle
D176,2023-10-07 06:37:00,Idle
D176,2023-10-07 07:08:00,Idle
D176,2023-10-07 07:20:00,Offline
D176,2023-10-07 23:20:00,Online
D176,2023-10-08 01:12:00,Idle
D176,2023-10-08 02:41:00,Idle
D176,2023-10-08 04:40:00,Idle
D176,2023-10-08 06:36:00,Busy
D176,2023-10-08 07:28:00,Offline
D176,2023-10-08 22:28:00,Online
D176,2023-10-09 00:09:00,Busy
D176,2023-10-09 00:35:00,Busy
D176,2023-10-09 01:21:00,Idle
D176,2023-10-09 02:59:00,Idle
D176,2023-10-09 03:12:00,Offline
D176,2023-10-09 23:12:00,Online
D176,2023-10-09 23:46:00,Idle
D176,2023-10-10 01:38:00,Idle
D176,2023-10-10 02:37:00,Idle
D176,2023-10-10 03:19:00,Busy
D176,2023-10-10 04:22:00,Idle
D176,2023-10-10 04:59:00,Busy
D176,2023-10-10 05:25:00,Offline
D177,2023-10-05 00:00:00,Online
D177,2023-10-05 01:57:00,Idle
D177,2023-10-05 02:49:00,Busy
D177,2023-10-05 03:45:00,Busy
D177,2023-10-05 04:40:00,Offline
D177,2023-10-06 01:40:00,Online
D177,2023-10-06 03:23:00,Idle
D177,2023-10-06 04:16:00,Busy
D177,2023-10-06 04:42:00,Busy
D177,2023-10-06 05:16:00,Busy
D177,2023-10-06 06:16:00,Idle
D177,2023-10-06 08:01:00,Busy
D177,2023-10-06 09:50:00,Idle
D177,2023-10-06 10:21:00,Busy
D177,2023-10-06 10:36:00,Offline
D177,2023-10-07 04:36:00,Online
D177,2023-10-07 05:50:00,Idle
D177,2023-10-07 07:40:00,Idle
D177,2023-10-07 08:08:00,Idle
D177,2023-10-07 09:43:00,Busy
D177,2023-10-07 10:35:00,Idle
D177,2023-10-07 11:34:00,Idle
D177,2023-10-07 13:04:00,Idle
D177,2023-10-07 13:58:00,Offline
D177,2023-10-08 12:58:00,Online
D177,2023-10-08 14:27:00,Idle
D177,2023-10-08 15:29:00,Idle
D177,2023-10-08 16:35:00,Busy
D177,2023-10-08 17:25:00,Idle
D177,2023-10-08 18:44:00,Idle
D177,2023-10-08 20:24:00,Idle
D177,2023-10-08 21:38:00,Busy
D177,2023-10-08 22:16:00,Offline
D177,2023-10-09 21:16:00,Online
D177,2023-10-09 22:42:00,Idle
D177,2023-10-10 00:22:00,Busy
D177,2023-10-10 02:02:00,Idle
D177,2023-10-10 02:39:00,Idle
D177,2023-10-10 04:01:00,Busy
D177,2023-10-10 05:38:00,Busy
D177,2023-10-10 07:16:00,Busy
D177,2023-10-10 08:45:00,Busy
D177,2023-10-10 09:15:00,Offline
D177,2023-10-11 03:15:00,Online
D177,2023-10-11 04:09:00,Busy
D177,2023-10-11 06:09:00,Busy
D177,2023-10-11 07:35:00,Idle
D177,2023-10-11 08:46:00,Busy
D177,2023-10-11 09:14:00,Busy
D177,2023-10-11 09:51:00,Offline
D177,2023-10-12 06:51:00,Online
D177,2023-10-12 08:17:00,Busy
D177,2023-10-12 08:57:00,Idle
D177,2023-10-12 10:25:00,Busy
D177,2023-10-12 12:16:00,Busy
D177,2023-10-12 12:33:00,Offline
D177,2023-10-13 10:33:00,Online
D177,2023-10-13 10:58:00,Idle
D177,2023-10-13 12:56:00,Idle
D177,2023-10-13 14:48:00,Idle
D177,2023-10-13 16:28:00,Idle
D177,2023-10-13 17:54:00,Idle
D177,2023-10-13 19:06:00,Idle
D177,2023-10-13 20:33:00,Idle
D177,2023-10-13 21:12:00,Busy
D177,2023-10-13 22:39:00,Idle
D177,2023-10-13 22:55:00,Offline
D177,2023-10-14 16:55:00,Online
D177,2023-10-14 18:12:00,Busy
D177,2023-10-14 19:34:00,Busy
D177,2023-10-14 20:22:00,Busy
D177,2023-10-14 22:07:00,Idle
D177,2023-10-14 22:52:00,Offline
D177,2023-10-15 19:52:00,Online
D177,2023-10-15 20:58:00,Busy
D177,2023-10-15 21:14:00,Busy
D177,2023-10-15 21:46:00,Busy
D177,2023-10-15 22:23:00,Busy
D177,2023-10-15 23:17:00,Offline
D177,2023-10-16 19:17:00,Online
D177,2023-10-16 20:15:00,Busy
D177,2023-10-16 20:35:00,Idle
D177,2023-10-16 21:55:00,Idle
D177,2023-10-16 23:00:00,Busy
D177,2023-10-16 23:33:00,Busy
D177,2023-10-16 23:54:00,Idle
D177,2023-10-17 00:12:00,Busy
D177,2023-10-17 01:03:00,Busy
D177,2023-10-17 02:08:00,Idle
D177,2023-10-17 03:07:00,Idle
D177,2023-10-17 03:21:00,Offline
D177,2023-10-17 19:21:00,Online
D177,2023-10-17 20:11:00,Busy
D177,2023-10-17 21:40:00,Idle
D177,2023-10-17 23:10:00,Idle
D177,2023-10-17 23:20:00,Offline
D177,2023-10-18 23:20:00,Online
D177,2023-10-18 23:49:00,Idle
D177,2023-10-19 00:44:00,Idle
D177,2023-10-19 02:25:00,Busy
D177,2023-10-19 03:29:00,Busy
D177,2023-10-19 04:06:00,Offline
D179,2023-10-06 00:00:00,Online
D179,2023-10-06 00:46:00,Idle
D179,2023-10-06 02:27:00,Busy
D179,2023-10-06 04:22:00,Busy
D179,2023-10-06 05:07:00,Busy
D179,2023-10-06 06:14:00,Idle
D179,2023-10-06 06:43:00,Offline
D179,2023-10-07 06:43:00,Online
D179,2023-10-07 07:32:00,Idle
D179,2023-10-07 08:34:00,Idle
D179,2023-10-07 09:17:00,Busy
D179,2023-10-07 10:56:00,Busy
D179,2023-10-07 11:16:00,Offline
D179,2023-10-08 03:16:00,Online
D179,2023-10-08 04:49:00,Busy
D179,2023-10-08 06:49:00,Idle
D179,2023-10-08 08:00:00,Busy
D179,2023-10-08 08:31:00,Busy
D179,2023-10-08 08:46:00,Busy
D179,2023-10-08 09:14:00,Busy
D179,2023-10-08 09:39:00,Idle
D179,2023-10-08 10:36:00,Idle
D179,2023-10-08 10:52:00,Offline
D179,2023-10-09 07:52:00,Online
D179,2023-10-09 09:27:00,Idle
D179,2023-10-09 11:10:00,Busy
D179,2023-10-09 12:38:00,Busy
D179,2023-10-09 13:44:00,Idle
D179,2023-10-09 14:25:00,Idle
D179,2023-10-09 14:46:00,Offline
D179,2023-10-10 07:46:00,Online
D179,2023-10-10 08:38:00,Idle
D179,2023-10-10 10:37:00,Idle
D179,2023-10-10 11:24:00,Busy
D179,2023-10-10 12:30:00,Idle
D179,2023-10-10 14:26:00,Busy
D179,2023-10-10 15:23:00,Idle
D179,2023-10-10 17:02:00,Busy
D179,2023-10-10 17:24:00,Idle
D179,2023-10-10 18:14:00,Offline
D179,2023-10-11 12:14:00,Online
D179,2023-10-11 13:50:00,Idle
D179,2023-10-11 14:17:00,Busy
D179,2023-10-11 15:50:00,Idle
D179,2023-10-11 17:11:00,Idle
D179,2023-10-11 17:29:00,Offline
D179,2023-10-12 16:29:00,Online
D179,2023-10-12 17:39:00,Idle
D179,2023-10-12 18:59:00,Idle
D179,2023-10-12 20:26:00,Busy
D179,2023-10-12 21:32:00,Busy
D179,2023-10-12 22:41:00,Busy
D179,2023-10-12 23:35:00,Idle
D179,2023-10-13 00:02:00,Busy
D179,2023-10-13 00:50:00,Offline
D179,2023-10-13 21:50:00,Online
D179,2023-10-13 22:15:00,Idle
D179,2023-10-13 22:31:00,Idle
D179,2023-10-13 23:37:00,Busy
D179,2023-10-14 01:33:00,Idle
D179,2023-10-14 02:49:00,Idle
D179,2023-10-14 03:57:00,Busy
D179,2023-10-14 05:46:00,Idle
D179,2023-10-14 07:27:00,Busy
D179,2023-10-14 09:25:00,Busy
D179,2023-10-14 10:54:00,Busy
D179,2023-10-14 11:44:00,Offline
D179,2023-10-15 04:44:00,Online
D179,2023-10-15 05:56:00,Busy
D179,2023-10-15 07:53:00,Idle
D179,2023-10-15 08:38:00,Busy
D179,2023-10-15 09:13:00,Idle
D179,2023-10-15 11:11:00,Idle
D179,2023-10-15 12:33:00,Idle
D179,2023-10-15 12:50:00,Offline
D181,2023-10-03 00:00:00,Online
D181,2023-10-03 01:44:00,Idle
D181,2023-10-03 03:34:00,Idle
D181,2023-10-03 04:47:00,Idle
D181,2023-10-03 04:58:00,Offline
D181,2023-10-03 17:58:00,Online
D181,2023-10-03 18:43:00,Idle
D181,2023-10-03 20:11:00,Busy
D181,2023-10-03 22:00:00,Idle
D181,2023-10-03 23:06:00,Busy
D181,2023-10-04 00:02:00,Idle
D181,2023-10-04 01:26:00,Idle
D181,2023-10-04 02:41:00,Busy
D181,2023-10-04 04:05:00,Busy
D181,2023-10-04 04:20:00,Busy
D181,2023-10-04 05:07:00,Offline
D181,2023-10-05 01:07:00,Online
D181,2023-10-05 02:10:00,Busy
D181,2023-10-05 03:09:00,Busy
D181,2023-10-05 04:22:00,Busy
D181,2023-10-05 04:54:00,Idle
D181,2023-10-05 05:12:00,Busy
D181,2023-10-05 06:32:00,Busy
D181,2023-10-05 08:00:00,Busy
D181,2023-10-05 08:52:00,Offline
D181,2023-10-06 06:52:00,Online
D181,2023-10-06 08:46:00,Idle
D181,2023-10-06 09:41:00,Idle
D181,2023-10-06 11:24:00,Idle
D181,2023-10-06 12:47:00,Busy
D181,2023-10-06 14:21:00,Idle
D181,2023-10-06 15:28:00,Busy
D181,2023-10-06 15:53:00,Offline
D181,2023-10-07 13:53:00,Online
D181,2023-10-07 15:12:00,Busy
D181,2023-10-07 16:45:00,Busy
D181,2023-10-07 17:05:00,Busy
D181,2023-10-07 18:12:00,Busy
D181,2023-10-07 18:32:00,Idle
D181,2023-10-07 20:28:00,Idle
D181,2023-10-07 22:22:00,Busy
D181,2023-10-07 23:13:00,Idle
D181,2023-10-07 23:45:00,Busy
D181,2023-10-08 01:03:00,Busy
D181,2023-10-08 01:43:00,Offline
D181,2023-10-08 18:43:00,Online
D181,2023-10-08 19:29:00,Idle
D181,2023-10-08 19:46:00,Busy
D181,2023-10-08 21:14:00,Idle
D181,2023-10-08 22:42:00,Idle
D181,2023-10-09 00:22:00,Idle
D181,2023-10-09 02:02:00,Busy
D181,2023-10-09 03:59:00,Idle
D181,2023-10-09 04:15:00,Offline
D181,2023-10-09 17:15:00,Online
D181,2023-10-09 18:09:00,Busy
D181,2023-10-09 18:30:00,Idle
D181,2023-10-09 20:22:00,Idle
D181,2023-10-09 22:00:00,Idle
D181,2023-10-09 22:57:00,Busy
D181,2023-10-09 23:31:00,Idle
D181,2023-10-10 01:01:00,Idle
D181,2023-10-10 01:24:00,Offline
D181,2023-10-10 13:24:00,Online
D181,2023-10-10 13:40:00,Busy
D181,2023-10-10 14:34:00,Idle
D181,2023-10-10 14:57:00,Busy
D181,2023-10-10 16:05:00,Busy
D181,2023-10-10 17:55:00,Busy
D181,2023-10-10 18:25:00,Offline
D181,2023-10-11 12:25:00,Online
D181,2023-10-11 13:20:00,Busy
D181,2023-10-11 14:51:00,Busy
D181,2023-10-11 15:40:00,Idle
D181,2023-10-11 17:01:00,Idle
D181,2023-10-11 17:37:00,Idle
D181,2023-10-11 19:26:00,Busy
D181,2023-10-11 20:30:00,Busy
D181,2023-10-11 21:21:00,Busy
D181,2023-10-11 22:15:00,Busy
D181,2023-10-11 23:04:00,Idle
D181,2023-10-11 23:22:00,Offline
D181,2023-10-12 17:22:00,Online
D181,2023-10-12 19:14:00,Idle
D181,2023-10-12 21:04:00,Idle
D181,2023-10-12 22:21:00,Busy
D181,2023-10-12 22:33:00,Offline
D181,2023-10-13 17:33:00,Online
D181,2023-10-13 18:23:00,Idle
D181,2023-10-13 20:12:00,Busy
D181,2023-10-13 21:52:00,Idle
D181,2023-10-13 23:37:00,Busy
D181,2023-10-14 01:03:00,Idle
D181,2023-10-14 02:49:00,Idle
D181,2023-10-14 03:28:00,Busy
D181,2023-10-14 04:35:00,Busy
D181,2023-10-14 05:10:00,Offline
D182,2023-10-05 00:00:00,Online
D182,2023-10-05 02:00:00,Busy
D182,2023-10-05 03:15:00,Busy
D182,2023-10-05 03:35:00,Idle
D182,2023-10-05 04:33:00,Offline
D182,2023-10-05 22:33:00,Online
D182,2023-10-05 22:52:00,Busy
D182,2023-10-05 23:40:00,Idle
D182,2023-10-06 01:15:00,Idle
D182,2023-10-06 02:02:00,Idle
D182,2023-10-06 02:29:00,Offline
D182,2023-10-06 17:29:00,Online
D182,2023-10-06 18:36:00,Idle
D182,2023-10-06 19:49:00,Busy
D182,2023-10-06 21:24:00,Busy
D182,2023-10-06 22:09:00,Idle
D182,2023-10-06 22:25:00,Idle
D182,2023-10-06 23:51:00,Idle
D182,2023-10-07 00:26:00,Busy
D182,2023-10-07 00:55:00,Offline
D182,2023-10-07 17:55:00,Online
D182,2023-10-07 18:23:00,Busy
D182,2023-10-07 19:02:00,Idle
D182,2023-10-07 19:36:00,Busy
D182,2023-10-07 19:53:00,Offline
D182,2023-10-08 11:53:00,Online
D182,2023-10-08 12:15:00,Busy
D182,2023-10-08 12:42:00,Idle
D182,2023-10-08 14:34:00,Idle
D182,2023-10-08 15:34:00,Idle
D182,2023-10-08 15:53:00,Idle
D182,2023-10-08 17:14:00,Busy
D182,2023-10-08 17:41:00,Busy
D182,2023-10-08 19:07:00,Busy
D182,2023-10-08 21:06:00,Busy
D182,2023-10-08 22:05:00,Offline
D182,2023-10-09 18:05:00,Online
D182,2023-10-09 18:59:00,Idle
D182,2023-10-09 20:03:00,Idle
D182,2023-10-09 20:41:00,Busy
D182,2023-10-09 22:28:00,Busy
D182,2023-10-10 00:19:00,Busy
D182,2023-10-10 01:08:00,Busy
D182,2023-10-10 02:54:00,Idle
D182,2023-10-10 04:34:00,Idle
D182,2023-10-10 05:59:00,Idle
D182,2023-10-10 06:23:00,Offline
D182,2023-10-10 20:23:00,Online
D182,2023-10-10 21:00:00,Idle
D182,2023-10-10 22:30:00,Busy
D182,2023-10-10 23:22:00,Idle
D182,2023-10-10 23:53:00,Offline
D182,2023-10-11 23:53:00,Online
D182,2023-10-12 01:27:00,Busy
D182,2023-10-12 02:52:00,Busy
D182,2023-10-12 04:17:00,Busy
D182,2023-10-12 05:55:00,Idle
D182,2023-10-12 06:34:00,Busy
D182,2023-10-12 08:18:00,Busy
D182,2023-10-12 10:06:00,Idle
D182,2023-10-12 10:51:00,Offline
D182,2023-10-13 04:51:00,Online
D182,2023-10-13 05:56:00,Idle
D182,2023-10-13 06:27:00,Idle
D182,2023-10-13 08:20:00,Busy
D182,2023-10-13 10:01:00,Idle
D182,2023-10-13 10:40:00,Idle
D182,2023-10-13 10:55:00,Busy
D182,2023-10-13 11:39:00,Idle
D182,2023-10-13 12:49:00,Idle
D182,2023-10-13 13:32:00,Offline
D182,2023-10-14 08:32:00,Online
D182,2023-10-14 10:16:00,Idle
D182,2023-10-14 10:51:00,Busy
D182,2023-10-14 11:12:00,Busy
D182,2023-10-14 12:14:00,Idle
D182,2023-10-14 13:10:00,Busy
D182,2023-10-14 14:36:00,Busy
D182,2023-10-14 15:47:00,Idle
D182,2023-10-14 16:02:00,Idle
D182,2023-10-14 16:38:00,Busy
D182,2023-10-14 16:52:00,Offline
D182,2023-10-15 12:52:00,Online
D182,2023-10-15 14:23:00,Idle
D182,2023-10-15 15:55:00,Busy
D182,2023-10-15 17:32:00,Busy
D182,2023-10-15 19:05:00,Busy
D182,2023-10-15 20:25:00,Busy
D182,2023-10-15 20:43:00,Busy
D182,2023-10-15 22:36:00,Idle
D182,2023-10-15 23:38:00,Idle
D182,2023-10-16 00:53:00,Busy
D182,2023-10-16 02:26:00,Busy
D182,2023-10-16 02:49:00,Offline
D183,2023-10-04 00:00:00,Online
D183,2023-10-04 01:56:00,Busy
D183,2023-10-04 02:13:00,Idle
D183,2023-10-04 02:54:00,Idle
D183,2023-10-04 03:34:00,Busy
D183,2023-10-04 04:22:00,Busy
D183,2023-10-04 04:50:00,Offline
D183,2023-10-04 20:50:00,Online
D183,2023-10-04 21:18:00,Idle
D183,2023-10-04 23:02:00,Idle
D183,2023-10-04 23:17:00,Idle
D183,2023-10-05 00:03:00,Idle
D183,2023-10-05 00:45:00,Idle
D183,2023-10-05 02:16:00,Busy
D183,2023-10-05 04:09:00,Idle
D183,2023-10-05 06:01:00,Busy
D183,2023-10-05 06:32:00,Offline
D183,2023-10-06 05:32:00,Online
D183,2023-10-06 06:06:00,Busy
D183,2023-10-06 07:51:00,Idle
D183,2023-10-06 09:49:00,Idle
D183,2023-10-06 10:04:00,Busy
D183,2023-10-06 11:34:00,Busy
D183,2023-10-06 12:37:00,Busy
D183,2023-10-06 12:57:00,Idle
D183,2023-10-06 14:05:00,Idle
D183,2023-10-06 14:46:00,Offline
D183,2023-10-07 11:46:00,Online
D183,2023-10-07 13:13:00,Idle
D183,2023-10-07 14:55:00,Idle
D183,2023-10-07 16:04:00,Idle
D183,2023-10-07 16:26:00,Busy
D183,2023-10-07 16:55:00,Offline
D183,2023-10-08 11:55:00,Online
D183,2023-10-08 13:15:00,Busy
D183,2023-10-08 14:34:00,Idle
D183,2023-10-08 15:37:00,Busy
D183,2023-10-08 17:03:00,Idle
D183,2023-10-08 18:50:00,Idle
D183,2023-10-08 19:10:00,Busy
D183,2023-10-08 19:58:00,Busy
D183,2023-10-08 20:27:00,Busy
D183,2023-10-08 21:13:00,Offline
D183,2023-10-09 14:13:00,Online
D183,2023-10-09 16:06:00,Idle
D183,2023-10-09 16:58:00,Busy
D183,2023-10-09 17:53:00,Idle
D183,2023-10-09 18:12:00,Busy
D183,2023-10-09 20:06:00,Busy
D183,2023-10-09 20:23:00,Offline
D183,2023-10-10 16:23:00,Online
D183,2023-10-10 16:57:00,Busy
D183,2023-10-10 18:37:00,Idle
D183,2023-10-10 20:04:00,Busy
D183,2023-10-10 20:54:00,Offline
D184,2023-10-06 00:00:00,Online
D184,2023-10-06 01:53:00,Busy
D184,2023-10-06 02:47:00,Busy
D184,2023-10-06 04:08:00,Busy
D184,2023-10-06 06:04:00,Busy
D184,2023-10-06 07:40:00,Idle
D184,2023-10-06 09:06:00,Busy
D184,2023-10-06 10:38:00,Idle
D184,2023-10-06 12:05:00,Busy
D184,2023-10-06 13:23:00,Idle
D184,2023-10-06 13:33:00,Offline
D184,2023-10-07 06:33:00,Online
D184,2023-10-07 08:25:00,Idle
D184,2023-10-07 09:43:00,Busy
D184,2023-10-07 10:42:00,Idle
D184,2023-10-07 11:00:00,Busy
D184,2023-10-07 11:48:00,Busy
D184,2023-10-07 13:38:00,Idle
D184,2023-10-07 14:00:00,Idle
D184,2023-10-07 14:52:00,Offline
D184,2023-10-08 06:52:00,Online
D184,2023-10-08 08:07:00,Idle
D184,2023-10-08 09:50:00,Busy
D184,2023-10-08 10:22:00,Idle
D184,2023-10-08 12:08:00,Idle
D184,2023-10-08 13:11:00,Idle
D184,2023-10-08 13:25:00,Offline
D184,2023-10-09 01:25:00,Online
D184,2023-10-09 03:01:00,Busy
D184,2023-10-09 03:44:00,Idle
D184,2023-10-09 04:55:00,Busy
D184,2023-10-09 05:17:00,Busy
D184,2023-10-09 05:53:00,Idle
D184,2023-10-09 06:36:00,Offline
D184,2023-10-09 19:36:00,Online
D184,2023-10-09 20:05:00,Idle
D184,2023-10-09 21:19:00,Busy
D184,2023-10-09 23:09:00,Idle
D184,2023-10-09 23:32:00,Busy
D184,2023-10-10 01:03:00,Idle
D184,2023-10-10 01:47:00,Offline
D184,2023-10-10 15:47:00,Online
D184,2023-10-10 16:54:00,Busy
D184,2023-10-10 17:35:00,Idle
D184,2023-10-10 18:53:00,Idle
D184,2023-10-10 19:27:00,Busy
D184,2023-10-10 21:01:00,Idle
D184,2023-10-10 21:57:00,Busy
D184,2023-10-10 22:44:00,Busy
D184,2023-10-11 00:04:00,Busy
D184,2023-10-11 00:45:00,Offline
D184,2023-10-11 19:45:00,Online
D184,2023-10-11 20:10:00,Idle
D184,2023-10-11 21:14:00,Idle
D184,2023-10-11 22:26:00,Idle
D184,2023-10-12 00:26:00,Idle
D184,2023-10-12 02:12:00,Busy
D184,2023-10-12 03:44:00,Busy
D184,2023-10-12 05:31:00,Busy
D184,2023-10-12 06:58:00,Idle
D184,2023-10-12 08:18:00,Idle
D184,2023-10-12 09:50:00,Busy
D184,2023-10-12 10:33:00,Offline
D184,2023-10-13 04:33:00,Online
D184,2023-10-13 05:32:00,Busy
D184,2023-10-13 06:07:00,Idle
D184,2023-10-13 06:59:00,Idle
D184,2023-10-13 07:59:00,Offline
D184,2023-10-14 06:59:00,Online
D184,2023-10-14 07:49:00,Busy
D184,2023-10-14 08:44:00,Idle
D184,2023-10-14 09:34:00,Busy
D184,2023-10-14 11:00:00,Busy
D184,2023-10-14 11:49:00,Offline
D184,2023-10-15 00:49:00,Online
D184,2023-10-15 01:31:00,Idle
D184,2023-10-15 02:17:00,Idle
D184,2023-10-15 03:37:00,Busy
D184,2023-10-15 04:23:00,Idle
D184,2023-10-15 05:07:00,Busy
D184,2023-10-15 05:47:00,Idle
D184,2023-10-15 06:28:00,Busy
D184,2023-10-15 07:26:00,Offline
D185,2023-10-04 00:00:00,Online
D185,2023-10-04 00:17:00,Idle
D185,2023-10-04 00:52:00,Busy
D185,2023-10-04 01:16:00,Idle
D185,2023-10-04 01:49:00,Offline
D185,2023-10-04 17:49:00,Online
D185,2023-10-04 18:32:00,Busy
D185,2023-10-04 19:10:00,Busy
D185,2023-10-04 20:23:00,Busy
D185,2023-10-04 21:48:00,Idle
D185,2023-10-04 23:32:00,Busy
D185,2023-10-05 01:30:00,Idle
D185,2023-10-05 02:34:00,Busy
D185,2023-10-05 02:55:00,Busy
D185,2023-10-05 04:19:00,Busy
D185,2023-10-05 04:43:00,Offline
D185,2023-10-06 02:43:00,Online
D185,2023-10-06 03:12:00,Idle
D185,2023-10-06 04:45:00,Idle
D185,2023-10-06 05:56:00,Idle
D185,2023-10-06 06:35:00,Busy
D185,2023-10-06 07:05:00,Busy
D185,2023-10-06 07:50:00,Busy
D185,2023-10-06 09:38:00,Busy
D185,2023-10-06 10:55:00,Busy
D185,2023-10-06 11:52:00,Offline
D185,2023-10-07 10:52:00,Online
D185,2023-10-07 12:23:00,Busy
D185,2023-10-07 14:20:00,Idle
D185,2023-10-07 15:50:00,Idle
D185,2023-10-07 17:49:00,Idle
D185,2023-10-07 19:10:00,Idle
D185,2023-10-07 19:48:00,Offline
D185,2023-10-08 14:48:00,Online
D185,2023-10-08 16:25:00,Idle
D185,2023-10-08 17:15:00,Busy
D185,2023-10-08 18:09:00,Idle
D185,2023-10-08 18:49:00,Offline
D185,2023-10-09 09:49:00,Online
D185,2023-10-09 10:46:00,Idle
D185,2023-10-09 11:31:00,Busy
D185,2023-10-09 12:28:00,Busy
D185,2023-10-09 13:03:00,Idle
D185,2023-10-09 13:28:00,Busy
D185,2023-10-09 14:34:00,Busy
D185,2023-10-09 16:24:00,Busy
D185,2023-10-09 17:22:00,Busy
D185,2023-10-09 19:11:00,Busy
D185,2023-10-09 19:54:00,Offline
D185,2023-10-10 17:54:00,Online
D185,2023-10-10 18:34:00,Idle
D185,2023-10-10 18:50:00,Idle
D185,2023-10-10 19:57:00,Busy
D185,2023-10-10 21:14:00,Idle
D185,2023-10-10 22:24:00,Idle
D185,2023-10-11 00:00:00,Busy
D185,2023-10-11 00:33:00,Idle
D185,2023-10-11 00:57:00,Busy
D185,2023-10-11 02:25:00,Idle
D185,2023-10-11 03:54:00,Idle
D185,2023-10-11 04:29:00,Offline
D185,2023-10-11 22:29:00,Online
D185,2023-10-11 23:38:00,Busy
D185,2023-10-12 01:24:00,Idle
D185,2023-10-12 02:43:00,Idle
D185,2023-10-12 03:31:00,Idle
D185,2023-10-12 04:55:00,Idle
D185,2023-10-12 05:21:00,Busy
D185,2023-10-12 07:15:00,Busy
D185,2023-10-12 09:06:00,Busy
D185,2023-10-12 10:27:00,Idle
D185,2023-10-12 10:58:00,Offline
D185,2023-10-13 09:58:00,Online
D185,2023-10-13 10:42:00,Idle
D185,2023-10-13 12:20:00,Busy
D185,2023-10-13 13:28:00,Busy
D185,2023-10-13 15:04:00,Idle
D185,2023-10-13 16:25:00,Busy
D185,2023-10-13 17:11:00,Idle
D185,2023-10-13 18:53:00,Busy
D185,2023-10-13 19:27:00,Busy
D185,2023-10-13 20:14:00,Busy
D185,2023-10-13 20:50:00,Offline
D185,2023-10-14 12:50:00,Online
D185,2023-10-14 13:47:00,Idle
D185,2023-10-14 15:30:00,Idle
D185,2023-10-14 16:29:00,Busy
D185,2023-10-14 16:57:00,Idle
D185,2023-10-14 17:17:00,Busy
D185,2023-10-14 18:14:00,Busy
D185,2023-10-14 18:46:00,Idle
D185,2023-10-14 19:28:00,Offline
D185,2023-10-15 15:28:00,Online
D185,2023-10-15 16:22:00,Idle
D185,2023-10-15 17:34:00,Busy
D185,2023-10-15 18:31:00,Busy
D185,2023-10-15 19:28:00,Busy
D185,2023-10-15 21:07:00,Busy
D185,2023-10-15 21:55:00,Idle
D185,2023-10-15 22:21:00,Busy
D185,2023-10-15 23:32:00,Busy
D185,2023-10-16 00:11:00,Idle
D185,2023-10-16 01:28:00,Idle
D185,2023-10-16 02:02:00,Offline
D185,2023-10-16 15:02:00,Online
D185,2023-10-16 16:15:00,Busy
D185,2023-10-16 17:52:00,Busy
D185,2023-10-16 18:18:00,Busy
D185,2023-10-16 18:58:00,Idle
D185,2023-10-16 20:00:00,Idle
D185,2023-10-16 20:49:00,Busy
D185,2023-10-16 21:38:00,Busy
D185,2023-10-16 22:26:00,Idle
D185,2023-10-16 22:41:00,Idle
D185,2023-10-16 22:57:00,Busy
D185,2023-10-16 23:51:00,Offline
D186,2023-10-02 00:00:00,Online
D186,2023-10-02 00:34:00,Idle
D186,2023-10-02 01:58:00,Busy
D186,2023-10-02 02:44:00,Idle
D186,2023-10-02 03:16:00,Offline
D186,2023-10-02 19:16:00,Online
D186,2023-10-02 20:35:00,Busy
D186,2023-10-02 22:35:00,Busy
D186,2023-10-02 23:12:00,Busy
D186,2023-10-03 00:20:00,Busy
D186,2023-10-03 00:46:00,Offline
D186,2023-10-03 15:46:00,Online
D186,2023-10-03 16:22:00,Busy
D186,2023-10-03 17:08:00,Busy
D186,2023-10-03 18:29:00,Busy
D186,2023-10-03 19:15:00,Offline
D186,2023-10-04 17:15:00,Online
D186,2023-10-04 17:49:00,Idle
D186,2023-10-04 18:55:00,Idle
D186,2023-10-04 19:33:00,Busy
D186,2023-10-04 21:08:00,Idle
D186,2023-10-04 22:26:00,Busy
D186,2023-10-05 00:04:00,Busy
D186,2023-10-05 00:39:00,Busy
D186,2023-10-05 01:03:00,Idle
D186,2023-10-05 03:00:00,Busy
D186,2023-10-05 04:49:00,Busy
D186,2023-10-05 05:38:00,Offline
D186,2023-10-06 03:38:00,Online
D186,2023-10-06 04:09:00,Busy
D186,2023-10-06 05:54:00,Idle
D186,2023-10-06 06:38:00,Idle
D186,2023-10-06 08:19:00,Idle
D186,2023-10-06 09:24:00,Idle
D186,2023-10-06 11:10:00,Idle
D186,2023-10-06 12:28:00,Busy
D186,2023-10-06 13:27:00,Idle
D186,2023-10-06 13:47:00,Busy
D186,2023-10-06 14:21:00,Busy
D186,2023-10-06 15:04:00,Offline
D186,2023-10-07 15:04:00,Online
D186,2023-10-07 16:29:00,Idle
D186,2023-10-07 16:45:00,Busy
D186,2023-10-07 17:44:00,Idle
D186,2023-10-07 18:37:00,Offline
D186,2023-10-08 11:37:00,Online
D186,2023-10-08 12:17:00,Idle
D186,2023-10-08 14:05:00,Busy
D186,2023-10-08 15:10:00,Idle
D186,2023-10-08 15:33:00,Idle
D186,2023-10-08 16:15:00,Idle
D186,2023-10-08 17:09:00,Busy
D186,2023-10-08 18:53:00,Idle
D186,2023-10-08 20:06:00,Idle
D186,2023-10-08 21:17:00,Busy
D186,2023-10-08 22:04:00,Offline
D186,2023-10-09 13:04:00,Online
D186,2023-10-09 14:39:00,Busy
D186,2023-10-09 15:24:00,Busy
D186,2023-10-09 16:18:00,Idle
D186,2023-10-09 17:09:00,Busy
D186,2023-10-09 18:19:00,Idle
D186,2023-10-09 18:31:00,Offline
D186,2023-10-10 09:31:00,Online
D186,2023-10-10 09:50:00,Idle
D186,2023-10-10 11:40:00,Busy
D186,2023-10-10 12:30:00,Idle
D186,2023-10-10 13:14:00,Offline
D186,2023-10-11 10:14:00,Online
D186,2023-10-11 11:32:00,Busy
D186,2023-10-11 11:53:00,Busy
D186,2023-10-11 13:04:00,Idle
D186,2023-10-11 13:37:00,Busy
D186,2023-10-11 14:30:00,Busy
D186,2023-10-11 14:47:00,Idle
D186,2023-10-11 15:26:00,Idle
D186,2023-10-11 16:04:00,Idle
D186,2023-10-11 17:00:00,Idle
D186,2023-10-11 17:16:00,Offline
D186,2023-10-12 05:16:00,Online
D186,2023-10-12 06:11:00,Idle
D186,2023-10-12 06:44:00,Busy
D186,2023-10-12 08:06:00,Busy
D186,2023-10-12 09:49:00,Idle
D186,2023-10-12 10:17:00,Idle
D186,2023-10-12 10:49:00,Busy
D186,2023-10-12 11:17:00,Offline
D186,2023-10-13 04:17:00,Online
D186,2023-10-13 05:50:00,Idle
D186,2023-10-13 06:48:00,Idle
D186,2023-10-13 07:12:00,Idle
D186,2023-10-13 09:11:00,Idle
D186,2023-10-13 09:28:00,Busy
D186,2023-10-13 11:06:00,Busy
D186,2023-10-13 11:46:00,Idle
D186,2023-10-13 12:10:00,Offline
D186,2023-10-14 04:10:00,Online
D186,2023-10-14 04:50:00,Busy
D186,2023-10-14 05:41:00,Busy
D186,2023-10-14 05:56:00,Busy
D186,2023-10-14 07:54:00,Idle
D186,2023-10-14 09:39:00,Busy
D186,2023-10-14 10:37:00,Offline
D186,2023-10-15 02:37:00,Online
D186,2023-10-15 03:20:00,Idle
D186,2023-10-15 04:31:00,Busy
D186,2023-10-15 06:14:00,Idle
D186,2023-10-15 07:31:00,Busy
D186,2023-10-15 08:12:00,Idle
D186,2023-10-15 09:20:00,Busy
D186,2023-10-15 09:39:00,Idle
D186,2023-10-15 10:27:00,Offline
D187,2023-10-02 00:00:00,Online
D187,2023-10-02 00:59:00,Busy
D187,2023-10-02 02:59:00,Idle
D187,2023-10-02 03:41:00,Busy
D187,2023-10-02 04:49:00,Busy
D187,2023-10-02 06:01:00,Busy
D187,2023-10-02 06:56:00,Busy
D187,2023-10-02 07:12:00,Idle
D187,2023-10-02 08:18:00,Busy
D187,2023-10-02 09:01:00,Offline
D187,2023-10-03 01:01:00,Online
D187,2023-10-03 01:27:00,Idle
D187,2023-10-03 02:31:00,Idle
D187,2023-10-03 02:52:00,Busy
D187,2023-10-03 04:39:00,Busy
D187,2023-10-03 05:37:00,Idle
D187,2023-10-03 06:10:00,Idle
D187,2023-10-03 06:31:00,Busy
D187,2023-10-03 07:50:00,Busy
D187,2023-10-03 08:24:00,Idle
D187,2023-10-03 08:57:00,Offline
D187,2023-10-03 22:57:00,Online
D187,2023-10-04 00:46:00,Idle
D187,2023-10-04 01:50:00,Idle
D187,2023-10-04 03:32:00,Idle
D187,2023-10-04 05:00:00,Idle
D187,2023-10-04 05:42:00,Offline
D187,2023-10-04 20:42:00,Online
D187,2023-10-04 20:57:00,Busy
D187,2023-10-04 22:15:00,Idle
D187,2023-10-04 22:55:00,Idle
D187,2023-10-04 23:40:00,Busy
D187,2023-10-05 00:20:00,Offline
D187,2023-10-05 13:20:00,Online
D187,2023-10-05 13:44:00,Busy
D187,2023-10-05 14:22:00,Busy
D187,2023-10-05 15:36:00,Busy
D187,2023-10-05 16:59:00,Idle
D187,2023-10-05 18:03:00,Idle
D187,2023-10-05 18:21:00,Idle
D187,2023-10-05 20:02:00,Busy
D187,2023-10-05 20:21:00,Busy
D187,2023-10-05 20:59:00,Busy
D187,2023-10-05 21:20:00,Offline
D187,2023-10-06 11:20:00,Online
D187,2023-10-06 11:40:00,Busy
D187,2023-10-06 13:02:00,Idle
D187,2023-10-06 13:35:00,Busy
D187,2023-10-06 13:51:00,Offline
D187,2023-10-07 09:51:00,Online
D187,2023-10-07 11:36:00,Idle
D187,2023-10-07 12:21:00,Busy
D187,2023-10-07 14:13:00,Busy
D187,2023-10-07 15:08:00,Idle
D187,2023-10-07 16:02:00,Busy
D187,2023-10-07 17:18:00,Idle
D187,2023-10-07 17:45:00,Idle
D187,2023-10-07 19:23:00,Busy
D187,2023-10-07 21:17:00,Busy
D187,2023-10-07 22:07:00,Busy
D187,2023-10-07 23:00:00,Offline
D187,2023-10-08 13:00:00,Online
D187,2023-10-08 13:29:00,Idle
D187,2023-10-08 14:24:00,Busy
D187,2023-10-08 15:42:00,Busy
D187,2023-10-08 17:17:00,Idle
D187,2023-10-08 17:33:00,Offline
D187,2023-10-09 17:33:00,Online
D187,2023-10-09 19:04:00,Idle
D187,2023-10-09 19:47:00,Idle
D187,2023-10-09 20:54:00,Busy
D187,2023-10-09 21:33:00,Busy
D187,2023-10-09 22:26:00,Busy
D187,2023-10-09 23:22:00,Idle
D187,2023-10-10 00:51:00,Busy
D187,2023-10-10 01:06:00,Idle
D187,2023-10-10 01:49:00,Offline
D188,2023-10-06 00:00:00,Online
D188,2023-10-06 01:36:00,Busy
D188,2023-10-06 02:42:00,Busy
D188,2023-10-06 03:09:00,Busy
D188,2023-10-06 04:57:00,Busy
D188,2023-10-06 05:55:00,Busy
D188,2023-10-06 06:51:00,Idle
D188,2023-10-06 08:47:00,Idle
D188,2023-10-06 10:39:00,Busy
D188,2023-10-06 11:37:00,Busy
D188,2023-10-06 12:19:00,Offline
D188,2023-10-07 04:19:00,Online
D188,2023-10-07 05:32:00,Busy
D188,2023-10-07 06:27:00,Idle
D188,2023-10-07 08:22:00,Busy
D188,2023-10-07 09:02:00,Offline
D188,2023-10-07 21:02:00,Online
D188,2023-10-07 22:07:00,Busy
D188,2023-10-07 23:36:00,Idle
D188,2023-10-07 23:58:00,Busy
D188,2023-10-08 00:51:00,Offline
D188,2023-10-08 18:51:00,Online
D188,2023-10-08 20:16:00,Idle
D188,2023-10-08 21:35:00,Busy
D188,2023-10-08 23:18:00,Busy
D188,2023-10-09 00:19:00,Busy
D188,2023-10-09 00:40:00,Idle
D188,2023-10-09 02:20:00,Idle
D188,2023-10-09 03:59:00,Idle
D188,2023-10-09 04:49:00,Offline
D188,2023-10-09 21:49:00,Online
D188,2023-10-09 23:12:00,Busy
D188,2023-10-10 00:47:00,Busy
D188,2023-10-10 01:38:00,Idle
D188,2023-10-10 02:23:00,Busy
D188,2023-10-10 04:04:00,Busy
D188,2023-10-10 04:26:00,Busy
D188,2023-10-10 04:46:00,Idle
D188,2023-10-10 06:38:00,Busy
D188,2023-10-10 07:48:00,Idle
D188,2023-10-10 08:38:00,Busy
D188,2023-10-10 08:59:00,Offline
D188,2023-10-11 03:59:00,Online
D188,2023-10-11 04:57:00,Idle
D188,2023-10-11 05:35:00,Busy
D188,2023-10-11 06:20:00,Idle
D188,2023-10-11 07:56:00,Busy
D188,2023-10-11 09:46:00,Busy
D188,2023-10-11 10:31:00,Busy
D188,2023-10-11 12:01:00,Busy
D188,2023-10-11 13:54:00,Busy
D188,2023-10-11 15:17:00,Idle
D188,2023-10-11 16:44:00,Idle
D188,2023-10-11 16:58:00,Offline
D188,2023-10-12 06:58:00,Online
D188,2023-10-12 08:41:00,Idle
D188,2023-10-12 10:10:00,Busy
D188,2023-10-12 10:48:00,Busy
D188,2023-10-12 11:03:00,Busy
D188,2023-10-12 12:30:00,Idle
D188,2023-10-12 14:21:00,Busy
D188,2023-10-12 16:11:00,Busy
D188,2023-10-12 18:11:00,Busy
D188,2023-10-12 18:34:00,Idle
D188,2023-10-12 19:07:00,Offline
D188,2023-10-13 08:07:00,Online
D188,2023-10-13 08:57:00,Idle
D188,2023-10-13 10:19:00,Idle
D188,2023-10-13 11:09:00,Busy
D188,2023-10-13 11:56:00,Busy
D188,2023-10-13 13:37:00,Busy
D188,2023-10-13 15:37:00,Idle
D188,2023-10-13 16:47:00,Idle
D188,2023-10-13 17:44:00,Offline
D188,2023-10-14 11:44:00,Online
D188,2023-10-14 13:24:00,Idle
D188,2023-10-14 13:57:00,Idle
D188,2023-10-14 14:48:00,Busy
D188,2023-10-14 16:21:00,Idle
D188,2023-10-14 17:35:00,Busy
D188,2023-10-14 19:00:00,Idle
D188,2023-10-14 19:28:00,Idle
D188,2023-10-14 20:22:00,Offline
D188,2023-10-15 13:22:00,Online
D188,2023-10-15 14:00:00,Idle
D188,2023-10-15 15:03:00,Idle
D188,2023-10-15 16:26:00,Busy
D188,2023-10-15 17:16:00,Idle
D188,2023-10-15 19:14:00,Idle
D188,2023-10-15 21:14:00,Busy
D188,2023-10-15 21:35:00,Offline
D189,2023-10-06 00:00:00,Online
D189,2023-10-06 00:44:00,Idle
D189,2023-10-06 01:45:00,Busy
D189,2023-10-06 03:13:00,Idle
D189,2023-10-06 04:10:00,Offline
D189,2023-10-07 00:10:00,Online
D189,2023-10-07 01:21:00,Busy
D189,2023-10-07 03:20:00,Busy
D189,2023-10-07 04:30:00,Idle
D189,2023-10-07 04:46:00,Busy
D189,2023-10-07 05:15:00,Idle
D189,2023-10-07 06:12:00,Idle
D189,2023-10-07 06:49:00,Busy
D189,2023-10-07 07:36:00,Offline
D189,2023-10-07 20:36:00,Online
D189,2023-10-07 21:25:00,Busy
D189,2023-10-07 23:11:00,Idle
D189,2023-10-08 00:20:00,Busy
D189,2023-10-08 02:12:00,Busy
D189,2023-10-08 03:42:00,Idle
D189,2023-10-08 04:44:00,Idle
D189,2023-10-08 06:06:00,Idle
D189,2023-10-08 06:59:00,Idle
D189,2023-10-08 07:56:00,Offline
D189,2023-10-08 22:56:00,Online
D189,2023-10-08 23:42:00,Idle
D189,2023-10-09 01:03:00,Busy
D189,2023-10-09 01:33:00,Idle
D189,2023-10-09 03:17:00,Idle
D189,2023-10-09 04:04:00,Idle
D189,2023-10-09 05:53:00,Busy
D189,2023-10-09 06:13:00,Idle
D189,2023-10-09 07:51:00,Busy
D189,2023-10-09 08:05:00,Offline
D189,2023-10-10 06:05:00,Online
D189,2023-10-10 06:21:00,Busy
D189,2023-10-10 07:57:00,Idle
D189,2023-10-10 09:06:00,Busy
D189,2023-10-10 09:28:00,Busy
D189,2023-10-10 10:43:00,Busy
D189,2023-10-10 12:33:00,Busy
D189,2023-10-10 13:57:00,Idle
D189,2023-10-10 15:45:00,Busy
D189,2023-10-10 17:03:00,Idle
D189,2023-10-10 17:18:00,Idle
D189,2023-10-10 17:33:00,Offline
D189,2023-10-11 06:33:00,Online
D189,2023-10-11 07:52:00,Busy
D189,2023-10-11 08:17:00,Busy
D189,2023-10-11 10:14:00,Idle
D189,2023-10-11 11:13:00,Offline
D189,2023-10-12 02:13:00,Online
D189,2023-10-12 03:48:00,Busy
D189,2023-10-12 04:42:00,Busy
D189,2023-10-12 06:32:00,Idle
D189,2023-10-12 07:37:00,Busy
D189,2023-10-12 08:44:00,Busy
D189,2023-10-12 10:01:00,Busy
D189,2023-10-12 10:25:00,Busy
D189,2023-10-12 11:21:00,Offline
D189,2023-10-13 00:21:00,Online
D189,2023-10-13 01:39:00,Idle
D189,2023-10-13 02:32:00,Idle
D189,2023-10-13 03:11:00,Idle
D189,2023-10-13 04:46:00,Busy
D189,2023-10-13 05:54:00,Idle
D189,2023-10-13 07:06:00,Idle
D189,2023-10-13 08:57:00,Busy
D189,2023-10-13 10:25:00,Busy
D189,2023-10-13 11:51:00,Busy
D189,2023-10-13 12:30:00,Offline
D189,2023-10-14 10:30:00,Online
D189,2023-10-14 12:14:00,Busy
D189,2023-10-14 13:19:00,Busy
D189,2023-10-14 14:27:00,Busy
D189,2023-10-14 15:37:00,Idle
D189,2023-10-14 16:24:00,Busy
D189,2023-10-14 16:59:00,Busy
D189,2023-10-14 17:40:00,Busy
D189,2023-10-14 17:58:00,Idle
D189,2023-10-14 18:50:00,Offline
D189,2023-10-15 08:50:00,Online
D189,2023-10-15 10:23:00,Busy
D189,2023-10-15 11:53:00,Idle
D189,2023-10-15 13:05:00,Busy
D189,2023-10-15 14:57:00,Busy
D189,2023-10-15 16:28:00,Idle
D189,2023-10-15 17:20:00,Offline
D190,2023-10-06 00:00:00,Online
D190,2023-10-06 00:30:00,Idle
D190,2023-10-06 01:31:00,Busy
D190,2023-10-06 02:30:00,Busy
D190,2023-10-06 03:29:00,Idle
D190,2023-10-06 04:11:00,Offline
D190,2023-10-06 16:11:00,Online
D190,2023-10-06 16:49:00,Idle
D190,2023-10-06 18:34:00,Idle
D190,2023-10-06 19:13:00,Idle
D190,2023-10-06 21:04:00,Idle
D190,2023-10-06 21:25:00,Busy
D190,2023-10-06 22:50:00,Busy
D190,2023-10-07 00:31:00,Busy
D190,2023-10-07 00:57:00,Busy
D190,2023-10-07 02:38:00,Busy
D190,2023-10-07 03:56:00,Idle
D190,2023-10-07 04:25:00,Offline
D190,2023-10-07 17:25:00,Online
D190,2023-10-07 18:21:00,Idle
D190,2023-10-07 19:23:00,Busy
D190,2023-10-07 19:56:00,Busy
D190,2023-10-07 21:36:00,Idle
D190,2023-10-07 21:46:00,Offline
D190,2023-10-08 11:46:00,Online
D190,2023-10-08 13:28:00,Idle
D190,2023-10-08 15:09:00,Idle
D190,2023-10-08 15:54:00,Busy
D190,2023-10-08 17:38:00,Busy
D190,2023-10-08 18:22:00,Busy
D190,2023-10-08 19:45:00,Idle
D190,2023-10-08 21:28:00,Idle
D190,2023-10-08 21:44:00,Offline
D190,2023-10-09 15:44:00,Online
D190,2023-10-09 17:21:00,Idle
D190,2023-10-09 18:34:00,Idle
D190,2023-10-09 20:31:00,Idle
D190,2023-10-09 21:27:00,Busy
D190,2023-10-09 23:06:00,Busy
D190,2023-10-10 00:44:00,Idle
D190,2023-10-10 01:20:00,Busy
D190,2023-10-10 01:51:00,Busy
D190,2023-10-10 03:48:00,Busy
D190,2023-10-10 05:18:00,Idle
D190,2023-10-10 05:33:00,Offline
D190,2023-10-11 02:33:00,Online
D190,2023-10-11 03:25:00,Idle
D190,2023-10-11 03:57:00,Busy
D190,2023-10-11 04:40:00,Idle
D190,2023-10-11 06:14:00,Idle
D190,2023-10-11 06:27:00,Offline
D190,2023-10-11 20:27:00,Online
D190,2023-10-11 21:45:00,Busy
D190,2023-10-11 23:05:00,Idle
D190,2023-10-11 23:57:00,Busy
D190,2023-10-12 01:45:00,Idle
D190,2023-10-12 03:03:00,Idle
D190,2023-10-12 04:39:00,Busy
D190,2023-10-12 06:08:00,Idle
D190,2023-10-12 07:21:00,Busy
D190,2023-10-12 07:37:00,Idle
D190,2023-10-12 07:56:00,Idle
D190,2023-10-12 08:45:00,Offline
D190,2023-10-13 01:45:00,Online
D190,2023-10-13 03:22:00,Busy
D190,2023-10-13 04:37:00,Busy
D190,2023-10-13 06:22:00,Idle
D190,2023-10-13 07:44:00,Idle
D190,2023-10-13 08:55:00,Idle
D190,2023-10-13 09:40:00,Busy
D190,2023-10-13 09:55:00,Offline
D190,2023-10-14 09:55:00,Online
D190,2023-10-14 11:53:00,Idle
D190,2023-10-14 12:15:00,Idle
D190,2023-10-14 13:52:00,Busy
D190,2023-10-14 14:53:00,Idle
D190,2023-10-14 16:29:00,Busy
D190,2023-10-14 16:41:00,Offline
D190,2023-10-15 06:41:00,Online
D190,2023-10-15 07:01:00,Busy
D190,2023-10-15 08:03:00,Busy
D190,2023-10-15 09:32:00,Busy
D190,2023-10-15 09:52:00,Offline
D190,2023-10-16 03:52:00,Online
D190,2023-10-16 04:36:00,Busy
D190,2023-10-16 06:15:00,Idle
D190,2023-10-16 07:51:00,Busy
D190,2023-10-16 08:28:00,Offline
D190,2023-10-17 05:28:00,Online
D190,2023-10-17 07:08:00,Busy
D190,2023-10-17 08:51:00,Busy
D190,2023-10-17 10:08:00,Busy
D190,2023-10-17 10:53:00,Idle
D190,2023-10-17 11:32:00,Idle
D190,2023-10-17 11:55:00,Offline
D191,2023-10-06 00:00:00,Online
D191,2023-10-06 00:45:00,Idle
D191,2023-10-06 01:46:00,Busy
D191,2023-10-06 03:32:00,Idle
D191,2023-10-06 05:23:00,Busy
D191,2023-10-06 05:40:00,Idle
D191,2023-10-06 05:55:00,Offline
D191,2023-10-06 20:55:00,Online
D191,2023-10-06 22:37:00,Busy
D191,2023-10-06 23:43:00,Busy
D191,2023-10-07 01:07:00,Idle
D191,2023-10-07 01:40:00,Busy
D191,2023-10-07 02:15:00,Offline
D191,2023-10-07 22:15:00,Online
D191,2023-10-07 22:58:00,Busy
D191,2023-10-08 00:11:00,Busy
D191,2023-10-08 01:29:00,Busy
D191,2023-10-08 02:02:00,Idle
D191,2023-10-08 04:02:00,Idle
D191,2023-10-08 04:32:00,Busy
D191,2023-10-08 06:31:00,Busy
D191,2023-10-08 07:12:00,Offline
D191,2023-10-09 07:12:00,Online
D191,2023-10-09 09:05:00,Busy
D191,2023-10-09 09:40:00,Busy
D191,2023-10-09 11:31:00,Idle
D191,2023-10-09 13:25:00,Busy
D191,2023-10-09 14:45:00,Idle
D191,2023-10-09 15:20:00,Busy
D191,2023-10-09 15:51:00,Idle
D191,2023-10-09 16:21:00,Idle
D191,2023-10-09 17:14:00,Busy
D191,2023-10-09 19:06:00,Idle
D191,2023-10-09 19:57:00,Offline
D191,2023-10-10 11:57:00,Online
D191,2023-10-10 13:15:00,Idle
D191,2023-10-10 14:32:00,Busy
D191,2023-10-10 16:03:00,Idle
D191,2023-10-10 17:49:00,Idle
D191,2023-10-10 18:18:00,Busy
D191,2023-10-10 19:53:00,Idle
D191,2023-10-10 20:26:00,Idle
D191,2023-10-10 22:09:00,Busy
D191,2023-10-10 22:33:00,Idle
D191,2023-10-10 23:07:00,Busy
D191,2023-10-10 23:30:00,Offline
D191,2023-10-11 22:30:00,Online
D191,2023-10-11 22:46:00,Busy
D191,2023-10-11 23:15:00,Busy
D191,2023-10-11 23:30:00,Busy
D191,2023-10-11 23:51:00,Busy
D191,2023-10-12 00:23:00,Busy
D191,2023-10-12 00:58:00,Busy
D191,2023-10-12 01:54:00,Offline
D191,2023-10-12 16:54:00,Online
D191,2023-10-12 18:32:00,Idle
D191,2023-10-12 18:55:00,Busy
D191,2023-10-12 20:01:00,Busy
D191,2023-10-12 21:03:00,Idle
D191,2023-10-12 21:13:00,Offline
D192,2023-10-05 00:00:00,Online
D192,2023-10-05 01:00:00,Idle
D192,2023-10-05 02:37:00,Busy
D192,2023-10-05 04:21:00,Busy
D192,2023-10-05 04:45:00,Idle
D192,2023-10-05 05:49:00,Busy
D192,2023-10-05 06:18:00,Offline
D192,2023-10-05 18:18:00,Online
D192,2023-10-05 19:17:00,Idle
D192,2023-10-05 20:35:00,Busy
D192,2023-10-05 21:01:00,Idle
D192,2023-10-05 22:18:00,Busy
D192,2023-10-05 22:50:00,Offline
D192,2023-10-06 11:50:00,Online
D192,2023-10-06 13:02:00,Idle
D192,2023-10-06 13:51:00,Busy
D192,2023-10-06 15:07:00,Idle
D192,2023-10-06 16:05:00,Idle
D192,2023-10-06 17:33:00,Busy
D192,2023-10-06 18:56:00,Idle
D192,2023-10-06 20:17:00,Busy
D192,2023-10-06 20:37:00,Idle
D192,2023-10-06 21:01:00,Offline
D192,2023-10-07 20:01:00,Online
D192,2023-10-07 21:12:00,Busy
D192,2023-10-07 21:53:00,Idle
D192,2023-10-07 23:18:00,Busy
D192,2023-10-07 23:58:00,Idle
D192,2023-10-08 01:53:00,Busy
D192,2023-10-08 03:34:00,Idle
D192,2023-10-08 04:49:00,Idle
D192,2023-10-08 06:36:00,Busy
D192,2023-10-08 07:25:00,Idle
D192,2023-10-08 07:52:00,Offline
D192,2023-10-08 21:52:00,Online
D192,2023-10-08 23:27:00,Idle
D192,2023-10-08 23:54:00,Busy
D192,2023-10-09 01:02:00,Idle
D192,2023-10-09 02:48:00,Idle
D192,2023-10-09 03:15:00,Busy
D192,2023-10-09 04:32:00,Idle
D192,2023-10-09 04:51:00,Busy
D192,2023-10-09 05:30:00,Idle
D192,2023-10-09 06:50:00,Idle
D192,2023-10-09 07:46:00,Offline
D192,2023-10-10 01:46:00,Online
D192,2023-10-10 02:05:00,Idle
D192,2023-10-10 03:05:00,Busy
D192,2023-10-10 03:22:00,Busy
D192,2023-10-10 04:11:00,Offline
D192,2023-10-10 21:11:00,Online
D192,2023-10-10 22:45:00,Idle
D192,2023-10-10 23:05:00,Idle
D192,2023-10-10 23:32:00,Busy
D192,2023-10-10 23:47:00,Busy
D192,2023-10-11 01:47:00,Idle
D192,2023-10-11 03:40:00,Idle
D192,2023-10-11 04:02:00,Idle
D192,2023-10-11 04:18:00,Idle
D192,2023-10-11 05:00:00,Offline
D193,2023-10-06 00:00:00,Online
D193,2023-10-06 01:20:00,Idle
D193,2023-10-06 02:15:00,Idle
D193,2023-10-06 03:13:00,Idle
D193,2023-10-06 04:10:00,Idle
D193,2023-10-06 05:56:00,Busy
D193,2023-10-06 07:33:00,Busy
D193,2023-10-06 08:36:00,Busy
D193,2023-10-06 09:56:00,Idle
D193,2023-10-06 10:55:00,Idle
D193,2023-10-06 11:20:00,Busy
D193,2023-10-06 12:13:00,Offline
D193,2023-10-07 12:13:00,Online
D193,2023-10-07 13:48:00,Idle
D193,2023-10-07 14:23:00,Idle
D193,2023-10-07 14:56:00,Busy
D193,2023-10-07 16:53:00,Busy
D193,2023-10-07 17:10:00,Busy
D193,2023-10-07 17:51:00,Offline
D193,2023-10-08 06:51:00,Online
D193,2023-10-08 07:49:00,Busy
D193,2023-10-08 09:44:00,Busy
D193,2023-10-08 10:25:00,Busy
D193,2023-10-08 11:39:00,Busy
D193,2023-10-08 13:12:00,Busy
D193,2023-10-08 14:49:00,Busy
D193,2023-10-08 15:16:00,Busy
D193,2023-10-08 16:09:00,Offline
D193,2023-10-09 06:09:00,Online
D193,2023-10-09 06:45:00,Idle
D193,2023-10-09 07:14:00,Idle
D193,2023-10-09 07:31:00,Busy
D193,2023-10-09 07:57:00,Busy
D193,2023-10-09 09:16:00,Busy
D193,2023-10-09 10:28:00,Idle
D193,2023-10-09 11:07:00,Busy
D193,2023-10-09 12:41:00,Busy
D193,2023-10-09 13:21:00,Offline
D193,2023-10-10 07:21:00,Online
D193,2023-10-10 08:25:00,Idle
D193,2023-10-10 09:09:00,Busy
D193,2023-10-10 11:04:00,Idle
D193,2023-10-10 12:38:00,Idle
D193,2023-10-10 14:08:00,Busy
D193,2023-10-10 15:29:00,Idle
D193,2023-10-10 16:29:00,Busy
D193,2023-10-10 17:20:00,Idle
D193,2023-10-10 18:48:00,Busy
D193,2023-10-10 19:02:00,Offline
D193,2023-10-11 08:02:00,Online
D193,2023-10-11 09:34:00,Busy
D193,2023-10-11 10:35:00,Busy
D193,2023-10-11 12:12:00,Busy
D193,2023-10-11 14:01:00,Busy
D193,2023-10-11 15:35:00,Idle
D193,2023-10-11 15:52:00,Offline
D193,2023-10-12 06:52:00,Online
D193,2023-10-12 07:24:00,Busy
D193,2023-10-12 08:59:00,Idle
D193,2023-10-12 10:57:00,Busy
D193,2023-10-12 11:31:00,Busy
D193,2023-10-12 11:52:00,Busy
D193,2023-10-12 13:38:00,Idle
D193,2023-10-12 14:12:00,Busy
D193,2023-10-12 14:58:00,Busy
D193,2023-10-12 16:12:00,Idle
D193,2023-10-12 16:41:00,Idle
D193,2023-10-12 17:21:00,Offline
D193,2023-10-13 17:21:00,Online
D193,2023-10-13 17:38:00,Idle
D193,2023-10-13 17:54:00,Busy
D193,2023-10-13 19:08:00,Busy
D193,2023-10-13 20:15:00,Idle
D193,2023-10-13 20:56:00,Busy
D193,2023-10-13 21:09:00,Offline
D193,2023-10-14 12:09:00,Online
D193,2023-10-14 13:57:00,Idle
D193,2023-10-14 14:54:00,Idle
D193,2023-10-14 16:41:00,Busy
D193,2023-10-14 17:02:00,Busy
D193,2023-10-14 17:21:00,Offline
D195,2023-10-05 00:00:00,Online
D195,2023-10-05 01:01:00,Idle
D195,2023-10-05 02:53:00,Idle
D195,2023-10-05 04:16:00,Idle
D195,2023-10-05 05:04:00,Offline
D195,2023-10-05 17:04:00,Online
D195,2023-10-05 17:38:00,Busy
D195,2023-10-05 19:04:00,Idle
D195,2023-10-05 19:51:00,Idle
D195,2023-10-05 20:30:00,Offline
D195,2023-10-06 16:30:00,Online
D195,2023-10-06 17:13:00,Busy
D195,2023-10-06 19:07:00,Idle
D195,2023-10-06 20:34:00,Idle
D195,2023-10-06 21:36:00,Busy
D195,2023-10-06 22:06:00,Idle
D195,2023-10-06 23:33:00,Busy
D195,2023-10-07 00:02:00,Busy
D195,2023-10-07 00:55:00,Idle
D195,2023-10-07 01:37:00,Idle
D195,2023-10-07 02:20:00,Offline
D195,2023-10-07 17:20:00,Online
D195,2023-10-07 17:41:00,Idle
D195,2023-10-07 18:53:00,Idle
D195,2023-10-07 19:56:00,Idle
D195,2023-10-07 21:34:00,Busy
D195,2023-10-07 21:44:00,Offline
D195,2023-10-08 14:44:00,Online
D195,2023-10-08 16:27:00,Idle
D195,2023-10-08 17:15:00,Busy
D195,2023-10-08 19:14:00,Busy
D195,2023-10-08 21:02:00,Idle
D195,2023-10-08 21:58:00,Busy
D195,2023-10-08 23:28:00,Idle
D195,2023-10-09 01:12:00,Idle
D195,2023-10-09 02:05:00,Idle
D195,2023-10-09 03:58:00,Busy
D195,2023-10-09 04:27:00,Offline
D196,2023-10-02 00:00:00,Online
D196,2023-10-02 01:32:00,Busy
D196,2023-10-02 01:52:00,Idle
D196,2023-10-02 03:46:00,Busy
D196,2023-10-02 05:01:00,Idle
D196,2023-10-02 05:38:00,Offline
D196,2023-10-02 19:38:00,Online
D196,2023-10-02 21:35:00,Idle
D196,2023-10-02 23:34:00,Busy
D196,2023-10-03 00:36:00,Idle
D196,2023-10-03 01:19:00,Offline
D196,2023-10-03 16:19:00,Online
D196,2023-10-03 16:42:00,Busy
D196,2023-10-03 17:17:00,Idle
D196,2023-10-03 18:44:00,Busy
D196,2023-10-03 19:25:00,Busy
D196,2023-10-03 20:45:00,Busy
D196,2023-10-03 22:37:00,Idle
D196,2023-10-04 00:31:00,Idle
D196,2023-10-04 01:02:00,Busy
D196,2023-10-04 02:02:00,Idle
D196,2023-10-04 02:40:00,Busy
D196,2023-10-04 03:05:00,Offline
D196,2023-10-04 15:05:00,Online
D196,2023-10-04 16:01:00,Idle
D196,2023-10-04 17:54:00,Idle
D196,2023-10-04 18:13:00,Idle
D196,2023-10-04 18:37:00,Offline
D196,2023-10-05 14:37:00,Online
D196,2023-10-05 15:58:00,Busy
D196,2023-10-05 16:36:00,Busy
D196,2023-10-05 17:21:00,Idle
D196,2023-10-05 18:34:00,Idle
D196,2023-10-05 18:59:00,Idle
D196,2023-10-05 20:58:00,Busy
D196,2023-10-05 21:55:00,Busy
D196,2023-10-05 22:12:00,Busy
D196,2023-10-05 23:09:00,Busy
D196,2023-10-05 23:53:00,Busy
D196,2023-10-06 00:40:00,Offline
D196,2023-10-06 22:40:00,Online
D196,2023-10-06 23:00:00,Idle
D196,2023-10-07 00:16:00,Busy
D196,2023-10-07 02:08:00,Idle
D196,2023-10-07 03:03:00,Idle
D196,2023-10-07 04:55:00,Idle
D196,2023-10-07 05:58:00,Busy
D196,2023-10-07 07:21:00,Idle
D196,2023-10-07 07:54:00,Offline
D196,2023-10-07 22:54:00,Online
D196,2023-10-08 00:41:00,Busy
D196,2023-10-08 01:00:00,Idle
D196,2023-10-08 01:16:00,Busy
D196,2023-10-08 02:16:00,Busy
D196,2023-10-08 03:50:00,Busy
D196,2023-10-08 04:28:00,Idle
D196,2023-10-08 05:07:00,Busy
D196,2023-10-08 05:43:00,Offline
D196,2023-10-08 20:43:00,Online
D196,2023-10-08 21:25:00,Busy
D196,2023-10-08 21:54:00,Idle
D196,2023-10-08 23:29:00,Busy
D196,2023-10-09 01:29:00,Busy
D196,2023-10-09 01:59:00,Idle
D196,2023-10-09 03:30:00,Idle
D196,2023-10-09 05:08:00,Busy
D196,2023-10-09 05:31:00,Busy
D196,2023-10-09 05:50:00,Busy
D196,2023-10-09 06:42:00,Busy
D196,2023-10-09 07:10:00,Offline
D196,2023-10-09 19:10:00,Online
D196,2023-10-09 19:33:00,Idle
D196,2023-10-09 20:16:00,Idle
D196,2023-10-09 21:56:00,Busy
D196,2023-10-09 22:47:00,Busy
D196,2023-10-10 00:38:00,Idle
D196,2023-10-10 01:59:00,Busy
D196,2023-10-10 02:14:00,Busy
D196,2023-10-10 02:53:00,Idle
D196,2023-10-10 03:38:00,Busy
D196,2023-10-10 04:26:00,Idle
D196,2023-10-10 04:45:00,Offline
D196,2023-10-10 21:45:00,Online
D196,2023-10-10 22:58:00,Busy
D196,2023-10-10 23:56:00,Idle
D196,2023-10-11 01:06:00,Idle
D196,2023-10-11 02:46:00,Busy
D196,2023-10-11 04:10:00,Busy
D196,2023-10-11 05:26:00,Idle
D196,2023-10-11 06:42:00,Idle
D196,2023-10-11 07:07:00,Offline
D196,2023-10-12 07:07:00,Online
D196,2023-10-12 07:43:00,Busy
D196,2023-10-12 08:11:00,Idle
D196,2023-10-12 09:35:00,Busy
D196,2023-10-12 09:53:00,Idle
D196,2023-10-12 11:12:00,Idle
D196,2023-10-12 11:37:00,Busy
D196,2023-10-12 12:31:00,Busy
D196,2023-10-12 13:01:00,Offline
D196,2023-10-13 03:01:00,Online
D196,2023-10-13 03:19:00,Busy
D196,2023-10-13 05:03:00,Busy
D196,2023-10-13 06:54:00,Idle
D196,2023-10-13 07:21:00,Idle
D196,2023-10-13 08:43:00,Busy
D196,2023-10-13 09:52:00,Busy
D196,2023-10-13 10:31:00,Offline
D196,2023-10-14 03:31:00,Online
D196,2023-10-14 05:29:00,Busy
D196,2023-10-14 07:14:00,Busy
D196,2023-10-14 07:53:00,Busy
D196,2023-10-14 09:48:00,Idle
D196,2023-10-14 11:27:00,Idle
D196,2023-10-14 13:17:00,Idle
D196,2023-10-14 14:59:00,Busy
D196,2023-10-14 15:37:00,Busy
D196,2023-10-14 16:55:00,Busy
D196,2023-10-14 17:22:00,Busy
D196,2023-10-14 17:45:00,Offline
D196,2023-10-15 15:45:00,Online
D196,2023-10-15 17:04:00,Idle
D196,2023-10-15 19:03:00,Busy
D196,2023-10-15 20:38:00,Idle
D196,2023-10-15 21:19:00,Offline
D197,2023-10-05 00:00:00,Online
D197,2023-10-05 01:38:00,Busy
D197,2023-10-05 03:36:00,Busy
D197,2023-10-05 04:53:00,Busy
D197,2023-10-05 05:50:00,Busy
D197,2023-10-05 06:39:00,Busy
D197,2023-10-05 07:42:00,Busy
D197,2023-10-05 08:42:00,Busy
D197,2023-10-05 09:04:00,Offline
D197,2023-10-05 21:04:00,Online
D197,2023-10-05 21:45:00,Idle
D197,2023-10-05 22:14:00,Idle
D197,2023-10-05 23:31:00,Busy
D197,2023-10-05 23:53:00,Busy
D197,2023-10-06 00:46:00,Offline
D197,2023-10-06 18:46:00,Online
D197,2023-10-06 20:28:00,Idle
D197,2023-10-06 20:47:00,Busy
D197,2023-10-06 22:25:00,Idle
D197,2023-10-06 23:08:00,Idle
D197,2023-10-06 23:55:00,Busy
D197,2023-10-07 00:18:00,Offline
D197,2023-10-07 19:18:00,Online
D197,2023-10-07 20:48:00,Idle
D197,2023-10-07 22:05:00,Busy
D197,2023-10-07 23:29:00,Busy
D197,2023-10-08 00:20:00,Offline
D197,2023-10-08 22:20:00,Online
D197,2023-10-08 23:43:00,Idle
D197,2023-10-09 01:09:00,Idle
D197,2023-10-09 01:51:00,Idle
D197,2023-10-09 02:16:00,Idle
D197,2023-10-09 04:04:00,Busy
D197,2023-10-09 06:00:00,Idle
D197,2023-10-09 07:35:00,Idle
D197,2023-10-09 08:46:00,Idle
D197,2023-10-09 10:06:00,Busy
D197,2023-10-09 12:04:00,Idle
D197,2023-10-09 12:27:00,Offline
D197,2023-10-10 05:27:00,Online
D197,2023-10-10 05:50:00,Busy
D197,2023-10-10 07:36:00,Busy
D197,2023-10-10 08:32:00,Busy
D197,2023-10-10 09:47:00,Busy
D197,2023-10-10 10:21:00,Idle
D197,2023-10-10 11:12:00,Offline
D197,2023-10-11 02:12:00,Online
D197,2023-10-11 02:38:00,Busy
D197,2023-10-11 03:29:00,Idle
D197,2023-10-11 04:27:00,Idle
D197,2023-10-11 05:26:00,Offline
D197,2023-10-11 22:26:00,Online
D197,2023-10-11 22:47:00,Idle
D197,2023-10-12 00:02:00,Idle
D197,2023-10-12 00:27:00,Busy
D197,2023-10-12 00:51:00,Idle
D197,2023-10-12 01:36:00,Busy
D197,2023-10-12 01:53:00,Offline
D197,2023-10-12 21:53:00,Online
D197,2023-10-12 22:25:00,Busy
D197,2023-10-12 23:05:00,Busy
D197,2023-10-13 00:02:00,Idle
D197,2023-10-13 00:21:00,Busy
D197,2023-10-13 01:42:00,Idle
D197,2023-10-13 02:42:00,Idle
D197,2023-10-13 03:25:00,Idle
D197,2023-10-13 04:36:00,Idle
D197,2023-10-13 06:00:00,Idle
D197,2023-10-13 07:08:00,Busy
D197,2023-10-13 07:46:00,Offline
D197,2023-10-14 07:46:00,Online
D197,2023-10-14 08:22:00,Idle
D197,2023-10-14 09:16:00,Idle
D197,2023-10-14 11:14:00,Idle
D197,2023-10-14 12:02:00,Idle
D197,2023-10-14 12:38:00,Idle
D197,2023-10-14 13:15:00,Busy
D197,2023-10-14 15:07:00,Busy
D197,2023-10-14 15:48:00,Busy
D197,2023-10-14 17:25:00,Busy
D197,2023-10-14 18:03:00,Offline
D197,2023-10-15 18:03:00,Online
D197,2023-10-15 18:43:00,Idle
D197,2023-10-15 19:00:00,Busy
D197,2023-10-15 20:58:00,Busy
D197,2023-10-15 22:36:00,Idle
D197,2023-10-16 00:07:00,Busy
D197,2023-10-16 00:24:00,Busy
D197,2023-10-16 00:42:00,Idle
D197,2023-10-16 01:12:00,Busy
D197,2023-10-16 03:10:00,Idle
D197,2023-10-16 03:46:00,Offline
D197,2023-10-17 01:46:00,Online
D197,2023-10-17 02:59:00,Idle
D197,2023-10-17 03:18:00,Idle
D197,2023-10-17 05:10:00,Idle
D197,2023-10-17 07:05:00,Busy
D197,2023-10-17 07:34:00,Idle
D197,2023-10-17 09:21:00,Idle
D197,2023-10-17 09:31:00,Offline
D197,2023-10-17 23:31:00,Online
D197,2023-10-18 00:56:00,Busy
D197,2023-10-18 01:39:00,Idle
D197,2023-10-18 02:59:00,Idle
D197,2023-10-18 04:54:00,Idle
D197,2023-10-18 06:14:00,Idle
D197,2023-10-18 06:25:00,Offline
D198,2023-10-04 00:00:00,Online
D198,2023-10-04 00:39:00,Busy
D198,2023-10-04 02:13:00,Busy
D198,2023-10-04 04:10:00,Idle
D198,2023-10-04 05:45:00,Busy
D198,2023-10-04 06:00:00,Busy
D198,2023-10-04 06:32:00,Idle
D198,2023-10-04 07:32:00,Idle
D198,2023-10-04 08:32:00,Idle
D198,2023-10-04 08:53:00,Offline
D198,2023-10-05 00:53:00,Online
D198,2023-10-05 01:17:00,Idle
D198,2023-10-05 02:16:00,Busy
D198,2023-10-05 03:49:00,Idle
D198,2023-10-05 04:22:00,Offline
D198,2023-10-06 01:22:00,Online
D198,2023-10-06 02:21:00,Idle
D198,2023-10-06 03:08:00,Busy
D198,2023-10-06 04:26:00,Busy
D198,2023-10-06 05:28:00,Busy
D198,2023-10-06 07:25:00,Idle
D198,2023-10-06 08:31:00,Busy
D198,2023-10-06 09:18:00,Idle
D198,2023-10-06 11:14:00,Idle
D198,2023-10-06 11:51:00,Idle
D198,2023-10-06 12:42:00,Offline
D198,2023-10-07 04:42:00,Online
D198,2023-10-07 05:47:00,Busy
D198,2023-10-07 06:07:00,Idle
D198,2023-10-07 07:10:00,Busy
D198,2023-10-07 07:51:00,Idle
D198,2023-10-07 08:38:00,Offline
D198,2023-10-08 01:38:00,Online
D198,2023-10-08 02:14:00,Idle
D198,2023-10-08 03:51:00,Busy
D198,2023-10-08 04:39:00,Busy
D198,2023-10-08 05:54:00,Idle
D198,2023-10-08 06:23:00,Offline
D199,2023-10-02 00:00:00,Online
D199,2023-10-02 01:52:00,Idle
D199,2023-10-02 02:44:00,Busy
D199,2023-10-02 04:01:00,Busy
D199,2023-10-02 05:09:00,Busy
D199,2023-10-02 06:16:00,Idle
D199,2023-10-02 07:01:00,Idle
D199,2023-10-02 07:42:00,Busy
D199,2023-10-02 07:58:00,Offline
D199,2023-10-02 23:58:00,Online
D199,2023-10-03 01:52:00,Idle
D199,2023-10-03 02:14:00,Idle
D199,2023-10-03 03:10:00,Idle
D199,2023-10-03 04:29:00,Busy
D199,2023-10-03 05:20:00,Idle
D199,2023-10-03 06:08:00,Busy
D199,2023-10-03 07:31:00,Idle
D199,2023-10-03 09:25:00,Busy
D199,2023-10-03 11:07:00,Busy
D199,2023-10-03 11:45:00,Offline
D199,2023-10-04 07:45:00,Online
D199,2023-10-04 09:16:00,Busy
D199,2023-10-04 09:51:00,Idle
D199,2023-10-04 10:43:00,Busy
D199,2023-10-04 12:20:00,Idle
D199,2023-10-04 13:14:00,Idle
D199,2023-10-04 13:35:00,Idle
D199,2023-10-04 15:24:00,Idle
D199,2023-10-04 16:03:00,Offline
D199,2023-10-05 05:03:00,Online
D199,2023-10-05 05:33:00,Busy
D199,2023-10-05 07:14:00,Busy
D199,2023-10-05 07:58:00,Idle
D199,2023-10-05 08:50:00,Idle
D199,2023-10-05 09:45:00,Idle
D199,2023-10-05 10:15:00,Busy
D199,2023-10-05 11:13:00,Offline
D199,2023-10-06 03:13:00,Online
D199,2023-10-06 04:45:00,Busy
D199,2023-10-06 06:27:00,Busy
D199,2023-10-06 07:57:00,Idle
D199,2023-10-06 09:01:00,Busy
D199,2023-10-06 09:16:00,Offline
D199,2023-10-07 02:16:00,Online
D199,2023-10-07 03:27:00,Busy
D199,2023-10-07 04:34:00,Idle
D199,2023-10-07 05:41:00,Busy
D199,2023-10-07 07:09:00,Busy
D199,2023-10-07 08:30:00,Busy
D199,2023-10-07 09:01:00,Idle
D199,2023-10-07 10:15:00,Busy
D199,2023-10-07 10:33:00,Offline
D199,2023-10-08 03:33:00,Online
D199,2023-10-08 03:48:00,Idle
D199,2023-10-08 05:16:00,Busy
D199,2023-10-08 07:03:00,Busy
D199,2023-10-08 08:28:00,Busy
D199,2023-10-08 09:19:00,Idle
D199,2023-10-08 09:31:00,Offline
D199,2023-10-09 03:31:00,Online
D199,2023-10-09 05:27:00,Idle
D199,2023-10-09 05:48:00,Busy
D199,2023-10-09 07:11:00,Idle
D199,2023-10-09 08:19:00,Idle
D199,2023-10-09 09:02:00,Busy
D199,2023-10-09 10:48:00,Busy
D199,2023-10-09 10:59:00,Offline
D199,2023-10-10 09:59:00,Online
D199,2023-10-10 11:24:00,Busy
D199,2023-10-10 12:47:00,Busy
D199,2023-10-10 13:32:00,Idle
D199,2023-10-10 15:22:00,Idle
D199,2023-10-10 16:44:00,Busy
D199,2023-10-10 18:24:00,Busy
D199,2023-10-10 20:15:00,Idle
D199,2023-10-10 21:04:00,Busy
D199,2023-10-10 21:20:00,Offline
D199,2023-10-11 10:20:00,Online
D199,2023-10-11 11:55:00,Busy
D199,2023-10-11 12:53:00,Busy
D199,2023-10-11 14:14:00,Idle
D199,2023-10-11 15:31:00,Busy
D199,2023-10-11 15:53:00,Offline
D199,2023-10-12 04:53:00,Online
D199,2023-10-12 06:31:00,Busy
D199,2023-10-12 07:53:00,Idle
D199,2023-10-12 08:11:00,Busy
D199,2023-10-12 08:59:00,Idle
D199,2023-10-12 09:33:00,Offline
D199,2023-10-12 23:33:00,Online
D199,2023-10-13 00:39:00,Busy
D199,2023-10-13 01:05:00,Idle
D199,2023-10-13 01:46:00,Busy
D199,2023-10-13 03:15:00,Busy
D199,2023-10-13 04:50:00,Busy
D199,2023-10-13 06:00:00,Busy
D199,2023-10-13 07:16:00,Idle
D199,2023-10-13 08:12:00,Busy
D199,2023-10-13 08:42:00,Offline
D199,2023-10-14 08:42:00,Online
D199,2023-10-14 08:57:00,Idle
D199,2023-10-14 09:27:00,Busy
D199,2023-10-14 09:57:00,Idle
D199,2023-10-14 10:42:00,Busy
D199,2023-10-14 11:46:00,Busy
D199,2023-10-14 12:37:00,Idle
D199,2023-10-14 13:49:00,Busy
D199,2023-10-14 14:40:00,Busy
D199,2023-10-14 15:13:00,Busy
D199,2023-10-14 16:05:00,Offline
D199,2023-10-15 07:05:00,Online
D199,2023-10-15 08:10:00,Busy
D199,2023-10-15 09:23:00,Idle
D199,2023-10-15 09:43:00,Busy
D199,2023-10-15 10:41:00,Busy
D199,2023-10-15 11:29:00,Offline
D199,2023-10-15 23:29:00,Online
D199,2023-10-15 23:53:00,Busy
D199,2023-10-16 01:27:00,Busy
D199,2023-10-16 02:45:00,Busy
D199,2023-10-16 03:01:00,Idle
D199,2023-10-16 04:51:00,Idle
D199,2023-10-16 05:35:00,Idle
D199,2023-10-16 06:18:00,Idle
D199,2023-10-16 07:00:00,Idle
D199,2023-10-16 08:23:00,Busy
D199,2023-10-16 09:32:00,Idle
D199,2023-10-16 10:06:00,Offline
D200,2023-10-04 00:00:00,Online
D200,2023-10-04 01:05:00,Idle
D200,2023-10-04 01:32:00,Idle
D200,2023-10-04 03:01:00,Busy
D200,2023-10-04 04:51:00,Idle
D200,2023-10-04 05:33:00,Idle
D200,2023-10-04 05:59:00,Busy
D200,2023-10-04 06:40:00,Busy
D200,2023-10-04 07:51:00,Idle
D200,2023-10-04 09:47:00,Idle
D200,2023-10-04 10:22:00,Busy
D200,2023-10-04 11:06:00,Offline
D200,2023-10-05 02:06:00,Online
D200,2023-10-05 03:45:00,Busy
D200,2023-10-05 04:59:00,Busy
D200,2023-10-05 06:53:00,Busy
D200,2023-10-05 07:58:00,Busy
D200,2023-10-05 08:44:00,Busy
D200,2023-10-05 09:41:00,Busy
D200,2023-10-05 11:09:00,Busy
D200,2023-10-05 11:22:00,Offline
D200,2023-10-06 11:22:00,Online
D200,2023-10-06 11:51:00,Idle
D200,2023-10-06 13:22:00,Idle
D200,2023-10-06 14:00:00,Idle
D200,2023-10-06 14:37:00,Offline
D200,2023-10-07 14:37:00,Online
D200,2023-10-07 15:22:00,Busy
D200,2023-10-07 15:45:00,Idle
D200,2023-10-07 16:47:00,Idle
D200,2023-10-07 17:23:00,Idle
D200,2023-10-07 19:15:00,Busy
D200,2023-10-07 19:58:00,Offline
D200,2023-10-08 07:58:00,Online
D200,2023-10-08 09:53:00,Busy
D200,2023-10-08 11:10:00,Idle
D200,2023-10-08 11:57:00,Busy
D200,2023-10-08 12:22:00,Offline
D202,2023-10-01 00:00:00,Online
D202,2023-10-01 01:29:00,Idle
D202,2023-10-01 02:59:00,Busy
D202,2023-10-01 04:55:00,Idle
D202,2023-10-01 05:42:00,Offline
D202,2023-10-02 00:42:00,Online
D202,2023-10-02 01:24:00,Busy
D202,2023-10-02 02:27:00,Busy
D202,2023-10-02 03:35:00,Idle
D202,2023-10-02 04:32:00,Offline
D202,2023-10-02 20:32:00,Online
D202,2023-10-02 22:25:00,Idle
D202,2023-10-02 23:08:00,Busy
D202,2023-10-03 00:23:00,Idle
D202,2023-10-03 01:13:00,Offline
D202,2023-10-03 18:13:00,Online
D202,2023-10-03 19:00:00,Idle
D202,2023-10-03 20:06:00,Idle
D202,2023-10-03 21:26:00,Busy
D202,2023-10-03 22:51:00,Busy
D202,2023-10-04 00:09:00,Busy
D202,2023-10-04 01:43:00,Idle
D202,2023-10-04 02:08:00,Busy
D202,2023-10-04 02:20:00,Offline
D202,2023-10-04 16:20:00,Online
D202,2023-10-04 17:57:00,Idle
D202,2023-10-04 19:34:00,Busy
D202,2023-10-04 20:36:00,Idle
D202,2023-10-04 21:03:00,Offline
D202,2023-10-05 13:03:00,Online
D202,2023-10-05 13:48:00,Busy
D202,2023-10-05 15:39:00,Busy
D202,2023-10-05 17:26:00,Busy
D202,2023-10-05 18:13:00,Busy
D202,2023-10-05 20:13:00,Idle
D202,2023-10-05 21:12:00,Offline
D202,2023-10-06 10:12:00,Online
D202,2023-10-06 11:55:00,Busy
D202,2023-10-06 13:14:00,Busy
D202,2023-10-06 13:44:00,Idle
D202,2023-10-06 15:38:00,Busy
D202,2023-10-06 16:16:00,Idle
D202,2023-10-06 16:58:00,Busy
D202,2023-10-06 17:44:00,Busy
D202,2023-10-06 18:38:00,Busy
D202,2023-10-06 18:48:00,Offline
D202,2023-10-07 15:48:00,Online
D202,2023-10-07 17:44:00,Idle
D202,2023-10-07 18:30:00,Idle
D202,2023-10-07 19:32:00,Idle
D202,2023-10-07 21:23:00,Busy
D202,2023-10-07 22:59:00,Busy
D202,2023-10-07 23:48:00,Busy
D202,2023-10-08 00:41:00,Offline
D202,2023-10-08 21:41:00,Online
D202,2023-10-08 22:02:00,Busy
D202,2023-10-08 23:10:00,Busy
D202,2023-10-09 00:33:00,Busy
D202,2023-10-09 01:22:00,Busy
D202,2023-10-09 03:14:00,Idle
D202,2023-10-09 05:14:00,Busy
D202,2023-10-09 06:04:00,Idle
D202,2023-10-09 07:53:00,Busy
D202,2023-10-09 09:24:00,Idle
D202,2023-10-09 09:52:00,Offline
D202,2023-10-09 22:52:00,Online
D202,2023-10-10 00:51:00,Idle
D202,2023-10-10 01:32:00,Idle
D202,2023-10-10 03:16:00,Idle
D202,2023-10-10 05:16:00,Busy
D202,2023-10-10 06:57:00,Idle
D202,2023-10-10 08:56:00,Busy
D202,2023-10-10 10:49:00,Idle
D202,2023-10-10 11:12:00,Offline
D203,2023-10-06 00:00:00,Online
D203,2023-10-06 00:38:00,Busy
D203,2023-10-06 02:23:00,Busy
D203,2023-10-06 03:35:00,Idle
D203,2023-10-06 04:40:00,Busy
D203,2023-10-06 05:26:00,Idle
D203,2023-10-06 06:36:00,Busy
D203,2023-10-06 07:47:00,Busy
D203,2023-10-06 09:28:00,Idle
D203,2023-10-06 09:38:00,Offline
D203,2023-10-06 22:38:00,Online
D203,2023-10-06 23:16:00,Idle
D203,2023-10-07 00:19:00,Idle
D203,2023-10-07 01:06:00,Busy
D203,2023-10-07 01:52:00,Idle
D203,2023-10-07 02:53:00,Idle
D203,2023-10-07 04:10:00,Busy
D203,2023-10-07 04:25:00,Idle
D203,2023-10-07 05:03:00,Offline
D203,2023-10-08 01:03:00,Online
D203,2023-10-08 02:42:00,Idle
D203,2023-10-08 03:30:00,Idle
D203,2023-10-08 04:21:00,Busy
D203,2023-10-08 05:37:00,Idle
D203,2023-10-08 06:24:00,Busy
D203,2023-10-08 07:31:00,Busy
D203,2023-10-08 08:20:00,Offline
D203,2023-10-08 21:20:00,Online
D203,2023-10-08 22:18:00,Busy
D203,2023-10-08 23:51:00,Busy
D203,2023-10-09 00:54:00,Busy
D203,2023-10-09 01:54:00,Idle
D203,2023-10-09 03:08:00,Idle
D203,2023-10-09 04:11:00,Idle
D203,2023-10-09 04:51:00,Busy
D203,2023-10-09 05:53:00,Busy
D203,2023-10-09 06:30:00,Offline
D203,2023-10-09 19:30:00,Online
D203,2023-10-09 20:06:00,Idle
D203,2023-10-09 20:53:00,Idle
D203,2023-10-09 22:29:00,Busy
D203,2023-10-09 23:07:00,Offline
D203,2023-10-10 23:07:00,Online
D203,2023-10-11 00:06:00,Idle
D203,2023-10-11 01:23:00,Busy
D203,2023-10-11 02:16:00,Busy
D203,2023-10-11 04:05:00,Idle
D203,2023-10-11 06:05:00,Busy
D203,2023-10-11 07:52:00,Busy
D203,2023-10-11 08:19:00,Busy
D203,2023-10-11 09:06:00,Idle
D203,2023-10-11 09:39:00,Offline
D203,2023-10-12 01:39:00,Online
D203,2023-10-12 02:11:00,Busy
D203,2023-10-12 04:01:00,Idle
D203,2023-10-12 04:40:00,Busy
D203,2023-10-12 05:08:00,Idle
D203,2023-10-12 06:12:00,Idle
D203,2023-10-12 08:00:00,Busy
D203,2023-10-12 08:59:00,Offline
D203,2023-10-13 03:59:00,Online
D203,2023-10-13 05:04:00,Busy
D203,2023-10-13 06:50:00,Idle
D203,2023-10-13 08:34:00,Idle
D203,2023-10-13 09:08:00,Busy
D203,2023-10-13 10:17:00,Idle
D203,2023-10-13 10:28:00,Offline
D203,2023-10-14 05:28:00,Online
D203,2023-10-14 06:30:00,Busy
D203,2023-10-14 07:55:00,Busy
D203,2023-10-14 08:44:00,Busy
D203,2023-10-14 10:28:00,Idle
D203,2023-10-14 11:36:00,Idle
D203,2023-10-14 12:16:00,Offline
D204,2023-10-01 00:00:00,Online
D204,2023-10-01 00:28:00,Idle
D204,2023-10-01 01:33:00,Idle
D204,2023-10-01 02:51:00,Busy
D204,2023-10-01 03:31:00,Busy
D204,2023-10-01 04:57:00,Idle
D204,2023-10-01 05:54:00,Busy
D204,2023-10-01 06:26:00,Offline
D204,2023-10-01 22:26:00,Online
D204,2023-10-01 22:41:00,Busy
D204,2023-10-02 00:32:00,Busy
D204,2023-10-02 01:16:00,Idle
D204,2023-10-02 03:15:00,Idle
D204,2023-10-02 04:02:00,Idle
D204,2023-10-02 04:51:00,Offline
D204,2023-10-02 20:51:00,Online
D204,2023-10-02 21:51:00,Busy
D204,2023-10-02 23:09:00,Idle
D204,2023-10-03 00:31:00,Busy
D204,2023-10-03 01:38:00,Busy
D204,2023-10-03 03:26:00,Idle
D204,2023-10-03 03:50:00,Idle
D204,2023-10-03 04:18:00,Idle
D204,2023-10-03 04:28:00,Offline
D204,2023-10-04 02:28:00,Online
D204,2023-10-04 02:54:00,Idle
D204,2023-10-04 03:17:00,Idle
D204,2023-10-04 03:46:00,Busy
D204,2023-10-04 05:10:00,Idle
D204,2023-10-04 05:29:00,Idle
D204,2023-10-04 06:56:00,Idle
D204,2023-10-04 08:36:00,Busy
D204,2023-10-04 09:18:00,Idle
D204,2023-10-04 10:48:00,Idle
D204,2023-10-04 11:46:00,Offline
D204,2023-10-05 04:46:00,Online
D204,2023-10-05 06:40:00,Busy
D204,2023-10-05 08:27:00,Idle
D204,2023-10-05 09:25:00,Busy
D204,2023-10-05 10:42:00,Idle
D204,2023-10-05 11:42:00,Busy
D204,2023-10-05 13:24:00,Idle
D204,2023-10-05 15:18:00,Idle
D204,2023-10-05 15:48:00,Idle
D204,2023-10-05 16:41:00,Idle
D204,2023-10-05 17:39:00,Idle
D204,2023-10-05 18:30:00,Offline
D204,2023-10-06 06:30:00,Online
D204,2023-10-06 07:33:00,Idle
D204,2023-10-06 08:55:00,Busy
D204,2023-10-06 09:45:00,Idle
D204,2023-10-06 10:03:00,Busy
D204,2023-10-06 11:55:00,Busy
D204,2023-10-06 12:15:00,Idle
D204,2023-10-06 13:16:00,Idle
D204,2023-10-06 13:45:00,Busy
D204,2023-10-06 14:40:00,Offline
D204,2023-10-07 07:40:00,Online
D204,2023-10-07 09:13:00,Idle
D204,2023-10-07 09:36:00,Idle
D204,2023-10-07 10:27:00,Busy
D204,2023-10-07 11:18:00,Offline
D204,2023-10-08 01:18:00,Online
D204,2023-10-08 03:12:00,Idle
D204,2023-10-08 03:49:00,Busy
D204,2023-10-08 04:48:00,Idle
D204,2023-10-08 06:38:00,Idle
D204,2023-10-08 07:28:00,Offline
D204,2023-10-08 20:28:00,Online
D204,2023-10-08 21:26:00,Idle
D204,2023-10-08 22:52:00,Busy
D204,2023-10-08 23:34:00,Busy
D204,2023-10-09 00:03:00,Idle
D204,2023-10-09 01:42:00,Idle
D204,2023-10-09 02:57:00,Busy
D204,2023-10-09 04:56:00,Busy
D204,2023-10-09 05:38:00,Offline
D205,2023-10-03 00:00:00,Online
D205,2023-10-03 01:59:00,Idle
D205,2023-10-03 03:11:00,Idle
D205,2023-10-03 03:37:00,Idle
D205,2023-10-03 04:22:00,Idle
D205,2023-10-03 06:04:00,Idle
D205,2023-10-03 07:39:00,Idle
D205,2023-10-03 08:02:00,Offline
D205,2023-10-04 02:02:00,Online
D205,2023-10-04 03:32:00,Busy
D205,2023-10-04 04:15:00,Idle
D205,2023-10-04 05:21:00,Busy
D205,2023-10-04 06:59:00,Idle
D205,2023-10-04 08:46:00,Busy
D205,2023-10-04 09:18:00,Busy
D205,2023-10-04 10:15:00,Idle
D205,2023-10-04 10:57:00,Offline
D205,2023-10-04 22:57:00,Online
D205,2023-10-04 23:19:00,Busy
D205,2023-10-05 00:58:00,Idle
D205,2023-10-05 02:02:00,Busy
D205,2023-10-05 03:12:00,Busy
D205,2023-10-05 03:48:00,Busy
D205,2023-10-05 04:34:00,Idle
D205,2023-10-05 05:08:00,Offline
D205,2023-10-05 21:08:00,Online
D205,2023-10-05 21:30:00,Idle
D205,2023-10-05 22:10:00,Busy
D205,2023-10-05 22:38:00,Idle
D205,2023-10-05 23:34:00,Offline
D205,2023-10-06 21:34:00,Online
D205,2023-10-06 23:21:00,Idle
D205,2023-10-06 23:50:00,Busy
D205,2023-10-07 00:21:00,Idle
D205,2023-10-07 01:31:00,Idle
D205,2023-10-07 03:01:00,Busy
D205,2023-10-07 03:24:00,Busy
D205,2023-10-07 04:24:00,Idle
D205,2023-10-07 05:30:00,Idle
D205,2023-10-07 06:27:00,Offline
D205,2023-10-08 04:27:00,Online
D205,2023-10-08 05:45:00,Busy
D205,2023-10-08 07:30:00,Idle
D205,2023-10-08 08:48:00,Idle
D205,2023-10-08 09:00:00,Offline
D205,2023-10-09 07:00:00,Online
D205,2023-10-09 08:49:00,Idle
D205,2023-10-09 09:07:00,Idle
D205,2023-10-09 11:07:00,Busy
D205,2023-10-09 12:10:00,Idle
D205,2023-10-09 13:24:00,Idle
D205,2023-10-09 14:19:00,Offline
D205,2023-10-10 10:19:00,Online
D205,2023-10-10 11:02:00,Busy
D205,2023-10-10 12:49:00,Busy
D205,2023-10-10 13:10:00,Idle
D205,2023-10-10 15:02:00,Busy
D205,2023-10-10 15:39:00,Busy
D205,2023-10-10 16:18:00,Idle
D205,2023-10-10 17:21:00,Busy
D205,2023-10-10 19:16:00,Busy
D205,2023-10-10 19:49:00,Offline
D205,2023-10-11 14:49:00,Online
D205,2023-10-11 16:15:00,Busy
D205,2023-10-11 17:52:00,Idle
D205,2023-10-11 19:16:00,Idle
D205,2023-10-11 20:05:00,Idle
D205,2023-10-11 20:25:00,Idle
D205,2023-10-11 20:56:00,Offline
D205,2023-10-12 08:56:00,Online
D205,2023-10-12 09:59:00,Idle
D205,2023-10-12 10:46:00,Idle
D205,2023-10-12 12:38:00,Busy
D205,2023-10-12 13:03:00,Offline
D205,2023-10-13 08:03:00,Online
D205,2023-10-13 09:20:00,Idle
D205,2023-10-13 09:46:00,Busy
D205,2023-10-13 11:39:00,Busy
D205,2023-10-13 13:23:00,Idle
D205,2023-10-13 14:29:00,Busy
D205,2023-10-13 14:59:00,Offline
D205,2023-10-14 08:59:00,Online
D205,2023-10-14 10:08:00,Idle
D205,2023-10-14 11:13:00,Idle
D205,2023-10-14 12:45:00,Idle
D205,2023-10-14 13:13:00,Busy
D205,2023-10-14 14:34:00,Idle
D205,2023-10-14 15:06:00,Busy
D205,2023-10-14 16:37:00,Idle
D205,2023-10-14 16:55:00,Busy
D205,2023-10-14 17:49:00,Offline
D206,2023-10-01 00:00:00,Online
D206,2023-10-01 00:52:00,Busy
D206,2023-10-01 02:51:00,Idle
D206,2023-10-01 03:08:00,Busy
D206,2023-10-01 04:34:00,Busy
D206,2023-10-01 06:25:00,Busy
D206,2023-10-01 06:43:00,Busy
D206,2023-10-01 07:09:00,Offline
D206,2023-10-01 19:09:00,Online
D206,2023-10-01 19:39:00,Busy
D206,2023-10-01 20:49:00,Busy
D206,2023-10-01 22:22:00,Busy
D206,2023-10-01 22:50:00,Busy
D206,2023-10-02 00:06:00,Busy
D206,2023-10-02 00:44:00,Busy
D206,2023-10-02 00:54:00,Offline
D206,2023-10-02 23:54:00,Online
D206,2023-10-03 01:02:00,Idle
D206,2023-10-03 02:50:00,Busy
D206,2023-10-03 04:19:00,Idle
D206,2023-10-03 05:21:00,Idle
D206,2023-10-03 05:41:00,Idle
D206,2023-10-03 07:30:00,Busy
D206,2023-10-03 09:26:00,Idle
D206,2023-10-03 10:03:00,Idle
D206,2023-10-03 10:25:00,Busy
D206,2023-10-03 10:37:00,Offline
D206,2023-10-04 02:37:00,Online
D206,2023-10-04 03:47:00,Idle
D206,2023-10-04 05:13:00,Idle
D206,2023-10-04 05:50:00,Busy
D206,2023-10-04 07:02:00,Busy
D206,2023-10-04 08:56:00,Idle
D206,2023-10-04 09:08:00,Offline
D206,2023-10-05 01:08:00,Online
D206,2023-10-05 02:48:00,Idle
D206,2023-10-05 04:21:00,Idle
D206,2023-10-05 05:06:00,Busy
D206,2023-10-05 06:44:00,Busy
D206,2023-10-05 08:13:00,Idle
D206,2023-10-05 08:54:00,Offline
D206,2023-10-06 03:54:00,Online
D206,2023-10-06 05:47:00,Busy
D206,2023-10-06 06:45:00,Busy
D206,2023-10-06 08:18:00,Busy
D206,2023-10-06 09:14:00,Idle
D206,2023-10-06 10:01:00,Busy
D206,2023-10-06 10:30:00,Idle
D206,2023-10-06 11:21:00,Offline
D206,2023-10-07 11:21:00,Online
D206,2023-10-07 12:10:00,Busy
D206,2023-10-07 13:49:00,Idle
D206,2023-10-07 15:43:00,Busy
D206,2023-10-07 16:06:00,Busy
D206,2023-10-07 17:32:00,Idle
D206,2023-10-07 18:30:00,Busy
D206,2023-10-07 20:08:00,Busy
D206,2023-10-07 20:26:00,Busy
D206,2023-10-07 21:12:00,Offline
D206,2023-10-08 17:12:00,Online
D206,2023-10-08 18:03:00,Idle
D206,2023-10-08 18:37:00,Busy
D206,2023-10-08 19:13:00,Idle
D206,2023-10-08 19:36:00,Busy
D206,2023-10-08 20:42:00,Busy
D206,2023-10-08 21:58:00,Idle
D206,2023-10-08 22:58:00,Idle
D206,2023-10-08 23:28:00,Offline
D206,2023-10-09 12:28:00,Online
D206,2023-10-09 12:54:00,Busy
D206,2023-10-09 14:06:00,Busy
D206,2023-10-09 15:07:00,Idle
D206,2023-10-09 15:27:00,Offline
D206,2023-10-10 06:27:00,Online
D206,2023-10-10 07:30:00,Idle
D206,2023-10-10 09:29:00,Idle
D206,2023-10-10 10:20:00,Idle
D206,2023-10-10 10:52:00,Idle
D206,2023-10-10 12:26:00,Idle
D206,2023-10-10 12:55:00,Busy
D206,2023-10-10 14:40:00,Busy
D206,2023-10-10 15:24:00,Busy
D206,2023-10-10 15:51:00,Offline
D206,2023-10-11 03:51:00,Online
D206,2023-10-11 05:25:00,Idle
D206,2023-10-11 06:31:00,Busy
D206,2023-10-11 07:00:00,Busy
D206,2023-10-11 08:09:00,Busy
D206,2023-10-11 09:58:00,Busy
D206,2023-10-11 10:34:00,Offline
D206,2023-10-12 07:34:00,Online
D206,2023-10-12 09:12:00,Busy
D206,2023-10-12 11:03:00,Busy
D206,2023-10-12 12:21:00,Idle
D206,2023-10-12 13:14:00,Busy
D206,2023-10-12 14:38:00,Idle
D206,2023-10-12 15:41:00,Busy
D206,2023-10-12 16:46:00,Idle
D206,2023-10-12 18:38:00,Idle
D206,2023-10-12 20:01:00,Busy
D206,2023-10-12 20:13:00,Offline
D206,2023-10-13 14:13:00,Online
D206,2023-10-13 14:45:00,Idle
D206,2023-10-13 16:27:00,Idle
D206,2023-10-13 18:15:00,Busy
D206,2023-10-13 19:55:00,Busy
D206,2023-10-13 21:36:00,Busy
D206,2023-10-13 22:37:00,Idle
D206,2023-10-13 23:01:00,Idle
D206,2023-10-13 23:56:00,Idle
D206,2023-10-14 00:50:00,Offline
D206,2023-10-14 17:50:00,Online
D206,2023-10-14 19:50:00,Idle
D206,2023-10-14 20:37:00,Idle
D206,2023-10-14 21:52:00,Busy
D206,2023-10-14 23:26:00,Idle
D206,2023-10-14 23:46:00,Busy
D206,2023-10-15 00:20:00,Offline
D208,2023-10-05 00:00:00,Online
D208,2023-10-05 01:03:00,Busy
D208,2023-10-05 01:18:00,Idle
D208,2023-10-05 01:47:00,Idle
D208,2023-10-05 03:22:00,Idle
D208,2023-10-05 04:19:00,Offline
D208,2023-10-05 17:19:00,Online
D208,2023-10-05 17:50:00,Busy
D208,2023-10-05 19:50:00,Idle
D208,2023-10-05 20:08:00,Busy
D208,2023-10-05 20:34:00,Busy
D208,2023-10-05 20:52:00,Busy
D208,2023-10-05 21:30:00,Offline
D208,2023-10-06 20:30:00,Online
D208,2023-10-06 21:15:00,Busy
D208,2023-10-06 22:22:00,Busy
D208,2023-10-06 23:38:00,Busy
D208,2023-10-07 01:12:00,Busy
D208,2023-10-07 02:34:00,Busy
D208,2023-10-07 04:13:00,Busy
D208,2023-10-07 06:06:00,Idle
D208,2023-10-07 06:33:00,Busy
D208,2023-10-07 08:07:00,Busy
D208,2023-10-07 09:03:00,Offline
D208,2023-10-08 08:03:00,Online
D208,2023-10-08 09:10:00,Idle
D208,2023-10-08 10:42:00,Busy
D208,2023-10-08 11:07:00,Idle
D208,2023-10-08 11:26:00,Offline
D208,2023-10-09 00:26:00,Online
D208,2023-10-09 02:03:00,Busy
D208,2023-10-09 02:30:00,Idle
D208,2023-10-09 03:20:00,Busy
D208,2023-10-09 05:07:00,Busy
D208,2023-10-09 06:02:00,Offline
D208,2023-10-09 20:02:00,Online
D208,2023-10-09 21:58:00,Busy
D208,2023-10-09 22:51:00,Idle
D208,2023-10-10 00:14:00,Idle
D208,2023-10-10 01:08:00,Busy
D208,2023-10-10 01:24:00,Idle
D208,2023-10-10 02:16:00,Busy
D208,2023-10-10 03:14:00,Offline
D208,2023-10-11 03:14:00,Online
D208,2023-10-11 03:35:00,Busy
D208,2023-10-11 05:20:00,Idle
D208,2023-10-11 05:40:00,Idle
D208,2023-10-11 06:25:00,Idle
D208,2023-10-11 07:54:00,Busy
D208,2023-10-11 08:50:00,Offline
D208,2023-10-12 03:50:00,Online
D208,2023-10-12 04:41:00,Idle
D208,2023-10-12 06:19:00,Idle
D208,2023-10-12 08:00:00,Busy
D208,2023-10-12 08:25:00,Idle
D208,2023-10-12 09:08:00,Idle
D208,2023-10-12 10:27:00,Idle
D208,2023-10-12 10:58:00,Busy
D208,2023-10-12 11:32:00,Offline
D208,2023-10-13 07:32:00,Online
D208,2023-10-13 08:14:00,Idle
D208,2023-10-13 09:43:00,Busy
D208,2023-10-13 10:04:00,Busy
D208,2023-10-13 10:34:00,Idle
D208,2023-10-13 12:08:00,Idle
D208,2023-10-13 13:15:00,Busy
D208,2023-10-13 14:33:00,Busy
D208,2023-10-13 15:12:00,Offline
D209,2023-10-04 00:00:00,Online
D209,2023-10-04 01:43:00,Busy
D209,2023-10-04 03:09:00,Busy
D209,2023-10-04 04:10:00,Busy
D209,2023-10-04 04:38:00,Busy
D209,2023-10-04 05:17:00,Offline
D209,2023-10-04 22:17:00,Online
D209,2023-10-04 23:15:00,Busy
D209,2023-10-04 23:51:00,Busy
D209,2023-10-05 00:10:00,Busy
D209,2023-10-05 00:43:00,Offline
D209,2023-10-05 16:43:00,Online
D209,2023-10-05 17:46:00,Idle
D209,2023-10-05 18:15:00,Idle
D209,2023-10-05 19:52:00,Busy
D209,2023-10-05 21:38:00,Busy
D209,2023-10-05 22:56:00,Idle
D209,2023-10-05 23:55:00,Idle
D209,2023-10-06 00:55:00,Idle
D209,2023-10-06 02:20:00,Busy
D209,2023-10-06 03:03:00,Idle
D209,2023-10-06 03:39:00,Offline
D209,2023-10-07 00:39:00,Online
D209,2023-10-07 01:40:00,Idle
D209,2023-10-07 03:06:00,Idle
D209,2023-10-07 04:31:00,Busy
D209,2023-10-07 04:52:00,Offline
D209,2023-10-08 04:52:00,Online
D209,2023-10-08 05:21:00,Busy
D209,2023-10-08 06:09:00,Busy
D209,2023-10-08 06:55:00,Idle
D209,2023-10-08 07:58:00,Idle
D209,2023-10-08 08:39:00,Idle
D209,2023-10-08 08:53:00,Offline
D209,2023-10-09 01:53:00,Online
D209,2023-10-09 02:35:00,Busy
D209,2023-10-09 04:29:00,Idle
D209,2023-10-09 05:48:00,Idle
D209,2023-10-09 06:46:00,Offline
D209,2023-10-10 02:46:00,Online
D209,2023-10-10 04:22:00,Idle
D209,2023-10-10 04:59:00,Idle
D209,2023-10-10 05:44:00,Busy
D209,2023-10-10 07:43:00,Busy
D209,2023-10-10 09:19:00,Busy
D209,2023-10-10 09:51:00,Offline
D209,2023-10-11 07:51:00,Online
D209,2023-10-11 09:15:00,Idle
D209,2023-10-11 09:33:00,Idle
D209,2023-10-11 11:00:00,Idle
D209,2023-10-11 11:48:00,Busy
D209,2023-10-11 13:40:00,Idle
D209,2023-10-11 14:50:00,Busy
D209,2023-10-11 16:04:00,Busy
D209,2023-10-11 16:49:00,Idle
D209,2023-10-11 16:59:00,Offline
D209,2023-10-12 16:59:00,Online
D209,2023-10-12 18:59:00,Busy
D209,2023-10-12 19:28:00,Busy
D209,2023-10-12 20:46:00,Idle
D209,2023-10-12 22:45:00,Idle
D209,2023-10-13 00:22:00,Busy
D209,2023-10-13 01:51:00,Idle
D209,2023-10-13 02:21:00,Busy
D209,2023-10-13 03:31:00,Busy
D209,2023-10-13 04:10:00,Busy
D209,2023-10-13 05:38:00,Idle
D209,2023-10-13 06:16:00,Offline
D209,2023-10-14 00:16:00,Online
D209,2023-10-14 01:48:00,Busy
D209,2023-10-14 03:40:00,Idle
D209,2023-10-14 04:37:00,Busy
D209,2023-10-14 05:32:00,Busy
D209,2023-10-14 05:57:00,Idle
D209,2023-10-14 06:59:00,Busy
D209,2023-10-14 08:48:00,Busy
D209,2023-10-14 09:19:00,Offline
D209,2023-10-14 21:19:00,Online
D209,2023-10-14 22:16:00,Busy
D209,2023-10-14 22:50:00,Busy
D209,2023-10-14 23:29:00,Idle
D209,2023-10-15 01:01:00,Idle
D209,2023-10-15 01:29:00,Busy
D209,2023-10-15 02:02:00,Busy
D209,2023-10-15 03:38:00,Busy
D209,2023-10-15 04:37:00,Idle
D209,2023-10-15 06:27:00,Idle
D209,2023-10-15 07:53:00,Idle
D209,2023-10-15 08:25:00,Offline
D210,2023-10-04 00:00:00,Online
D210,2023-10-04 01:31:00,Busy
D210,2023-10-04 02:59:00,Busy
D210,2023-10-04 04:40:00,Idle
D210,2023-10-04 06:10:00,Busy
D210,2023-10-04 07:07:00,Busy
D210,2023-10-04 08:01:00,Idle
D210,2023-10-04 08:19:00,Offline
D210,2023-10-04 23:19:00,Online
D210,2023-10-05 00:49:00,Busy
D210,2023-10-05 01:41:00,Idle
D210,2023-10-05 03:32:00,Idle
D210,2023-10-05 05:23:00,Busy
D210,2023-10-05 06:42:00,Busy
D210,2023-10-05 07:00:00,Busy
D210,2023-10-05 07:38:00,Busy
D210,2023-10-05 09:07:00,Idle
D210,2023-10-05 10:26:00,Busy
D210,2023-10-05 11:52:00,Busy
D210,2023-10-05 12:49:00,Offline
D210,2023-10-06 06:49:00,Online
D210,2023-10-06 08:09:00,Idle
D210,2023-10-06 09:03:00,Busy
D210,2023-10-06 09:23:00,Idle
D210,2023-10-06 09:59:00,Offline
D210,2023-10-06 23:59:00,Online
D210,2023-10-07 01:07:00,Busy
D210,2023-10-07 02:20:00,Idle
D210,2023-10-07 03:52:00,Busy
D210,2023-10-07 04:23:00,Busy
D210,2023-10-07 05:46:00,Busy
D210,2023-10-07 07:43:00,Idle
D210,2023-10-07 08:24:00,Idle
D210,2023-10-07 10:17:00,Busy
D210,2023-10-07 12:08:00,Busy
D210,2023-10-07 14:03:00,Busy
D210,2023-10-07 14:24:00,Offline
D210,2023-10-08 09:24:00,Online
D210,2023-10-08 10:08:00,Busy
D210,2023-10-08 11:20:00,Idle
D210,2023-10-08 13:11:00,Idle
D210,2023-10-08 13:47:00,Busy
D210,2023-10-08 15:45:00,Idle
D210,2023-10-08 17:25:00,Busy
D210,2023-10-08 18:10:00,Busy
D210,2023-10-08 19:14:00,Busy
D210,2023-10-08 19:45:00,Offline
D210,2023-10-09 14:45:00,Online
D210,2023-10-09 15:09:00,Busy
D210,2023-10-09 16:31:00,Idle
D210,2023-10-09 17:13:00,Idle
D210,2023-10-09 18:29:00,Busy
D210,2023-10-09 19:46:00,Busy
D210,2023-10-09 20:06:00,Offline
D210,2023-10-10 20:06:00,Online
D210,2023-10-10 20:43:00,Idle
D210,2023-10-10 20:59:00,Busy
D210,2023-10-10 21:47:00,Idle
D210,2023-10-10 22:33:00,Offline
D210,2023-10-11 10:33:00,Online
D210,2023-10-11 10:49:00,Idle
D210,2023-10-11 11:59:00,Idle
D210,2023-10-11 13:26:00,Busy
D210,2023-10-11 14:22:00,Idle
D210,2023-10-11 15:22:00,Idle
D210,2023-10-11 17:18:00,Busy
D210,2023-10-11 18:04:00,Idle
D210,2023-10-11 18:53:00,Busy
D210,2023-10-11 19:50:00,Idle
D210,2023-10-11 21:25:00,Busy
D210,2023-10-11 21:59:00,Offline
D210,2023-10-12 11:59:00,Online
D210,2023-10-12 13:23:00,Busy
D210,2023-10-12 14:36:00,Idle
D210,2023-10-12 15:24:00,Idle
D210,2023-10-12 16:30:00,Busy
D210,2023-10-12 17:02:00,Offline
D210,2023-10-13 14:02:00,Online
D210,2023-10-13 15:38:00,Busy
D210,2023-10-13 17:22:00,Busy
D210,2023-10-13 18:05:00,Busy
D210,2023-10-13 19:31:00,Busy
D210,2023-10-13 21:08:00,Idle
D210,2023-10-13 21:47:00,Offline
D210,2023-10-14 09:47:00,Online
D210,2023-10-14 11:40:00,Busy
D210,2023-10-14 12:37:00,Idle
D210,2023-10-14 13:30:00,Busy
D210,2023-10-14 14:12:00,Idle
D210,2023-10-14 14:39:00,Idle
D210,2023-10-14 15:25:00,Idle
D210,2023-10-14 16:19:00,Offline
D211,2023-10-06 00:00:00,Online
D211,2023-10-06 00:20:00,Busy
D211,2023-10-06 01:44:00,Busy
D211,2023-10-06 03:09:00,Busy
D211,2023-10-06 03:43:00,Idle
D211,2023-10-06 04:26:00,Busy
D211,2023-10-06 04:54:00,Idle
D211,2023-10-06 05:20:00,Busy
D211,2023-10-06 06:08:00,Idle
D211,2023-10-06 07:50:00,Idle
D211,2023-10-06 08:14:00,Idle
D211,2023-10-06 08:39:00,Offline
D211,2023-10-06 22:39:00,Online
D211,2023-10-07 00:02:00,Busy
D211,2023-10-07 00:48:00,Busy
D211,2023-10-07 02:39:00,Idle
D211,2023-10-07 04:18:00,Idle
D211,2023-10-07 05:52:00,Idle
D211,2023-10-07 06:46:00,Idle
D211,2023-10-07 07:04:00,Offline
D211,2023-10-08 01:04:00,Online
D211,2023-10-08 02:56:00,Busy
D211,2023-10-08 04:39:00,Busy
D211,2023-10-08 05:40:00,Busy
D211,2023-10-08 07:18:00,Busy
D211,2023-10-08 07:50:00,Offline
D211,2023-10-08 19:50:00,Online
D211,2023-10-08 21:24:00,Busy
D211,2023-10-08 23:10:00,Busy
D211,2023-10-08 23:26:00,Idle
D211,2023-10-08 23:46:00,Idle
D211,2023-10-09 01:44:00,Idle
D211,2023-10-09 02:34:00,Idle
D211,2023-10-09 03:08:00,Offline
D211,2023-10-09 19:08:00,Online
D211,2023-10-09 19:29:00,Idle
D211,2023-10-09 21:18:00,Idle
D211,2023-10-09 22:20:00,Idle
D211,2023-10-09 23:33:00,Idle
D211,2023-10-10 00:21:00,Busy
D211,2023-10-10 01:15:00,Busy
D211,2023-10-10 02:50:00,Idle
D211,2023-10-10 03:34:00,Busy
D211,2023-10-10 04:19:00,Idle
D211,2023-10-10 05:16:00,Busy
D211,2023-10-10 05:54:00,Offline
D211,2023-10-10 20:54:00,Online
D211,2023-10-10 22:17:00,Busy
D211,2023-10-10 23:10:00,Idle
D211,2023-10-10 23:44:00,Busy
D211,2023-10-11 01:22:00,Idle
D211,2023-10-11 02:18:00,Idle
D211,2023-10-11 02:37:00,Idle
D211,2023-10-11 03:14:00,Idle
D211,2023-10-11 03:44:00,Idle
D211,2023-10-11 04:42:00,Offline
D211,2023-10-11 18:42:00,Online
D211,2023-10-11 19:50:00,Idle
D211,2023-10-11 21:36:00,Idle
D211,2023-10-11 23:26:00,Busy
D211,2023-10-12 00:43:00,Idle
D211,2023-10-12 01:07:00,Offline
D211,2023-10-12 17:07:00,Online
D211,2023-10-12 17:48:00,Idle
D211,2023-10-12 18:15:00,Busy
D211,2023-10-12 20:06:00,Idle
D211,2023-10-12 20:43:00,Busy
D211,2023-10-12 21:28:00,Offline
D211,2023-10-13 14:28:00,Online
D211,2023-10-13 16:26:00,Busy
D211,2023-10-13 17:42:00,Idle
D211,2023-10-13 18:21:00,Busy
D211,2023-10-13 19:51:00,Idle
D211,2023-10-13 20:52:00,Busy
D211,2023-10-13 21:41:00,Busy
D211,2023-10-13 22:52:00,Busy
D211,2023-10-13 23:24:00,Offline
D212,2023-10-03 00:00:00,Online
D212,2023-10-03 01:11:00,Idle
D212,2023-10-03 02:06:00,Busy
D212,2023-10-03 03:47:00,Idle
D212,2023-10-03 04:21:00,Offline
D212,2023-10-03 17:21:00,Online
D212,2023-10-03 18:20:00,Idle
D212,2023-10-03 20:13:00,Busy
D212,2023-10-03 20:44:00,Idle
D212,2023-10-03 21:39:00,Idle
D212,2023-10-03 22:51:00,Busy
D212,2023-10-03 23:29:00,Busy
D212,2023-10-04 00:19:00,Idle
D212,2023-10-04 00:39:00,Offline
D212,2023-10-04 14:39:00,Online
D212,2023-10-04 16:04:00,Idle
D212,2023-10-04 16:19:00,Idle
D212,2023-10-04 17:16:00,Idle
D212,2023-10-04 17:35:00,Idle
D212,2023-10-04 18:53:00,Idle
D212,2023-10-04 19:55:00,Busy
D212,2023-10-04 20:20:00,Idle
D212,2023-10-04 20:50:00,Idle
D212,2023-10-04 21:03:00,Offline
D212,2023-10-05 15:03:00,Online
D212,2023-10-05 16:31:00,Busy
D212,2023-10-05 18:30:00,Busy
D212,2023-10-05 18:53:00,Busy
D212,2023-10-05 20:17:00,Idle
D212,2023-10-05 20:33:00,Idle
D212,2023-10-05 20:58:00,Idle
D212,2023-10-05 22:44:00,Idle
D212,2023-10-06 00:03:00,Busy
D212,2023-10-06 00:37:00,Offline
D212,2023-10-06 22:37:00,Online
D212,2023-10-06 23:01:00,Busy
D212,2023-10-07 00:51:00,Busy
D212,2023-10-07 01:13:00,Idle
D212,2023-10-07 02:55:00,Busy
D212,2023-10-07 03:41:00,Idle
D212,2023-10-07 04:22:00,Offline
D212,2023-10-07 18:22:00,Online
D212,2023-10-07 20:22:00,Busy
D212,2023-10-07 21:07:00,Idle
D212,2023-10-07 21:45:00,Busy
D212,2023-10-07 22:38:00,Busy
D212,2023-10-07 23:58:00,Idle
D212,2023-10-08 01:49:00,Busy
D212,2023-10-08 02:44:00,Offline
D212,2023-10-08 23:44:00,Online
D212,2023-10-09 00:23:00,Idle
D212,2023-10-09 00:56:00,Busy
D212,2023-10-09 01:55:00,Busy
D212,2023-10-09 03:38:00,Busy
D212,2023-10-09 04:25:00,Offline
D212,2023-10-10 03:25:00,Online
D212,2023-10-10 04:17:00,Busy
D212,2023-10-10 05:20:00,Busy
D212,2023-10-10 05:53:00,Busy
D212,2023-10-10 06:42:00,Idle
D212,2023-10-10 08:20:00,Idle
D212,2023-10-10 09:56:00,Busy
D212,2023-10-10 10:25:00,Offline
D212,2023-10-10 23:25:00,Online
D212,2023-10-11 00:14:00,Busy
D212,2023-10-11 01:13:00,Busy
D212,2023-10-11 01:35:00,Idle
D212,2023-10-11 02:54:00,Busy
D212,2023-10-11 03:17:00,Busy
D212,2023-10-11 04:08:00,Idle
D212,2023-10-11 05:02:00,Offline
D212,2023-10-12 00:02:00,Online
D212,2023-10-12 01:13:00,Busy
D212,2023-10-12 03:05:00,Busy
D212,2023-10-12 04:28:00,Idle
D212,2023-10-12 06:25:00,Idle
D212,2023-10-12 06:48:00,Idle
D212,2023-10-12 08:30:00,Idle
D212,2023-10-12 10:23:00,Busy
D212,2023-10-12 10:41:00,Offline
D212,2023-10-13 09:41:00,Online
D212,2023-10-13 10:14:00,Idle
D212,2023-10-13 11:41:00,Idle
D212,2023-10-13 12:47:00,Busy
D212,2023-10-13 13:49:00,Idle
D212,2023-10-13 15:03:00,Busy
D212,2023-10-13 16:34:00,Busy
D212,2023-10-13 17:48:00,Busy
D212,2023-10-13 18:34:00,Idle
D212,2023-10-13 18:56:00,Offline
D212,2023-10-14 07:56:00,Online
D212,2023-10-14 08:41:00,Idle
D212,2023-10-14 09:00:00,Idle
D212,2023-10-14 10:45:00,Busy
D212,2023-10-14 11:38:00,Idle
D212,2023-10-14 13:25:00,Idle
D212,2023-10-14 15:01:00,Busy
D212,2023-10-14 16:20:00,Idle
D212,2023-10-14 17:29:00,Idle
D212,2023-10-14 19:27:00,Idle
D212,2023-10-14 20:24:00,Idle
D212,2023-10-14 20:39:00,Offline
D213,2023-10-05 00:00:00,Online
D213,2023-10-05 01:24:00,Idle
D213,2023-10-05 01:41:00,Idle
D213,2023-10-05 03:16:00,Idle
D213,2023-10-05 04:03:00,Busy
D213,2023-10-05 05:09:00,Idle
D213,2023-10-05 05:46:00,Idle
D213,2023-10-05 07:25:00,Idle
D213,2023-10-05 09:14:00,Idle
D213,2023-10-05 10:18:00,Idle
D213,2023-10-05 10:35:00,Offline
D213,2023-10-05 23:35:00,Online
D213,2023-10-06 01:21:00,Busy
D213,2023-10-06 03:13:00,Busy
D213,2023-10-06 04:17:00,Busy
D213,2023-10-06 05:11:00,Idle
D213,2023-10-06 06:02:00,Busy
D213,2023-10-06 07:29:00,Idle
D213,2023-10-06 08:17:00,Busy
D213,2023-10-06 09:13:00,Offline
D213,2023-10-07 08:13:00,Online
D213,2023-10-07 08:36:00,Idle
D213,2023-10-07 09:18:00,Busy
D213,2023-10-07 10:48:00,Idle
D213,2023-10-07 11:23:00,Offline
D213,2023-10-08 00:23:00,Online
D213,2023-10-08 01:54:00,Busy
D213,2023-10-08 02:49:00,Busy
D213,2023-10-08 03:35:00,Busy
D213,2023-10-08 04:47:00,Busy
D213,2023-10-08 05:21:00,Idle
D213,2023-10-08 06:28:00,Idle
D213,2023-10-08 07:43:00,Busy
D213,2023-10-08 08:25:00,Busy
D213,2023-10-08 09:42:00,Busy
D213,2023-10-08 10:18:00,Busy
D213,2023-10-08 11:16:00,Offline
D213,2023-10-09 05:16:00,Online
D213,2023-10-09 06:53:00,Busy
D213,2023-10-09 07:56:00,Idle
D213,2023-10-09 09:32:00,Idle
D213,2023-10-09 10:12:00,Busy
D213,2023-10-09 10:23:00,Offline
D213,2023-10-10 05:23:00,Online
D213,2023-10-10 06:19:00,Idle
D213,2023-10-10 07:06:00,Idle
D213,2023-10-10 08:45:00,Idle
D213,2023-10-10 09:50:00,Idle
D213,2023-10-10 11:36:00,Busy
D213,2023-10-10 12:01:00,Idle
D213,2023-10-10 13:38:00,Busy
D213,2023-10-10 14:26:00,Offline
D213,2023-10-11 11:26:00,Online
D213,2023-10-11 12:44:00,Idle
D213,2023-10-11 13:04:00,Idle
D213,2023-10-11 13:59:00,Busy
D213,2023-10-11 14:27:00,Idle
D213,2023-10-11 15:15:00,Idle
D213,2023-10-11 16:10:00,Idle
D213,2023-10-11 16:45:00,Busy
D213,2023-10-11 17:22:00,Offline
D213,2023-10-12 08:22:00,Online
D213,2023-10-12 09:22:00,Idle
D213,2023-10-12 11:21:00,Idle
D213,2023-10-12 12:37:00,Idle
D213,2023-10-12 13:22:00,Offline
D213,2023-10-13 11:22:00,Online
D213,2023-10-13 12:12:00,Idle
D213,2023-10-13 14:00:00,Idle
D213,2023-10-13 14:29:00,Busy
D213,2023-10-13 15:32:00,Busy
D213,2023-10-13 16:45:00,Idle
D213,2023-10-13 18:00:00,Idle
D213,2023-10-13 18:30:00,Idle
D213,2023-10-13 20:11:00,Idle
D213,2023-10-13 20:34:00,Offline
D214,2023-10-02 00:00:00,Online
D214,2023-10-02 00:42:00,Idle
D214,2023-10-02 01:45:00,Idle
D214,2023-10-02 02:55:00,Busy
D214,2023-10-02 03:53:00,Busy
D214,2023-10-02 04:42:00,Offline
D214,2023-10-02 16:42:00,Online
D214,2023-10-02 17:35:00,Idle
D214,2023-10-02 18:42:00,Idle
D214,2023-10-02 20:09:00,Idle
D214,2023-10-02 21:46:00,Idle
D214,2023-10-02 22:32:00,Busy
D214,2023-10-02 22:51:00,Offline
D214,2023-10-03 15:51:00,Online
D214,2023-10-03 17:50:00,Idle
D214,2023-10-03 19:44:00,Busy
D214,2023-10-03 20:51:00,Busy
D214,2023-10-03 21:16:00,Offline
D214,2023-10-04 12:16:00,Online
D214,2023-10-04 14:09:00,Idle
D214,2023-10-04 15:38:00,Busy
D214,2023-10-04 16:46:00,Idle
D214,2023-10-04 18:31:00,Idle
D214,2023-10-04 19:49:00,Busy
D214,2023-10-04 21:48:00,Busy
D214,2023-10-04 22:50:00,Idle
D214,2023-10-04 23:01:00,Offline
D214,2023-10-05 20:01:00,Online
D214,2023-10-05 21:55:00,Idle
D214,2023-10-05 22:52:00,Busy
D214,2023-10-05 23:56:00,Busy
D214,2023-10-06 01:00:00,Busy
D214,2023-10-06 01:31:00,Idle
D214,2023-10-06 02:20:00,Offline
D214,2023-10-06 16:20:00,Online
D214,2023-10-06 16:41:00,Idle
D214,2023-10-06 17:54:00,Idle
D214,2023-10-06 19:36:00,Idle
D214,2023-10-06 21:27:00,Busy
D214,2023-10-06 22:56:00,Idle
D214,2023-10-07 00:23:00,Idle
D214,2023-10-07 02:16:00,Busy
D214,2023-10-07 02:45:00,Idle
D214,2023-10-07 03:45:00,Idle
D214,2023-10-07 04:06:00,Offline
D214,2023-10-08 00:06:00,Online
D214,2023-10-08 00:55:00,Busy
D214,2023-10-08 02:41:00,Busy
D214,2023-10-08 04:31:00,Busy
D214,2023-10-08 04:46:00,Idle
D214,2023-10-08 06:26:00,Busy
D214,2023-10-08 06:48:00,Busy
D214,2023-10-08 08:02:00,Idle
D214,2023-10-08 08:47:00,Offline
D216,2023-10-01 00:00:00,Online
D216,2023-10-01 01:54:00,Idle
D216,2023-10-01 03:20:00,Busy
D216,2023-10-01 04:12:00,Idle
D216,2023-10-01 05:11:00,Idle
D216,2023-10-01 06:14:00,Busy
D216,2023-10-01 06:56:00,Idle
D216,2023-10-01 08:32:00,Idle
D216,2023-10-01 09:37:00,Idle
D216,2023-10-01 09:54:00,Offline
D216,2023-10-02 02:54:00,Online
D216,2023-10-02 03:57:00,Idle
D216,2023-10-02 04:13:00,Idle
D216,2023-10-02 04:51:00,Idle
D216,2023-10-02 05:19:00,Busy
D216,2023-10-02 07:14:00,Idle
D216,2023-10-02 07:47:00,Idle
D216,2023-10-02 09:35:00,Busy
D216,2023-10-02 10:53:00,Busy
D216,2023-10-02 11:35:00,Busy
D216,2023-10-02 12:39:00,Busy
D216,2023-10-02 12:58:00,Offline
D216,2023-10-03 06:58:00,Online
D216,2023-10-03 08:12:00,Busy
D216,2023-10-03 08:50:00,Idle
D216,2023-10-03 10:14:00,Busy
D216,2023-10-03 11:08:00,Busy
D216,2023-10-03 11:51:00,Idle
D216,2023-10-03 13:43:00,Busy
D216,2023-10-03 15:42:00,Idle
D216,2023-10-03 16:55:00,Idle
D216,2023-10-03 17:26:00,Offline
D216,2023-10-04 09:26:00,Online
D216,2023-10-04 10:27:00,Idle
D216,2023-10-04 12:12:00,Idle
D216,2023-10-04 13:12:00,Busy
D216,2023-10-04 13:33:00,Idle
D216,2023-10-04 14:03:00,Idle
D216,2023-10-04 16:01:00,Idle
D216,2023-10-04 16:24:00,Busy
D216,2023-10-04 17:19:00,Busy
D216,2023-10-04 18:08:00,Offline
D216,2023-10-05 09:08:00,Online
D216,2023-10-05 10:43:00,Busy
D216,2023-10-05 11:01:00,Busy
D216,2023-10-05 12:40:00,Idle
D216,2023-10-05 13:20:00,Offline
D216,2023-10-06 01:20:00,Online
D216,2023-10-06 01:35:00,Idle
D216,2023-10-06 02:43:00,Idle
D216,2023-10-06 04:38:00,Busy
D216,2023-10-06 04:58:00,Idle
D216,2023-10-06 05:57:00,Busy
D216,2023-10-06 06:51:00,Busy
D216,2023-10-06 08:17:00,Busy
D216,2023-10-06 08:36:00,Offline
D216,2023-10-07 00:36:00,Online
D216,2023-10-07 01:42:00,Idle
D216,2023-10-07 02:47:00,Busy
D216,2023-10-07 04:17:00,Idle
D216,2023-10-07 05:27:00,Busy
D216,2023-10-07 05:56:00,Busy
D216,2023-10-07 07:36:00,Busy
D216,2023-10-07 08:10:00,Idle
D216,2023-10-07 09:25:00,Busy
D216,2023-10-07 09:45:00,Busy
D216,2023-10-07 10:42:00,Offline
D216,2023-10-08 04:42:00,Online
D216,2023-10-08 05:48:00,Busy
D216,2023-10-08 06:40:00,Idle
D216,2023-10-08 07:04:00,Idle
D216,2023-10-08 08:54:00,Idle
D216,2023-10-08 10:39:00,Busy
D216,2023-10-08 11:59:00,Idle
D216,2023-10-08 13:09:00,Idle
D216,2023-10-08 14:43:00,Idle
D216,2023-10-08 16:39:00,Idle
D216,2023-10-08 18:15:00,Busy
D216,2023-10-08 18:53:00,Offline
D217,2023-10-05 00:00:00,Online
D217,2023-10-05 01:45:00,Busy
D217,2023-10-05 03:40:00,Idle
D217,2023-10-05 04:58:00,Idle
D217,2023-10-05 06:55:00,Idle
D217,2023-10-05 08:06:00,Idle
D217,2023-10-05 08:57:00,Busy
D217,2023-10-05 09:44:00,Busy
D217,2023-10-05 11:03:00,Idle
D217,2023-10-05 12:43:00,Busy
D217,2023-10-05 14:05:00,Idle
D217,2023-10-05 14:34:00,Offline
D217,2023-10-06 13:34:00,Online
D217,2023-10-06 14:27:00,Idle
D217,2023-10-06 16:18:00,Busy
D217,2023-10-06 18:10:00,Idle
D217,2023-10-06 19:23:00,Busy
D217,2023-10-06 20:14:00,Offline
D217,2023-10-07 19:14:00,Online
D217,2023-10-07 20:57:00,Idle
D217,2023-10-07 22:52:00,Idle
D217,2023-10-08 00:07:00,Idle
D217,2023-10-08 00:24:00,Busy
D217,2023-10-08 00:44:00,Idle
D217,2023-10-08 01:16:00,Offline
D217,2023-10-08 23:16:00,Online
D217,2023-10-09 00:56:00,Idle
D217,2023-10-09 02:37:00,Busy
D217,2023-10-09 04:29:00,Idle
D217,2023-10-09 05:10:00,Idle
D217,2023-10-09 06:40:00,Idle
D217,2023-10-09 08:39:00,Busy
D217,2023-10-09 09:11:00,Idle
D217,2023-10-09 11:01:00,Busy
D217,2023-10-09 11:36:00,Offline
D217,2023-10-10 09:36:00,Online
D217,2023-10-10 10:29:00,Idle
D217,2023-10-10 11:55:00,Busy
D217,2023-10-10 12:44:00,Idle
D217,2023-10-10 14:40:00,Busy
D217,2023-10-10 14:55:00,Busy
D217,2023-10-10 15:36:00,Idle
D217,2023-10-10 17:29:00,Busy
D217,2023-10-10 19:24:00,Idle
D217,2023-10-10 19:56:00,Busy
D217,2023-10-10 21:25:00,Busy
D217,2023-10-10 21:36:00,Offline
D217,2023-10-11 20:36:00,Online
D217,2023-10-11 21:28:00,Busy
D217,2023-10-11 22:25:00,Busy
D217,2023-10-12 00:12:00,Busy
D217,2023-10-12 00:52:00,Busy
D217,2023-10-12 01:14:00,Busy
D217,2023-10-12 02:47:00,Idle
D217,2023-10-12 04:33:00,Idle
D217,2023-10-12 05:59:00,Busy
D217,2023-10-12 06:29:00,Idle
D217,2023-10-12 06:57:00,Offline
D218,2023-10-04 00:00:00,Online
D218,2023-10-04 00:52:00,Busy
D218,2023-10-04 02:33:00,Busy
D218,2023-10-04 03:38:00,Idle
D218,2023-10-04 04:33:00,Idle
D218,2023-10-04 05:49:00,Busy
D218,2023-10-04 06:10:00,Busy
D218,2023-10-04 07:13:00,Idle
D218,2023-10-04 08:50:00,Idle
D218,2023-10-04 09:50:00,Offline
D218,2023-10-05 02:50:00,Online
D218,2023-10-05 04:06:00,Busy
D218,2023-10-05 04:29:00,Idle
D218,2023-10-05 05:22:00,Busy
D218,2023-10-05 05:43:00,Busy
D218,2023-10-05 06:59:00,Busy
D218,2023-10-05 08:27:00,Busy
D218,2023-10-05 10:20:00,Busy
D218,2023-10-05 10:59:00,Offline
D218,2023-10-06 08:59:00,Online
D218,2023-10-06 10:28:00,Busy
D218,2023-10-06 12:08:00,Busy
D218,2023-10-06 13:49:00,Idle
D218,2023-10-06 14:25:00,Idle
D218,2023-10-06 15:50:00,Idle
D218,2023-10-06 17:35:00,Busy
D218,2023-10-06 18:05:00,Offline
D218,2023-10-07 18:05:00,Online
D218,2023-10-07 18:34:00,Busy
D218,2023-10-07 18:55:00,Busy
D218,2023-10-07 19:23:00,Idle
D218,2023-10-07 20:36:00,Busy
D218,2023-10-07 22:23:00,Idle
D218,2023-10-07 23:49:00,Idle
D218,2023-10-08 00:50:00,Idle
D218,2023-10-08 02:12:00,Busy
D218,2023-10-08 02:51:00,Offline
D218,2023-10-08 14:51:00,Online
D218,2023-10-08 15:31:00,Idle
D218,2023-10-08 16:52:00,Busy
D218,2023-10-08 17:23:00,Busy
D218,2023-10-08 19:14:00,Busy
D218,2023-10-08 20:42:00,Idle
D218,2023-10-08 21:45:00,Busy
D218,2023-10-08 22:23:00,Offline
D218,2023-10-09 12:23:00,Online
D218,2023-10-09 12:55:00,Idle
D218,2023-10-09 13:11:00,Busy
D218,2023-10-09 13:45:00,Busy
D218,2023-10-09 15:01:00,Idle
D218,2023-10-09 15:25:00,Busy
D218,2023-10-09 16:04:00,Busy
D218,2023-10-09 17:33:00,Busy
D218,2023-10-09 18:17:00,Idle
D218,2023-10-09 19:39:00,Busy
D218,2023-10-09 20:42:00,Busy
D218,2023-10-09 21:42:00,Offline
D218,2023-10-10 14:42:00,Online
D218,2023-10-10 15:24:00,Busy
D218,2023-10-10 17:15:00,Idle
D218,2023-10-10 18:34:00,Idle
D218,2023-10-10 18:45:00,Offline
D219,2023-10-03 00:00:00,Online
D219,2023-10-03 00:47:00,Idle
D219,2023-10-03 02:46:00,Busy
D219,2023-10-03 03:52:00,Busy
D219,2023-10-03 04:18:00,Offline
D219,2023-10-04 04:18:00,Online
D219,2023-10-04 05:51:00,Busy
D219,2023-10-04 07:02:00,Busy
D219,2023-10-04 08:51:00,Idle
D219,2023-10-04 10:15:00,Idle
D219,2023-10-04 11:51:00,Busy
D219,2023-10-04 12:21:00,Offline
D219,2023-10-05 12:21:00,Online
D219,2023-10-05 13:03:00,Idle
D219,2023-10-05 13:53:00,Busy
D219,2023-10-05 15:06:00,Busy
D219,2023-10-05 16:26:00,Busy
D219,2023-10-05 18:16:00,Busy
D219,2023-10-05 18:58:00,Busy
D219,2023-10-05 20:51:00,Busy
D219,2023-10-05 22:34:00,Busy
D219,2023-10-06 00:27:00,Busy
D219,2023-10-06 01:05:00,Offline
D219,2023-10-06 17:05:00,Online
D219,2023-10-06 17:41:00,Idle
D219,2023-10-06 19:29:00,Busy
D219,2023-10-06 21:08:00,Idle
D219,2023-10-06 22:11:00,Idle
D219,2023-10-06 22:34:00,Idle
D219,2023-10-06 23:25:00,Busy
D219,2023-10-07 00:24:00,Offline
D219,2023-10-07 16:24:00,Online
D219,2023-10-07 17:26:00,Busy
D219,2023-10-07 18:12:00,Idle
D219,2023-10-07 18:36:00,Idle
D219,2023-10-07 19:24:00,Offline
D219,2023-10-08 07:24:00,Online
D219,2023-10-08 09:04:00,Idle
D219,2023-10-08 09:43:00,Idle
D219,2023-10-08 11:01:00,Busy
D219,2023-10-08 12:13:00,Idle
D219,2023-10-08 14:02:00,Idle
D219,2023-10-08 14:50:00,Busy
D219,2023-10-08 15:51:00,Busy
D219,2023-10-08 17:07:00,Idle
D219,2023-10-08 18:58:00,Busy
D219,2023-10-08 19:45:00,Offline
D219,2023-10-09 17:45:00,Online
D219,2023-10-09 19:42:00,Idle
D219,2023-10-09 21:28:00,Busy
D219,2023-10-09 23:22:00,Busy
D219,2023-10-09 23:35:00,Offline
D219,2023-10-10 18:35:00,Online
D219,2023-10-10 18:55:00,Busy
D219,2023-10-10 19:19:00,Busy
D219,2023-10-10 20:00:00,Idle
D219,2023-10-10 20:23:00,Busy
D219,2023-10-10 21:55:00,Idle
D219,2023-10-10 22:50:00,Offline
D219,2023-10-11 11:50:00,Online
D219,2023-10-11 13:20:00,Busy
D219,2023-10-11 15:07:00,Busy
D219,2023-10-11 16:22:00,Busy
D219,2023-10-11 17:12:00,Busy
D219,2023-10-11 18:28:00,Idle
D219,2023-10-11 20:15:00,Busy
D219,2023-10-11 21:49:00,Idle
D219,2023-10-11 23:01:00,Busy
D219,2023-10-12 00:29:00,Busy
D219,2023-10-12 01:07:00,Offline
D219,2023-10-13 01:07:00,Online
D219,2023-10-13 02:19:00,Busy
D219,2023-10-13 02:45:00,Idle
D219,2023-10-13 04:40:00,Idle
D219,2023-10-13 06:03:00,Busy
D219,2023-10-13 06:46:00,Offline
D219,2023-10-14 00:46:00,Online
D219,2023-10-14 01:12:00,Busy
D219,2023-10-14 01:39:00,Busy
D219,2023-10-14 02:50:00,Idle
D219,2023-10-14 04:44:00,Busy
D219,2023-10-14 06:07:00,Idle
D219,2023-10-14 07:24:00,Busy
D219,2023-10-14 08:07:00,Idle
D219,2023-10-14 08:29:00,Offline
D219,2023-10-15 03:29:00,Online
D219,2023-10-15 04:46:00,Busy
D219,2023-10-15 05:01:00,Busy
D219,2023-10-15 06:07:00,Idle
D219,2023-10-15 07:05:00,Idle
D219,2023-10-15 07:31:00,Offline
D219,2023-10-15 21:31:00,Online
D219,2023-10-15 23:04:00,Idle
D219,2023-10-16 01:00:00,Idle
D219,2023-10-16 01:38:00,Busy
D219,2023-10-16 02:14:00,Idle
D219,2023-10-16 04:06:00,Idle
D219,2023-10-16 05:11:00,Busy
D219,2023-10-16 05:31:00,Busy
D219,2023-10-16 07:00:00,Busy
D219,2023-10-16 08:39:00,Busy
D219,2023-10-16 08:58:00,Offline
D219,2023-10-16 23:58:00,Online
D219,2023-10-17 01:17:00,Idle
D219,2023-10-17 02:58:00,Idle
D219,2023-10-17 03:45:00,Busy
D219,2023-10-17 05:24:00,Idle
D219,2023-10-17 07:05:00,Busy
D219,2023-10-17 08:34:00,Busy
D219,2023-10-17 09:08:00,Busy
D219,2023-10-17 10:03:00,Busy
D219,2023-10-17 10:15:00,Offline
D219,2023-10-17 22:15:00,Online
D219,2023-10-17 23:41:00,Busy
D219,2023-10-18 00:05:00,Busy
D219,2023-10-18 00:34:00,Idle
D219,2023-10-18 00:52:00,Busy
D219,2023-10-18 01:55:00,Idle
D219,2023-10-18 02:18:00,Busy
D219,2023-10-18 03:58:00,Idle
D219,2023-10-18 05:08:00,Busy
D219,2023-10-18 05:45:00,Busy
D219,2023-10-18 06:15:00,Offline
D220,2023-10-05 00:00:00,Online
D220,2023-10-05 01:17:00,Idle
D220,2023-10-05 01:41:00,Busy
D220,2023-10-05 02:05:00,Busy
D220,2023-10-05 03:24:00,Idle
D220,2023-10-05 05:23:00,Busy
D220,2023-10-05 06:15:00,Idle
D220,2023-10-05 07:53:00,Busy
D220,2023-10-05 09:07:00,Idle
D220,2023-10-05 10:03:00,Idle
D220,2023-10-05 10:31:00,Offline
D220,2023-10-05 23:31:00,Online
D220,2023-10-06 01:29:00,Busy
D220,2023-10-06 02:07:00,Busy
D220,2023-10-06 02:45:00,Busy
D220,2023-10-06 04:41:00,Busy
D220,2023-10-06 05:05:00,Offline
D220,2023-10-06 20:05:00,Online
D220,2023-10-06 22:00:00,Busy
D220,2023-10-06 23:36:00,Idle
D220,2023-10-07 01:26:00,Idle
D220,2023-10-07 02:56:00,Idle
D220,2023-10-07 04:01:00,Busy
D220,2023-10-07 04:47:00,Offline
D220,2023-10-07 19:47:00,Online
D220,2023-10-07 20:30:00,Idle
D220,2023-10-07 20:56:00,Busy
D220,2023-10-07 22:52:00,Idle
D220,2023-10-08 00:04:00,Idle
D220,2023-10-08 01:18:00,Busy
D220,2023-10-08 02:55:00,Busy
D220,2023-10-08 04:49:00,Idle
D220,2023-10-08 06:22:00,Idle
D220,2023-10-08 07:11:00,Offline
D220,2023-10-08 21:11:00,Online
D220,2023-10-08 21:34:00,Busy
D220,2023-10-08 22:20:00,Idle
D220,2023-10-08 23:45:00,Idle
D220,2023-10-09 01:25:00,Idle
D220,2023-10-09 03:22:00,Idle
D220,2023-10-09 04:17:00,Offline
D220,2023-10-10 04:17:00,Online
D220,2023-10-10 04:48:00,Busy
D220,2023-10-10 06:15:00,Busy
D220,2023-10-10 06:52:00,Idle
D220,2023-10-10 08:03:00,Busy
D220,2023-10-10 10:01:00,Idle
D220,2023-10-10 10:40:00,Offline
D221,2023-10-06 00:00:00,Online
D221,2023-10-06 01:02:00,Idle
D221,2023-10-06 02:35:00,Idle
D221,2023-10-06 03:19:00,Idle
D221,2023-10-06 05:08:00,Idle
D221,2023-10-06 06:32:00,Idle
D221,2023-10-06 06:53:00,Offline
D221,2023-10-07 06:53:00,Online
D221,2023-10-07 08:26:00,Busy
D221,2023-10-07 09:43:00,Idle
D221,2023-10-07 10:07:00,Busy
D221,2023-10-07 11:30:00,Idle
D221,2023-10-07 12:47:00,Idle
D221,2023-10-07 14:13:00,Busy
D221,2023-10-07 14:41:00,Idle
D221,2023-10-07 15:11:00,Offline
D221,2023-10-08 06:11:00,Online
D221,2023-10-08 07:27:00,Idle
D221,2023-10-08 07:58:00,Busy
D221,2023-10-08 09:11:00,Idle
D221,2023-10-08 09:38:00,Idle
D221,2023-10-08 10:56:00,Busy
D221,2023-10-08 12:31:00,Idle
D221,2023-10-08 14:14:00,Idle
D221,2023-10-08 15:04:00,Offline
D221,2023-10-09 11:04:00,Online
D221,2023-10-09 11:34:00,Idle
D221,2023-10-09 13:12:00,Busy
D221,2023-10-09 14:20:00,Busy
D221,2023-10-09 14:54:00,Busy
D221,2023-10-09 16:47:00,Busy
D221,2023-10-09 17:50:00,Busy
D221,2023-10-09 18:29:00,Offline
D221,2023-10-10 11:29:00,Online
D221,2023-10-10 12:40:00,Busy
D221,2023-10-10 14:01:00,Busy
D221,2023-10-10 14:20:00,Busy
D221,2023-10-10 15:34:00,Idle
D221,2023-10-10 17:23:00,Idle
D221,2023-10-10 17:42:00,Idle
D221,2023-10-10 19:23:00,Idle
D221,2023-10-10 19:49:00,Idle
D221,2023-10-10 20:44:00,Busy
D221,2023-10-10 22:01:00,Busy
D221,2023-10-10 23:01:00,Offline
D221,2023-10-11 14:01:00,Online
D221,2023-10-11 15:02:00,Busy
D221,2023-10-11 16:05:00,Busy
D221,2023-10-11 16:47:00,Idle
D221,2023-10-11 17:25:00,Busy
D221,2023-10-11 18:20:00,Busy
D221,2023-10-11 18:41:00,Idle
D221,2023-10-11 19:52:00,Busy
D221,2023-10-11 20:50:00,Idle
D221,2023-10-11 22:12:00,Idle
D221,2023-10-12 00:12:00,Idle
D221,2023-10-12 01:06:00,Offline
D221,2023-10-12 16:06:00,Online
D221,2023-10-12 17:09:00,Busy
D221,2023-10-12 17:42:00,Busy
D221,2023-10-12 18:26:00,Busy
D221,2023-10-12 19:27:00,Busy
D221,2023-10-12 21:07:00,Idle
D221,2023-10-12 21:42:00,Idle
D221,2023-10-12 22:40:00,Idle
D221,2023-10-12 23:18:00,Busy
D221,2023-10-12 23:41:00,Offline
D221,2023-10-13 21:41:00,Online
D221,2023-10-13 22:33:00,Busy
D221,2023-10-14 00:09:00,Idle
D221,2023-10-14 01:50:00,Idle
D221,2023-10-14 02:22:00,Offline
D221,2023-10-14 18:22:00,Online
D221,2023-10-14 19:25:00,Idle
D221,2023-10-14 20:15:00,Idle
D221,2023-10-14 20:40:00,Idle
D221,2023-10-14 22:39:00,Idle
D221,2023-10-14 23:08:00,Offline
D221,2023-10-15 11:08:00,Online
D221,2023-10-15 12:49:00,Idle
D221,2023-10-15 13:52:00,Idle
D221,2023-10-15 14:38:00,Idle
D221,2023-10-15 16:11:00,Idle
D221,2023-10-15 17:56:00,Busy
D221,2023-10-15 18:21:00,Busy
D221,2023-10-15 19:13:00,Offline
D221,2023-10-16 11:13:00,Online
D221,2023-10-16 13:05:00,Busy
D221,2023-10-16 14:15:00,Idle
D221,2023-10-16 16:14:00,Busy
D221,2023-10-16 16:58:00,Offline
D222,2023-10-02 00:00:00,Online
D222,2023-10-02 01:37:00,Idle
D222,2023-10-02 02:14:00,Busy
D222,2023-10-02 03:45:00,Idle
D222,2023-10-02 05:04:00,Busy
D222,2023-10-02 05:52:00,Idle
D222,2023-10-02 07:00:00,Busy
D222,2023-10-02 07:22:00,Idle
D222,2023-10-02 09:14:00,Busy
D222,2023-10-02 10:17:00,Busy
D222,2023-10-02 11:11:00,Busy
D222,2023-10-02 11:33:00,Offline
D222,2023-10-03 04:33:00,Online
D222,2023-10-03 05:09:00,Busy
D222,2023-10-03 06:55:00,Busy
D222,2023-10-03 08:27:00,Idle
D222,2023-10-03 09:23:00,Offline
D222,2023-10-04 02:23:00,Online
D222,2023-10-04 03:29:00,Idle
D222,2023-10-04 04:23:00,Busy
D222,2023-10-04 06:18:00,Idle
D222,2023-10-04 07:27:00,Busy
D222,2023-10-04 08:05:00,Idle
D222,2023-10-04 09:33:00,Idle
D222,2023-10-04 11:12:00,Idle
D222,2023-10-04 12:45:00,Idle
D222,2023-10-04 13:50:00,Idle
D222,2023-10-04 14:38:00,Busy
D222,2023-10-04 15:32:00,Offline
D222,2023-10-05 06:32:00,Online
D222,2023-10-05 07:43:00,Idle
D222,2023-10-05 08:07:00,Idle
D222,2023-10-05 09:42:00,Idle
D222,2023-10-05 10:39:00,Busy
D222,2023-10-05 11:41:00,Busy
D222,2023-10-05 12:10:00,Busy
D222,2023-10-05 13:12:00,Busy
D222,2023-10-05 14:03:00,Busy
D222,2023-10-05 14:14:00,Offline
D222,2023-10-06 05:14:00,Online
D222,2023-10-06 06:43:00,Idle
D222,2023-10-06 07:13:00,Idle
D222,2023-10-06 08:25:00,Busy
D222,2023-10-06 09:04:00,Idle
D222,2023-10-06 10:15:00,Busy
D222,2023-10-06 10:59:00,Offline
D222,2023-10-07 05:59:00,Online
D222,2023-10-07 06:28:00,Busy
D222,2023-10-07 07:32:00,Idle
D222,2023-10-07 08:57:00,Idle
D222,2023-10-07 10:51:00,Idle
D222,2023-10-07 12:21:00,Busy
D222,2023-10-07 13:00:00,Idle
D222,2023-10-07 14:11:00,Busy
D222,2023-10-07 14:57:00,Idle
D222,2023-10-07 16:44:00,Busy
D222,2023-10-07 17:59:00,Idle
D222,2023-10-07 18:21:00,Offline
D222,2023-10-08 12:21:00,Online
D222,2023-10-08 14:02:00,Busy
D222,2023-10-08 15:16:00,Busy
D222,2023-10-08 16:02:00,Idle
D222,2023-10-08 16:28:00,Busy
D222,2023-10-08 18:03:00,Busy
D222,2023-10-08 18:49:00,Offline
D222,2023-10-09 15:49:00,Online
D222,2023-10-09 16:42:00,Idle
D222,2023-10-09 17:17:00,Busy
D222,2023-10-09 18:58:00,Busy
D222,2023-10-09 19:41:00,Busy
D222,2023-10-09 20:45:00,Idle
D222,2023-10-09 21:39:00,Idle
D222,2023-10-09 22:02:00,Busy
D222,2023-10-09 22:43:00,Offline
D222,2023-10-10 15:43:00,Online
D222,2023-10-10 17:00:00,Idle
D222,2023-10-10 18:47:00,Idle
D222,2023-10-10 20:10:00,Busy
D222,2023-10-10 20:37:00,Idle
D222,2023-10-10 22:33:00,Idle
D222,2023-10-10 23:59:00,Idle
D222,2023-10-11 01:05:00,Busy
D222,2023-10-11 03:03:00,Busy
D222,2023-10-11 03:31:00,Idle
D222,2023-10-11 03:49:00,Offline
D222,2023-10-12 02:49:00,Online
D222,2023-10-12 03:46:00,Busy
D222,2023-10-12 04:56:00,Busy
D222,2023-10-12 06:19:00,Idle
D222,2023-10-12 07:52:00,Busy
D222,2023-10-12 09:07:00,Busy
D222,2023-10-12 09:35:00,Idle
D222,2023-10-12 10:59:00,Busy
D222,2023-10-12 12:17:00,Busy
D222,2023-10-12 12:33:00,Offline
D222,2023-10-13 08:33:00,Online
D222,2023-10-13 09:48:00,Busy
D222,2023-10-13 11:37:00,Idle
D222,2023-10-13 13:07:00,Busy
D222,2023-10-13 14:15:00,Idle
D222,2023-10-13 15:55:00,Idle
D222,2023-10-13 16:32:00,Busy
D222,2023-10-13 17:13:00,Idle
D222,2023-10-13 18:43:00,Busy
D222,2023-10-13 19:43:00,Offline
D222,2023-10-14 10:43:00,Online
D222,2023-10-14 11:48:00,Idle
D222,2023-10-14 13:17:00,Busy
D222,2023-10-14 14:21:00,Idle
D222,2023-10-14 15:00:00,Idle
D222,2023-10-14 15:31:00,Busy
D222,2023-10-14 16:21:00,Idle
D222,2023-10-14 16:43:00,Idle
D222,2023-10-14 17:26:00,Idle
D222,2023-10-14 18:20:00,Idle
D222,2023-10-14 19:27:00,Idle
D222,2023-10-14 20:22:00,Offline
D223,2023-10-03 00:00:00,Online
D223,2023-10-03 01:39:00,Busy
D223,2023-10-03 02:47:00,Busy
D223,2023-10-03 04:19:00,Idle
D223,2023-10-03 05:34:00,Busy
D223,2023-10-03 06:46:00,Busy
D223,2023-10-03 08:41:00,Idle
D223,2023-10-03 10:09:00,Busy
D223,2023-10-03 11:02:00,Offline
D223,2023-10-04 02:02:00,Online
D223,2023-10-04 03:06:00,Idle
D223,2023-10-04 04:37:00,Idle
D223,2023-10-04 06:29:00,Idle
D223,2023-10-04 06:59:00,Idle
D223,2023-10-04 08:12:00,Idle
D223,2023-10-04 08:34:00,Busy
D223,2023-10-04 09:13:00,Offline
D223,2023-10-05 09:13:00,Online
D223,2023-10-05 10:21:00,Idle
D223,2023-10-05 12:16:00,Busy
D223,2023-10-05 13:54:00,Busy
D223,2023-10-05 14:19:00,Busy
D223,2023-10-05 14:41:00,Idle
D223,2023-10-05 15:13:00,Busy
D223,2023-10-05 16:22:00,Idle
D223,2023-10-05 16:34:00,Offline
D223,2023-10-06 15:34:00,Online
D223,2023-10-06 15:50:00,Busy
D223,2023-10-06 17:40:00,Idle
D223,2023-10-06 19:01:00,Idle
D223,2023-10-06 20:14:00,Idle
D223,2023-10-06 21:44:00,Busy
D223,2023-10-06 22:57:00,Idle
D223,2023-10-07 00:55:00,Busy
D223,2023-10-07 01:21:00,Busy
D223,2023-10-07 01:54:00,Idle
D223,2023-10-07 02:15:00,Offline
D223,2023-10-08 00:15:00,Online
D223,2023-10-08 00:56:00,Idle
D223,2023-10-08 02:27:00,Idle
D223,2023-10-08 03:14:00,Idle
D223,2023-10-08 03:49:00,Offline
D223,2023-10-09 02:49:00,Online
D223,2023-10-09 04:15:00,Busy
D223,2023-10-09 05:25:00,Busy
D223,2023-10-09 05:43:00,Busy
D223,2023-10-09 07:26:00,Busy
D223,2023-10-09 08:53:00,Busy
D223,2023-10-09 09:25:00,Idle
D223,2023-10-09 11:00:00,Busy
D223,2023-10-09 11:48:00,Offline
D223,2023-10-10 08:48:00,Online
D223,2023-10-10 09:58:00,Idle
D223,2023-10-10 11:54:00,Busy
D223,2023-10-10 12:34:00,Busy
D223,2023-10-10 13:02:00,Idle
D223,2023-10-10 14:03:00,Busy
D223,2023-10-10 14:55:00,Idle
D223,2023-10-10 15:15:00,Idle
D223,2023-10-10 16:25:00,Busy
D223,2023-10-10 16:53:00,Busy
D223,2023-10-10 17:07:00,Offline
D224,2023-10-05 00:00:00,Online
D224,2023-10-05 01:32:00,Busy
D224,2023-10-05 02:57:00,Idle
D224,2023-10-05 04:37:00,Idle
D224,2023-10-05 05:01:00,Busy
D224,2023-10-05 06:59:00,Idle
D224,2023-10-05 08:23:00,Idle
D224,2023-10-05 09:02:00,Idle
D224,2023-10-05 09:33:00,Offline
D224,2023-10-06 05:33:00,Online
D224,2023-10-06 07:02:00,Idle
D224,2023-10-06 07:47:00,Busy
D224,2023-10-06 09:42:00,Idle
D224,2023-10-06 10:53:00,Idle
D224,2023-10-06 11:49:00,Busy
D224,2023-10-06 12:44:00,Idle
D224,2023-10-06 13:59:00,Idle
D224,2023-10-06 14:14:00,Offline
D224,2023-10-07 08:14:00,Online
D224,2023-10-07 08:38:00,Busy
D224,2023-10-07 09:23:00,Idle
D224,2023-10-07 11:01:00,Idle
D224,2023-10-07 11:47:00,Offline
D224,2023-10-08 06:47:00,Online
D224,2023-10-08 08:24:00,Busy
D224,2023-10-08 10:21:00,Idle
D224,2023-10-08 11:49:00,Busy
D224,2023-10-08 13:36:00,Idle
D224,2023-10-08 15:03:00,Idle
D224,2023-10-08 16:36:00,Idle
D224,2023-10-08 17:15:00,Offline
D224,2023-10-09 11:15:00,Online
D224,2023-10-09 11:57:00,Busy
D224,2023-10-09 12:18:00,Idle
D224,2023-10-09 12:48:00,Busy
D224,2023-10-09 13:10:00,Busy
D224,2023-10-09 14:22:00,Idle
D224,2023-10-09 14:44:00,Busy
D224,2023-10-09 15:02:00,Busy
D224,2023-10-09 15:29:00,Idle
D224,2023-10-09 17:23:00,Idle
D224,2023-10-09 17:41:00,Offline
D224,2023-10-10 15:41:00,Online
D224,2023-10-10 17:41:00,Idle
D224,2023-10-10 18:37:00,Busy
D224,2023-10-10 19:39:00,Idle
D224,2023-10-10 19:55:00,Busy
D224,2023-10-10 21:55:00,Busy
D224,2023-10-10 22:43:00,Busy
D224,2023-10-10 23:57:00,Idle
D224,2023-10-11 01:44:00,Idle
D224,2023-10-11 03:42:00,Busy
D224,2023-10-11 03:57:00,Offline
D224,2023-10-11 21:57:00,Online
D224,2023-10-11 23:34:00,Busy
D224,2023-10-12 00:07:00,Idle
D224,2023-10-12 00:39:00,Busy
D224,2023-10-12 02:15:00,Busy
D224,2023-10-12 02:27:00,Offline
D226,2023-10-03 00:00:00,Online
D226,2023-10-03 00:39:00,Busy
D226,2023-10-03 02:27:00,Idle
D226,2023-10-03 04:05:00,Idle
D226,2023-10-03 04:21:00,Idle
D226,2023-10-03 05:21:00,Busy
D226,2023-10-03 06:13:00,Busy
D226,2023-10-03 07:45:00,Idle
D226,2023-10-03 09:10:00,Busy
D226,2023-10-03 09:41:00,Idle
D226,2023-10-03 09:53:00,Offline
D226,2023-10-04 00:53:00,Online
D226,2023-10-04 02:02:00,Busy
D226,2023-10-04 02:30:00,Busy
D226,2023-10-04 03:57:00,Busy
D226,2023-10-04 04:39:00,Busy
D226,2023-10-04 05:28:00,Idle
D226,2023-10-04 06:32:00,Idle
D226,2023-10-04 07:08:00,Offline
D226,2023-10-04 19:08:00,Online
D226,2023-10-04 20:32:00,Busy
D226,2023-10-04 22:09:00,Idle
D226,2023-10-04 23:46:00,Busy
D226,2023-10-05 00:42:00,Idle
D226,2023-10-05 01:43:00,Busy
D226,2023-10-05 02:31:00,Idle
D226,2023-10-05 03:38:00,Busy
D226,2023-10-05 04:05:00,Offline
D226,2023-10-05 16:05:00,Online
D226,2023-10-05 16:31:00,Idle
D226,2023-10-05 18:26:00,Idle
D226,2023-10-05 18:47:00,Idle
D226,2023-10-05 20:39:00,Busy
D226,2023-10-05 21:24:00,Busy
D226,2023-10-05 22:06:00,Idle
D226,2023-10-05 22:23:00,Offline
D226,2023-10-06 22:23:00,Online
D226,2023-10-06 22:52:00,Busy
D226,2023-10-07 00:43:00,Busy
D226,2023-10-07 02:37:00,Idle
D226,2023-10-07 03:49:00,Busy
D226,2023-10-07 04:14:00,Offline
D226,2023-10-08 02:14:00,Online
D226,2023-10-08 03:00:00,Busy
D226,2023-10-08 04:33:00,Busy
D226,2023-10-08 06:32:00,Busy
D226,2023-10-08 07:31:00,Busy
D226,2023-10-08 08:13:00,Busy
D226,2023-10-08 10:12:00,Idle
D226,2023-10-08 11:36:00,Idle
D226,2023-10-08 12:19:00,Idle
D226,2023-10-08 13:52:00,Idle
D226,2023-10-08 14:36:00,Offline
D226,2023-10-09 13:36:00,Online
D226,2023-10-09 15:19:00,Busy
D226,2023-10-09 16:11:00,Busy
D226,2023-10-09 17:47:00,Busy
D226,2023-10-09 19:12:00,Idle
D226,2023-10-09 19:57:00,Offline
D226,2023-10-10 13:57:00,Online
D226,2023-10-10 15:30:00,Idle
D226,2023-10-10 16:49:00,Busy
D226,2023-10-10 17:46:00,Busy
D226,2023-10-10 18:10:00,Idle
D226,2023-10-10 18:46:00,Offline
D226,2023-10-11 10:46:00,Online
D226,2023-10-11 12:13:00,Idle
D226,2023-10-11 13:16:00,Busy
D226,2023-10-11 14:44:00,Idle
D226,2023-10-11 16:00:00,Idle
D226,2023-10-11 17:48:00,Idle
D226,2023-10-11 18:31:00,Idle
D226,2023-10-11 18:52:00,Busy
D226,2023-10-11 19:39:00,Idle
D226,2023-10-11 20:31:00,Idle
D226,2023-10-11 22:16:00,Idle
D226,2023-10-11 22:32:00,Offline
D226,2023-10-12 13:32:00,Online
D226,2023-10-12 14:00:00,Idle
D226,2023-10-12 15:54:00,Busy
D226,2023-10-12 17:40:00,Busy
D226,2023-10-12 18:44:00,Busy
D226,2023-10-12 19:26:00,Busy
D226,2023-10-12 20:10:00,Offline
D228,2023-10-06 00:00:00,Online
D228,2023-10-06 00:22:00,Idle
D228,2023-10-06 01:23:00,Idle
D228,2023-10-06 02:53:00,Idle
D228,2023-10-06 04:10:00,Busy
D228,2023-10-06 05:05:00,Busy
D228,2023-10-06 06:33:00,Busy
D228,2023-10-06 08:19:00,Busy
D228,2023-10-06 08:34:00,Busy
D228,2023-10-06 09:20:00,Busy
D228,2023-10-06 09:31:00,Offline
D228,2023-10-06 23:31:00,Online
D228,2023-10-07 00:55:00,Busy
D228,2023-10-07 02:53:00,Busy
D228,2023-10-07 04:20:00,Busy
D228,2023-10-07 04:55:00,Busy
D228,2023-10-07 06:06:00,Idle
D228,2023-10-07 06:32:00,Idle
D228,2023-10-07 07:54:00,Idle
D228,2023-10-07 08:23:00,Offline
D228,2023-10-07 21:23:00,Online
D228,2023-10-07 22:18:00,Busy
D228,2023-10-07 22:56:00,Busy
D228,2023-10-08 00:30:00,Idle
D228,2023-10-08 00:48:00,Idle
D228,2023-10-08 01:26:00,Idle
D228,2023-10-08 01:55:00,Idle
D228,2023-10-08 02:28:00,Idle
D228,2023-10-08 03:53:00,Busy
D228,2023-10-08 04:12:00,Busy
D228,2023-10-08 05:09:00,Idle
D228,2023-10-08 06:03:00,Offline
D228,2023-10-08 20:03:00,Online
D228,2023-10-08 20:26:00,Idle
D228,2023-10-08 21:26:00,Busy
D228,2023-10-08 22:48:00,Busy
D228,2023-10-08 23:13:00,Idle
D228,2023-10-09 00:28:00,Idle
D228,2023-10-09 01:25:00,Idle
D228,2023-10-09 02:15:00,Idle
D228,2023-10-09 03:03:00,Offline
D228,2023-10-10 02:03:00,Online
D228,2023-10-10 02:36:00,Busy
D228,2023-10-10 04:30:00,Idle
D228,2023-10-10 05:20:00,Busy
D228,2023-10-10 06:51:00,Busy
D228,2023-10-10 08:17:00,Busy
D228,2023-10-10 08:42:00,Offline
D228,2023-10-10 23:42:00,Online
D228,2023-10-11 01:21:00,Busy
D228,2023-10-11 03:17:00,Idle
D228,2023-10-11 04:34:00,Busy
D228,2023-10-11 04:50:00,Idle
D228,2023-10-11 05:48:00,Offline
D228,2023-10-12 03:48:00,Online
D228,2023-10-12 04:38:00,Idle
D228,2023-10-12 05:25:00,Busy
D228,2023-10-12 05:59:00,Busy
D228,2023-10-12 07:31:00,Busy
D228,2023-10-12 08:11:00,Idle
D228,2023-10-12 09:00:00,Idle
D228,2023-10-12 11:00:00,Busy
D228,2023-10-12 12:14:00,Idle
D228,2023-10-12 13:38:00,Idle
D228,2023-10-12 14:06:00,Offline
D228,2023-10-13 10:06:00,Online
D228,2023-10-13 10:32:00,Idle
D228,2023-10-13 11:20:00,Idle
D228,2023-10-13 12:21:00,Idle
D228,2023-10-13 12:50:00,Busy
D228,2023-10-13 14:33:00,Busy
D228,2023-10-13 15:06:00,Offline
D228,2023-10-14 06:06:00,Online
D228,2023-10-14 07:39:00,Idle
D228,2023-10-14 09:22:00,Busy
D228,2023-10-14 10:56:00,Idle
D228,2023-10-14 12:38:00,Busy
D228,2023-10-14 13:40:00,Busy
D228,2023-10-14 15:36:00,Busy
D228,2023-10-14 16:42:00,Busy
D228,2023-10-14 17:21:00,Idle
D228,2023-10-14 18:35:00,Busy
D228,2023-10-14 20:16:00,Busy
D228,2023-10-14 21:15:00,Offline
D228,2023-10-15 20:15:00,Online
D228,2023-10-15 21:51:00,Idle
D228,2023-10-15 23:33:00,Busy
D228,2023-10-16 00:45:00,Idle
D228,2023-10-16 02:07:00,Busy
D228,2023-10-16 04:02:00,Idle
D228,2023-10-16 04:25:00,Idle
D228,2023-10-16 05:51:00,Busy
D228,2023-10-16 07:51:00,Idle
D228,2023-10-16 08:14:00,Busy
D228,2023-10-16 09:03:00,Offline
D228,2023-10-16 22:03:00,Online
D228,2023-10-16 22:58:00,Idle
D228,2023-10-17 00:20:00,Idle
D228,2023-10-17 00:43:00,Busy
D228,2023-10-17 01:55:00,Idle
D228,2023-10-17 03:48:00,Busy
D228,2023-10-17 04:44:00,Offline
D228,2023-10-17 22:44:00,Online
D228,2023-10-17 23:40:00,Idle
D228,2023-10-18 00:48:00,Idle
D228,2023-10-18 02:36:00,Busy
D228,2023-10-18 02:47:00,Offline
D228,2023-10-18 18:47:00,Online
D228,2023-10-18 19:51:00,Busy
D228,2023-10-18 21:19:00,Busy
D228,2023-10-18 22:39:00,Busy
D228,2023-10-18 23:10:00,Offline
D228,2023-10-19 22:10:00,Online
D228,2023-10-20 00:07:00,Idle
D228,2023-10-20 01:04:00,Idle
D228,2023-10-20 01:26:00,Idle
D228,2023-10-20 01:52:00,Offline
D228,2023-10-20 22:52:00,Online
D228,2023-10-21 00:30:00,Busy
D228,2023-10-21 01:37:00,Idle
D228,2023-10-21 02:49:00,Busy
D228,2023-10-21 04:11:00,Idle
D228,2023-10-21 04:53:00,Idle
D228,2023-10-21 06:02:00,Busy
D228,2023-10-21 06:54:00,Idle
D228,2023-10-21 07:28:00,Busy
D228,2023-10-21 07:45:00,Idle
D228,2023-10-21 08:03:00,Offline
D229,2023-10-04 00:00:00,Online
D229,2023-10-04 00:16:00,Idle
D229,2023-10-04 01:17:00,Idle
D229,2023-10-04 03:01:00,Idle
D229,2023-10-04 04:57:00,Busy
D229,2023-10-04 05:41:00,Idle
D229,2023-10-04 07:07:00,Busy
D229,2023-10-04 07:26:00,Offline
D229,2023-10-04 20:26:00,Online
D229,2023-10-04 21:29:00,Busy
D229,2023-10-04 22:13:00,Idle
D229,2023-10-05 00:01:00,Busy
D229,2023-10-05 00:55:00,Busy
D229,2023-10-05 01:22:00,Idle
D229,2023-10-05 03:09:00,Busy
D229,2023-10-05 03:33:00,Offline
D229,2023-10-05 19:33:00,Online
D229,2023-10-05 20:50:00,Idle
D229,2023-10-05 21:26:00,Busy
D229,2023-10-05 21:56:00,Idle
D229,2023-10-05 22:47:00,Idle
D229,2023-10-05 23:44:00,Idle
D229,2023-10-06 00:27:00,Busy
D229,2023-10-06 02:09:00,Busy
D229,2023-10-06 02:43:00,Idle
D229,2023-10-06 03:10:00,Offline
D229,2023-10-06 18:10:00,Online
D229,2023-10-06 18:36:00,Busy
D229,2023-10-06 20:34:00,Busy
D229,2023-10-06 22:01:00,Busy
D229,2023-10-06 22:31:00,Offline
D229,2023-10-07 14:31:00,Online
D229,2023-10-07 16:22:00,Idle
D229,2023-10-07 17:29:00,Idle
D229,2023-10-07 18:33:00,Busy
D229,2023-10-07 19:45:00,Idle
D229,2023-10-07 21:25:00,Idle
D229,2023-10-07 22:42:00,Idle
D229,2023-10-07 23:07:00,Offline
D229,2023-10-08 23:07:00,Online
D229,2023-10-09 00:26:00,Busy
D229,2023-10-09 01:32:00,Idle
D229,2023-10-09 03:09:00,Busy
D229,2023-10-09 04:34:00,Busy
D229,2023-10-09 06:27:00,Idle
D229,2023-10-09 08:16:00,Idle
D229,2023-10-09 09:15:00,Offline
D229,2023-10-10 04:15:00,Online
D229,2023-10-10 04:46:00,Idle
D229,2023-10-10 05:56:00,Idle
D229,2023-10-10 06:33:00,Idle
D229,2023-10-10 07:09:00,Busy
D229,2023-10-10 07:37:00,Offline
D229,2023-10-11 04:37:00,Online
D229,2023-10-11 06:04:00,Busy
D229,2023-10-11 07:15:00,Idle
D229,2023-10-11 07:36:00,Idle
D229,2023-10-11 08:27:00,Idle
D229,2023-10-11 09:10:00,Idle
D229,2023-10-11 10:48:00,Idle
D229,2023-10-11 12:32:00,Idle
D229,2023-10-11 13:28:00,Offline
D229,2023-10-12 04:28:00,Online
D229,2023-10-12 06:02:00,Idle
D229,2023-10-12 07:20:00,Busy
D229,2023-10-12 09:15:00,Idle
D229,2023-10-12 10:51:00,Busy
D229,2023-10-12 12:05:00,Busy
D229,2023-10-12 12:38:00,Busy
D229,2023-10-12 13:48:00,Busy
D229,2023-10-12 15:32:00,Busy
D229,2023-10-12 16:11:00,Offline
D229,2023-10-13 13:11:00,Online
D229,2023-10-13 14:09:00,Busy
D229,2023-10-13 14:32:00,Idle
D229,2023-10-13 15:31:00,Busy
D229,2023-10-13 16:29:00,Offline
D229,2023-10-14 06:29:00,Online
D229,2023-10-14 06:44:00,Idle
D229,2023-10-14 08:37:00,Idle
D229,2023-10-14 10:12:00,Busy
D229,2023-10-14 11:26:00,Busy
D229,2023-10-14 12:52:00,Busy
D229,2023-10-14 13:24:00,Busy
D229,2023-10-14 13:43:00,Idle
D229,2023-10-14 14:40:00,Busy
D229,2023-10-14 15:05:00,Idle
D229,2023-10-14 15:44:00,Offline
D230,2023-10-04 00:00:00,Online
D230,2023-10-04 00:50:00,Busy
D230,2023-10-04 02:42:00,Busy
D230,2023-10-04 04:24:00,Idle
D230,2023-10-04 04:46:00,Idle
D230,2023-10-04 06:21:00,Busy
D230,2023-10-04 07:43:00,Busy
D230,2023-10-04 09:31:00,Busy
D230,2023-10-04 10:13:00,Idle
D230,2023-10-04 10:31:00,Offline
D230,2023-10-05 06:31:00,Online
D230,2023-10-05 08:24:00,Busy
D230,2023-10-05 09:43:00,Busy
D230,2023-10-05 10:54:00,Idle
D230,2023-10-05 12:02:00,Busy
D230,2023-10-05 12:21:00,Offline
D230,2023-10-06 04:21:00,Online
D230,2023-10-06 04:37:00,Idle
D230,2023-10-06 05:53:00,Idle
D230,2023-10-06 06:19:00,Busy
D230,2023-10-06 07:29:00,Idle
D230,2023-10-06 08:06:00,Busy
D230,2023-10-06 09:50:00,Idle
D230,2023-10-06 10:14:00,Idle
D230,2023-10-06 11:56:00,Busy
D230,2023-10-06 13:21:00,Idle
D230,2023-10-06 14:36:00,Busy
D230,2023-10-06 15:17:00,Offline
D230,2023-10-07 10:17:00,Online
D230,2023-10-07 12:01:00,Busy
D230,2023-10-07 13:36:00,Idle
D230,2023-10-07 14:10:00,Busy
D230,2023-10-07 15:58:00,Idle
D230,2023-10-07 17:05:00,Busy
D230,2023-10-07 18:13:00,Idle
D230,2023-10-07 20:03:00,Idle
D230,2023-10-07 21:09:00,Idle
D230,2023-10-07 22:34:00,Busy
D230,2023-10-07 23:24:00,Idle
D230,2023-10-07 23:39:00,Offline
D230,2023-10-08 11:39:00,Online
D230,2023-10-08 12:47:00,Idle
D230,2023-10-08 13:46:00,Busy
D230,2023-10-08 15:18:00,Idle
D230,2023-10-08 15:36:00,Idle
D230,2023-10-08 17:25:00,Idle
D230,2023-10-08 17:38:00,Offline
D230,2023-10-09 10:38:00,Online
D230,2023-10-09 11:55:00,Busy
D230,2023-10-09 12:56:00,Idle
D230,2023-10-09 14:28:00,Idle
D230,2023-10-09 15:33:00,Idle
D230,2023-10-09 17:04:00,Busy
D230,2023-10-09 19:02:00,Busy
D230,2023-10-09 19:45:00,Idle
D230,2023-10-09 20:21:00,Busy
D230,2023-10-09 20:48:00,Offline
D230,2023-10-10 16:48:00,Online
D230,2023-10-10 18:31:00,Busy
D230,2023-10-10 20:28:00,Busy
D230,2023-10-10 21:17:00,Busy
D230,2023-10-10 21:58:00,Idle
D230,2023-10-10 23:07:00,Idle
D230,2023-10-11 00:49:00,Busy
D230,2023-10-11 02:04:00,Idle
D230,2023-10-11 03:29:00,Busy
D230,2023-10-11 04:26:00,Busy
D230,2023-10-11 04:59:00,Offline
D230,2023-10-11 19:59:00,Online
D230,2023-10-11 21:52:00,Busy
D230,2023-10-11 23:31:00,Idle
D230,2023-10-12 00:57:00,Busy
D230,2023-10-12 02:18:00,Busy
D230,2023-10-12 03:41:00,Idle
D230,2023-10-12 05:20:00,Idle
D230,2023-10-12 06:52:00,Idle
D230,2023-10-12 07:51:00,Busy
D230,2023-10-12 08:06:00,Offline
D230,2023-10-13 00:06:00,Online
D230,2023-10-13 01:13:00,Idle
D230,2023-10-13 01:45:00,Busy
D230,2023-10-13 03:01:00,Busy
D230,2023-10-13 03:31:00,Busy
D230,2023-10-13 04:58:00,Busy
D230,2023-10-13 06:42:00,Idle
D230,2023-10-13 06:55:00,Offline
D230,2023-10-14 04:55:00,Online
D230,2023-10-14 06:47:00,Busy
D230,2023-10-14 07:49:00,Idle
D230,2023-10-14 09:41:00,Idle
D230,2023-10-14 11:40:00,Idle
D230,2023-10-14 13:29:00,Idle
D230,2023-10-14 14:54:00,Idle
D230,2023-10-14 15:35:00,Idle
D230,2023-10-14 16:06:00,Offline
D230,2023-10-15 10:06:00,Online
D230,2023-10-15 10:26:00,Busy
D230,2023-10-15 11:06:00,Busy
D230,2023-10-15 12:23:00,Busy
D230,2023-10-15 14:02:00,Idle
D230,2023-10-15 14:59:00,Idle
D230,2023-10-15 16:40:00,Busy
D230,2023-10-15 16:59:00,Busy
D230,2023-10-15 17:40:00,Offline
D230,2023-10-16 16:40:00,Online
D230,2023-10-16 17:24:00,Idle
D230,2023-10-16 18:24:00,Idle
D230,2023-10-16 18:50:00,Busy
D230,2023-10-16 19:35:00,Busy
D230,2023-10-16 19:53:00,Offline
D230,2023-10-17 08:53:00,Online
D230,2023-10-17 09:32:00,Busy
D230,2023-10-17 10:45:00,Busy
D230,2023-10-17 12:24:00,Idle
D230,2023-10-17 12:35:00,Offline
D230,2023-10-18 01:35:00,Online
D230,2023-10-18 02:23:00,Busy
D230,2023-10-18 03:03:00,Busy
D230,2023-10-18 04:12:00,Busy
D230,2023-10-18 06:12:00,Idle
D230,2023-10-18 06:28:00,Idle
D230,2023-10-18 07:06:00,Busy
D230,2023-10-18 07:42:00,Busy
D230,2023-10-18 09:04:00,Idle
D230,2023-10-18 09:26:00,Offline
D232,2023-10-03 00:00:00,Online
D232,2023-10-03 01:51:00,Busy
D232,2023-10-03 02:23:00,Idle
D232,2023-10-03 03:18:00,Idle
D232,2023-10-03 04:16:00,Idle
D232,2023-10-03 05:32:00,Idle
D232,2023-10-03 06:14:00,Idle
D232,2023-10-03 07:20:00,Idle
D232,2023-10-03 07:34:00,Offline
D232,2023-10-04 02:34:00,Online
D232,2023-10-04 03:07:00,Busy
D232,2023-10-04 04:49:00,Busy
D232,2023-10-04 05:25:00,Busy
D232,2023-10-04 05:54:00,Busy
D232,2023-10-04 06:52:00,Busy
D232,2023-10-04 07:14:00,Offline
D232,2023-10-04 19:14:00,Online
D232,2023-10-04 20:03:00,Idle
D232,2023-10-04 21:01:00,Idle
D232,2023-10-04 22:41:00,Busy
D232,2023-10-04 23:19:00,Idle
D232,2023-10-05 00:25:00,Busy
D232,2023-10-05 01:28:00,Idle
D232,2023-10-05 02:00:00,Offline
D232,2023-10-05 16:00:00,Online
D232,2023-10-05 16:58:00,Idle
D232,2023-10-05 18:43:00,Idle
D232,2023-10-05 20:32:00,Busy
D232,2023-10-05 21:59:00,Idle
D232,2023-10-05 23:20:00,Busy
D232,2023-10-06 00:12:00,Offline
D232,2023-10-06 21:12:00,Online
D232,2023-10-06 21:47:00,Idle
D232,2023-10-06 23:18:00,Idle
D232,2023-10-07 00:28:00,Idle
D232,2023-10-07 01:23:00,Busy
D232,2023-10-07 03:04:00,Idle
D232,2023-10-07 03:55:00,Offline
D232,2023-10-07 21:55:00,Online
D232,2023-10-07 23:13:00,Busy
D232,2023-10-08 00:53:00,Idle
D232,2023-10-08 02:52:00,Idle
D232,2023-10-08 03:34:00,Idle
D232,2023-10-08 05:20:00,Idle
D232,2023-10-08 05:48:00,Busy
D232,2023-10-08 06:18:00,Offline
D232,2023-10-09 00:18:00,Online
D232,2023-10-09 00:46:00,Idle
D232,2023-10-09 02:27:00,Busy
D232,2023-10-09 03:32:00,Idle
D232,2023-10-09 04:02:00,Offline
D232,2023-10-10 02:02:00,Online
D232,2023-10-10 03:08:00,Busy
D232,2023-10-10 04:32:00,Busy
D232,2023-10-10 05:39:00,Busy
D232,2023-10-10 06:28:00,Offline
D232,2023-10-11 03:28:00,Online
D232,2023-10-11 04:47:00,Busy
D232,2023-10-11 05:32:00,Busy
D232,2023-10-11 05:52:00,Busy
D232,2023-10-11 06:16:00,Offline
D232,2023-10-11 18:16:00,Online
D232,2023-10-11 18:48:00,Busy
D232,2023-10-11 20:37:00,Busy
D232,2023-10-11 22:20:00,Busy
D232,2023-10-11 23:07:00,Busy
D232,2023-10-12 01:00:00,Idle
D232,2023-10-12 02:59:00,Busy
D232,2023-10-12 03:21:00,Busy
D232,2023-10-12 04:15:00,Idle
D232,2023-10-12 05:30:00,Busy
D232,2023-10-12 05:56:00,Offline
D233,2023-10-05 00:00:00,Online
D233,2023-10-05 01:17:00,Busy
D233,2023-10-05 01:54:00,Busy
D233,2023-10-05 02:09:00,Idle
D233,2023-10-05 03:21:00,Busy
D233,2023-10-05 03:32:00,Offline
D233,2023-10-05 22:32:00,Online
D233,2023-10-05 23:54:00,Idle
D233,2023-10-06 00:56:00,Busy
D233,2023-10-06 01:55:00,Busy
D233,2023-10-06 02:32:00,Idle
D233,2023-10-06 04:09:00,Idle
D233,2023-10-06 05:02:00,Idle
D233,2023-10-06 05:32:00,Idle
D233,2023-10-06 06:32:00,Offline
D233,2023-10-07 04:32:00,Online
D233,2023-10-07 06:17:00,Busy
D233,2023-10-07 07:36:00,Idle
D233,2023-10-07 08:19:00,Idle
D233,2023-10-07 10:18:00,Busy
D233,2023-10-07 11:06:00,Idle
D233,2023-10-07 13:03:00,Busy
D233,2023-10-07 14:07:00,Idle
D233,2023-10-07 14:48:00,Idle
D233,2023-10-07 16:40:00,Busy
D233,2023-10-07 17:21:00,Offline
D233,2023-10-08 17:21:00,Online
D233,2023-10-08 19:00:00,Idle
D233,2023-10-08 20:05:00,Busy
D233,2023-10-08 21:44:00,Busy
D233,2023-10-08 23:30:00,Busy
D233,2023-10-09 00:11:00,Busy
D233,2023-10-09 00:51:00,Offline
D233,2023-10-09 14:51:00,Online
D233,2023-10-09 15:54:00,Idle
D233,2023-10-09 17:33:00,Idle
D233,2023-10-09 18:55:00,Busy
D233,2023-10-09 19:33:00,Idle
D233,2023-10-09 20:19:00,Busy
D233,2023-10-09 21:22:00,Busy
D233,2023-10-09 22:09:00,Busy
D233,2023-10-09 22:25:00,Busy
D233,2023-10-09 22:39:00,Offline
D233,2023-10-10 13:39:00,Online
D233,2023-10-10 15:13:00,Busy
D233,2023-10-10 17:11:00,Idle
D233,2023-10-10 18:18:00,Idle
D233,2023-10-10 20:00:00,Busy
D233,2023-10-10 21:17:00,Busy
D233,2023-10-10 21:59:00,Offline
D233,2023-10-11 18:59:00,Online
D233,2023-10-11 20:50:00,Idle
D233,2023-10-11 22:37:00,Busy
D233,2023-10-11 23:25:00,Idle
D233,2023-10-12 00:43:00,Busy
D233,2023-10-12 01:50:00,Busy
D233,2023-10-12 02:06:00,Busy
D233,2023-10-12 03:19:00,Busy
D233,2023-10-12 05:05:00,Idle
D233,2023-10-12 06:11:00,Idle
D233,2023-10-12 06:38:00,Offline
D233,2023-10-12 22:38:00,Online
D233,2023-10-12 23:52:00,Busy
D233,2023-10-13 00:07:00,Idle
D233,2023-10-13 01:20:00,Busy
D233,2023-10-13 02:28:00,Idle
D233,2023-10-13 03:07:00,Busy
D233,2023-10-13 03:46:00,Offline
D233,2023-10-13 16:46:00,Online
D233,2023-10-13 18:15:00,Busy
D233,2023-10-13 20:11:00,Idle
D233,2023-10-13 20:34:00,Busy
D233,2023-10-13 20:55:00,Idle
D233,2023-10-13 22:21:00,Busy
D233,2023-10-13 22:57:00,Idle
D233,2023-10-13 23:58:00,Idle
D233,2023-10-14 01:57:00,Busy
D233,2023-10-14 02:31:00,Offline
D233,2023-10-14 22:31:00,Online
D233,2023-10-14 23:08:00,Busy
D233,2023-10-15 00:50:00,Idle
D233,2023-10-15 02:03:00,Idle
D233,2023-10-15 02:37:00,Idle
D233,2023-10-15 03:43:00,Busy
D233,2023-10-15 04:25:00,Offline
D233,2023-10-15 22:25:00,Online
D233,2023-10-16 00:23:00,Busy
D233,2023-10-16 02:22:00,Busy
D233,2023-10-16 03:37:00,Idle
D233,2023-10-16 04:12:00,Busy
D233,2023-10-16 05:15:00,Busy
D233,2023-10-16 06:48:00,Idle
D233,2023-10-16 07:14:00,Offline
D233,2023-10-17 01:14:00,Online
D233,2023-10-17 02:38:00,Busy
D233,2023-10-17 04:25:00,Busy
D233,2023-10-17 05:39:00,Busy
D233,2023-10-17 06:56:00,Idle
D233,2023-10-17 07:14:00,Busy
D233,2023-10-17 08:33:00,Busy
D233,2023-10-17 10:12:00,Idle
D233,2023-10-17 11:36:00,Busy
D233,2023-10-17 12:58:00,Busy
D233,2023-10-17 13:24:00,Idle
D233,2023-10-17 13:50:00,Offline
D233,2023-10-18 02:50:00,Online
D233,2023-10-18 04:13:00,Busy
D233,2023-10-18 05:52:00,Busy
D233,2023-10-18 07:14:00,Idle
D233,2023-10-18 08:18:00,Idle
D233,2023-10-18 09:53:00,Idle
D233,2023-10-18 10:29:00,Offline
D234,2023-10-01 00:00:00,Online
D234,2023-10-01 01:15:00,Busy
D234,2023-10-01 02:46:00,Busy
D234,2023-10-01 03:34:00,Busy
D234,2023-10-01 04:19:00,Idle
D234,2023-10-01 05:26:00,Busy
D234,2023-10-01 06:25:00,Idle
D234,2023-10-01 07:48:00,Idle
D234,2023-10-01 08:53:00,Busy
D234,2023-10-01 10:00:00,Busy
D234,2023-10-01 10:57:00,Offline
D234,2023-10-02 01:57:00,Online
D234,2023-10-02 02:14:00,Idle
D234,2023-10-02 03:24:00,Idle
D234,2023-10-02 04:36:00,Busy
D234,2023-10-02 04:53:00,Busy
D234,2023-10-02 05:34:00,Busy
D234,2023-10-02 06:11:00,Idle
D234,2023-10-02 06:29:00,Offline
D234,2023-10-02 19:29:00,Online
D234,2023-10-02 20:56:00,Idle
D234,2023-10-02 22:30:00,Idle
D234,2023-10-02 23:27:00,Busy
D234,2023-10-02 23:54:00,Busy
D234,2023-10-03 01:31:00,Idle
D234,2023-10-03 01:46:00,Busy
D234,2023-10-03 02:37:00,Busy
D234,2023-10-03 03:55:00,Busy
D234,2023-10-03 05:45:00,Idle
D234,2023-10-03 06:22:00,Offline
D234,2023-10-04 06:22:00,Online
D234,2023-10-04 08:06:00,Busy
D234,2023-10-04 09:52:00,Idle
D234,2023-10-04 10:34:00,Busy
D234,2023-10-04 11:43:00,Busy
D234,2023-10-04 12:29:00,Busy
D234,2023-10-04 13:29:00,Idle
D234,2023-10-04 15:08:00,Busy
D234,2023-10-04 16:55:00,Idle
D234,2023-10-04 17:29:00,Busy
D234,2023-10-04 17:40:00,Offline
D234,2023-10-05 06:40:00,Online
D234,2023-10-05 08:25:00,Idle
D234,2023-10-05 08:47:00,Idle
D234,2023-10-05 10:16:00,Busy
D234,2023-10-05 10:36:00,Idle
D234,2023-10-05 12:27:00,Busy
D234,2023-10-05 14:26:00,Busy
D234,2023-10-05 14:42:00,Offline
D234,2023-10-06 05:42:00,Online
D234,2023-10-06 06:48:00,Idle
D234,2023-10-06 08:48:00,Idle
D234,2023-10-06 09:27:00,Idle
D234,2023-10-06 10:55:00,Busy
D234,2023-10-06 11:34:00,Idle
D234,2023-10-06 13:01:00,Idle
D234,2023-10-06 13:42:00,Idle
D234,2023-10-06 13:52:00,Offline
D234,2023-10-07 11:52:00,Online
D234,2023-10-07 12:34:00,Idle
D234,2023-10-07 13:18:00,Idle
D234,2023-10-07 14:42:00,Idle
D234,2023-10-07 15:23:00,Busy
D234,2023-10-07 17:09:00,Busy
D234,2023-10-07 18:17:00,Idle
D234,2023-10-07 19:21:00,Busy
D234,2023-10-07 20:22:00,Busy
D234,2023-10-07 21:31:00,Idle
D234,2023-10-07 22:18:00,Idle
D234,2023-10-07 22:40:00,Offline
D234,2023-10-08 21:40:00,Online
D234,2023-10-08 22:25:00,Idle
D234,2023-10-08 23:48:00,Idle
D234,2023-10-09 00:33:00,Idle
D234,2023-10-09 02:12:00,Busy
D234,2023-10-09 03:14:00,Idle
D234,2023-10-09 03:32:00,Busy
D234,2023-10-09 04:52:00,Idle
D234,2023-10-09 06:40:00,Idle
D234,2023-10-09 07:33:00,Idle
D234,2023-10-09 08:25:00,Offline
D234,2023-10-10 07:25:00,Online
D234,2023-10-10 08:29:00,Idle
D234,2023-10-10 09:03:00,Idle
D234,2023-10-10 10:14:00,Busy
D234,2023-10-10 11:57:00,Idle
D234,2023-10-10 13:10:00,Idle
D234,2023-10-10 13:42:00,Idle
D234,2023-10-10 15:37:00,Busy
D234,2023-10-10 15:52:00,Idle
D234,2023-10-10 16:34:00,Idle
D234,2023-10-10 16:55:00,Offline
D234,2023-10-11 04:55:00,Online
D234,2023-10-11 05:55:00,Busy
D234,2023-10-11 07:10:00,Idle
D234,2023-10-11 07:37:00,Busy
D234,2023-10-11 09:30:00,Busy
D234,2023-10-11 11:21:00,Idle
D234,2023-10-11 12:47:00,Busy
D234,2023-10-11 14:23:00,Busy
D234,2023-10-11 16:15:00,Idle
D234,2023-10-11 16:54:00,Offline
D234,2023-10-12 10:54:00,Online
D234,2023-10-12 11:17:00,Idle
D234,2023-10-12 12:03:00,Busy
D234,2023-10-12 12:41:00,Busy
D234,2023-10-12 14:12:00,Idle
D234,2023-10-12 16:03:00,Busy
D234,2023-10-12 16:36:00,Busy
D234,2023-10-12 17:20:00,Busy
D234,2023-10-12 17:33:00,Offline
D235,2023-10-03 00:00:00,Online
D235,2023-10-03 00:29:00,Idle
D235,2023-10-03 02:15:00,Idle
D235,2023-10-03 03:30:00,Idle
D235,2023-10-03 05:26:00,Busy
D235,2023-10-03 05:43:00,Offline
D235,2023-10-04 04:43:00,Online
D235,2023-10-04 05:12:00,Busy
D235,2023-10-04 05:32:00,Busy
D235,2023-10-04 06:22:00,Idle
D235,2023-10-04 06:48:00,Busy
D235,2023-10-04 07:37:00,Offline
D235,2023-10-05 03:37:00,Online
D235,2023-10-05 05:33:00,Idle
D235,2023-10-05 06:52:00,Idle
D235,2023-10-05 08:44:00,Idle
D235,2023-10-05 09:20:00,Busy
D235,2023-10-05 09:42:00,Idle
D235,2023-10-05 10:23:00,Idle
D235,2023-10-05 11:15:00,Idle
D235,2023-10-05 11:50:00,Offline
D235,2023-10-06 05:50:00,Online
D235,2023-10-06 06:50:00,Idle
D235,2023-10-06 08:50:00,Idle
D235,2023-10-06 09:08:00,Busy
D235,2023-10-06 10:02:00,Offline
D235,2023-10-07 04:02:00,Online
D235,2023-10-07 05:58:00,Busy
D235,2023-10-07 07:20:00,Idle
D235,2023-10-07 08:21:00,Idle
D235,2023-10-07 08:47:00,Busy
D235,2023-10-07 09:39:00,Offline
D235,2023-10-08 04:39:00,Online
D235,2023-10-08 06:34:00,Idle
D235,2023-10-08 08:22:00,Idle
D235,2023-10-08 09:40:00,Idle
D235,2023-10-08 09:51:00,Offline
D235,2023-10-08 23:51:00,Online
D235,2023-10-09 00:40:00,Busy
D235,2023-10-09 01:01:00,Idle
D235,2023-10-09 02:25:00,Idle
D235,2023-10-09 03:10:00,Idle
D235,2023-10-09 04:23:00,Idle
D235,2023-10-09 04:38:00,Busy
D235,2023-10-09 04:51:00,Offline
D235,2023-10-09 20:51:00,Online
D235,2023-10-09 22:06:00,Busy
D235,2023-10-09 23:54:00,Idle
D235,2023-10-10 01:11:00,Idle
D235,2023-10-10 02:54:00,Busy
D235,2023-10-10 03:38:00,Busy
D235,2023-10-10 04:58:00,Busy
D235,2023-10-10 05:20:00,Idle
D235,2023-10-10 05:58:00,Busy
D235,2023-10-10 07:43:00,Idle
D235,2023-10-10 09:03:00,Idle
D235,2023-10-10 09:47:00,Offline
D236,2023-10-02 00:00:00,Online
D236,2023-10-02 01:04:00,Idle
D236,2023-10-02 01:27:00,Idle
D236,2023-10-02 03:11:00,Busy
D236,2023-10-02 04:21:00,Busy
D236,2023-10-02 04:42:00,Busy
D236,2023-10-02 06:09:00,Idle
D236,2023-10-02 06:43:00,Offline
D236,2023-10-03 05:43:00,Online
D236,2023-10-03 07:36:00,Idle
D236,2023-10-03 08:29:00,Busy
D236,2023-10-03 10:12:00,Busy
D236,2023-10-03 10:41:00,Idle
D236,2023-10-03 11:15:00,Offline
D236,2023-10-04 02:15:00,Online
D236,2023-10-04 04:04:00,Busy
D236,2023-10-04 05:33:00,Idle
D236,2023-10-04 07:15:00,Busy
D236,2023-10-04 08:46:00,Idle
D236,2023-10-04 09:38:00,Offline
D236,2023-10-04 21:38:00,Online
D236,2023-10-04 21:58:00,Idle
D236,2023-10-04 23:16:00,Idle
D236,2023-10-05 00:49:00,Idle
D236,2023-10-05 02:37:00,Busy
D236,2023-10-05 03:45:00,Busy
D236,2023-10-05 05:31:00,Busy
D236,2023-10-05 06:25:00,Idle
D236,2023-10-05 07:25:00,Offline
D236,2023-10-06 02:25:00,Online
D236,2023-10-06 03:32:00,Idle
D236,2023-10-06 04:00:00,Busy
D236,2023-10-06 05:13:00,Busy
D236,2023-10-06 05:48:00,Offline
D236,2023-10-07 04:48:00,Online
D236,2023-10-07 05:36:00,Busy
D236,2023-10-07 06:55:00,Idle
D236,2023-10-07 07:19:00,Busy
D236,2023-10-07 08:02:00,Offline
D236,2023-10-08 05:02:00,Online
D236,2023-10-08 05:25:00,Idle
D236,2023-10-08 05:45:00,Idle
D236,2023-10-08 06:11:00,Busy
D236,2023-10-08 07:37:00,Idle
D236,2023-10-08 08:21:00,Busy
D236,2023-10-08 10:15:00,Busy
D236,2023-10-08 10:52:00,Busy
D236,2023-10-08 11:03:00,Offline
D236,2023-10-09 11:03:00,Online
D236,2023-10-09 12:54:00,Busy
D236,2023-10-09 14:21:00,Busy
D236,2023-10-09 14:42:00,Idle
D236,2023-10-09 14:57:00,Idle
D236,2023-10-09 16:44:00,Idle
D236,2023-10-09 18:19:00,Idle
D236,2023-10-09 18:33:00,Offline
D237,2023-10-06 00:00:00,Online
D237,2023-10-06 00:55:00,Idle
D237,2023-10-06 01:52:00,Idle
D237,2023-10-06 02:26:00,Busy
D237,2023-10-06 03:52:00,Idle
D237,2023-10-06 05:38:00,Busy
D237,2023-10-06 06:42:00,Idle
D237,2023-10-06 08:00:00,Idle
D237,2023-10-06 08:50:00,Busy
D237,2023-10-06 10:44:00,Idle
D237,2023-10-06 11:11:00,Busy
D237,2023-10-06 11:22:00,Offline
D237,2023-10-06 23:22:00,Online
D237,2023-10-07 00:02:00,Busy
D237,2023-10-07 00:37:00,Busy
D237,2023-10-07 02:02:00,Idle
D237,2023-10-07 03:55:00,Idle
D237,2023-10-07 05:48:00,Idle
D237,2023-10-07 06:24:00,Offline
D237,2023-10-08 03:24:00,Online
D237,2023-10-08 05:19:00,Busy
D237,2023-10-08 07:14:00,Busy
D237,2023-10-08 07:38:00,Idle
D237,2023-10-08 08:42:00,Busy
D237,2023-10-08 09:00:00,Busy
D237,2023-10-08 09:20:00,Busy
D237,2023-10-08 10:14:00,Idle
D237,2023-10-08 10:47:00,Offline
D237,2023-10-09 10:47:00,Online
D237,2023-10-09 11:08:00,Busy
D237,2023-10-09 11:39:00,Busy
D237,2023-10-09 13:10:00,Busy
D237,2023-10-09 13:58:00,Offline
D237,2023-10-10 02:58:00,Online
D237,2023-10-10 03:48:00,Busy
D237,2023-10-10 05:09:00,Busy
D237,2023-10-10 06:17:00,Idle
D237,2023-10-10 07:13:00,Idle
D237,2023-10-10 08:40:00,Idle
D237,2023-10-10 09:22:00,Offline
D237,2023-10-11 04:22:00,Online
D237,2023-10-11 06:05:00,Idle
D237,2023-10-11 07:12:00,Busy
D237,2023-10-11 08:25:00,Idle
D237,2023-10-11 10:25:00,Idle
D237,2023-10-11 11:31:00,Idle
D237,2023-10-11 12:29:00,Offline
D237,2023-10-12 01:29:00,Online
D237,2023-10-12 02:02:00,Idle
D237,2023-10-12 02:18:00,Busy
D237,2023-10-12 04:05:00,Idle
D237,2023-10-12 04:33:00,Busy
D237,2023-10-12 06:24:00,Idle
D237,2023-10-12 06:57:00,Busy
D237,2023-10-12 08:36:00,Idle
D237,2023-10-12 09:01:00,Busy
D237,2023-10-12 09:20:00,Offline
D237,2023-10-13 09:20:00,Online
D237,2023-10-13 10:02:00,Busy
D237,2023-10-13 11:14:00,Idle
D237,2023-10-13 12:01:00,Busy
D237,2023-10-13 14:01:00,Busy
D237,2023-10-13 15:28:00,Busy
D237,2023-10-13 16:07:00,Idle
D237,2023-10-13 17:35:00,Busy
D237,2023-10-13 18:20:00,Idle
D237,2023-10-13 19:06:00,Offline
D237,2023-10-14 14:06:00,Online
D237,2023-10-14 14:24:00,Idle
D237,2023-10-14 15:41:00,Idle
D237,2023-10-14 16:14:00,Busy
D237,2023-10-14 17:45:00,Idle
D237,2023-10-14 18:10:00,Busy
D237,2023-10-14 18:30:00,Idle
D237,2023-10-14 20:27:00,Idle
D237,2023-10-14 21:39:00,Idle
D237,2023-10-14 22:38:00,Offline
D237,2023-10-15 17:38:00,Online
D237,2023-10-15 18:34:00,Idle
D237,2023-10-15 20:17:00,Idle
D237,2023-10-15 22:10:00,Busy
D237,2023-10-15 23:28:00,Idle
D237,2023-10-16 01:15:00,Idle
D237,2023-10-16 01:55:00,Busy
D237,2023-10-16 03:24:00,Idle
D237,2023-10-16 04:20:00,Offline
D237,2023-10-17 01:20:00,Online
D237,2023-10-17 03:16:00,Idle
D237,2023-10-17 04:14:00,Idle
D237,2023-10-17 05:37:00,Busy
D237,2023-10-17 07:22:00,Busy
D237,2023-10-17 08:26:00,Busy
D237,2023-10-17 08:54:00,Idle
D237,2023-10-17 09:41:00,Busy
D237,2023-10-17 11:35:00,Busy
D237,2023-10-17 12:43:00,Busy
D237,2023-10-17 13:05:00,Offline
D237,2023-10-18 10:05:00,Online
D237,2023-10-18 11:04:00,Idle
D237,2023-10-18 11:42:00,Busy
D237,2023-10-18 13:25:00,Idle
D237,2023-10-18 14:51:00,Idle
D237,2023-10-18 16:05:00,Idle
D237,2023-10-18 17:15:00,Busy
D237,2023-10-18 18:35:00,Busy
D237,2023-10-18 19:44:00,Busy
D237,2023-10-18 20:29:00,Idle
D237,2023-10-18 21:38:00,Idle
D237,2023-10-18 21:58:00,Offline
D237,2023-10-19 16:58:00,Online
D237,2023-10-19 18:30:00,Busy
D237,2023-10-19 19:41:00,Idle
D237,2023-10-19 21:03:00,Busy
D237,2023-10-19 22:39:00,Busy
D237,2023-10-19 23:04:00,Offline
D237,2023-10-20 14:04:00,Online
D237,2023-10-20 14:53:00,Busy
D237,2023-10-20 15:39:00,Busy
D237,2023-10-20 16:42:00,Busy
D237,2023-10-20 18:09:00,Busy
D237,2023-10-20 18:39:00,Idle
D237,2023-10-20 20:19:00,Idle
D237,2023-10-20 21:04:00,Busy
D237,2023-10-20 22:40:00,Idle
D237,2023-10-20 23:44:00,Busy
D237,2023-10-21 00:11:00,Offline
D238,2023-10-01 00:00:00,Online
D238,2023-10-01 01:13:00,Busy
D238,2023-10-01 02:04:00,Idle
D238,2023-10-01 02:59:00,Busy
D238,2023-10-01 03:42:00,Offline
D238,2023-10-01 19:42:00,Online
D238,2023-10-01 19:58:00,Idle
D238,2023-10-01 20:15:00,Busy
D238,2023-10-01 22:08:00,Idle
D238,2023-10-01 22:42:00,Offline
D238,2023-10-02 15:42:00,Online
D238,2023-10-02 16:13:00,Idle
D238,2023-10-02 16:30:00,Busy
D238,2023-10-02 17:36:00,Busy
D238,2023-10-02 19:23:00,Idle
D238,2023-10-02 21:04:00,Idle
D238,2023-10-02 22:10:00,Idle
D238,2023-10-02 22:50:00,Idle
D238,2023-10-03 00:09:00,Busy
D238,2023-10-03 01:03:00,Offline
D238,2023-10-03 17:03:00,Online
D238,2023-10-03 18:05:00,Idle
D238,2023-10-03 18:24:00,Busy
D238,2023-10-03 19:40:00,Idle
D238,2023-10-03 20:24:00,Offline
D238,2023-10-04 10:24:00,Online
D238,2023-10-04 11:06:00,Idle
D238,2023-10-04 12:29:00,Busy
D238,2023-10-04 13:31:00,Idle
D238,2023-10-04 14:31:00,Offline
D238,2023-10-05 07:31:00,Online
D238,2023-10-05 08:09:00,Busy
D238,2023-10-05 08:41:00,Idle
D238,2023-10-05 09:29:00,Busy
D238,2023-10-05 10:46:00,Busy
D238,2023-10-05 12:10:00,Busy
D238,2023-10-05 12:25:00,Offline
D238,2023-10-06 04:25:00,Online
D238,2023-10-06 05:02:00,Busy
D238,2023-10-06 06:25:00,Busy
D238,2023-10-06 07:01:00,Idle
D238,2023-10-06 08:36:00,Busy
D238,2023-10-06 09:32:00,Offline
D238,2023-10-07 09:32:00,Online
D238,2023-10-07 10:09:00,Busy
D238,2023-10-07 11:22:00,Busy
D238,2023-10-07 12:42:00,Idle
D238,2023-10-07 14:30:00,Busy
D238,2023-10-07 15:09:00,Offline
D238,2023-10-08 04:09:00,Online
D238,2023-10-08 05:36:00,Idle
D238,2023-10-08 06:09:00,Busy
D238,2023-10-08 08:08:00,Busy
D238,2023-10-08 09:30:00,Busy
D238,2023-10-08 11:15:00,Busy
D238,2023-10-08 11:37:00,Idle
D238,2023-10-08 13:30:00,Busy
D238,2023-10-08 14:03:00,Busy
D238,2023-10-08 15:46:00,Busy
D238,2023-10-08 16:01:00,Offline
D238,2023-10-09 14:01:00,Online
D238,2023-10-09 14:19:00,Idle
D238,2023-10-09 16:11:00,Idle
D238,2023-10-09 16:50:00,Idle
D238,2023-10-09 17:29:00,Busy
D238,2023-10-09 17:56:00,Idle
D238,2023-10-09 19:14:00,Idle
D238,2023-10-09 21:09:00,Idle
D238,2023-10-09 22:00:00,Idle
D238,2023-10-09 23:55:00,Idle
D238,2023-10-10 01:26:00,Idle
D238,2023-10-10 01:43:00,Offline
D238,2023-10-11 01:43:00,Online
D238,2023-10-11 02:12:00,Busy
D238,2023-10-11 02:29:00,Busy
D238,2023-10-11 03:23:00,Busy
D238,2023-10-11 03:39:00,Idle
D238,2023-10-11 04:14:00,Offline
D238,2023-10-12 01:14:00,Online
D238,2023-10-12 01:31:00,Idle
D238,2023-10-12 02:02:00,Busy
D238,2023-10-12 02:24:00,Busy
D238,2023-10-12 02:46:00,Idle
D238,2023-10-12 04:17:00,Busy
D238,2023-10-12 05:57:00,Idle
D238,2023-10-12 07:25:00,Idle
D238,2023-10-12 09:00:00,Busy
D238,2023-10-12 09:35:00,Offline
D238,2023-10-13 03:35:00,Online
D238,2023-10-13 05:12:00,Busy
D238,2023-10-13 07:06:00,Busy
D238,2023-10-13 08:25:00,Busy
D238,2023-10-13 10:10:00,Busy
D238,2023-10-13 11:16:00,Busy
D238,2023-10-13 13:12:00,Busy
D238,2023-10-13 14:27:00,Busy
D238,2023-10-13 15:11:00,Idle
D238,2023-10-13 15:45:00,Busy
D238,2023-10-13 16:10:00,Offline
D239,2023-10-02 00:00:00,Online
D239,2023-10-02 00:35:00,Idle
D239,2023-10-02 00:52:00,Busy
D239,2023-10-02 01:55:00,Busy
D239,2023-10-02 02:07:00,Offline
D239,2023-10-03 00:07:00,Online
D239,2023-10-03 00:34:00,Busy
D239,2023-10-03 00:49:00,Busy
D239,2023-10-03 02:11:00,Idle
D239,2023-10-03 03:10:00,Offline
D239,2023-10-03 17:10:00,Online
D239,2023-10-03 18:02:00,Idle
D239,2023-10-03 19:19:00,Busy
D239,2023-10-03 20:00:00,Idle
D239,2023-10-03 20:35:00,Offline
D239,2023-10-04 08:35:00,Online
D239,2023-10-04 09:01:00,Busy
D239,2023-10-04 10:22:00,Busy
D239,2023-10-04 11:28:00,Idle
D239,2023-10-04 12:13:00,Busy
D239,2023-10-04 14:06:00,Busy
D239,2023-10-04 15:32:00,Idle
D239,2023-10-04 15:49:00,Offline
D239,2023-10-05 08:49:00,Online
D239,2023-10-05 09:41:00,Idle
D239,2023-10-05 10:45:00,Idle
D239,2023-10-05 11:25:00,Idle
D239,2023-10-05 12:29:00,Busy
D239,2023-10-05 13:21:00,Offline
D239,2023-10-06 02:21:00,Online
D239,2023-10-06 03:43:00,Busy
D239,2023-10-06 05:10:00,Idle
D239,2023-10-06 05:38:00,Idle
D239,2023-10-06 06:57:00,Idle
D239,2023-10-06 08:41:00,Idle
D239,2023-10-06 10:08:00,Idle
D239,2023-10-06 10:47:00,Idle
D239,2023-10-06 11:17:00,Offline
D239,2023-10-07 01:17:00,Online
D239,2023-10-07 03:06:00,Idle
D239,2023-10-07 04:37:00,Idle
D239,2023-10-07 06:07:00,Idle
D239,2023-10-07 06:40:00,Busy
D239,2023-10-07 08:40:00,Idle
D239,2023-10-07 09:41:00,Idle
D239,2023-10-07 11:12:00,Busy
D239,2023-10-07 11:53:00,Idle
D239,2023-10-07 12:17:00,Offline
D239,2023-10-08 11:17:00,Online
D239,2023-10-08 12:34:00,Busy
D239,2023-10-08 13:30:00,Idle
D239,2023-10-08 14:57:00,Idle
D239,2023-10-08 16:15:00,Idle
D239,2023-10-08 17:21:00,Busy
D239,2023-10-08 18:25:00,Idle
D239,2023-10-08 19:33:00,Idle
D239,2023-10-08 21:28:00,Idle
D239,2023-10-08 22:37:00,Busy
D239,2023-10-08 23:02:00,Offline
D239,2023-10-09 23:02:00,Online
D239,2023-10-10 00:52:00,Busy
D239,2023-10-10 01:19:00,Idle
D239,2023-10-10 03:15:00,Idle
D239,2023-10-10 03:42:00,Busy
D239,2023-10-10 05:06:00,Busy
D239,2023-10-10 05:41:00,Idle
D239,2023-10-10 06:37:00,Offline
D239,2023-10-11 03:37:00,Online
D239,2023-10-11 05:33:00,Busy
D239,2023-10-11 07:33:00,Idle
D239,2023-10-11 08:34:00,Idle
D239,2023-10-11 09:10:00,Offline
D239,2023-10-12 01:10:00,Online
D239,2023-10-12 01:41:00,Idle
D239,2023-10-12 02:08:00,Busy
D239,2023-10-12 02:48:00,Busy
D239,2023-10-12 02:59:00,Offline
D239,2023-10-12 15:59:00,Online
D239,2023-10-12 17:30:00,Idle
D239,2023-10-12 18:19:00,Busy
D239,2023-10-12 19:37:00,Idle
D239,2023-10-12 20:34:00,Busy
D239,2023-10-12 21:54:00,Idle
D239,2023-10-12 22:16:00,Offline
D239,2023-10-13 18:16:00,Online
D239,2023-10-13 18:45:00,Idle
D239,2023-10-13 20:03:00,Idle
D239,2023-10-13 20:55:00,Idle
D239,2023-10-13 22:46:00,Idle
D239,2023-10-13 23:30:00,Busy
D239,2023-10-14 00:27:00,Idle
D239,2023-10-14 00:47:00,Busy
D239,2023-10-14 02:34:00,Idle
D239,2023-10-14 03:47:00,Idle
D239,2023-10-14 04:31:00,Offline
D239,2023-10-14 16:31:00,Online
D239,2023-10-14 17:42:00,Idle
D239,2023-10-14 19:20:00,Busy
D239,2023-10-14 20:04:00,Busy
D239,2023-10-14 20:32:00,Busy
D239,2023-10-14 22:31:00,Busy
D239,2023-10-15 00:24:00,Busy
D239,2023-10-15 02:23:00,Busy
D239,2023-10-15 02:41:00,Offline
D240,2023-10-06 00:00:00,Online
D240,2023-10-06 00:47:00,Busy
D240,2023-10-06 02:22:00,Idle
D240,2023-10-06 03:29:00,Idle
D240,2023-10-06 04:13:00,Offline
D240,2023-10-06 22:13:00,Online
D240,2023-10-06 23:54:00,Busy
D240,2023-10-07 01:31:00,Idle
D240,2023-10-07 02:47:00,Busy
D240,2023-10-07 03:07:00,Offline
D240,2023-10-07 15:07:00,Online
D240,2023-10-07 15:44:00,Busy
D240,2023-10-07 17:27:00,Busy
D240,2023-10-07 18:34:00,Busy
D240,2023-10-07 19:33:00,Idle
D240,2023-10-07 20:18:00,Busy
D240,2023-10-07 20:55:00,Busy
D240,2023-10-07 21:41:00,Busy
D240,2023-10-07 23:08:00,Idle
D240,2023-10-07 23:40:00,Idle
D240,2023-10-08 00:35:00,Offline
D240,2023-10-08 23:35:00,Online
D240,2023-10-09 00:48:00,Busy
D240,2023-10-09 01:41:00,Busy
D240,2023-10-09 02:54:00,Idle
D240,2023-10-09 04:31:00,Idle
D240,2023-10-09 06:11:00,Idle
D240,2023-10-09 07:59:00,Busy
D240,2023-10-09 08:50:00,Busy
D240,2023-10-09 09:56:00,Busy
D240,2023-10-09 11:49:00,Busy
D240,2023-10-09 12:38:00,Offline
D240,2023-10-10 02:38:00,Online
D240,2023-10-10 03:09:00,Idle
D240,2023-10-10 04:46:00,Idle
D240,2023-10-10 05:42:00,Busy
D240,2023-10-10 07:21:00,Busy
D240,2023-10-10 08:18:00,Offline
D240,2023-10-10 20:18:00,Online
D240,2023-10-10 22:04:00,Idle
D240,2023-10-10 23:07:00,Idle
D240,2023-10-11 00:21:00,Busy
D240,2023-10-11 01:54:00,Busy
D240,2023-10-11 02:13:00,Offline
D240,2023-10-11 15:13:00,Online
D240,2023-10-11 16:46:00,Busy
D240,2023-10-11 17:47:00,Idle
D240,2023-10-11 18:53:00,Idle
D240,2023-10-11 19:39:00,Idle
D240,2023-10-11 20:30:00,Idle
D240,2023-10-11 21:23:00,Offline
D240,2023-10-12 20:23:00,Online
D240,2023-10-12 22:23:00,Busy
D240,2023-10-12 22:39:00,Idle
D240,2023-10-13 00:07:00,Busy
D240,2023-10-13 01:23:00,Idle
D240,2023-10-13 02:26:00,Idle
D240,2023-10-13 03:41:00,Busy
D240,2023-10-13 05:01:00,Busy
D240,2023-10-13 05:32:00,Offline
D240,2023-10-13 17:32:00,Online
D240,2023-10-13 18:29:00,Busy
D240,2023-10-13 20:04:00,Busy
D240,2023-10-13 21:49:00,Busy
D240,2023-10-13 22:04:00,Idle
D240,2023-10-13 23:06:00,Busy
D240,2023-10-13 23:21:00,Busy
D240,2023-10-14 01:04:00,Busy
D240,2023-10-14 01:15:00,Offline
D240,2023-10-15 01:15:00,Online
D240,2023-10-15 02:16:00,Idle
D240,2023-10-15 03:24:00,Idle
D240,2023-10-15 04:24:00,Idle
D240,2023-10-15 04:40:00,Busy
D240,2023-10-15 05:25:00,Offline
D240,2023-10-15 22:25:00,Online
D240,2023-10-16 00:25:00,Idle
D240,2023-10-16 01:32:00,Busy
D240,2023-10-16 02:21:00,Idle
D240,2023-10-16 03:54:00,Idle
D240,2023-10-16 05:05:00,Idle
D240,2023-10-16 06:25:00,Busy
D240,2023-10-16 07:56:00,Idle
D240,2023-10-16 08:25:00,Idle
D240,2023-10-16 09:58:00,Idle
D240,2023-10-16 10:24:00,Offline
D240,2023-10-17 00:24:00,Online
D240,2023-10-17 01:09:00,Idle
D240,2023-10-17 01:59:00,Busy
D240,2023-10-17 02:59:00,Busy
D240,2023-10-17 03:28:00,Idle
D240,2023-10-17 04:22:00,Busy
D240,2023-10-17 04:45:00,Idle
D240,2023-10-17 05:13:00,Busy
D240,2023-10-17 05:57:00,Idle
D240,2023-10-17 07:04:00,Busy
D240,2023-10-17 08:22:00,Idle
D240,2023-10-17 08:36:00,Offline
D240,2023-10-18 07:36:00,Online
D240,2023-10-18 08:59:00,Idle
D240,2023-10-18 10:46:00,Idle
D240,2023-10-18 11:40:00,Busy
D240,2023-10-18 12:04:00,Idle
D240,2023-10-18 13:49:00,Idle
D240,2023-10-18 15:40:00,Busy
D240,2023-10-18 16:22:00,Offline
D240,2023-10-19 12:22:00,Online
D240,2023-10-19 13:27:00,Busy
D240,2023-10-19 14:24:00,Idle
D240,2023-10-19 14:56:00,Idle
D240,2023-10-19 15:59:00,Busy
D240,2023-10-19 17:02:00,Busy
D240,2023-10-19 17:31:00,Busy
D240,2023-10-19 17:52:00,Busy
D240,2023-10-19 19:03:00,Busy
D240,2023-10-19 20:44:00,Idle
D240,2023-10-19 22:13:00,Idle
D240,2023-10-19 23:10:00,Offline
D241,2023-10-05 00:00:00,Online
D241,2023-10-05 00:22:00,Busy
D241,2023-10-05 01:35:00,Idle
D241,2023-10-05 03:21:00,Busy
D241,2023-10-05 04:19:00,Busy
D241,2023-10-05 04:40:00,Busy
D241,2023-10-05 05:21:00,Idle
D241,2023-10-05 07:19:00,Idle
D241,2023-10-05 07:36:00,Busy
D241,2023-10-05 08:09:00,Busy
D241,2023-10-05 08:29:00,Offline
D241,2023-10-06 06:29:00,Online
D241,2023-10-06 08:23:00,Busy
D241,2023-10-06 09:24:00,Idle
D241,2023-10-06 10:07:00,Busy
D241,2023-10-06 10:50:00,Idle
D241,2023-10-06 11:19:00,Busy
D241,2023-10-06 12:13:00,Busy
D241,2023-10-06 13:38:00,Busy
D241,2023-10-06 15:16:00,Busy
D241,2023-10-06 16:27:00,Idle
D241,2023-10-06 16:57:00,Offline
D241,2023-10-07 05:57:00,Online
D241,2023-10-07 06:50:00,Idle
D241,2023-10-07 07:54:00,Idle
D241,2023-10-07 08:54:00,Idle
D241,2023-10-07 09:26:00,Idle
D241,2023-10-07 11:05:00,Busy
D241,2023-10-07 13:02:00,Idle
D241,2023-10-07 14:12:00,Busy
D241,2023-10-07 14:30:00,Busy
D241,2023-10-07 15:24:00,Offline
D241,2023-10-08 09:24:00,Online
D241,2023-10-08 09:49:00,Idle
D241,2023-10-08 11:35:00,Idle
D241,2023-10-08 12:12:00,Idle
D241,2023-10-08 14:03:00,Idle
D241,2023-10-08 15:32:00,Busy
D241,2023-10-08 17:17:00,Busy
D241,2023-10-08 18:01:00,Offline
D241,2023-10-09 12:01:00,Online
D241,2023-10-09 12:45:00,Busy
D241,2023-10-09 13:50:00,Idle
D241,2023-10-09 14:27:00,Idle
D241,2023-10-09 14:45:00,Busy
D241,2023-10-09 15:09:00,Busy
D241,2023-10-09 16:50:00,Idle
D241,2023-10-09 17:37:00,Busy
D241,2023-10-09 18:19:00,Offline
D242,2023-10-01 00:00:00,Online
D242,2023-10-01 01:26:00,Idle
D242,2023-10-01 01:53:00,Idle
D242,2023-10-01 03:25:00,Idle
D242,2023-10-01 05:09:00,Idle
D242,2023-10-01 07:00:00,Busy
D242,2023-10-01 08:38:00,Busy
D242,2023-10-01 09:16:00,Offline
D242,2023-10-01 21:16:00,Online
D242,2023-10-01 22:14:00,Idle
D242,2023-10-01 23:20:00,Idle
D242,2023-10-01 23:35:00,Idle
D242,2023-10-02 00:38:00,Busy
D242,2023-10-02 02:33:00,Idle
D242,2023-10-02 03:14:00,Offline
D242,2023-10-03 00:14:00,Online
D242,2023-10-03 00:48:00,Idle
D242,2023-10-03 01:09:00,Idle
D242,2023-10-03 02:46:00,Busy
D242,2023-10-03 04:24:00,Busy
D242,2023-10-03 06:16:00,Idle
D242,2023-10-03 07:46:00,Idle
D242,2023-10-03 09:37:00,Busy
D242,2023-10-03 10:36:00,Offline
D242,2023-10-03 23:36:00,Online
D242,2023-10-04 01:18:00,Idle
D242,2023-10-04 01:52:00,Idle
D242,2023-10-04 02:24:00,Busy
D242,2023-10-04 03:21:00,Busy
D242,2023-10-04 04:37:00,Idle
D242,2023-10-04 05:54:00,Idle
D242,2023-10-04 06:58:00,Busy
D242,2023-10-04 08:33:00,Idle
D242,2023-10-04 10:29:00,Idle
D242,2023-10-04 10:43:00,Offline
D242,2023-10-05 07:43:00,Online
D242,2023-10-05 09:35:00,Busy
D242,2023-10-05 10:01:00,Idle
D242,2023-10-05 11:47:00,Idle
D242,2023-10-05 12:22:00,Offline
D242,2023-10-06 00:22:00,Online
D242,2023-10-06 01:33:00,Busy
D242,2023-10-06 02:35:00,Idle
D242,2023-10-06 03:44:00,Idle
D242,2023-10-06 05:42:00,Busy
D242,2023-10-06 07:00:00,Idle
D242,2023-10-06 07:30:00,Busy
D242,2023-10-06 08:08:00,Offline
D242,2023-10-07 00:08:00,Online
D242,2023-10-07 00:53:00,Busy
D242,2023-10-07 02:09:00,Idle
D242,2023-10-07 03:07:00,Busy
D242,2023-10-07 05:06:00,Busy
D242,2023-10-07 06:51:00,Busy
D242,2023-10-07 07:29:00,Offline
D242,2023-10-08 01:29:00,Online
D242,2023-10-08 03:12:00,Idle
D242,2023-10-08 04:12:00,Busy
D242,2023-10-08 04:44:00,Busy
D242,2023-10-08 06:18:00,Busy
D242,2023-10-08 06:40:00,Busy
D242,2023-10-08 08:40:00,Busy
D242,2023-10-08 09:34:00,Idle
D242,2023-10-08 11:18:00,Idle
D242,2023-10-08 13:16:00,Idle
D242,2023-10-08 13:43:00,Idle
D242,2023-10-08 13:58:00,Offline
D242,2023-10-09 07:58:00,Online
D242,2023-10-09 08:18:00,Busy
D242,2023-10-09 09:47:00,Busy
D242,2023-10-09 10:09:00,Busy
D242,2023-10-09 11:06:00,Busy
D242,2023-10-09 11:34:00,Busy
D242,2023-10-09 13:04:00,Idle
D242,2023-10-09 14:33:00,Busy
D242,2023-10-09 15:50:00,Idle
D242,2023-10-09 16:49:00,Offline
D242,2023-10-10 14:49:00,Online
D242,2023-10-10 15:46:00,Idle
D242,2023-10-10 16:21:00,Idle
D242,2023-10-10 18:06:00,Busy
D242,2023-10-10 19:24:00,Idle
D242,2023-10-10 19:41:00,Idle
D242,2023-10-10 20:58:00,Idle
D242,2023-10-10 21:26:00,Idle
D242,2023-10-10 22:16:00,Idle
D242,2023-10-10 23:01:00,Idle
D242,2023-10-10 23:14:00,Offline
D242,2023-10-11 18:14:00,Online
D242,2023-10-11 19:46:00,Busy
D242,2023-10-11 21:07:00,Idle
D242,2023-10-11 21:22:00,Busy
D242,2023-10-11 21:56:00,Offline
D243,2023-10-04 00:00:00,Online
D243,2023-10-04 00:17:00,Idle
D243,2023-10-04 01:49:00,Idle
D243,2023-10-04 03:27:00,Busy
D243,2023-10-04 04:15:00,Offline
D243,2023-10-04 19:15:00,Online
D243,2023-10-04 19:45:00,Busy
D243,2023-10-04 21:13:00,Idle
D243,2023-10-04 21:31:00,Busy
D243,2023-10-04 23:25:00,Idle
D243,2023-10-04 23:56:00,Idle
D243,2023-10-05 00:49:00,Busy
D243,2023-10-05 01:17:00,Idle
D243,2023-10-05 02:31:00,Idle
D243,2023-10-05 04:19:00,Idle
D243,2023-10-05 04:29:00,Offline
D243,2023-10-05 16:29:00,Online
D243,2023-10-05 17:31:00,Idle
D243,2023-10-05 17:55:00,Idle
D243,2023-10-05 19:20:00,Busy
D243,2023-10-05 20:46:00,Busy
D243,2023-10-05 21:04:00,Idle
D243,2023-10-05 22:04:00,Busy
D243,2023-10-05 22:30:00,Offline
D243,2023-10-06 12:30:00,Online
D243,2023-10-06 14:07:00,Busy
D243,2023-10-06 15:47:00,Busy
D243,2023-10-06 16:54:00,Idle
D243,2023-10-06 18:40:00,Busy
D243,2023-10-06 20:06:00,Idle
D243,2023-10-06 21:48:00,Idle
D243,2023-10-06 22:40:00,Busy
D243,2023-10-06 23:19:00,Busy
D243,2023-10-07 01:02:00,Idle
D243,2023-10-07 02:53:00,Idle
D243,2023-10-07 03:13:00,Offline
D243,2023-10-08 01:13:00,Online
D243,2023-10-08 01:32:00,Idle
D243,2023-10-08 02:26:00,Idle
D243,2023-10-08 02:58:00,Busy
D243,2023-10-08 03:16:00,Idle
D243,2023-10-08 03:37:00,Offline
D244,2023-10-03 00:00:00,Online
D244,2023-10-03 01:55:00,Busy
D244,2023-10-03 03:37:00,Idle
D244,2023-10-03 05:09:00,Idle
D244,2023-10-03 05:43:00,Busy
D244,2023-10-03 06:25:00,Idle
D244,2023-10-03 07:44:00,Busy
D244,2023-10-03 08:06:00,Idle
D244,2023-10-03 08:59:00,Offline
D244,2023-10-04 01:59:00,Online
D244,2023-10-04 03:25:00,Idle
D244,2023-10-04 04:50:00,Idle
D244,2023-10-04 05:50:00,Idle
D244,2023-10-04 07:20:00,Idle
D244,2023-10-04 08:44:00,Idle
D244,2023-10-04 09:02:00,Idle
D244,2023-10-04 09:44:00,Offline
D244,2023-10-05 03:44:00,Online
D244,2023-10-05 04:21:00,Idle
D244,2023-10-05 06:19:00,Idle
D244,2023-10-05 08:12:00,Busy
D244,2023-10-05 08:38:00,Offline
D244,2023-10-06 04:38:00,Online
D244,2023-10-06 05:44:00,Idle
D244,2023-10-06 06:54:00,Busy
D244,2023-10-06 08:40:00,Busy
D244,2023-10-06 09:07:00,Offline
D244,2023-10-07 04:07:00,Online
D244,2023-10-07 04:26:00,Idle
D244,2023-10-07 05:23:00,Idle
D244,2023-10-07 06:27:00,Idle
D244,2023-10-07 08:09:00,Idle
D244,2023-10-07 08:45:00,Busy
D244,2023-10-07 10:23:00,Idle
D244,2023-10-07 11:54:00,Idle
D244,2023-10-07 13:18:00,Busy
D244,2023-10-07 13:50:00,Busy
D244,2023-10-07 15:48:00,Idle
D244,2023-10-07 16:01:00,Offline
D244,2023-10-08 14:01:00,Online
D244,2023-10-08 15:38:00,Idle
D244,2023-10-08 16:12:00,Busy
D244,2023-10-08 18:07:00,Busy
D244,2023-10-08 18:25:00,Busy
D244,2023-10-08 18:57:00,Busy
D244,2023-10-08 19:14:00,Busy
D244,2023-10-08 20:34:00,Idle
D244,2023-10-08 21:40:00,Busy
D244,2023-10-08 22:19:00,Offline
D244,2023-10-09 10:19:00,Online
D244,2023-10-09 11:55:00,Busy
D244,2023-10-09 13:21:00,Busy
D244,2023-10-09 13:44:00,Idle
D244,2023-10-09 14:58:00,Busy
D244,2023-10-09 15:25:00,Offline
D244,2023-10-10 08:25:00,Online
D244,2023-10-10 09:06:00,Busy
D244,2023-10-10 10:53:00,Idle
D244,2023-10-10 11:47:00,Busy
D244,2023-10-10 13:36:00,Busy
D244,2023-10-10 15:17:00,Idle
D244,2023-10-10 17:14:00,Idle
D244,2023-10-10 18:47:00,Busy
D244,2023-10-10 20:37:00,Busy
D244,2023-10-10 21:36:00,Idle
D244,2023-10-10 21:49:00,Offline
D244,2023-10-11 15:49:00,Online
D244,2023-10-11 16:47:00,Idle
D244,2023-10-11 17:10:00,Idle
D244,2023-10-11 17:57:00,Idle
D244,2023-10-11 19:46:00,Idle
D244,2023-10-11 20:53:00,Busy
D244,2023-10-11 21:31:00,Busy
D244,2023-10-11 22:07:00,Busy
D244,2023-10-11 23:15:00,Idle
D244,2023-10-12 00:13:00,Offline
D244,2023-10-13 00:13:00,Online
D244,2023-10-13 01:44:00,Busy
D244,2023-10-13 03:24:00,Idle
D244,2023-10-13 05:07:00,Idle
D244,2023-10-13 06:19:00,Busy
D244,2023-10-13 07:00:00,Offline
D245,2023-10-04 00:00:00,Online
D245,2023-10-04 01:18:00,Busy
D245,2023-10-04 01:40:00,Idle
D245,2023-10-04 03:40:00,Idle
D245,2023-10-04 04:27:00,Busy
D245,2023-10-04 06:10:00,Idle
D245,2023-10-04 07:10:00,Offline
D245,2023-10-05 04:10:00,Online
D245,2023-10-05 06:08:00,Busy
D245,2023-10-05 07:24:00,Busy
D245,2023-10-05 08:22:00,Idle
D245,2023-10-05 09:06:00,Busy
D245,2023-10-05 11:02:00,Idle
D245,2023-10-05 12:23:00,Idle
D245,2023-10-05 12:35:00,Offline
D245,2023-10-06 09:35:00,Online
D245,2023-10-06 09:50:00,Idle
D245,2023-10-06 11:31:00,Busy
D245,2023-10-06 13:26:00,Idle
D245,2023-10-06 14:25:00,Idle
D245,2023-10-06 15:04:00,Idle
D245,2023-10-06 16:16:00,Busy
D245,2023-10-06 17:59:00,Idle
D245,2023-10-06 18:48:00,Offline
D245,2023-10-07 13:48:00,Online
D245,2023-10-07 15:28:00,Idle
D245,2023-10-07 15:45:00,Busy
D245,2023-10-07 16:46:00,Busy
D245,2023-10-07 17:12:00,Busy
D245,2023-10-07 18:49:00,Idle
D245,2023-10-07 19:22:00,Idle
D245,2023-10-07 20:39:00,Idle
D245,2023-10-07 21:35:00,Offline
D245,2023-10-08 09:35:00,Online
D245,2023-10-08 11:02:00,Busy
D245,2023-10-08 11:58:00,Busy
D245,2023-10-08 13:12:00,Busy
D245,2023-10-08 14:21:00,Busy
D245,2023-10-08 15:02:00,Idle
D245,2023-10-08 16:03:00,Idle
D245,2023-10-08 16:41:00,Busy
D245,2023-10-08 17:32:00,Idle
D245,2023-10-08 18:13:00,Busy
D245,2023-10-08 20:05:00,Busy
D245,2023-10-08 20:24:00,Offline
D245,2023-10-09 12:24:00,Online
D245,2023-10-09 14:02:00,Busy
D245,2023-10-09 15:41:00,Busy
D245,2023-10-09 16:09:00,Idle
D245,2023-10-09 18:00:00,Idle
D245,2023-10-09 18:46:00,Busy
D245,2023-10-09 19:13:00,Offline
D245,2023-10-10 09:13:00,Online
D245,2023-10-10 10:41:00,Idle
D245,2023-10-10 11:07:00,Busy
D245,2023-10-10 12:57:00,Idle
D245,2023-10-10 14:10:00,Idle
D245,2023-10-10 14:29:00,Offline
D245,2023-10-11 02:29:00,Online
D245,2023-10-11 03:34:00,Busy
D245,2023-10-11 04:17:00,Idle
D245,2023-10-11 05:53:00,Busy
D245,2023-10-11 06:42:00,Idle
D245,2023-10-11 08:05:00,Busy
D245,2023-10-11 09:24:00,Idle
D245,2023-10-11 11:16:00,Idle
D245,2023-10-11 12:40:00,Busy
D245,2023-10-11 13:34:00,Offline
D245,2023-10-12 13:34:00,Online
D245,2023-10-12 14:37:00,Busy
D245,2023-10-12 15:42:00,Idle
D245,2023-10-12 16:31:00,Busy
D245,2023-10-12 17:11:00,Busy
D245,2023-10-12 18:53:00,Busy
D245,2023-10-12 20:07:00,Busy
D245,2023-10-12 20:31:00,Offline
D245,2023-10-13 09:31:00,Online
D245,2023-10-13 10:13:00,Idle
D245,2023-10-13 10:32:00,Busy
D245,2023-10-13 12:28:00,Busy
D245,2023-10-13 14:05:00,Busy
D245,2023-10-13 14:34:00,Busy
D245,2023-10-13 15:45:00,Idle
D245,2023-10-13 16:51:00,Idle
D245,2023-10-13 18:17:00,Busy
D245,2023-10-13 19:02:00,Offline
D245,2023-10-14 07:02:00,Online
D245,2023-10-14 07:26:00,Idle
D245,2023-10-14 08:33:00,Idle
D245,2023-10-14 09:11:00,Busy
D245,2023-10-14 10:29:00,Busy
D245,2023-10-14 11:00:00,Offline
D245,2023-10-15 04:00:00,Online
D245,2023-10-15 05:28:00,Busy
D245,2023-10-15 06:16:00,Busy
D245,2023-10-15 07:51:00,Busy
D245,2023-10-15 09:45:00,Busy
D245,2023-10-15 10:08:00,Busy
D245,2023-10-15 10:27:00,Busy
D245,2023-10-15 11:26:00,Offline
D246,2023-10-03 00:00:00,Online
D246,2023-10-03 01:27:00,Idle
D246,2023-10-03 02:11:00,Busy
D246,2023-10-03 03:58:00,Idle
D246,2023-10-03 04:56:00,Busy
D246,2023-10-03 05:50:00,Idle
D246,2023-10-03 06:11:00,Idle
D246,2023-10-03 06:39:00,Idle
D246,2023-10-03 08:23:00,Idle
D246,2023-10-03 09:52:00,Busy
D246,2023-10-03 10:44:00,Offline
D246,2023-10-04 02:44:00,Online
D246,2023-10-04 04:30:00,Idle
D246,2023-10-04 05:21:00,Idle
D246,2023-10-04 07:04:00,Busy
D246,2023-10-04 07:45:00,Busy
D246,2023-10-04 09:30:00,Busy
D246,2023-10-04 11:10:00,Busy
D246,2023-10-04 11:31:00,Busy
D246,2023-10-04 12:27:00,Busy
D246,2023-10-04 12:57:00,Offline
D246,2023-10-05 09:57:00,Online
D246,2023-10-05 10:20:00,Busy
D246,2023-10-05 11:43:00,Busy
D246,2023-10-05 13:40:00,Idle
D246,2023-10-05 14:54:00,Busy
D246,2023-10-05 16:52:00,Busy
D246,2023-10-05 17:35:00,Busy
D246,2023-10-05 18:15:00,Idle
D246,2023-10-05 18:26:00,Offline
D246,2023-10-06 13:26:00,Online
D246,2023-10-06 13:51:00,Idle
D246,2023-10-06 14:11:00,Busy
D246,2023-10-06 14:58:00,Idle
D246,2023-10-06 16:23:00,Idle
D246,2023-10-06 17:52:00,Idle
D246,2023-10-06 18:46:00,Idle
D246,2023-10-06 19:42:00,Offline
D246,2023-10-07 07:42:00,Online
D246,2023-10-07 09:30:00,Busy
D246,2023-10-07 10:49:00,Busy
D246,2023-10-07 12:12:00,Idle
D246,2023-10-07 14:02:00,Idle
D246,2023-10-07 15:46:00,Idle
D246,2023-10-07 16:29:00,Busy
D246,2023-10-07 17:07:00,Idle
D246,2023-10-07 17:25:00,Idle
D246,2023-10-07 18:42:00,Busy
D246,2023-10-07 19:00:00,Offline
D246,2023-10-08 08:00:00,Online
D246,2023-10-08 09:46:00,Busy
D246,2023-10-08 10:14:00,Idle
D246,2023-10-08 11:56:00,Idle
D246,2023-10-08 12:49:00,Idle
D246,2023-10-08 14:10:00,Idle
D246,2023-10-08 14:41:00,Busy
D246,2023-10-08 16:36:00,Busy
D246,2023-10-08 17:59:00,Idle
D246,2023-10-08 19:07:00,Idle
D246,2023-10-08 20:26:00,Busy
D246,2023-10-08 20:40:00,Offline
D246,2023-10-09 19:40:00,Online
D246,2023-10-09 20:51:00,Busy
D246,2023-10-09 21:43:00,Busy
D246,2023-10-09 22:05:00,Idle
D246,2023-10-09 22:58:00,Idle
D246,2023-10-10 00:21:00,Idle
D246,2023-10-10 02:21:00,Busy
D246,2023-10-10 03:05:00,Busy
D246,2023-10-10 03:35:00,Busy
D246,2023-10-10 04:49:00,Busy
D246,2023-10-10 06:40:00,Idle
D246,2023-10-10 06:59:00,Offline
D246,2023-10-11 00:59:00,Online
D246,2023-10-11 02:21:00,Busy
D246,2023-10-11 03:48:00,Busy
D246,2023-10-11 04:22:00,Busy
D246,2023-10-11 05:11:00,Busy
D246,2023-10-11 05:32:00,Idle
D246,2023-10-11 06:44:00,Busy
D246,2023-10-11 08:29:00,Idle
D246,2023-10-11 09:10:00,Idle
D246,2023-10-11 10:24:00,Idle
D246,2023-10-11 11:12:00,Offline
D246,2023-10-12 10:12:00,Online
D246,2023-10-12 11:43:00,Busy
D246,2023-10-12 13:29:00,Idle
D246,2023-10-12 15:06:00,Idle
D246,2023-10-12 16:49:00,Busy
D246,2023-10-12 17:34:00,Idle
D246,2023-10-12 19:07:00,Idle
D246,2023-10-12 19:34:00,Offline
D246,2023-10-13 08:34:00,Online
D246,2023-10-13 09:05:00,Busy
D246,2023-10-13 10:28:00,Busy
D246,2023-10-13 11:00:00,Idle
D246,2023-10-13 11:48:00,Busy
D246,2023-10-13 12:18:00,Busy
D246,2023-10-13 12:33:00,Busy
D246,2023-10-13 13:30:00,Offline
D246,2023-10-14 04:30:00,Online
D246,2023-10-14 05:31:00,Busy
D246,2023-10-14 06:28:00,Busy
D246,2023-10-14 06:45:00,Busy
D246,2023-10-14 08:13:00,Idle
D246,2023-10-14 09:53:00,Busy
D246,2023-10-14 11:31:00,Idle
D246,2023-10-14 13:06:00,Busy
D246,2023-10-14 13:18:00,Offline
D246,2023-10-15 04:18:00,Online
D246,2023-10-15 06:00:00,Idle
D246,2023-10-15 07:17:00,Busy
D246,2023-10-15 08:07:00,Idle
D246,2023-10-15 09:05:00,Offline
D246,2023-10-15 21:05:00,Online
D246,2023-10-15 22:53:00,Busy
D246,2023-10-16 00:21:00,Busy
D246,2023-10-16 02:03:00,Busy
D246,2023-10-16 02:43:00,Idle
D246,2023-10-16 03:33:00,Busy
D246,2023-10-16 05:22:00,Idle
D246,2023-10-16 05:49:00,Idle
D246,2023-10-16 06:02:00,Offline
D246,2023-10-17 06:02:00,Online
D246,2023-10-17 06:23:00,Idle
D246,2023-10-17 07:24:00,Idle
D246,2023-10-17 07:39:00,Idle
D246,2023-10-17 08:54:00,Busy
D246,2023-10-17 09:59:00,Idle
D246,2023-10-17 10:54:00,Offline
D246,2023-10-18 06:54:00,Online
D246,2023-10-18 08:03:00,Busy
D246,2023-10-18 08:46:00,Busy
D246,2023-10-18 09:56:00,Idle
D246,2023-10-18 11:48:00,Busy
D246,2023-10-18 12:42:00,Busy
D246,2023-10-18 14:36:00,Idle
D246,2023-10-18 15:48:00,Busy
D246,2023-10-18 16:37:00,Busy
D246,2023-10-18 16:57:00,Offline
D247,2023-10-04 00:00:00,Online
D247,2023-10-04 01:22:00,Busy
D247,2023-10-04 02:10:00,Idle
D247,2023-10-04 03:37:00,Idle
D247,2023-10-04 04:06:00,Idle
D247,2023-10-04 05:48:00,Busy
D247,2023-10-04 07:26:00,Idle
D247,2023-10-04 08:07:00,Offline
D247,2023-10-05 02:07:00,Online
D247,2023-10-05 03:06:00,Busy
D247,2023-10-05 04:25:00,Idle
D247,2023-10-05 04:42:00,Busy
D247,2023-10-05 06:20:00,Idle
D247,2023-10-05 08:02:00,Busy
D247,2023-10-05 09:19:00,Idle
D247,2023-10-05 09:42:00,Offline
D247,2023-10-06 03:42:00,Online
D247,2023-10-06 05:16:00,Idle
D247,2023-10-06 05:45:00,Idle
D247,2023-10-06 07:16:00,Idle
D247,2023-10-06 08:53:00,Busy
D247,2023-10-06 09:31:00,Busy
D247,2023-10-06 09:48:00,Idle
D247,2023-10-06 10:37:00,Busy
D247,2023-10-06 11:26:00,Idle
D247,2023-10-06 11:46:00,Idle
D247,2023-10-06 12:04:00,Busy
D247,2023-10-06 12:30:00,Offline
D247,2023-10-07 10:30:00,Online
D247,2023-10-07 12:26:00,Idle
D247,2023-10-07 13:16:00,Busy
D247,2023-10-07 14:12:00,Idle
D247,2023-10-07 16:02:00,Idle
D247,2023-10-07 16:39:00,Busy
D247,2023-10-07 17:51:00,Idle
D247,2023-10-07 18:19:00,Busy
D247,2023-10-07 18:49:00,Offline
D247,2023-10-08 08:49:00,Online
D247,2023-10-08 10:19:00,Busy
D247,2023-10-08 11:21:00,Idle
D247,2023-10-08 12:28:00,Busy
D247,2023-10-08 13:08:00,Idle
D247,2023-10-08 14:03:00,Idle
D247,2023-10-08 15:26:00,Idle
D247,2023-10-08 17:01:00,Busy
D247,2023-10-08 17:18:00,Idle
D247,2023-10-08 17:55:00,Busy
D247,2023-10-08 18:42:00,Offline
D247,2023-10-09 12:42:00,Online
D247,2023-10-09 14:03:00,Idle
D247,2023-10-09 15:09:00,Idle
D247,2023-10-09 15:48:00,Busy
D247,2023-10-09 17:23:00,Idle
D247,2023-10-09 17:45:00,Busy
D247,2023-10-09 19:31:00,Busy
D247,2023-10-09 20:32:00,Idle
D247,2023-10-09 21:32:00,Offline
D247,2023-10-10 13:32:00,Online
D247,2023-10-10 14:05:00,Idle
D247,2023-10-10 15:50:00,Busy
D247,2023-10-10 16:30:00,Busy
D247,2023-10-10 17:40:00,Idle
D247,2023-10-10 18:31:00,Offline
D247,2023-10-11 11:31:00,Online
D247,2023-10-11 12:27:00,Busy
D247,2023-10-11 14:21:00,Idle
D247,2023-10-11 15:26:00,Busy
D247,2023-10-11 15:45:00,Idle
D247,2023-10-11 17:03:00,Busy
D247,2023-10-11 18:56:00,Busy
D247,2023-10-11 19:38:00,Offline
D247,2023-10-12 09:38:00,Online
D247,2023-10-12 10:47:00,Idle
D247,2023-10-12 12:06:00,Idle
D247,2023-10-12 13:37:00,Idle
D247,2023-10-12 13:53:00,Idle
D247,2023-10-12 14:34:00,Busy
D247,2023-10-12 15:11:00,Busy
D247,2023-10-12 17:00:00,Idle
D247,2023-10-12 18:25:00,Idle
D247,2023-10-12 19:27:00,Busy
D247,2023-10-12 20:56:00,Idle
D247,2023-10-12 21:55:00,Offline
D247,2023-10-13 13:55:00,Online
D247,2023-10-13 14:47:00,Idle
D247,2023-10-13 16:31:00,Busy
D247,2023-10-13 17:47:00,Busy
D247,2023-10-13 18:27:00,Idle
D247,2023-10-13 19:08:00,Idle
D247,2023-10-13 20:26:00,Idle
D247,2023-10-13 21:38:00,Idle
D247,2023-10-13 23:30:00,Busy
D247,2023-10-14 00:22:00,Offline
D247,2023-10-14 17:22:00,Online
D247,2023-10-14 17:49:00,Idle
D247,2023-10-14 19:03:00,Busy
D247,2023-10-14 20:38:00,Idle
D247,2023-10-14 22:15:00,Idle
D247,2023-10-14 22:31:00,Idle
D247,2023-10-14 23:21:00,Busy
D247,2023-10-15 00:17:00,Busy
D247,2023-10-15 01:10:00,Offline
D249,2023-10-02 00:00:00,Online
D249,2023-10-02 00:15:00,Idle
D249,2023-10-02 00:36:00,Busy
D249,2023-10-02 01:24:00,Idle
D249,2023-10-02 02:16:00,Busy
D249,2023-10-02 02:55:00,Idle
D249,2023-10-02 04:34:00,Idle
D249,2023-10-02 05:22:00,Offline
D249,2023-10-03 01:22:00,Online
D249,2023-10-03 03:20:00,Busy
D249,2023-10-03 03:37:00,Busy
D249,2023-10-03 04:17:00,Idle
D249,2023-10-03 05:05:00,Idle
D249,2023-10-03 06:33:00,Idle
D249,2023-10-03 07:22:00,Busy
D249,2023-10-03 08:15:00,Busy
D249,2023-10-03 09:23:00,Idle
D249,2023-10-03 09:38:00,Offline
D249,2023-10-04 06:38:00,Online
D249,2023-10-04 06:59:00,Idle
D249,2023-10-04 07:19:00,Idle
D249,2023-10-04 09:07:00,Idle
D249,2023-10-04 09:46:00,Idle
D249,2023-10-04 11:21:00,Idle
D249,2023-10-04 12:15:00,Idle
D249,2023-10-04 13:07:00,Offline
D249,2023-10-05 07:07:00,Online
D249,2023-10-05 07:24:00,Idle
D249,2023-10-05 09:20:00,Busy
D249,2023-10-05 11:17:00,Busy
D249,2023-10-05 11:57:00,Busy
D249,2023-10-05 13:30:00,Busy
D249,2023-10-05 15:23:00,Busy
D249,2023-10-05 15:35:00,Offline
D249,2023-10-06 09:35:00,Online
D249,2023-10-06 10:35:00,Busy
D249,2023-10-06 12:08:00,Busy
D249,2023-10-06 13:20:00,Idle
D249,2023-10-06 14:13:00,Offline
D249,2023-10-07 03:13:00,Online
D249,2023-10-07 04:16:00,Busy
D249,2023-10-07 05:54:00,Idle
D249,2023-10-07 06:16:00,Busy
D249,2023-10-07 07:18:00,Busy
D249,2023-10-07 08:08:00,Offline
D249,2023-10-08 00:08:00,Online
D249,2023-10-08 00:30:00,Idle
D249,2023-10-08 00:45:00,Idle
D249,2023-10-08 01:09:00,Idle
D249,2023-10-08 01:53:00,Busy
D249,2023-10-08 02:56:00,Idle
D249,2023-10-08 03:29:00,Busy
D249,2023-10-08 03:46:00,Idle
D249,2023-10-08 05:00:00,Idle
D249,2023-10-08 05:38:00,Offline
D249,2023-10-08 17:38:00,Online
D249,2023-10-08 19:30:00,Busy
D249,2023-10-08 21:22:00,Busy
D249,2023-10-08 22:40:00,Idle
D249,2023-10-09 00:19:00,Idle
D249,2023-10-09 00:39:00,Idle
D249,2023-10-09 02:08:00,Busy
D249,2023-10-09 02:28:00,Idle
D249,2023-10-09 04:14:00,Busy
D249,2023-10-09 04:50:00,Offline
D249,2023-10-10 04:50:00,Online
D249,2023-10-10 05:12:00,Idle
D249,2023-10-10 07:02:00,Busy
D249,2023-10-10 09:02:00,Busy
D249,2023-10-10 09:27:00,Offline
D249,2023-10-11 06:27:00,Online
D249,2023-10-11 07:52:00,Idle
D249,2023-10-11 09:51:00,Idle
D249,2023-10-11 10:46:00,Idle
D249,2023-10-11 11:28:00,Busy
D249,2023-10-11 12:21:00,Offline
D249,2023-10-12 02:21:00,Online
D249,2023-10-12 03:28:00,Idle
D249,2023-10-12 04:10:00,Idle
D249,2023-10-12 04:36:00,Idle
D249,2023-10-12 04:56:00,Idle
D249,2023-10-12 05:56:00,Offline
D249,2023-10-12 17:56:00,Online
D249,2023-10-12 19:38:00,Idle
D249,2023-10-12 20:25:00,Busy
D249,2023-10-12 22:03:00,Idle
D249,2023-10-12 22:57:00,Idle
D249,2023-10-13 00:42:00,Idle
D249,2023-10-13 01:20:00,Busy
D249,2023-10-13 03:17:00,Idle
D249,2023-10-13 04:09:00,Busy
D249,2023-10-13 04:58:00,Offline
D249,2023-10-14 02:58:00,Online
D249,2023-10-14 03:18:00,Idle
D249,2023-10-14 03:40:00,Busy
D249,2023-10-14 05:04:00,Busy
D249,2023-10-14 05:42:00,Busy
D249,2023-10-14 06:25:00,Busy
D249,2023-10-14 08:24:00,Busy
D249,2023-10-14 09:29:00,Busy
D249,2023-10-14 11:24:00,Busy
D249,2023-10-14 11:43:00,Offline
D251,2023-10-02 00:00:00,Online
D251,2023-10-02 00:40:00,Idle
D251,2023-10-02 01:52:00,Idle
D251,2023-10-02 02:40:00,Idle
D251,2023-10-02 03:30:00,Offline
D251,2023-10-02 20:30:00,Online
D251,2023-10-02 21:54:00,Busy
D251,2023-10-02 22:30:00,Idle
D251,2023-10-02 23:53:00,Busy
D251,2023-10-03 00:14:00,Idle
D251,2023-10-03 02:04:00,Busy
D251,2023-10-03 03:26:00,Busy
D251,2023-10-03 04:35:00,Busy
D251,2023-10-03 05:59:00,Idle
D251,2023-10-03 06:27:00,Offline
D251,2023-10-04 01:27:00,Online
D251,2023-10-04 03:21:00,Busy
D251,2023-10-04 03:53:00,Busy
D251,2023-10-04 05:10:00,Busy
D251,2023-10-04 06:44:00,Idle
D251,2023-10-04 08:10:00,Idle
D251,2023-10-04 09:56:00,Busy
D251,2023-10-04 10:57:00,Busy
D251,2023-10-04 12:42:00,Idle
D251,2023-10-04 14:23:00,Busy
D251,2023-10-04 14:41:00,Offline
D251,2023-10-05 11:41:00,Online
D251,2023-10-05 12:55:00,Busy
D251,2023-10-05 13:58:00,Idle
D251,2023-10-05 14:30:00,Idle
D251,2023-10-05 15:39:00,Idle
D251,2023-10-05 16:42:00,Busy
D251,2023-10-05 17:13:00,Busy
D251,2023-10-05 17:59:00,Offline
D251,2023-10-06 08:59:00,Online
D251,2023-10-06 09:17:00,Busy
D251,2023-10-06 10:01:00,Idle
D251,2023-10-06 11:26:00,Busy
D251,2023-10-06 12:45:00,Idle
D251,2023-10-06 14:23:00,Busy
D251,2023-10-06 16:01:00,Busy
D251,2023-10-06 16:21:00,Busy
D251,2023-10-06 17:59:00,Idle
D251,2023-10-06 19:59:00,Busy
D251,2023-10-06 20:55:00,Idle
D251,2023-10-06 21:49:00,Offline
D251,2023-10-07 12:49:00,Online
D251,2023-10-07 14:31:00,Busy
D251,2023-10-07 15:07:00,Idle
D251,2023-10-07 16:10:00,Idle
D251,2023-10-07 16:36:00,Offline
D251,2023-10-08 12:36:00,Online
D251,2023-10-08 14:29:00,Idle
D251,2023-10-08 15:19:00,Busy
D251,2023-10-08 16:53:00,Busy
D251,2023-10-08 18:39:00,Busy
D251,2023-10-08 19:26:00,Busy
D251,2023-10-08 20:59:00,Busy
D251,2023-10-08 22:41:00,Idle
D251,2023-10-08 23:55:00,Idle
D251,2023-10-09 00:51:00,Idle
D251,2023-10-09 01:04:00,Offline
D251,2023-10-09 18:04:00,Online
D251,2023-10-09 18:27:00,Busy
D251,2023-10-09 18:46:00,Busy
D251,2023-10-09 19:20:00,Idle
D251,2023-10-09 19:50:00,Offline
D251,2023-10-10 08:50:00,Online
D251,2023-10-10 10:40:00,Busy
D251,2023-10-10 11:19:00,Idle
D251,2023-10-10 12:58:00,Idle
D251,2023-10-10 14:51:00,Busy
D251,2023-10-10 15:39:00,Offline
D251,2023-10-11 14:39:00,Online
D251,2023-10-11 15:35:00,Busy
D251,2023-10-11 17:30:00,Busy
D251,2023-10-11 17:54:00,Idle
D251,2023-10-11 18:04:00,Offline
D251,2023-10-12 16:04:00,Online
D251,2023-10-12 17:12:00,Idle
D251,2023-10-12 17:54:00,Idle
D251,2023-10-12 18:16:00,Busy
D251,2023-10-12 18:37:00,Idle
D251,2023-10-12 19:32:00,Idle
D251,2023-10-12 21:20:00,Idle
D251,2023-10-12 22:35:00,Idle
D251,2023-10-13 00:09:00,Idle
D251,2023-10-13 00:24:00,Busy
D251,2023-10-13 02:09:00,Busy
D251,2023-10-13 02:59:00,Offline
D251,2023-10-13 19:59:00,Online
D251,2023-10-13 21:28:00,Busy
D251,2023-10-13 22:50:00,Idle
D251,2023-10-13 23:22:00,Idle
D251,2023-10-14 01:04:00,Busy
D251,2023-10-14 02:05:00,Idle
D251,2023-10-14 02:27:00,Busy
D251,2023-10-14 03:50:00,Idle
D251,2023-10-14 04:12:00,Busy
D251,2023-10-14 04:40:00,Busy
D251,2023-10-14 05:10:00,Offline
D251,2023-10-15 00:10:00,Online
D251,2023-10-15 01:10:00,Idle
D251,2023-10-15 02:13:00,Idle
D251,2023-10-15 03:37:00,Busy
D251,2023-10-15 04:01:00,Busy
D251,2023-10-15 06:00:00,Busy
D251,2023-10-15 07:36:00,Idle
D251,2023-10-15 08:02:00,Busy
D251,2023-10-15 09:31:00,Busy
D251,2023-10-15 11:09:00,Idle
D251,2023-10-15 11:26:00,Offline
D252,2023-10-06 00:00:00,Online
D252,2023-10-06 01:35:00,Idle
D252,2023-10-06 02:27:00,Busy
D252,2023-10-06 02:56:00,Busy
D252,2023-10-06 04:51:00,Idle
D252,2023-10-06 05:08:00,Busy
D252,2023-10-06 05:43:00,Idle
D252,2023-10-06 06:11:00,Offline
D252,2023-10-07 02:11:00,Online
D252,2023-10-07 03:43:00,Idle
D252,2023-10-07 04:24:00,Idle
D252,2023-10-07 05:55:00,Idle
D252,2023-10-07 07:43:00,Idle
D252,2023-10-07 09:25:00,Busy
D252,2023-10-07 09:52:00,Offline
D252,2023-10-07 22:52:00,Online
D252,2023-10-07 23:21:00,Busy
D252,2023-10-08 00:51:00,Busy
D252,2023-10-08 01:37:00,Busy
D252,2023-10-08 03:11:00,Busy
D252,2023-10-08 03:52:00,Offline
D252,2023-10-09 03:52:00,Online
D252,2023-10-09 05:32:00,Idle
D252,2023-10-09 07:26:00,Idle
D252,2023-10-09 07:48:00,Idle
D252,2023-10-09 09:33:00,Busy
D252,2023-10-09 10:17:00,Offline
D252,2023-10-10 04:17:00,Online
D252,2023-10-10 05:35:00,Busy
D252,2023-10-10 07:19:00,Idle
D252,2023-10-10 08:51:00,Idle
D252,2023-10-10 10:40:00,Busy
D252,2023-10-10 12:32:00,Idle
D252,2023-10-10 13:49:00,Busy
D252,2023-10-10 15:17:00,Idle
D252,2023-10-10 17:17:00,Idle
D252,2023-10-10 17:44:00,Offline
D252,2023-10-11 10:44:00,Online
D252,2023-10-11 11:59:00,Busy
D252,2023-10-11 13:12:00,Idle
D252,2023-10-11 14:52:00,Busy
D252,2023-10-11 15:22:00,Offline
D252,2023-10-12 08:22:00,Online
D252,2023-10-12 09:11:00,Idle
D252,2023-10-12 10:16:00,Busy
D252,2023-10-12 11:34:00,Idle
D252,2023-10-12 12:17:00,Idle
D252,2023-10-12 12:31:00,Offline
D252,2023-10-13 02:31:00,Online
D252,2023-10-13 03:08:00,Idle
D252,2023-10-13 04:03:00,Busy
D252,2023-10-13 04:20:00,Idle
D252,2023-10-13 04:38:00,Offline
D252,2023-10-14 03:38:00,Online
D252,2023-10-14 04:15:00,Busy
D252,2023-10-14 05:00:00,Busy
D252,2023-10-14 06:08:00,Busy
D252,2023-10-14 07:41:00,Busy
D252,2023-10-14 08:10:00,Busy
D252,2023-10-14 09:28:00,Idle
D252,2023-10-14 11:24:00,Idle
D252,2023-10-14 11:50:00,Offline
D252,2023-10-15 10:50:00,Online
D252,2023-10-15 12:21:00,Idle
D252,2023-10-15 14:18:00,Idle
D252,2023-10-15 14:59:00,Idle
D252,2023-10-15 16:08:00,Busy
D252,2023-10-15 17:53:00,Idle
D252,2023-10-15 19:52:00,Busy
D252,2023-10-15 20:17:00,Idle
D252,2023-10-15 21:13:00,Idle
D252,2023-10-15 22:48:00,Idle
D252,2023-10-15 23:50:00,Idle
D252,2023-10-16 00:09:00,Offline
D252,2023-10-16 17:09:00,Online
D252,2023-10-16 18:21:00,Idle
D252,2023-10-16 20:05:00,Idle
D252,2023-10-16 21:51:00,Busy
D252,2023-10-16 23:37:00,Busy
D252,2023-10-17 00:36:00,Idle
D252,2023-10-17 00:57:00,Busy
D252,2023-10-17 01:37:00,Offline
D252,2023-10-17 20:37:00,Online
D252,2023-10-17 21:21:00,Busy
D252,2023-10-17 22:50:00,Busy
D252,2023-10-17 23:14:00,Idle
D252,2023-10-17 23:33:00,Offline
D252,2023-10-18 13:33:00,Online
D252,2023-10-18 14:09:00,Busy
D252,2023-10-18 16:01:00,Busy
D252,2023-10-18 17:05:00,Busy
D252,2023-10-18 19:05:00,Idle
D252,2023-10-18 20:47:00,Busy
D252,2023-10-18 22:04:00,Busy
D252,2023-10-18 23:00:00,Offline
D252,2023-10-19 21:00:00,Online
D252,2023-10-19 22:23:00,Busy
D252,2023-10-19 23:19:00,Idle
D252,2023-10-19 23:56:00,Busy
D252,2023-10-20 01:45:00,Busy
D252,2023-10-20 03:15:00,Idle
D252,2023-10-20 05:12:00,Idle
D252,2023-10-20 06:37:00,Busy
D252,2023-10-20 07:52:00,Idle
D252,2023-10-20 09:12:00,Busy
D252,2023-10-20 10:57:00,Idle
D252,2023-10-20 11:30:00,Offline
D252,2023-10-21 06:30:00,Online
D252,2023-10-21 08:30:00,Busy
D252,2023-10-21 09:56:00,Idle
D252,2023-10-21 11:15:00,Busy
D252,2023-10-21 11:37:00,Offline
D254,2023-10-03 00:00:00,Online
D254,2023-10-03 01:54:00,Idle
D254,2023-10-03 03:26:00,Idle
D254,2023-10-03 05:24:00,Busy
D254,2023-10-03 06:27:00,Idle
D254,2023-10-03 07:52:00,Busy
D254,2023-10-03 08:51:00,Busy
D254,2023-10-03 09:39:00,Busy
D254,2023-10-03 11:33:00,Idle
D254,2023-10-03 12:24:00,Offline
D254,2023-10-04 07:24:00,Online
D254,2023-10-04 07:49:00,Busy
D254,2023-10-04 09:42:00,Idle
D254,2023-10-04 11:15:00,Busy
D254,2023-10-04 12:40:00,Busy
D254,2023-10-04 13:29:00,Idle
D254,2023-10-04 15:05:00,Busy
D254,2023-10-04 16:32:00,Idle
D254,2023-10-04 18:26:00,Idle
D254,2023-10-04 18:48:00,Offline
D254,2023-10-05 18:48:00,Online
D254,2023-10-05 19:23:00,Idle
D254,2023-10-05 19:42:00,Idle
D254,2023-10-05 20:14:00,Busy
D254,2023-10-05 21:02:00,Busy
D254,2023-10-05 22:02:00,Busy
D254,2023-10-05 22:51:00,Idle
D254,2023-10-05 23:13:00,Busy
D254,2023-10-06 00:20:00,Busy
D254,2023-10-06 00:49:00,Offline
D254,2023-10-06 12:49:00,Online
D254,2023-10-06 14:27:00,Busy
D254,2023-10-06 15:30:00,Idle
D254,2023-10-06 15:49:00,Idle
D254,2023-10-06 17:06:00,Busy
D254,2023-10-06 18:48:00,Idle
D254,2023-10-06 20:07:00,Idle
D254,2023-10-06 21:14:00,Busy
D254,2023-10-06 22:26:00,Busy
D254,2023-10-06 23:03:00,Idle
D254,2023-10-07 01:01:00,Busy
D254,2023-10-07 01:34:00,Offline
D254,2023-10-07 19:34:00,Online
D254,2023-10-07 20:50:00,Idle
D254,2023-10-07 21:31:00,Busy
D254,2023-10-07 22:32:00,Idle
D254,2023-10-07 23:20:00,Busy
D254,2023-10-07 23:56:00,Idle
D254,2023-10-08 00:23:00,Busy
D254,2023-10-08 01:12:00,Idle
D254,2023-10-08 02:57:00,Idle
D254,2023-10-08 03:21:00,Idle
D254,2023-10-08 04:18:00,Busy
D254,2023-10-08 04:37:00,Offline
D254,2023-10-08 22:37:00,Online
D254,2023-10-09 00:19:00,Busy
D254,2023-10-09 01:38:00,Idle
D254,2023-10-09 02:39:00,Idle
D254,2023-10-09 03:38:00,Busy
D254,2023-10-09 04:14:00,Busy
D254,2023-10-09 05:23:00,Busy
D254,2023-10-09 05:55:00,Offline
D254,2023-10-10 02:55:00,Online
D254,2023-10-10 04:43:00,Busy
D254,2023-10-10 06:34:00,Busy
D254,2023-10-10 07:41:00,Busy
D254,2023-10-10 09:31:00,Idle
D254,2023-10-10 10:47:00,Busy
D254,2023-10-10 12:01:00,Idle
D254,2023-10-10 12:55:00,Idle
D254,2023-10-10 13:31:00,Offline
D255,2023-10-02 00:00:00,Online
D255,2023-10-02 01:49:00,Idle
D255,2023-10-02 02:35:00,Busy
D255,2023-10-02 03:21:00,Busy
D255,2023-10-02 04:00:00,Idle
D255,2023-10-02 05:50:00,Idle
D255,2023-10-02 06:08:00,Busy
D255,2023-10-02 06:59:00,Idle
D255,2023-10-02 07:57:00,Offline
D255,2023-10-02 21:57:00,Online
D255,2023-10-02 23:25:00,Busy
D255,2023-10-02 23:42:00,Busy
D255,2023-10-03 00:40:00,Busy
D255,2023-10-03 01:23:00,Offline
D255,2023-10-04 00:23:00,Online
D255,2023-10-04 02:03:00,Busy
D255,2023-10-04 03:09:00,Busy
D255,2023-10-04 04:32:00,Busy
D255,2023-10-04 05:35:00,Busy
D255,2023-10-04 05:54:00,Offline
D255,2023-10-05 05:54:00,Online
D255,2023-10-05 06:20:00,Idle
D255,2023-10-05 07:42:00,Idle
D255,2023-10-05 09:38:00,Idle
D255,2023-10-05 10:27:00,Busy
D255,2023-10-05 10:50:00,Idle
D255,2023-10-05 11:16:00,Idle
D255,2023-10-05 12:21:00,Busy
D255,2023-10-05 13:00:00,Idle
D255,2023-10-05 13:51:00,Idle
D255,2023-10-05 14:46:00,Idle
D255,2023-10-05 15:16:00,Offline
D255,2023-10-06 12:16:00,Online
D255,2023-10-06 13:02:00,Busy
D255,2023-10-06 13:58:00,Busy
D255,2023-10-06 15:52:00,Idle
D255,2023-10-06 16:15:00,Idle
D255,2023-10-06 17:35:00,Idle
D255,2023-10-06 18:11:00,Offline
D255,2023-10-07 12:11:00,Online
D255,2023-10-07 12:53:00,Busy
D255,2023-10-07 14:20:00,Idle
D255,2023-10-07 16:14:00,Busy
D255,2023-10-07 16:51:00,Idle
D255,2023-10-07 17:20:00,Offline
D255,2023-10-08 07:20:00,Online
D255,2023-10-08 09:02:00,Idle
D255,2023-10-08 09:17:00,Busy
D255,2023-10-08 09:32:00,Idle
D255,2023-10-08 11:19:00,Idle
D255,2023-10-08 11:43:00,Idle
D255,2023-10-08 12:07:00,Offline
D256,2023-10-04 00:00:00,Online
D256,2023-10-04 00:34:00,Idle
D256,2023-10-04 01:35:00,Busy
D256,2023-10-04 03:10:00,Idle
D256,2023-10-04 03:48:00,Idle
D256,2023-10-04 05:29:00,Busy
D256,2023-10-04 06:48:00,Busy
D256,2023-10-04 07:55:00,Busy
D256,2023-10-04 09:44:00,Idle
D256,2023-10-04 10:27:00,Busy
D256,2023-10-04 11:19:00,Offline
D256,2023-10-05 01:19:00,Online
D256,2023-10-05 02:15:00,Busy
D256,2023-10-05 02:56:00,Busy
D256,2023-10-05 03:37:00,Idle
D256,2023-10-05 05:14:00,Idle
D256,2023-10-05 05:40:00,Busy
D256,2023-10-05 06:07:00,Busy
D256,2023-10-05 06:25:00,Idle
D256,2023-10-05 07:16:00,Offline
D256,2023-10-06 00:16:00,Online
D256,2023-10-06 01:28:00,Busy
D256,2023-10-06 03:09:00,Idle
D256,2023-10-06 04:51:00,Idle
D256,2023-10-06 06:42:00,Busy
D256,2023-10-06 07:12:00,Busy
D256,2023-10-06 07:47:00,Busy
D256,2023-10-06 08:05:00,Offline
D256,2023-10-06 23:05:00,Online
D256,2023-10-06 23:31:00,Idle
D256,2023-10-07 01:26:00,Idle
D256,2023-10-07 03:06:00,Idle
D256,2023-10-07 03:36:00,Idle
D256,2023-10-07 04:08:00,Offline
D256,2023-10-08 04:08:00,Online
D256,2023-10-08 06:06:00,Busy
D256,2023-10-08 07:05:00,Idle
D256,2023-10-08 07:36:00,Busy
D256,2023-10-08 08:13:00,Busy
D256,2023-10-08 09:33:00,Busy
D256,2023-10-08 11:30:00,Busy
D256,2023-10-08 12:52:00,Busy
D256,2023-10-08 13:27:00,Offline
D256,2023-10-09 04:27:00,Online
D256,2023-10-09 05:03:00,Idle
D256,2023-10-09 05:57:00,Busy
D256,2023-10-09 07:08:00,Idle
D256,2023-10-09 08:36:00,Busy
D256,2023-10-09 08:51:00,Offline
D256,2023-10-09 20:51:00,Online
D256,2023-10-09 21:06:00,Busy
D256,2023-10-09 21:57:00,Busy
D256,2023-10-09 23:22:00,Idle
D256,2023-10-10 00:32:00,Idle
D256,2023-10-10 00:59:00,Busy
D256,2023-10-10 02:32:00,Idle
D256,2023-10-10 03:01:00,Offline
D256,2023-10-10 19:01:00,Online
D256,2023-10-10 20:09:00,Busy
D256,2023-10-10 20:47:00,Busy
D256,2023-10-10 21:08:00,Busy
D256,2023-10-10 22:18:00,Idle
D256,2023-10-10 23:24:00,Busy
D256,2023-10-11 00:15:00,Offline
D256,2023-10-11 13:15:00,Online
D256,2023-10-11 14:55:00,Idle
D256,2023-10-11 15:43:00,Idle
D256,2023-10-11 17:35:00,Idle
D256,2023-10-11 17:56:00,Idle
D256,2023-10-11 19:31:00,Busy
D256,2023-10-11 20:24:00,Idle
D256,2023-10-11 21:12:00,Offline
D256,2023-10-12 11:12:00,Online
D256,2023-10-12 12:35:00,Idle
D256,2023-10-12 14:29:00,Idle
D256,2023-10-12 14:52:00,Idle
D256,2023-10-12 16:29:00,Busy
D256,2023-10-12 17:30:00,Idle
D256,2023-10-12 18:15:00,Busy
D256,2023-10-12 18:31:00,Offline
D256,2023-10-13 07:31:00,Online
D256,2023-10-13 08:11:00,Idle
D256,2023-10-13 08:33:00,Busy
D256,2023-10-13 09:46:00,Busy
D256,2023-10-13 11:26:00,Busy
D256,2023-10-13 12:32:00,Busy
D256,2023-10-13 14:05:00,Idle
D256,2023-10-13 16:05:00,Busy
D256,2023-10-13 16:54:00,Busy
D256,2023-10-13 17:15:00,Busy
D256,2023-10-13 17:43:00,Offline
D256,2023-10-14 10:43:00,Online
D256,2023-10-14 11:07:00,Busy
D256,2023-10-14 11:43:00,Busy
D256,2023-10-14 13:42:00,Idle
D256,2023-10-14 15:11:00,Idle
D256,2023-10-14 15:56:00,Busy
D256,2023-10-14 17:47:00,Busy
D256,2023-10-14 18:12:00,Offline
D256,2023-10-15 14:12:00,Online
D256,2023-10-15 15:38:00,Busy
D256,2023-10-15 16:15:00,Idle
D256,2023-10-15 17:33:00,Idle
D256,2023-10-15 17:51:00,Busy
D256,2023-10-15 19:36:00,Busy
D256,2023-10-15 20:15:00,Idle
D256,2023-10-15 20:39:00,Idle
D256,2023-10-15 22:17:00,Idle
D256,2023-10-15 23:11:00,Busy
D256,2023-10-16 00:29:00,Idle
D256,2023-10-16 01:07:00,Offline
D256,2023-10-16 20:07:00,Online
D256,2023-10-16 21:56:00,Busy
D256,2023-10-16 23:54:00,Idle
D256,2023-10-17 01:13:00,Busy
D256,2023-10-17 01:34:00,Idle
D256,2023-10-17 02:39:00,Idle
D256,2023-10-17 03:35:00,Busy
D256,2023-10-17 04:12:00,Offline
D258,2023-10-01 00:00:00,Online
D258,2023-10-01 01:29:00,Busy
D258,2023-10-01 02:12:00,Idle
D258,2023-10-01 03:42:00,Idle
D258,2023-10-01 03:57:00,Busy
D258,2023-10-01 05:54:00,Idle
D258,2023-10-01 07:50:00,Idle
D258,2023-10-01 08:26:00,Offline
D258,2023-10-01 21:26:00,Online
D258,2023-10-01 22:45:00,Idle
D258,2023-10-02 00:17:00,Idle
D258,2023-10-02 01:24:00,Idle
D258,2023-10-02 03:17:00,Idle
D258,2023-10-02 05:07:00,Busy
D258,2023-10-02 06:02:00,Idle
D258,2023-10-02 07:59:00,Idle
D258,2023-10-02 08:48:00,Busy
D258,2023-10-02 09:40:00,Offline
D258,2023-10-03 06:40:00,Online
D258,2023-10-03 08:16:00,Idle
D258,2023-10-03 08:58:00,Idle
D258,2023-10-03 10:11:00,Busy
D258,2023-10-03 11:50:00,Busy
D258,2023-10-03 13:28:00,Busy
D258,2023-10-03 14:14:00,Busy
D258,2023-10-03 15:23:00,Idle
D258,2023-10-03 16:31:00,Idle
D258,2023-10-03 17:02:00,Offline
D258,2023-10-04 11:02:00,Online
D258,2023-10-04 11:49:00,Busy
D258,2023-10-04 13:25:00,Busy
D258,2023-10-04 14:25:00,Busy
D258,2023-10-04 15:43:00,Idle
D258,2023-10-04 16:52:00,Busy
D258,2023-10-04 17:12:00,Idle
D258,2023-10-04 18:32:00,Idle
D258,2023-10-04 18:55:00,Offline
D258,2023-10-05 12:55:00,Online
D258,2023-10-05 14:21:00,Busy
D258,2023-10-05 16:11:00,Idle
D258,2023-10-05 17:31:00,Idle
D258,2023-10-05 18:53:00,Idle
D258,2023-10-05 19:17:00,Idle
D258,2023-10-05 20:21:00,Busy
D258,2023-10-05 21:41:00,Idle
D258,2023-10-05 22:20:00,Idle
D258,2023-10-05 23:05:00,Offline
D258,2023-10-06 14:05:00,Online
D258,2023-10-06 15:53:00,Idle
D258,2023-10-06 17:29:00,Busy
D258,2023-10-06 18:26:00,Busy
D258,2023-10-06 19:11:00,Offline
D258,2023-10-07 17:11:00,Online
D258,2023-10-07 18:22:00,Idle
D258,2023-10-07 20:07:00,Idle
D258,2023-10-07 21:58:00,Busy
D258,2023-10-07 22:16:00,Idle
D258,2023-10-07 22:45:00,Idle
D258,2023-10-08 00:20:00,Busy
D258,2023-10-08 01:44:00,Busy
D258,2023-10-08 01:58:00,Offline
D259,2023-10-02 00:00:00,Online
D259,2023-10-02 01:00:00,Idle
D259,2023-10-02 01:49:00,Idle
D259,2023-10-02 03:34:00,Busy
D259,2023-10-02 04:09:00,Busy
D259,2023-10-02 05:40:00,Idle
D259,2023-10-02 07:21:00,Idle
D259,2023-10-02 08:53:00,Busy
D259,2023-10-02 10:07:00,Idle
D259,2023-10-02 11:03:00,Idle
D259,2023-10-02 11:54:00,Idle
D259,2023-10-02 12:43:00,Offline
D259,2023-10-03 04:43:00,Online
D259,2023-10-03 06:23:00,Idle
D259,2023-10-03 07:41:00,Idle
D259,2023-10-03 08:16:00,Busy
D259,2023-10-03 09:15:00,Busy
D259,2023-10-03 11:15:00,Busy
D259,2023-10-03 12:07:00,Busy
D259,2023-10-03 13:12:00,Busy
D259,2023-10-03 14:26:00,Busy
D259,2023-10-03 14:46:00,Idle
D259,2023-10-03 15:51:00,Busy
D259,2023-10-03 16:36:00,Offline
D259,2023-10-04 05:36:00,Online
D259,2023-10-04 06:26:00,Idle
D259,2023-10-04 07:13:00,Idle
D259,2023-10-04 08:38:00,Busy
D259,2023-10-04 09:38:00,Idle
D259,2023-10-04 11:38:00,Idle
D259,2023-10-04 11:54:00,Offline
D259,2023-10-05 08:54:00,Online
D259,2023-10-05 09:14:00,Idle
D259,2023-10-05 09:37:00,Busy
D259,2023-10-05 10:29:00,Busy
D259,2023-10-05 11:27:00,Busy
D259,2023-10-05 12:48:00,Busy
D259,2023-10-05 13:49:00,Idle
D259,2023-10-05 14:27:00,Idle
D259,2023-10-05 16:06:00,Idle
D259,2023-10-05 17:48:00,Idle
D259,2023-10-05 18:29:00,Offline
D259,2023-10-06 18:29:00,Online
D259,2023-10-06 20:02:00,Busy
D259,2023-10-06 21:31:00,Idle
D259,2023-10-06 21:48:00,Busy
D259,2023-10-06 23:44:00,Busy
D259,2023-10-07 00:12:00,Busy
D259,2023-10-07 01:37:00,Busy
D259,2023-10-07 03:16:00,Busy
D259,2023-10-07 04:11:00,Offline
D259,2023-10-07 16:11:00,Online
D259,2023-10-07 17:33:00,Idle
D259,2023-10-07 18:55:00,Busy
D259,2023-10-07 20:24:00,Idle
D259,2023-10-07 20:42:00,Idle
D259,2023-10-07 21:00:00,Busy
D259,2023-10-07 21:52:00,Offline
D259,2023-10-08 12:52:00,Online
D259,2023-10-08 13:30:00,Busy
D259,2023-10-08 13:50:00,Idle
D259,2023-10-08 15:26:00,Idle
D259,2023-10-08 15:54:00,Busy
D259,2023-10-08 16:31:00,Busy
D259,2023-10-08 17:20:00,Idle
D259,2023-10-08 18:17:00,Offline
D259,2023-10-09 10:17:00,Online
D259,2023-10-09 11:40:00,Busy
D259,2023-10-09 12:30:00,Busy
D259,2023-10-09 13:25:00,Idle
D259,2023-10-09 14:19:00,Offline
D259,2023-10-10 06:19:00,Online
D259,2023-10-10 07:31:00,Idle
D259,2023-10-10 08:43:00,Busy
D259,2023-10-10 08:58:00,Idle
D259,2023-10-10 10:36:00,Busy
D259,2023-10-10 11:42:00,Busy
D259,2023-10-10 13:15:00,Busy
D259,2023-10-10 13:59:00,Busy
D259,2023-10-10 14:34:00,Idle
D259,2023-10-10 14:52:00,Busy
D259,2023-10-10 15:21:00,Offline
D259,2023-10-11 14:21:00,Online
D259,2023-10-11 16:16:00,Busy
D259,2023-10-11 18:15:00,Busy
D259,2023-10-11 19:47:00,Busy
D259,2023-10-11 20:24:00,Idle
D259,2023-10-11 21:52:00,Busy
D259,2023-10-11 23:39:00,Idle
D259,2023-10-12 00:56:00,Busy
D259,2023-10-12 01:23:00,Busy
D259,2023-10-12 02:29:00,Busy
D259,2023-10-12 03:38:00,Busy
D259,2023-10-12 04:14:00,Offline
D260,2023-10-05 00:00:00,Online
D260,2023-10-05 01:19:00,Busy
D260,2023-10-05 01:34:00,Busy
D260,2023-10-05 02:27:00,Busy
D260,2023-10-05 03:20:00,Busy
D260,2023-10-05 05:04:00,Idle
D260,2023-10-05 06:14:00,Idle
D260,2023-10-05 07:57:00,Busy
D260,2023-10-05 08:15:00,Idle
D260,2023-10-05 08:54:00,Busy
D260,2023-10-05 09:25:00,Offline
D260,2023-10-05 22:25:00,Online
D260,2023-10-05 23:44:00,Busy
D260,2023-10-06 01:04:00,Busy
D260,2023-10-06 01:20:00,Idle
D260,2023-10-06 01:49:00,Busy
D260,2023-10-06 02:30:00,Idle
D260,2023-10-06 04:01:00,Busy
D260,2023-10-06 04:19:00,Offline
D260,2023-10-06 17:19:00,Online
D260,2023-10-06 18:33:00,Busy
D260,2023-10-06 20:04:00,Idle
D260,2023-10-06 21:05:00,Busy
D260,2023-10-06 21:37:00,Idle
D260,2023-10-06 22:24:00,Offline
D260,2023-10-07 15:24:00,Online
D260,2023-10-07 16:52:00,Idle
D260,2023-10-07 17:25:00,Idle
D260,2023-10-07 17:50:00,Idle
D260,2023-10-07 18:19:00,Busy
D260,2023-10-07 20:13:00,Idle
D260,2023-10-07 21:15:00,Busy
D260,2023-10-07 22:15:00,Busy
D260,2023-10-07 23:11:00,Idle
D260,2023-10-08 00:27:00,Busy
D260,2023-10-08 00:57:00,Offline
D260,2023-10-08 18:57:00,Online
D260,2023-10-08 19:42:00,Idle
D260,2023-10-08 20:56:00,Idle
D260,2023-10-08 21:51:00,Idle
D260,2023-10-08 23:31:00,Busy
D260,2023-10-09 00:08:00,Busy
D260,2023-10-09 01:40:00,Busy
D260,2023-10-09 02:27:00,Offline
D260,2023-10-10 00:27:00,Online
D260,2023-10-10 01:12:00,Idle
D260,2023-10-10 03:09:00,Idle
D260,2023-10-10 04:55:00,Busy
D260,2023-10-10 05:34:00,Idle
D260,2023-10-10 07:32:00,Idle
D260,2023-10-10 08:20:00,Offline
D260,2023-10-10 23:20:00,Online
D260,2023-10-10 23:40:00,Busy
D260,2023-10-11 00:26:00,Idle
D260,2023-10-11 00:53:00,Busy
D260,2023-10-11 02:36:00,Idle
D260,2023-10-11 04:14:00,Idle
D260,2023-10-11 06:03:00,Busy
D260,2023-10-11 06:27:00,Busy
D260,2023-10-11 07:53:00,Idle
D260,2023-10-11 09:03:00,Busy
D260,2023-10-11 09:42:00,Idle
D260,2023-10-11 09:56:00,Offline
D260,2023-10-12 08:56:00,Online
D260,2023-10-12 10:38:00,Idle
D260,2023-10-12 12:05:00,Busy
D260,2023-10-12 13:15:00,Idle
D260,2023-10-12 13:49:00,Offline
D260,2023-10-13 09:49:00,Online
D260,2023-10-13 11:08:00,Busy
D260,2023-10-13 11:53:00,Busy
D260,2023-10-13 13:52:00,Busy
D260,2023-10-13 14:28:00,Offline
D260,2023-10-14 04:28:00,Online
D260,2023-10-14 05:51:00,Idle
D260,2023-10-14 06:20:00,Busy
D260,2023-10-14 06:41:00,Busy
D260,2023-10-14 07:05:00,Idle
D260,2023-10-14 07:21:00,Idle
D260,2023-10-14 09:07:00,Busy
D260,2023-10-14 10:08:00,Idle
D260,2023-10-14 10:30:00,Offline
D260,2023-10-15 10:30:00,Online
D260,2023-10-15 11:07:00,Idle
D260,2023-10-15 13:06:00,Idle
D260,2023-10-15 13:25:00,Idle
D260,2023-10-15 14:25:00,Idle
D260,2023-10-15 16:02:00,Idle
D260,2023-10-15 16:33:00,Busy
D260,2023-10-15 17:27:00,Idle
D260,2023-10-15 17:54:00,Offline
D260,2023-10-16 11:54:00,Online
D260,2023-10-16 13:48:00,Busy
D260,2023-10-16 14:48:00,Busy
D260,2023-10-16 16:11:00,Idle
D260,2023-10-16 17:11:00,Idle
D260,2023-10-16 18:29:00,Busy
D260,2023-10-16 18:45:00,Idle
D260,2023-10-16 19:47:00,Idle
D260,2023-10-16 21:12:00,Busy
D260,2023-10-16 21:43:00,Offline
D261,2023-10-05 00:00:00,Online
D261,2023-10-05 00:19:00,Idle
D261,2023-10-05 01:05:00,Idle
D261,2023-10-05 01:56:00,Idle
D261,2023-10-05 02:29:00,Busy
D261,2023-10-05 02:48:00,Busy
D261,2023-10-05 04:44:00,Idle
D261,2023-10-05 05:41:00,Idle
D261,2023-10-05 06:24:00,Idle
D261,2023-10-05 07:56:00,Busy
D261,2023-10-05 08:49:00,Offline
D261,2023-10-05 22:49:00,Online
D261,2023-10-06 00:40:00,Busy
D261,2023-10-06 01:52:00,Idle
D261,2023-10-06 03:02:00,Idle
D261,2023-10-06 04:32:00,Idle
D261,2023-10-06 06:15:00,Idle
D261,2023-10-06 07:50:00,Idle
D261,2023-10-06 09:06:00,Busy
D261,2023-10-06 10:01:00,Busy
D261,2023-10-06 10:27:00,Busy
D261,2023-10-06 11:28:00,Idle
D261,2023-10-06 11:51:00,Offline
D261,2023-10-07 01:51:00,Online
D261,2023-10-07 02:17:00,Idle
D261,2023-10-07 02:43:00,Idle
D261,2023-10-07 03:06:00,Busy
D261,2023-10-07 03:54:00,Busy
D261,2023-10-07 05:19:00,Busy
D261,2023-10-07 05:55:00,Offline
D261,2023-10-08 00:55:00,Online
D261,2023-10-08 02:27:00,Idle
D261,2023-10-08 03:04:00,Idle
D261,2023-10-08 04:27:00,Idle
D261,2023-10-08 04:42:00,Idle
D261,2023-10-08 05:57:00,Idle
D261,2023-10-08 06:26:00,Idle
D261,2023-10-08 06:42:00,Offline
D261,2023-10-09 00:42:00,Online
D261,2023-10-09 01:54:00,Idle
D261,2023-10-09 02:39:00,Idle
D261,2023-10-09 04:38:00,Busy
D261,2023-10-09 05:24:00,Offline
D261,2023-10-09 19:24:00,Online
D261,2023-10-09 20:02:00,Busy
D261,2023-10-09 21:16:00,Busy
D261,2023-10-09 22:29:00,Idle
D261,2023-10-09 22:47:00,Idle
D261,2023-10-10 00:13:00,Busy
D261,2023-10-10 01:38:00,Idle
D261,2023-10-10 02:21:00,Idle
D261,2023-10-10 03:18:00,Offline
D261,2023-10-10 22:18:00,Online
D261,2023-10-10 23:53:00,Busy
D261,2023-10-11 00:22:00,Busy
D261,2023-10-11 01:11:00,Busy
D261,2023-10-11 02:06:00,Offline
D261,2023-10-11 18:06:00,Online
D261,2023-10-11 19:07:00,Idle
D261,2023-10-11 20:29:00,Busy
D261,2023-10-11 21:33:00,Busy
D261,2023-10-11 22:36:00,Idle
D261,2023-10-11 23:04:00,Offline
D261,2023-10-12 21:04:00,Online
D261,2023-10-12 21:27:00,Idle
D261,2023-10-12 22:31:00,Busy
D261,2023-10-12 23:57:00,Busy
D261,2023-10-13 01:00:00,Idle
D261,2023-10-13 01:40:00,Offline
D261,2023-10-13 18:40:00,Online
D261,2023-10-13 19:06:00,Idle
D261,2023-10-13 19:27:00,Idle
D261,2023-10-13 20:28:00,Idle
D261,2023-10-13 20:57:00,Busy
D261,2023-10-13 22:44:00,Busy
D261,2023-10-13 23:53:00,Busy
D261,2023-10-14 01:48:00,Idle
D261,2023-10-14 02:15:00,Idle
D261,2023-10-14 02:53:00,Busy
D261,2023-10-14 04:41:00,Busy
D261,2023-10-14 05:33:00,Offline
D261,2023-10-15 00:33:00,Online
D261,2023-10-15 01:26:00,Busy
D261,2023-10-15 03:01:00,Busy
D261,2023-10-15 04:19:00,Idle
D261,2023-10-15 05:27:00,Idle
D261,2023-10-15 05:57:00,Offline
D261,2023-10-15 18:57:00,Online
D261,2023-10-15 19:17:00,Idle
D261,2023-10-15 20:35:00,Idle
D261,2023-10-15 21:53:00,Busy
D261,2023-10-15 22:32:00,Idle
D261,2023-10-15 23:34:00,Idle
D261,2023-10-16 00:59:00,Busy
D261,2023-10-16 01:36:00,Busy
D261,2023-10-16 02:10:00,Offline
D261,2023-10-16 23:10:00,Online
D261,2023-10-17 00:56:00,Busy
D261,2023-10-17 01:41:00,Busy
D261,2023-10-17 02:07:00,Idle
D261,2023-10-17 03:36:00,Busy
D261,2023-10-17 04:53:00,Busy
D261,2023-10-17 06:38:00,Idle
D261,2023-10-17 08:14:00,Idle
D261,2023-10-17 09:22:00,Busy
D261,2023-10-17 09:52:00,Idle
D261,2023-10-17 11:18:00,Idle
D261,2023-10-17 11:53:00,Offline
D261,2023-10-18 00:53:00,Online
D261,2023-10-18 02:41:00,Idle
D261,2023-10-18 03:34:00,Busy
D261,2023-10-18 03:50:00,Idle
D261,2023-10-18 04:43:00,Idle
D261,2023-10-18 06:41:00,Idle
D261,2023-10-18 08:02:00,Busy
D261,2023-10-18 09:01:00,Offline
D261,2023-10-18 23:01:00,Online
D261,2023-10-19 00:39:00,Idle
D261,2023-10-19 01:23:00,Idle
D261,2023-10-19 01:42:00,Idle
D261,2023-10-19 02:49:00,Idle
D261,2023-10-19 03:04:00,Busy
D261,2023-10-19 03:45:00,Idle
D261,2023-10-19 04:09:00,Offline
D262,2023-10-06 00:00:00,Online
D262,2023-10-06 01:06:00,Idle
D262,2023-10-06 02:25:00,Idle
D262,2023-10-06 03:27:00,Busy
D262,2023-10-06 05:06:00,Busy
D262,2023-10-06 07:04:00,Idle
D262,2023-10-06 07:52:00,Busy
D262,2023-10-06 08:33:00,Idle
D262,2023-10-06 09:12:00,Idle
D262,2023-10-06 10:10:00,Offline
D262,2023-10-07 10:10:00,Online
D262,2023-10-07 10:28:00,Busy
D262,2023-10-07 12:07:00,Idle
D262,2023-10-07 13:01:00,Busy
D262,2023-10-07 14:46:00,Busy
D262,2023-10-07 16:22:00,Busy
D262,2023-10-07 17:46:00,Idle
D262,2023-10-07 19:33:00,Idle
D262,2023-10-07 19:51:00,Busy
D262,2023-10-07 20:29:00,Busy
D262,2023-10-07 21:28:00,Offline
D262,2023-10-08 13:28:00,Online
D262,2023-10-08 15:11:00,Idle
D262,2023-10-08 17:11:00,Idle
D262,2023-10-08 18:49:00,Idle
D262,2023-10-08 19:32:00,Idle
D262,2023-10-08 21:26:00,Busy
D262,2023-10-08 21:41:00,Busy
D262,2023-10-08 23:08:00,Busy
D262,2023-10-08 23:24:00,Offline
D262,2023-10-09 17:24:00,Online
D262,2023-10-09 18:13:00,Busy
D262,2023-10-09 18:38:00,Busy
D262,2023-10-09 19:30:00,Busy
D262,2023-10-09 20:57:00,Busy
D262,2023-10-09 21:27:00,Busy
D262,2023-10-09 22:43:00,Busy
D262,2023-10-09 23:04:00,Offline
D262,2023-10-10 13:04:00,Online
D262,2023-10-10 13:54:00,Busy
D262,2023-10-10 15:34:00,Busy
D262,2023-10-10 16:11:00,Idle
D262,2023-10-10 17:51:00,Busy
D262,2023-10-10 19:48:00,Idle
D262,2023-10-10 20:41:00,Busy
D262,2023-10-10 22:08:00,Idle
D262,2023-10-10 22:24:00,Idle
D262,2023-10-10 22:54:00,Idle
D262,2023-10-11 00:26:00,Busy
D262,2023-10-11 01:22:00,Offline
D262,2023-10-11 19:22:00,Online
D262,2023-10-11 20:56:00,Busy
D262,2023-10-11 21:46:00,Idle
D262,2023-10-11 23:14:00,Idle
D262,2023-10-11 23:41:00,Busy
D262,2023-10-12 00:17:00,Busy
D262,2023-10-12 02:16:00,Idle
D262,2023-10-12 03:23:00,Idle
D262,2023-10-12 04:09:00,Busy
D262,2023-10-12 05:52:00,Idle
D262,2023-10-12 07:14:00,Idle
D262,2023-10-12 08:02:00,Offline
D262,2023-10-13 01:02:00,Online
D262,2023-10-13 01:21:00,Idle
D262,2023-10-13 01:37:00,Idle
D262,2023-10-13 03:12:00,Busy
D262,2023-10-13 04:51:00,Busy
D262,2023-10-13 06:20:00,Idle
D262,2023-10-13 06:50:00,Busy
D262,2023-10-13 08:33:00,Busy
D262,2023-10-13 09:08:00,Idle
D262,2023-10-13 10:34:00,Idle
D262,2023-10-13 11:18:00,Offline
D262,2023-10-14 06:18:00,Online
D262,2023-10-14 07:10:00,Idle
D262,2023-10-14 08:26:00,Idle
D262,2023-10-14 09:20:00,Busy
D262,2023-10-14 11:06:00,Busy
D262,2023-10-14 12:21:00,Idle
D262,2023-10-14 13:55:00,Busy
D262,2023-10-14 14:18:00,Offline
D262,2023-10-15 08:18:00,Online
D262,2023-10-15 08:53:00,Idle
D262,2023-10-15 10:28:00,Idle
D262,2023-10-15 11:13:00,Idle
D262,2023-10-15 11:42:00,Busy
D262,2023-10-15 12:32:00,Idle
D262,2023-10-15 12:53:00,Idle
D262,2023-10-15 13:06:00,Offline
D262,2023-10-16 06:06:00,Online
D262,2023-10-16 06:35:00,Idle
D262,2023-10-16 07:39:00,Idle
D262,2023-10-16 08:29:00,Idle
D262,2023-10-16 10:12:00,Busy
D262,2023-10-16 11:29:00,Idle
D262,2023-10-16 12:26:00,Busy
D262,2023-10-16 12:55:00,Idle
D262,2023-10-16 13:11:00,Offline
D262,2023-10-17 06:11:00,Online
D262,2023-10-17 07:48:00,Idle
D262,2023-10-17 08:13:00,Idle
D262,2023-10-17 08:44:00,Busy
D262,2023-10-17 09:48:00,Busy
D262,2023-10-17 10:55:00,Idle
D262,2023-10-17 12:36:00,Idle
D262,2023-10-17 14:36:00,Idle
D262,2023-10-17 16:24:00,Busy
D262,2023-10-17 18:19:00,Busy
D262,2023-10-17 18:51:00,Offline
D262,2023-10-18 15:51:00,Online
D262,2023-10-18 16:12:00,Busy
D262,2023-10-18 17:41:00,Idle
D262,2023-10-18 18:07:00,Idle
D262,2023-10-18 19:47:00,Busy
D262,2023-10-18 20:49:00,Idle
D262,2023-10-18 22:02:00,Busy
D262,2023-10-18 22:47:00,Busy
D262,2023-10-19 00:22:00,Idle
D262,2023-10-19 01:31:00,Idle
D262,2023-10-19 02:53:00,Idle
D262,2023-10-19 03:21:00,Offline
D262,2023-10-20 00:21:00,Online
D262,2023-10-20 01:43:00,Idle
D262,2023-10-20 03:37:00,Idle
D262,2023-10-20 04:47:00,Idle
D262,2023-10-20 05:34:00,Idle
D262,2023-10-20 05:54:00,Busy
D262,2023-10-20 06:27:00,Busy
D262,2023-10-20 07:02:00,Offline
D262,2023-10-21 00:02:00,Online
D262,2023-10-21 01:48:00,Busy
D262,2023-10-21 03:37:00,Idle
D262,2023-10-21 04:59:00,Idle
D262,2023-10-21 06:03:00,Busy
D262,2023-10-21 06:26:00,Idle
D262,2023-10-21 08:03:00,Idle
D262,2023-10-21 08:36:00,Offline
D263,2023-10-05 00:00:00,Online
D263,2023-10-05 00:20:00,Idle
D263,2023-10-05 02:08:00,Busy
D263,2023-10-05 03:43:00,Busy
D263,2023-10-05 05:06:00,Busy
D263,2023-10-05 05:55:00,Idle
D263,2023-10-05 06:36:00,Busy
D263,2023-10-05 07:07:00,Idle
D263,2023-10-05 07:36:00,Idle
D263,2023-10-05 08:10:00,Offline
D263,2023-10-05 20:10:00,Online
D263,2023-10-05 21:40:00,Idle
D263,2023-10-05 23:25:00,Busy
D263,2023-10-06 00:16:00,Busy
D263,2023-10-06 01:38:00,Idle
D263,2023-10-06 02:05:00,Busy
D263,2023-10-06 02:51:00,Offline
D263,2023-10-07 00:51:00,Online
D263,2023-10-07 01:17:00,Busy
D263,2023-10-07 01:45:00,Idle
D263,2023-10-07 02:48:00,Idle
D263,2023-10-07 03:19:00,Idle
D263,2023-10-07 04:00:00,Busy
D263,2023-10-07 04:16:00,Busy
D263,2023-10-07 05:43:00,Idle
D263,2023-10-07 07:32:00,Busy
D263,2023-10-07 07:48:00,Offline
D263,2023-10-08 03:48:00,Online
D263,2023-10-08 05:11:00,Idle
D263,2023-10-08 07:06:00,Busy
D263,2023-10-08 08:45:00,Idle
D263,2023-10-08 09:13:00,Idle
D263,2023-10-08 09:57:00,Busy
D263,2023-10-08 10:48:00,Busy
D263,2023-10-08 12:23:00,Idle
D263,2023-10-08 13:40:00,Busy
D263,2023-10-08 14:30:00,Offline
D263,2023-10-09 10:30:00,Online
D263,2023-10-09 10:53:00,Idle
D263,2023-10-09 12:09:00,Idle
D263,2023-10-09 13:09:00,Busy
D263,2023-10-09 15:08:00,Idle
D263,2023-10-09 16:27:00,Idle
D263,2023-10-09 17:50:00,Busy
D263,2023-10-09 18:16:00,Busy
D263,2023-10-09 18:55:00,Offline
D263,2023-10-10 11:55:00,Online
D263,2023-10-10 13:42:00,Busy
D263,2023-10-10 15:10:00,Busy
D263,2023-10-10 15:57:00,Idle
D263,2023-10-10 17:28:00,Idle
D263,2023-10-10 19:19:00,Busy
D263,2023-10-10 20:33:00,Busy
D263,2023-10-10 20:46:00,Offline
D263,2023-10-11 14:46:00,Online
D263,2023-10-11 16:34:00,Idle
D263,2023-10-11 18:33:00,Busy
D263,2023-10-11 18:52:00,Idle
D263,2023-10-11 19:27:00,Idle
D263,2023-10-11 20:19:00,Offline
D263,2023-10-12 14:19:00,Online
D263,2023-10-12 14:53:00,Idle
D263,2023-10-12 16:48:00,Busy
D263,2023-10-12 18:01:00,Idle
D263,2023-10-12 18:45:00,Busy
D263,2023-10-12 19:44:00,Idle
D263,2023-10-12 20:53:00,Busy
D263,2023-10-12 21:30:00,Busy
D263,2023-10-12 22:41:00,Busy
D263,2023-10-12 23:49:00,Busy
D263,2023-10-13 00:35:00,Offline
D264,2023-10-02 00:00:00,Online
D264,2023-10-02 01:18:00,Busy
D264,2023-10-02 03:05:00,Busy
D264,2023-10-02 04:28:00,Busy
D264,2023-10-02 06:17:00,Busy
D264,2023-10-02 07:29:00,Busy
D264,2023-10-02 08:25:00,Busy
D264,2023-10-02 09:03:00,Idle
D264,2023-10-02 10:14:00,Busy
D264,2023-10-02 11:04:00,Offline
D264,2023-10-03 01:04:00,Online
D264,2023-10-03 01:54:00,Idle
D264,2023-10-03 02:16:00,Busy
D264,2023-10-03 03:12:00,Idle
D264,2023-10-03 03:41:00,Idle
D264,2023-10-03 04:03:00,Busy
D264,2023-10-03 05:43:00,Idle
D264,2023-10-03 06:25:00,Offline
D264,2023-10-04 06:25:00,Online
D264,2023-10-04 07:57:00,Busy
D264,2023-10-04 08:30:00,Busy
D264,2023-10-04 10:08:00,Busy
D264,2023-10-04 12:07:00,Idle
D264,2023-10-04 13:35:00,Busy
D264,2023-10-04 15:28:00,Idle
D264,2023-10-04 16:21:00,Offline
D264,2023-10-05 07:21:00,Online
D264,2023-10-05 08:14:00,Busy
D264,2023-10-05 09:26:00,Busy
D264,2023-10-05 10:32:00,Busy
D264,2023-10-05 11:20:00,Busy
D264,2023-10-05 11:55:00,Busy
D264,2023-10-05 13:39:00,Idle
D264,2023-10-05 15:23:00,Busy
D264,2023-10-05 15:39:00,Offline
D264,2023-10-06 08:39:00,Online
D264,2023-10-06 09:28:00,Busy
D264,2023-10-06 10:38:00,Idle
D264,2023-10-06 11:47:00,Idle
D264,2023-10-06 13:35:00,Idle
D264,2023-10-06 14:00:00,Offline
D264,2023-10-07 11:00:00,Online
D264,2023-10-07 11:22:00,Busy
D264,2023-10-07 13:08:00,Idle
D264,2023-10-07 14:03:00,Idle
D264,2023-10-07 15:50:00,Idle
D264,2023-10-07 17:24:00,Idle
D264,2023-10-07 18:40:00,Busy
D264,2023-10-07 19:20:00,Idle
D264,2023-10-07 21:10:00,Busy
D264,2023-10-07 22:38:00,Idle
D264,2023-10-07 23:11:00,Offline
D264,2023-10-08 13:11:00,Online
D264,2023-10-08 14:51:00,Busy
D264,2023-10-08 16:08:00,Busy
D264,2023-10-08 16:34:00,Busy
D264,2023-10-08 17:28:00,Idle
D264,2023-10-08 17:58:00,Busy
D264,2023-10-08 18:56:00,Offline
D264,2023-10-09 17:56:00,Online
D264,2023-10-09 18:53:00,Idle
D264,2023-10-09 20:02:00,Busy
D264,2023-10-09 21:25:00,Idle
D264,2023-10-09 23:12:00,Idle
D264,2023-10-10 01:08:00,Busy
D264,2023-10-10 02:24:00,Busy
D264,2023-10-10 04:15:00,Busy
D264,2023-10-10 04:39:00,Offline
D264,2023-10-11 00:39:00,Online
D264,2023-10-11 02:16:00,Busy
D264,2023-10-11 03:07:00,Idle
D264,2023-10-11 03:24:00,Idle
D264,2023-10-11 04:00:00,Busy
D264,2023-10-11 05:34:00,Idle
D264,2023-10-11 06:47:00,Busy
D264,2023-10-11 08:19:00,Busy
D264,2023-10-11 09:09:00,Busy
D264,2023-10-11 09:57:00,Offline
D264,2023-10-12 00:57:00,Online
D264,2023-10-12 01:20:00,Idle
D264,2023-10-12 01:47:00,Busy
D264,2023-10-12 03:17:00,Busy
D264,2023-10-12 04:42:00,Idle
D264,2023-10-12 06:16:00,Idle
D264,2023-10-12 07:02:00,Idle
D264,2023-10-12 08:13:00,Idle
D264,2023-10-12 10:03:00,Busy
D264,2023-10-12 10:23:00,Offline
D264,2023-10-13 03:23:00,Online
D264,2023-10-13 04:01:00,Idle
D264,2023-10-13 05:41:00,Busy
D264,2023-10-13 06:53:00,Busy
D264,2023-10-13 08:43:00,Busy
D264,2023-10-13 09:09:00,Idle
D264,2023-10-13 10:51:00,Idle
D264,2023-10-13 12:22:00,Idle
D264,2023-10-13 14:15:00,Busy
D264,2023-10-13 14:30:00,Offline
D265,2023-10-03 00:00:00,Online
D265,2023-10-03 00:36:00,Idle
D265,2023-10-03 01:04:00,Busy
D265,2023-10-03 02:26:00,Idle
D265,2023-10-03 03:01:00,Idle
D265,2023-10-03 04:56:00,Busy
D265,2023-10-03 06:47:00,Idle
D265,2023-10-03 08:23:00,Idle
D265,2023-10-03 10:14:00,Busy
D265,2023-10-03 10:41:00,Busy
D265,2023-10-03 11:12:00,Offline
D265,2023-10-04 02:12:00,Online
D265,2023-10-04 03:37:00,Busy
D265,2023-10-04 05:18:00,Busy
D265,2023-10-04 05:47:00,Idle
D265,2023-10-04 06:02:00,Idle
D265,2023-10-04 07:36:00,Busy
D265,2023-10-04 08:32:00,Idle
D265,2023-10-04 10:21:00,Idle
D265,2023-10-04 12:18:00,Idle
D265,2023-10-04 13:09:00,Busy
D265,2023-10-04 13:37:00,Offline
D265,2023-10-05 07:37:00,Online
D265,2023-10-05 09:21:00,Busy
D265,2023-10-05 10:21:00,Busy
D265,2023-10-05 11:56:00,Busy
D265,2023-10-05 12:38:00,Busy
D265,2023-10-05 13:00:00,Busy
D265,2023-10-05 13:16:00,Busy
D265,2023-10-05 14:18:00,Busy
D265,2023-10-05 15:55:00,Busy
D265,2023-10-05 17:08:00,Busy
D265,2023-10-05 17:50:00,Offline
D265,2023-10-06 12:50:00,Online
D265,2023-10-06 13:12:00,Busy
D265,2023-10-06 14:57:00,Idle
D265,2023-10-06 16:41:00,Busy
D265,2023-10-06 17:15:00,Busy
D265,2023-10-06 18:03:00,Busy
D265,2023-10-06 19:02:00,Idle
D265,2023-10-06 19:54:00,Busy
D265,2023-10-06 20:58:00,Idle
D265,2023-10-06 21:31:00,Idle
D265,2023-10-06 22:42:00,Busy
D265,2023-10-06 23:39:00,Offline
D265,2023-10-07 23:39:00,Online
D265,2023-10-08 01:18:00,Idle
D265,2023-10-08 03:00:00,Idle
D265,2023-10-08 03:30:00,Idle
D265,2023-10-08 04:29:00,Offline
D265,2023-10-09 04:29:00,Online
D265,2023-10-09 05:45:00,Busy
D265,2023-10-09 07:31:00,Idle
D265,2023-10-09 08:22:00,Busy
D265,2023-10-09 09:26:00,Idle
D265,2023-10-09 10:21:00,Idle
D265,2023-10-09 11:16:00,Busy
D265,2023-10-09 12:12:00,Offline
D265,2023-10-10 00:12:00,Online
D265,2023-10-10 01:03:00,Busy
D265,2023-10-10 01:53:00,Busy
D265,2023-10-10 03:07:00,Busy
D265,2023-10-10 03:37:00,Idle
D265,2023-10-10 04:55:00,Busy
D265,2023-10-10 05:33:00,Offline
D265,2023-10-11 03:33:00,Online
D265,2023-10-11 05:25:00,Busy
D265,2023-10-11 07:14:00,Idle
D265,2023-10-11 07:34:00,Idle
D265,2023-10-11 08:36:00,Idle
D265,2023-10-11 10:15:00,Busy
D265,2023-10-11 11:42:00,Idle
D265,2023-10-11 12:10:00,Busy
D265,2023-10-11 12:51:00,Idle
D265,2023-10-11 13:28:00,Offline
D265,2023-10-12 12:28:00,Online
D265,2023-10-12 13:19:00,Busy
D265,2023-10-12 15:04:00,Busy
D265,2023-10-12 15:26:00,Idle
D265,2023-10-12 17:01:00,Idle
D265,2023-10-12 18:33:00,Busy
D265,2023-10-12 20:30:00,Idle
D265,2023-10-12 21:55:00,Busy
D265,2023-10-12 22:25:00,Busy
D265,2023-10-12 22:48:00,Offline
D265,2023-10-13 12:48:00,Online
D265,2023-10-13 14:17:00,Idle
D265,2023-10-13 15:38:00,Idle
D265,2023-10-13 16:40:00,Busy
D265,2023-10-13 17:25:00,Offline
D265,2023-10-14 12:25:00,Online
D265,2023-10-14 13:42:00,Busy
D265,2023-10-14 15:08:00,Idle
D265,2023-10-14 15:51:00,Idle
D265,2023-10-14 17:25:00,Idle
D265,2023-10-14 18:08:00,Busy
D265,2023-10-14 18:52:00,Idle
D265,2023-10-14 19:14:00,Offline
D265,2023-10-15 15:14:00,Online
D265,2023-10-15 16:19:00,Idle
D265,2023-10-15 17:23:00,Busy
D265,2023-10-15 18:41:00,Busy
D265,2023-10-15 19:42:00,Busy
D265,2023-10-15 19:57:00,Offline
D266,2023-10-01 00:00:00,Online
D266,2023-10-01 01:34:00,Idle
D266,2023-10-01 03:28:00,Busy
D266,2023-10-01 05:23:00,Busy
D266,2023-10-01 06:25:00,Busy
D266,2023-10-01 07:09:00,Busy
D266,2023-10-01 07:35:00,Offline
D266,2023-10-02 01:35:00,Online
D266,2023-10-02 02:20:00,Busy
D266,2023-10-02 03:57:00,Busy
D266,2023-10-02 05:27:00,Idle
D266,2023-10-02 06:49:00,Idle
D266,2023-10-02 08:13:00,Busy
D266,2023-10-02 10:04:00,Busy
D266,2023-10-02 11:10:00,Busy
D266,2023-10-02 12:10:00,Busy
D266,2023-10-02 12:28:00,Idle
D266,2023-10-02 13:09:00,Offline
D266,2023-10-03 01:09:00,Online
D266,2023-10-03 03:06:00,Busy
D266,2023-10-03 04:05:00,Idle
D266,2023-10-03 05:39:00,Busy
D266,2023-10-03 06:26:00,Busy
D266,2023-10-03 07:38:00,Idle
D266,2023-10-03 08:13:00,Idle
D266,2023-10-03 09:01:00,Busy
D266,2023-10-03 09:44:00,Idle
D266,2023-10-03 10:53:00,Idle
D266,2023-10-03 11:09:00,Offline
D266,2023-10-04 02:09:00,Online
D266,2023-10-04 04:09:00,Busy
D266,2023-10-04 05:38:00,Busy
D266,2023-10-04 06:30:00,Idle
D266,2023-10-04 07:59:00,Busy
D266,2023-10-04 09:11:00,Idle
D266,2023-10-04 09:55:00,Offline
D266,2023-10-05 07:55:00,Online
D266,2023-10-05 09:07:00,Idle
D266,2023-10-05 10:27:00,Idle
D266,2023-10-05 12:15:00,Idle
D266,2023-10-05 13:28:00,Busy
D266,2023-10-05 14:44:00,Busy
D266,2023-10-05 15:59:00,Idle
D266,2023-10-05 16:49:00,Idle
D266,2023-10-05 17:42:00,Idle
D266,2023-10-05 18:03:00,Idle
D266,2023-10-05 20:02:00,Busy
D266,2023-10-05 20:45:00,Offline
D266,2023-10-06 12:45:00,Online
D266,2023-10-06 13:59:00,Idle
D266,2023-10-06 14:29:00,Idle
D266,2023-10-06 14:52:00,Busy
D266,2023-10-06 15:23:00,Offline
D266,2023-10-07 12:23:00,Online
D266,2023-10-07 12:52:00,Idle
D266,2023-10-07 14:00:00,Idle
D266,2023-10-07 15:52:00,Idle
D266,2023-10-07 16:22:00,Busy
D266,2023-10-07 18:06:00,Busy
D266,2023-10-07 19:22:00,Idle
D266,2023-10-07 19:59:00,Busy
D266,2023-10-07 20:59:00,Idle
D266,2023-10-07 21:39:00,Offline
D266,2023-10-08 13:39:00,Online
D266,2023-10-08 14:51:00,Busy
D266,2023-10-08 15:25:00,Idle
D266,2023-10-08 16:16:00,Idle
D266,2023-10-08 17:52:00,Idle
D266,2023-10-08 19:36:00,Busy
D266,2023-10-08 19:57:00,Idle
D266,2023-10-08 20:45:00,Idle
D266,2023-10-08 22:17:00,Busy
D266,2023-10-08 23:08:00,Offline
D266,2023-10-09 20:08:00,Online
D266,2023-10-09 20:29:00,Busy
D266,2023-10-09 21:55:00,Idle
D266,2023-10-09 22:53:00,Busy
D266,2023-10-09 23:22:00,Idle
D266,2023-10-10 00:03:00,Idle
D266,2023-10-10 01:46:00,Idle
D266,2023-10-10 03:32:00,Idle
D266,2023-10-10 05:28:00,Idle
D266,2023-10-10 06:02:00,Busy
D266,2023-10-10 06:35:00,Offline
D266,2023-10-10 20:35:00,Online
D266,2023-10-10 21:45:00,Busy
D266,2023-10-10 22:40:00,Idle
D266,2023-10-10 23:49:00,Busy
D266,2023-10-11 00:41:00,Offline
D266,2023-10-11 16:41:00,Online
D266,2023-10-11 18:01:00,Busy
D266,2023-10-11 19:44:00,Idle
D266,2023-10-11 21:14:00,Busy
D266,2023-10-11 21:56:00,Busy
D266,2023-10-11 23:13:00,Idle
D266,2023-10-12 00:22:00,Idle
D266,2023-10-12 00:44:00,Idle
D266,2023-10-12 02:44:00,Busy
D266,2023-10-12 03:32:00,Idle
D266,2023-10-12 04:14:00,Offline
D266,2023-10-13 00:14:00,Online
D266,2023-10-13 01:30:00,Idle
D266,2023-10-13 02:19:00,Busy
D266,2023-10-13 03:18:00,Idle
D266,2023-10-13 04:29:00,Idle
D266,2023-10-13 05:40:00,Busy
D266,2023-10-13 06:01:00,Offline
D267,2023-10-06 00:00:00,Online
D267,2023-10-06 01:52:00,Busy
D267,2023-10-06 03:33:00,Idle
D267,2023-10-06 05:16:00,Idle
D267,2023-10-06 07:05:00,Idle
D267,2023-10-06 08:36:00,Busy
D267,2023-10-06 10:30:00,Idle
D267,2023-10-06 11:51:00,Busy
D267,2023-10-06 13:07:00,Idle
D267,2023-10-06 13:55:00,Idle
D267,2023-10-06 15:27:00,Idle
D267,2023-10-06 15:42:00,Offline
D267,2023-10-07 10:42:00,Online
D267,2023-10-07 11:45:00,Busy
D267,2023-10-07 13:05:00,Busy
D267,2023-10-07 13:32:00,Busy
D267,2023-10-07 14:14:00,Busy
D267,2023-10-07 15:03:00,Busy
D267,2023-10-07 16:56:00,Idle
D267,2023-10-07 17:44:00,Idle
D267,2023-10-07 19:19:00,Busy
D267,2023-10-07 19:58:00,Offline
D267,2023-10-08 07:58:00,Online
D267,2023-10-08 09:11:00,Idle
D267,2023-10-08 09:42:00,Idle
D267,2023-10-08 10:34:00,Busy
D267,2023-10-08 11:30:00,Idle
D267,2023-10-08 12:41:00,Busy
D267,2023-10-08 13:44:00,Busy
D267,2023-10-08 15:24:00,Busy
D267,2023-10-08 17:24:00,Busy
D267,2023-10-08 18:45:00,Idle
D267,2023-10-08 19:05:00,Offline
D267,2023-10-09 13:05:00,Online
D267,2023-10-09 13:39:00,Idle
D267,2023-10-09 14:05:00,Busy
D267,2023-10-09 14:56:00,Busy
D267,2023-10-09 16:38:00,Busy
D267,2023-10-09 18:38:00,Busy
D267,2023-10-09 19:04:00,Offline
D267,2023-10-10 14:04:00,Online
D267,2023-10-10 14:28:00,Busy
D267,2023-10-10 15:11:00,Busy
D267,2023-10-10 17:11:00,Busy
D267,2023-10-10 18:57:00,Idle
D267,2023-10-10 19:46:00,Busy
D267,2023-10-10 20:28:00,Offline
D267,2023-10-11 19:28:00,Online
D267,2023-10-11 20:50:00,Idle
D267,2023-10-11 22:13:00,Busy
D267,2023-10-11 23:50:00,Busy
D267,2023-10-12 01:01:00,Idle
D267,2023-10-12 01:52:00,Busy
D267,2023-10-12 02:28:00,Busy
D267,2023-10-12 02:54:00,Busy
D267,2023-10-12 03:11:00,Busy
D267,2023-10-12 03:29:00,Offline
D268,2023-10-03 00:00:00,Online
D268,2023-10-03 00:26:00,Idle
D268,2023-10-03 01:02:00,Busy
D268,2023-10-03 02:36:00,Idle
D268,2023-10-03 03:50:00,Idle
D268,2023-10-03 05:23:00,Busy
D268,2023-10-03 06:09:00,Offline
D268,2023-10-04 04:09:00,Online
D268,2023-10-04 04:28:00,Idle
D268,2023-10-04 05:28:00,Idle
D268,2023-10-04 06:05:00,Idle
D268,2023-10-04 06:41:00,Busy
D268,2023-10-04 07:49:00,Busy
D268,2023-10-04 09:13:00,Busy
D268,2023-10-04 09:55:00,Busy
D268,2023-10-04 10:44:00,Offline
D268,2023-10-05 08:44:00,Online
D268,2023-10-05 10:17:00,Idle
D268,2023-10-05 11:30:00,Idle
D268,2023-10-05 11:52:00,Busy
D268,2023-10-05 12:13:00,Idle
D268,2023-10-05 13:53:00,Busy
D268,2023-10-05 14:38:00,Idle
D268,2023-10-05 15:51:00,Idle
D268,2023-10-05 17:21:00,Idle
D268,2023-10-05 17:55:00,Offline
D268,2023-10-06 17:55:00,Online
D268,2023-10-06 19:22:00,Idle
D268,2023-10-06 20:13:00,Busy
D268,2023-10-06 21:22:00,Idle
D268,2023-10-06 21:51:00,Idle
D268,2023-10-06 22:36:00,Idle
D268,2023-10-06 23:31:00,Idle
D268,2023-10-07 00:30:00,Idle
D268,2023-10-07 01:10:00,Offline
D268,2023-10-07 13:10:00,Online
D268,2023-10-07 14:17:00,Busy
D268,2023-10-07 15:47:00,Idle
D268,2023-10-07 16:12:00,Busy
D268,2023-10-07 18:01:00,Busy
D268,2023-10-07 19:49:00,Busy
D268,2023-10-07 21:06:00,Busy
D268,2023-10-07 21:37:00,Idle
D268,2023-10-07 22:05:00,Offline
D268,2023-10-08 22:05:00,Online
D268,2023-10-08 23:51:00,Busy
D268,2023-10-09 01:26:00,Idle
D268,2023-10-09 03:11:00,Idle
D268,2023-10-09 05:06:00,Idle
D268,2023-10-09 05:33:00,Busy
D268,2023-10-09 06:13:00,Offline
D268,2023-10-09 20:13:00,Online
D268,2023-10-09 21:15:00,Idle
D268,2023-10-09 23:05:00,Idle
D268,2023-10-10 00:13:00,Idle
D268,2023-10-10 01:44:00,Idle
D268,2023-10-10 03:02:00,Idle
D268,2023-10-10 03:36:00,Busy
D268,2023-10-10 04:57:00,Idle
D268,2023-10-10 06:21:00,Idle
D268,2023-10-10 07:52:00,Idle
D268,2023-10-10 09:42:00,Busy
D268,2023-10-10 10:09:00,Offline
D268,2023-10-10 23:09:00,Online
D268,2023-10-11 00:07:00,Idle
D268,2023-10-11 00:27:00,Idle
D268,2023-10-11 00:54:00,Busy
D268,2023-10-11 01:50:00,Busy
D268,2023-10-11 03:30:00,Busy
D268,2023-10-11 04:21:00,Offline
D268,2023-10-11 16:21:00,Online
D268,2023-10-11 17:14:00,Idle
D268,2023-10-11 18:42:00,Busy
D268,2023-10-11 19:33:00,Busy
D268,2023-10-11 20:18:00,Busy
D268,2023-10-11 20:50:00,Offline
D268,2023-10-12 18:50:00,Online
D268,2023-10-12 19:39:00,Busy
D268,2023-10-12 21:38:00,Busy
D268,2023-10-12 23:19:00,Idle
D268,2023-10-12 23:51:00,Idle
D268,2023-10-13 00:31:00,Offline
D269,2023-10-06 00:00:00,Online
D269,2023-10-06 00:31:00,Idle
D269,2023-10-06 01:12:00,Idle
D269,2023-10-06 02:01:00,Busy
D269,2023-10-06 03:19:00,Idle
D269,2023-10-06 03:42:00,Busy
D269,2023-10-06 04:48:00,Idle
D269,2023-10-06 06:29:00,Busy
D269,2023-10-06 06:47:00,Busy
D269,2023-10-06 07:10:00,Busy
D269,2023-10-06 07:43:00,Offline
D269,2023-10-07 07:43:00,Online
D269,2023-10-07 09:11:00,Busy
D269,2023-10-07 09:29:00,Idle
D269,2023-10-07 11:10:00,Busy
D269,2023-10-07 12:10:00,Busy
D269,2023-10-07 13:13:00,Idle
D269,2023-10-07 13:24:00,Offline
D269,2023-10-08 10:24:00,Online
D269,2023-10-08 10:52:00,Busy
D269,2023-10-08 12:36:00,Busy
D269,2023-10-08 12:58:00,Busy
D269,2023-10-08 13:23:00,Busy
D269,2023-10-08 15:04:00,Busy
D269,2023-10-08 15:53:00,Offline
D269,2023-10-09 15:53:00,Online
D269,2023-10-09 17:02:00,Idle
D269,2023-10-09 18:11:00,Idle
D269,2023-10-09 19:34:00,Busy
D269,2023-10-09 19:54:00,Idle
D269,2023-10-09 20:40:00,Idle
D269,2023-10-09 21:27:00,Offline
D269,2023-10-10 17:27:00,Online
D269,2023-10-10 19:04:00,Idle
D269,2023-10-10 20:14:00,Busy
D269,2023-10-10 21:25:00,Idle
D269,2023-10-10 22:30:00,Idle
D269,2023-10-10 23:09:00,Offline
D270,2023-10-01 00:00:00,Online
D270,2023-10-01 00:23:00,Busy
D270,2023-10-01 01:28:00,Idle
D270,2023-10-01 01:45:00,Idle
D270,2023-10-01 01:55:00,Offline
D270,2023-10-01 18:55:00,Online
D270,2023-10-01 20:19:00,Busy
D270,2023-10-01 21:50:00,Idle
D270,2023-10-01 23:19:00,Idle
D270,2023-10-02 00:00:00,Offline
D270,2023-10-02 21:00:00,Online
D270,2023-10-02 22:18:00,Busy
D270,2023-10-03 00:11:00,Busy
D270,2023-10-03 00:26:00,Idle
D270,2023-10-03 01:49:00,Busy
D270,2023-10-03 02:34:00,Idle
D270,2023-10-03 02:58:00,Offline
D270,2023-10-03 19:58:00,Online
D270,2023-10-03 21:00:00,Busy
D270,2023-10-03 22:29:00,Busy
D270,2023-10-04 00:18:00,Busy
D270,2023-10-04 02:09:00,Idle
D270,2023-10-04 03:41:00,Busy
D270,2023-10-04 05:35:00,Busy
D270,2023-10-04 06:36:00,Idle
D270,2023-10-04 07:25:00,Offline
D270,2023-10-04 20:25:00,Online
D270,2023-10-04 22:11:00,Busy
D270,2023-10-04 22:27:00,Busy
D270,2023-10-04 22:46:00,Busy
D270,2023-10-04 23:20:00,Idle
D270,2023-10-05 00:27:00,Busy
D270,2023-10-05 02:21:00,Busy
D270,2023-10-05 03:57:00,Busy
D270,2023-10-05 04:19:00,Offline
D270,2023-10-06 00:19:00,Online
D270,2023-10-06 01:37:00,Idle
D270,2023-10-06 02:19:00,Busy
D270,2023-10-06 03:00:00,Idle
D270,2023-10-06 04:51:00,Busy
D270,2023-10-06 05:38:00,Idle
D270,2023-10-06 06:45:00,Idle
D270,2023-10-06 07:31:00,Idle
D270,2023-10-06 08:30:00,Offline
D270,2023-10-07 06:30:00,Online
D270,2023-10-07 07:31:00,Busy
D270,2023-10-07 08:30:00,Idle
D270,2023-10-07 09:09:00,Busy
D270,2023-10-07 11:09:00,Busy
D270,2023-10-07 13:08:00,Busy
D270,2023-10-07 14:00:00,Offline
D270,2023-10-08 10:00:00,Online
D270,2023-10-08 11:53:00,Busy
D270,2023-10-08 13:20:00,Idle
D270,2023-10-08 14:06:00,Idle
D270,2023-10-08 15:23:00,Busy
D270,2023-10-08 15:50:00,Offline
D270,2023-10-09 08:50:00,Online
D270,2023-10-09 10:09:00,Busy
D270,2023-10-09 11:04:00,Idle
D270,2023-10-09 11:34:00,Idle
D270,2023-10-09 12:34:00,Busy
D270,2023-10-09 13:30:00,Busy
D270,2023-10-09 14:03:00,Busy
D270,2023-10-09 14:35:00,Offline
D270,2023-10-10 12:35:00,Online
D270,2023-10-10 13:01:00,Idle
D270,2023-10-10 13:49:00,Busy
D270,2023-10-10 14:17:00,Busy
D270,2023-10-10 14:41:00,Busy
D270,2023-10-10 15:45:00,Idle
D270,2023-10-10 17:22:00,Idle
D270,2023-10-10 19:12:00,Idle
D270,2023-10-10 20:38:00,Idle
D270,2023-10-10 21:19:00,Busy
D270,2023-10-10 22:07:00,Idle
D270,2023-10-10 22:47:00,Offline
D270,2023-10-11 18:47:00,Online
D270,2023-10-11 20:20:00,Idle
D270,2023-10-11 20:45:00,Busy
D270,2023-10-11 22:36:00,Busy
D270,2023-10-12 00:25:00,Idle
D270,2023-10-12 01:27:00,Idle
D270,2023-10-12 02:00:00,Offline
D270,2023-10-13 02:00:00,Online
D270,2023-10-13 03:30:00,Busy
D270,2023-10-13 04:22:00,Idle
D270,2023-10-13 05:14:00,Busy
D270,2023-10-13 06:03:00,Idle
D270,2023-10-13 07:22:00,Idle
D270,2023-10-13 08:37:00,Idle
D270,2023-10-13 09:58:00,Idle
D270,2023-10-13 10:46:00,Idle
D270,2023-10-13 11:52:00,Busy
D270,2023-10-13 12:25:00,Offline
D270,2023-10-14 00:25:00,Online
D270,2023-10-14 01:54:00,Busy
D270,2023-10-14 02:22:00,Busy
D270,2023-10-14 04:13:00,Idle
D270,2023-10-14 05:49:00,Idle
D270,2023-10-14 07:07:00,Idle
D270,2023-10-14 09:06:00,Idle
D270,2023-10-14 10:42:00,Busy
D270,2023-10-14 11:16:00,Idle
D270,2023-10-14 12:44:00,Busy
D270,2023-10-14 13:56:00,Busy
D270,2023-10-14 14:51:00,Offline
D271,2023-10-04 00:00:00,Online
D271,2023-10-04 01:52:00,Idle
D271,2023-10-04 02:26:00,Idle
D271,2023-10-04 03:04:00,Busy
D271,2023-10-04 03:22:00,Offline
D271,2023-10-04 21:22:00,Online
D271,2023-10-04 22:31:00,Idle
D271,2023-10-04 23:04:00,Busy
D271,2023-10-05 00:45:00,Idle
D271,2023-10-05 01:22:00,Idle
D271,2023-10-05 02:20:00,Idle
D271,2023-10-05 02:44:00,Idle
D271,2023-10-05 03:23:00,Busy
D271,2023-10-05 04:49:00,Busy
D271,2023-10-05 06:39:00,Busy
D271,2023-10-05 07:04:00,Offline
D271,2023-10-06 04:04:00,Online
D271,2023-10-06 05:28:00,Busy
D271,2023-10-06 05:54:00,Busy
D271,2023-10-06 07:53:00,Busy
D271,2023-10-06 08:24:00,Idle
D271,2023-10-06 08:51:00,Idle
D271,2023-10-06 09:32:00,Idle
D271,2023-10-06 10:22:00,Idle
D271,2023-10-06 11:34:00,Idle
D271,2023-10-06 12:59:00,Busy
D271,2023-10-06 13:53:00,Offline
D271,2023-10-07 13:53:00,Online
D271,2023-10-07 14:18:00,Idle
D271,2023-10-07 14:33:00,Busy
D271,2023-10-07 15:59:00,Busy
D271,2023-10-07 17:51:00,Busy
D271,2023-10-07 18:28:00,Idle
D271,2023-10-07 19:31:00,Idle
D271,2023-10-07 20:05:00,Idle
D271,2023-10-07 20:58:00,Idle
D271,2023-10-07 21:53:00,Offline
D271,2023-10-08 14:53:00,Online
D271,2023-10-08 16:13:00,Busy
D271,2023-10-08 16:47:00,Busy
D271,2023-10-08 18:25:00,Idle
D271,2023-10-08 19:26:00,Idle
D271,2023-10-08 21:20:00,Busy
D271,2023-10-08 22:20:00,Idle
D271,2023-10-08 23:25:00,Idle
D271,2023-10-09 01:01:00,Busy
D271,2023-10-09 02:13:00,Idle
D271,2023-10-09 02:39:00,Offline
D271,2023-10-10 01:39:00,Online
D271,2023-10-10 01:56:00,Busy
D271,2023-10-10 03:01:00,Idle
D271,2023-10-10 04:18:00,Busy
D271,2023-10-10 05:41:00,Idle
D271,2023-10-10 06:28:00,Busy
D271,2023-10-10 07:53:00,Idle
D271,2023-10-10 09:00:00,Busy
D271,2023-10-10 09:52:00,Idle
D271,2023-10-10 10:08:00,Idle
D271,2023-10-10 10:34:00,Offline
D271,2023-10-11 10:34:00,Online
D271,2023-10-11 11:43:00,Idle
D271,2023-10-11 13:31:00,Idle
D271,2023-10-11 14:39:00,Busy
D271,2023-10-11 15:38:00,Busy
D271,2023-10-11 16:07:00,Idle
D271,2023-10-11 18:05:00,Idle
D271,2023-10-11 19:00:00,Busy
D271,2023-10-11 20:16:00,Idle
D271,2023-10-11 20:50:00,Busy
D271,2023-10-11 21:27:00,Offline
D271,2023-10-12 19:27:00,Online
D271,2023-10-12 20:17:00,Idle
D271,2023-10-12 21:58:00,Busy
D271,2023-10-12 22:50:00,Busy
D271,2023-10-12 23:45:00,Offline
D271,2023-10-13 23:45:00,Online
D271,2023-10-14 00:01:00,Busy
D271,2023-10-14 01:42:00,Busy
D271,2023-10-14 02:52:00,Busy
D271,2023-10-14 03:50:00,Idle
D271,2023-10-14 04:05:00,Busy
D271,2023-10-14 05:42:00,Idle
D271,2023-10-14 07:00:00,Busy
D271,2023-10-14 07:53:00,Offline
D271,2023-10-14 19:53:00,Online
D271,2023-10-14 21:37:00,Busy
D271,2023-10-14 22:40:00,Busy
D271,2023-10-14 23:53:00,Idle
D271,2023-10-15 00:19:00,Offline
D271,2023-10-15 19:19:00,Online
D271,2023-10-15 20:55:00,Idle
D271,2023-10-15 21:32:00,Busy
D271,2023-10-15 23:10:00,Busy
D271,2023-10-16 00:02:00,Idle
D271,2023-10-16 01:54:00,Idle
D271,2023-10-16 03:01:00,Idle
D271,2023-10-16 03:25:00,Idle
D271,2023-10-16 05:10:00,Idle
D271,2023-10-16 06:53:00,Busy
D271,2023-10-16 07:40:00,Offline
D271,2023-10-17 00:40:00,Online
D271,2023-10-17 02:17:00,Idle
D271,2023-10-17 03:45:00,Idle
D271,2023-10-17 04:24:00,Busy
D271,2023-10-17 05:57:00,Idle
D271,2023-10-17 06:51:00,Offline
D271,2023-10-17 23:51:00,Online
D271,2023-10-18 00:48:00,Idle
D271,2023-10-18 01:18:00,Busy
D271,2023-10-18 03:04:00,Idle
D271,2023-10-18 03:57:00,Idle
D271,2023-10-18 04:27:00,Offline
D273,2023-10-06 00:00:00,Online
D273,2023-10-06 01:56:00,Busy
D273,2023-10-06 03:52:00,Idle
D273,2023-10-06 05:32:00,Idle
D273,2023-10-06 05:48:00,Idle
D273,2023-10-06 07:44:00,Busy
D273,2023-10-06 08:08:00,Busy
D273,2023-10-06 08:32:00,Offline
D273,2023-10-06 20:32:00,Online
D273,2023-10-06 22:14:00,Busy
D273,2023-10-06 23:56:00,Idle
D273,2023-10-07 01:45:00,Busy
D273,2023-10-07 02:30:00,Idle
D273,2023-10-07 03:37:00,Busy
D273,2023-10-07 04:30:00,Idle
D273,2023-10-07 04:54:00,Busy
D273,2023-10-07 05:38:00,Offline
D273,2023-10-07 17:38:00,Online
D273,2023-10-07 18:43:00,Busy
D273,2023-10-07 20:18:00,Idle
D273,2023-10-07 21:27:00,Idle
D273,2023-10-07 22:00:00,Offline
D273,2023-10-08 20:00:00,Online
D273,2023-10-08 20:32:00,Idle
D273,2023-10-08 21:55:00,Busy
D273,2023-10-08 22:43:00,Busy
D273,2023-10-08 23:19:00,Idle
D273,2023-10-09 00:43:00,Idle
D273,2023-10-09 01:35:00,Offline
D273,2023-10-09 19:35:00,Online
D273,2023-10-09 21:00:00,Busy
D273,2023-10-09 22:00:00,Busy
D273,2023-10-09 23:17:00,Busy
D273,2023-10-10 00:25:00,Busy
D273,2023-10-10 02:02:00,Busy
D273,2023-10-10 03:51:00,Busy
D273,2023-10-10 05:44:00,Idle
D273,2023-10-10 07:25:00,Busy
D273,2023-10-10 09:24:00,Busy
D273,2023-10-10 10:13:00,Idle
D273,2023-10-10 11:13:00,Offline
D273,2023-10-11 03:13:00,Online
D273,2023-10-11 03:37:00,Busy
D273,2023-10-11 05:37:00,Busy
D273,2023-10-11 06:47:00,Busy
D273,2023-10-11 08:16:00,Busy
D273,2023-10-11 08:56:00,Busy
D273,2023-10-11 10:08:00,Busy
D273,2023-10-11 10:55:00,Busy
D273,2023-10-11 11:40:00,Busy
D273,2023-10-11 13:11:00,Idle
D273,2023-10-11 13:26:00,Idle
D273,2023-10-11 13:49:00,Offline
D273,2023-10-12 11:49:00,Online
D273,2023-10-12 12:49:00,Busy
D273,2023-10-12 13:06:00,Idle
D273,2023-10-12 13:46:00,Busy
D273,2023-10-12 14:33:00,Offline
D273,2023-10-13 04:33:00,Online
D273,2023-10-13 06:33:00,Busy
D273,2023-10-13 07:55:00,Idle
D273,2023-10-13 08:57:00,Idle
D273,2023-10-13 10:32:00,Busy
D273,2023-10-13 12:28:00,Idle
D273,2023-10-13 14:06:00,Idle
D273,2023-10-13 16:05:00,Busy
D273,2023-10-13 16:20:00,Offline
D273,2023-10-14 14:20:00,Online
D273,2023-10-14 15:25:00,Idle
D273,2023-10-14 16:58:00,Busy
D273,2023-10-14 18:02:00,Idle
D273,2023-10-14 18:29:00,Offline
D273,2023-10-15 11:29:00,Online
D273,2023-10-15 12:19:00,Busy
D273,2023-10-15 13:00:00,Idle
D273,2023-10-15 13:23:00,Idle
D273,2023-10-15 14:24:00,Busy
D273,2023-10-15 15:09:00,Busy
D273,2023-10-15 15:32:00,Offline
D273,2023-10-16 11:32:00,Online
D273,2023-10-16 12:44:00,Idle
D273,2023-10-16 13:18:00,Busy
D273,2023-10-16 15:16:00,Idle
D273,2023-10-16 16:44:00,Idle
D273,2023-10-16 18:01:00,Busy
D273,2023-10-16 19:22:00,Busy
D273,2023-10-16 21:22:00,Busy
D273,2023-10-16 22:13:00,Busy
D273,2023-10-17 00:11:00,Busy
D273,2023-10-17 01:08:00,Offline
D274,2023-10-06 00:00:00,Online
D274,2023-10-06 01:18:00,Busy
D274,2023-10-06 02:38:00,Idle
D274,2023-10-06 03:03:00,Busy
D274,2023-10-06 04:35:00,Busy
D274,2023-10-06 06:13:00,Busy
D274,2023-10-06 07:08:00,Busy
D274,2023-10-06 08:46:00,Busy
D274,2023-10-06 10:04:00,Busy
D274,2023-10-06 11:03:00,Busy
D274,2023-10-06 12:45:00,Busy
D274,2023-10-06 12:58:00,Offline
D274,2023-10-07 08:58:00,Online
D274,2023-10-07 10:56:00,Idle
D274,2023-10-07 12:42:00,Idle
D274,2023-10-07 13:53:00,Busy
D274,2023-10-07 15:13:00,Idle
D274,2023-10-07 16:23:00,Busy
D274,2023-10-07 16:40:00,Busy
D274,2023-10-07 17:26:00,Offline
D274,2023-10-08 10:26:00,Online
D274,2023-10-08 10:43:00,Busy
D274,2023-10-08 12:35:00,Idle
D274,2023-10-08 14:25:00,Idle
D274,2023-10-08 15:58:00,Idle
D274,2023-10-08 16:10:00,Offline
D274,2023-10-09 05:10:00,Online
D274,2023-10-09 06:43:00,Busy
D274,2023-10-09 08:36:00,Busy
D274,2023-10-09 09:10:00,Busy
D274,2023-10-09 10:39:00,Idle
D274,2023-10-09 10:55:00,Idle
D274,2023-10-09 11:53:00,Offline
D274,2023-10-09 23:53:00,Online
D274,2023-10-10 00:21:00,Busy
D274,2023-10-10 02:07:00,Idle
D274,2023-10-10 03:48:00,Busy
D274,2023-10-10 05:44:00,Idle
D274,2023-10-10 07:39:00,Idle
D274,2023-10-10 08:59:00,Idle
D274,2023-10-10 09:19:00,Offline
D274,2023-10-11 02:19:00,Online
D274,2023-10-11 03:37:00,Idle
D274,2023-10-11 05:01:00,Idle
D274,2023-10-11 06:44:00,Idle
D274,2023-10-11 08:03:00,Idle
D274,2023-10-11 09:02:00,Idle
D274,2023-10-11 11:01:00,Idle
D274,2023-10-11 11:43:00,Offline
D274,2023-10-12 04:43:00,Online
D274,2023-10-12 06:22:00,Idle
D274,2023-10-12 06:43:00,Busy
D274,2023-10-12 07:22:00,Busy
D274,2023-10-12 07:56:00,Idle
D274,2023-10-12 08:21:00,Idle
D274,2023-10-12 08:40:00,Idle
D274,2023-10-12 10:20:00,Busy
D274,2023-10-12 10:58:00,Offline
D274,2023-10-13 00:58:00,Online
D274,2023-10-13 01:35:00,Busy
D274,2023-10-13 01:54:00,Idle
D274,2023-10-13 02:35:00,Busy
D274,2023-10-13 03:47:00,Busy
D274,2023-10-13 04:09:00,Idle
D274,2023-10-13 04:34:00,Busy
D274,2023-10-13 05:18:00,Offline
D274,2023-10-13 21:18:00,Online
D274,2023-10-13 23:11:00,Idle
D274,2023-10-14 00:11:00,Busy
D274,2023-10-14 01:35:00,Busy
D274,2023-10-14 02:44:00,Busy
D274,2023-10-14 04:43:00,Idle
D274,2023-10-14 06:26:00,Busy
D274,2023-10-14 07:41:00,Busy
D274,2023-10-14 08:11:00,Idle
D274,2023-10-14 09:20:00,Busy
D274,2023-10-14 09:41:00,Offline
D274,2023-10-14 21:41:00,Online
D274,2023-10-14 22:56:00,Busy
D274,2023-10-15 00:28:00,Idle
D274,2023-10-15 01:38:00,Busy
D274,2023-10-15 02:23:00,Idle
D274,2023-10-15 04:19:00,Busy
D274,2023-10-15 04:49:00,Busy
D274,2023-10-15 06:13:00,Busy
D274,2023-10-15 08:08:00,Busy
D274,2023-10-15 08:32:00,Idle
D274,2023-10-15 09:48:00,Busy
D274,2023-10-15 10:35:00,Offline
D275,2023-10-03 00:00:00,Online
D275,2023-10-03 00:20:00,Busy
D275,2023-10-03 00:43:00,Busy
D275,2023-10-03 02:29:00,Idle
D275,2023-10-03 04:09:00,Busy
D275,2023-10-03 05:41:00,Idle
D275,2023-10-03 06:35:00,Idle
D275,2023-10-03 07:26:00,Idle
D275,2023-10-03 07:46:00,Busy
D275,2023-10-03 08:55:00,Busy
D275,2023-10-03 09:26:00,Busy
D275,2023-10-03 10:21:00,Offline
D275,2023-10-04 02:21:00,Online
D275,2023-10-04 03:44:00,Busy
D275,2023-10-04 04:19:00,Idle
D275,2023-10-04 05:27:00,Idle
D275,2023-10-04 06:02:00,Idle
D275,2023-10-04 06:39:00,Busy
D275,2023-10-04 08:16:00,Idle
D275,2023-10-04 10:06:00,Busy
D275,2023-10-04 10:55:00,Idle
D275,2023-10-04 11:18:00,Offline
D275,2023-10-05 04:18:00,Online
D275,2023-10-05 04:50:00,Idle
D275,2023-10-05 05:51:00,Busy
D275,2023-10-05 07:31:00,Busy
D275,2023-10-05 09:18:00,Idle
D275,2023-10-05 10:05:00,Offline
D275,2023-10-06 02:05:00,Online
D275,2023-10-06 03:09:00,Idle
D275,2023-10-06 04:25:00,Busy
D275,2023-10-06 06:02:00,Busy
D275,2023-10-06 06:32:00,Offline
D275,2023-10-06 19:32:00,Online
D275,2023-10-06 20:40:00,Idle
D275,2023-10-06 21:54:00,Idle
D275,2023-10-06 23:45:00,Idle
D275,2023-10-07 01:17:00,Busy
D275,2023-10-07 01:54:00,Busy
D275,2023-10-07 02:11:00,Busy
D275,2023-10-07 03:22:00,Idle
D275,2023-10-07 04:05:00,Busy
D275,2023-10-07 04:26:00,Busy
D275,2023-10-07 05:16:00,Offline
D275,2023-10-08 03:16:00,Online
D275,2023-10-08 03:52:00,Idle
D275,2023-10-08 04:41:00,Idle
D275,2023-10-08 05:29:00,Busy
D275,2023-10-08 06:25:00,Busy
D275,2023-10-08 07:42:00,Idle
D275,2023-10-08 09:19:00,Idle
D275,2023-10-08 09:58:00,Offline
D275,2023-10-09 01:58:00,Online
D275,2023-10-09 02:27:00,Idle
D275,2023-10-09 03:00:00,Busy
D275,2023-10-09 04:13:00,Busy
D275,2023-10-09 06:08:00,Busy
D275,2023-10-09 07:53:00,Busy
D275,2023-10-09 08:45:00,Idle
D275,2023-10-09 10:09:00,Idle
D275,2023-10-09 10:36:00,Offline
D278,2023-10-04 00:00:00,Online
D278,2023-10-04 00:15:00,Busy
D278,2023-10-04 01:03:00,Busy
D278,2023-10-04 02:40:00,Idle
D278,2023-10-04 03:08:00,Idle
D278,2023-10-04 03:47:00,Busy
D278,2023-10-04 04:40:00,Idle
D278,2023-10-04 05:18:00,Idle
D278,2023-10-04 06:06:00,Busy
D278,2023-10-04 06:49:00,Busy
D278,2023-10-04 07:10:00,Offline
D278,2023-10-05 02:10:00,Online
D278,2023-10-05 02:42:00,Busy
D278,2023-10-05 04:39:00,Idle
D278,2023-10-05 05:01:00,Idle
D278,2023-10-05 05:31:00,Offline
D278,2023-10-06 02:31:00,Online
D278,2023-10-06 02:58:00,Idle
D278,2023-10-06 03:59:00,Idle
D278,2023-10-06 04:51:00,Busy
D278,2023-10-06 05:17:00,Busy
D278,2023-10-06 07:02:00,Idle
D278,2023-10-06 07:38:00,Busy
D278,2023-10-06 08:16:00,Idle
D278,2023-10-06 09:03:00,Idle
D278,2023-10-06 09:45:00,Offline
D278,2023-10-07 08:45:00,Online
D278,2023-10-07 09:47:00,Busy
D278,2023-10-07 11:44:00,Idle
D278,2023-10-07 12:21:00,Busy
D278,2023-10-07 14:05:00,Idle
D278,2023-10-07 14:57:00,Busy
D278,2023-10-07 16:15:00,Idle
D278,2023-10-07 16:29:00,Offline
D278,2023-10-08 04:29:00,Online
D278,2023-10-08 06:15:00,Idle
D278,2023-10-08 07:35:00,Busy
D278,2023-10-08 09:33:00,Busy
D278,2023-10-08 10:48:00,Busy
D278,2023-10-08 11:24:00,Busy
D278,2023-10-08 11:40:00,Offline
D278,2023-10-08 23:40:00,Online
D278,2023-10-08 23:55:00,Busy
D278,2023-10-09 00:46:00,Idle
D278,2023-10-09 01:51:00,Busy
D278,2023-10-09 03:47:00,Idle
D278,2023-10-09 04:02:00,Offline
D278,2023-10-09 16:02:00,Online
D278,2023-10-09 16:47:00,Idle
D278,2023-10-09 18:10:00,Idle
D278,2023-10-09 19:52:00,Idle
D278,2023-10-09 20:02:00,Offline
D278,2023-10-10 20:02:00,Online
D278,2023-10-10 22:00:00,Busy
D278,2023-10-10 22:16:00,Busy
D278,2023-10-10 22:40:00,Busy
D278,2023-10-11 00:03:00,Busy
D278,2023-10-11 00:17:00,Offline
D278,2023-10-11 18:17:00,Online
D278,2023-10-11 18:59:00,Busy
D278,2023-10-11 19:41:00,Busy
D278,2023-10-11 21:33:00,Idle
D278,2023-10-11 23:10:00,Busy
D278,2023-10-12 00:11:00,Idle
D278,2023-10-12 01:12:00,Busy
D278,2023-10-12 02:54:00,Idle
D278,2023-10-12 04:09:00,Idle
D278,2023-10-12 05:03:00,Idle
D278,2023-10-12 05:52:00,Offline
D278,2023-10-13 04:52:00,Online
D278,2023-10-13 05:40:00,Idle
D278,2023-10-13 06:43:00,Busy
D278,2023-10-13 08:42:00,Idle
D278,2023-10-13 10:09:00,Busy
D278,2023-10-13 10:42:00,Idle
D278,2023-10-13 11:48:00,Idle
D278,2023-10-13 13:17:00,Idle
D278,2023-10-13 14:27:00,Busy
D278,2023-10-13 15:01:00,Offline
D278,2023-10-14 14:01:00,Online
D278,2023-10-14 15:44:00,Busy
D278,2023-10-14 17:41:00,Idle
D278,2023-10-14 18:31:00,Busy
D278,2023-10-14 19:19:00,Offline
D278,2023-10-15 14:19:00,Online
D278,2023-10-15 14:53:00,Busy
D278,2023-10-15 16:24:00,Idle
D278,2023-10-15 18:15:00,Busy
D278,2023-10-15 19:00:00,Idle
D278,2023-10-15 20:55:00,Idle
D278,2023-10-15 22:14:00,Idle
D278,2023-10-15 23:22:00,Busy
D278,2023-10-16 00:00:00,Busy
D278,2023-10-16 00:38:00,Busy
D278,2023-10-16 01:34:00,Busy
D278,2023-10-16 02:10:00,Offline
D278,2023-10-17 00:10:00,Online
D278,2023-10-17 00:34:00,Busy
D278,2023-10-17 01:37:00,Busy
D278,2023-10-17 02:00:00,Busy
D278,2023-10-17 02:59:00,Idle
D278,2023-10-17 03:53:00,Idle
D278,2023-10-17 04:26:00,Offline
D278,2023-10-17 22:26:00,Online
D278,2023-10-17 22:41:00,Idle
D278,2023-10-17 23:24:00,Busy
D278,2023-10-18 00:10:00,Busy
D278,2023-10-18 01:18:00,Idle
D278,2023-10-18 02:18:00,Offline
D278,2023-10-18 16:18:00,Online
D278,2023-10-18 17:27:00,Busy
D278,2023-10-18 18:51:00,Busy
D278,2023-10-18 20:32:00,Idle
D278,2023-10-18 21:42:00,Idle
D278,2023-10-18 22:22:00,Offline
D279,2023-10-06 00:00:00,Online
D279,2023-10-06 00:33:00,Busy
D279,2023-10-06 01:25:00,Idle
D279,2023-10-06 02:30:00,Busy
D279,2023-10-06 04:17:00,Idle
D279,2023-10-06 05:45:00,Busy
D279,2023-10-06 06:19:00,Idle
D279,2023-10-06 06:37:00,Offline
D279,2023-10-06 23:37:00,Online
D279,2023-10-07 01:33:00,Busy
D279,2023-10-07 02:07:00,Busy
D279,2023-10-07 04:05:00,Busy
D279,2023-10-07 04:42:00,Idle
D279,2023-10-07 05:35:00,Busy
D279,2023-10-07 07:11:00,Idle
D279,2023-10-07 08:43:00,Busy
D279,2023-10-07 09:31:00,Offline
D279,2023-10-08 03:31:00,Online
D279,2023-10-08 05:26:00,Idle
D279,2023-10-08 06:34:00,Busy
D279,2023-10-08 07:03:00,Idle
D279,2023-10-08 08:02:00,Offline
D279,2023-10-09 00:02:00,Online
D279,2023-10-09 01:50:00,Idle
D279,2023-10-09 02:17:00,Idle
D279,2023-10-09 03:18:00,Idle
D279,2023-10-09 04:16:00,Idle
D279,2023-10-09 04:35:00,Busy
D279,2023-10-09 05:42:00,Busy
D279,2023-10-09 05:55:00,Offline
D279,2023-10-09 19:55:00,Online
D279,2023-10-09 21:55:00,Idle
D279,2023-10-09 23:43:00,Busy
D279,2023-10-10 00:14:00,Idle
D279,2023-10-10 01:57:00,Busy
D279,2023-10-10 02:29:00,Busy
D279,2023-10-10 04:18:00,Idle
D279,2023-10-10 04:35:00,Idle
D279,2023-10-10 05:13:00,Idle
D279,2023-10-10 05:45:00,Idle
D279,2023-10-10 06:19:00,Offline
D279,2023-10-10 22:19:00,Online
D279,2023-10-10 23:14:00,Busy
D279,2023-10-11 00:54:00,Idle
D279,2023-10-11 01:17:00,Idle
D279,2023-10-11 02:49:00,Idle
D279,2023-10-11 03:13:00,Idle
D279,2023-10-11 04:40:00,Idle
D279,2023-10-11 05:03:00,Busy
D279,2023-10-11 05:58:00,Busy
D279,2023-10-11 06:56:00,Offline
D279,2023-10-12 06:56:00,Online
D279,2023-10-12 07:42:00,Idle
D279,2023-10-12 08:04:00,Busy
D279,2023-10-12 10:01:00,Idle
D279,2023-10-12 11:29:00,Busy
D279,2023-10-12 12:19:00,Busy
D279,2023-10-12 13:24:00,Idle
D279,2023-10-12 15:14:00,Idle
D279,2023-10-12 15:47:00,Idle
D279,2023-10-12 17:21:00,Busy
D279,2023-10-12 17:58:00,Offline
D279,2023-10-13 16:58:00,Online
D279,2023-10-13 18:40:00,Idle
D279,2023-10-13 19:19:00,Idle
D279,2023-10-13 21:10:00,Busy
D279,2023-10-13 21:40:00,Idle
D279,2023-10-13 23:02:00,Idle
D279,2023-10-13 23:47:00,Idle
D279,2023-10-14 01:31:00,Idle
D279,2023-10-14 02:31:00,Idle
D279,2023-10-14 03:50:00,Idle
D279,2023-10-14 04:50:00,Busy
D279,2023-10-14 05:20:00,Offline
D279,2023-10-14 23:20:00,Online
D279,2023-10-15 00:15:00,Busy
D279,2023-10-15 01:48:00,Idle
D279,2023-10-15 03:14:00,Idle
D279,2023-10-15 04:53:00,Idle
D279,2023-10-15 05:10:00,Idle
D279,2023-10-15 06:53:00,Busy
D279,2023-10-15 07:16:00,Busy
D279,2023-10-15 08:19:00,Idle
D279,2023-10-15 08:42:00,Idle
D279,2023-10-15 10:34:00,Busy
D279,2023-10-15 10:48:00,Offline
D279,2023-10-16 02:48:00,Online
D279,2023-10-16 04:09:00,Idle
D279,2023-10-16 04:45:00,Busy
D279,2023-10-16 05:53:00,Idle
D279,2023-10-16 07:14:00,Idle
D279,2023-10-16 08:41:00,Busy
D279,2023-10-16 09:31:00,Offline
D279,2023-10-16 21:31:00,Online
D279,2023-10-16 21:59:00,Busy
D279,2023-10-16 22:26:00,Idle
D279,2023-10-16 23:48:00,Busy
D279,2023-10-17 00:06:00,Offline
D280,2023-10-04 00:00:00,Online
D280,2023-10-04 01:59:00,Idle
D280,2023-10-04 03:23:00,Busy
D280,2023-10-04 05:11:00,Busy
D280,2023-10-04 06:13:00,Busy
D280,2023-10-04 06:34:00,Offline
D280,2023-10-05 02:34:00,Online
D280,2023-10-05 02:51:00,Idle
D280,2023-10-05 04:12:00,Idle
D280,2023-10-05 04:36:00,Idle
D280,2023-10-05 06:24:00,Idle
D280,2023-10-05 07:18:00,Idle
D280,2023-10-05 07:53:00,Offline
D280,2023-10-06 05:53:00,Online
D280,2023-10-06 07:50:00,Busy
D280,2023-10-06 08:40:00,Busy
D280,2023-10-06 09:15:00,Idle
D280,2023-10-06 09:46:00,Busy
D280,2023-10-06 11:09:00,Idle
D280,2023-10-06 12:25:00,Busy
D280,2023-10-06 13:26:00,Busy
D280,2023-10-06 14:24:00,Offline
D280,2023-10-07 07:24:00,Online
D280,2023-10-07 09:16:00,Idle
D280,2023-10-07 10:54:00,Busy
D280,2023-10-07 12:02:00,Idle
D280,2023-10-07 13:26:00,Idle
D280,2023-10-07 14:18:00,Idle
D280,2023-10-07 14:49:00,Offline
D280,2023-10-08 06:49:00,Online
D280,2023-10-08 07:27:00,Busy
D280,2023-10-08 09:06:00,Idle
D280,2023-10-08 10:57:00,Idle
D280,2023-10-08 11:34:00,Idle
D280,2023-10-08 13:29:00,Busy
D280,2023-10-08 14:27:00,Offline
D280,2023-10-09 14:27:00,Online
D280,2023-10-09 15:45:00,Idle
D280,2023-10-09 17:41:00,Idle
D280,2023-10-09 19:21:00,Idle
D280,2023-10-09 21:21:00,Busy
D280,2023-10-09 22:08:00,Busy
D280,2023-10-09 22:40:00,Offline
D280,2023-10-10 18:40:00,Online
D280,2023-10-10 19:11:00,Busy
D280,2023-10-10 20:31:00,Idle
D280,2023-10-10 21:03:00,Busy
D280,2023-10-10 22:12:00,Idle
D280,2023-10-10 22:37:00,Idle
D280,2023-10-10 23:28:00,Idle
D280,2023-10-11 01:20:00,Idle
D280,2023-10-11 01:39:00,Busy
D280,2023-10-11 02:58:00,Idle
D280,2023-10-11 03:52:00,Offline
D280,2023-10-11 18:52:00,Online
D280,2023-10-11 19:46:00,Idle
D280,2023-10-11 20:39:00,Idle
D280,2023-10-11 21:09:00,Busy
D280,2023-10-11 22:55:00,Idle
D280,2023-10-12 00:26:00,Idle
D280,2023-10-12 01:36:00,Idle
D280,2023-10-12 03:14:00,Idle
D280,2023-10-12 03:44:00,Offline
D281,2023-10-05 00:00:00,Online
D281,2023-10-05 01:29:00,Busy
D281,2023-10-05 02:55:00,Idle
D281,2023-10-05 03:50:00,Idle
D281,2023-10-05 04:13:00,Idle
D281,2023-10-05 04:35:00,Busy
D281,2023-10-05 06:22:00,Idle
D281,2023-10-05 07:02:00,Idle
D281,2023-10-05 08:13:00,Idle
D281,2023-10-05 09:08:00,Offline
D281,2023-10-06 04:08:00,Online
D281,2023-10-06 06:01:00,Busy
D281,2023-10-06 06:38:00,Busy
D281,2023-10-06 08:24:00,Busy
D281,2023-10-06 10:23:00,Busy
D281,2023-10-06 12:12:00,Busy
D281,2023-10-06 12:35:00,Idle
D281,2023-10-06 13:59:00,Idle
D281,2023-10-06 14:57:00,Idle
D281,2023-10-06 15:29:00,Idle
D281,2023-10-06 17:21:00,Idle
D281,2023-10-06 18:06:00,Offline
D281,2023-10-07 07:06:00,Online
D281,2023-10-07 08:57:00,Idle
D281,2023-10-07 10:42:00,Idle
D281,2023-10-07 11:41:00,Busy
D281,2023-10-07 13:08:00,Idle
D281,2023-10-07 14:38:00,Idle
D281,2023-10-07 16:16:00,Idle
D281,2023-10-07 16:46:00,Offline
D281,2023-10-08 06:46:00,Online
D281,2023-10-08 08:27:00,Idle
D281,2023-10-08 09:40:00,Busy
D281,2023-10-08 10:19:00,Idle
D281,2023-10-08 10:53:00,Idle
D281,2023-10-08 11:35:00,Busy
D281,2023-10-08 12:25:00,Idle
D281,2023-10-08 13:56:00,Idle
D281,2023-10-08 15:43:00,Idle
D281,2023-10-08 17:05:00,Idle
D281,2023-10-08 17:35:00,Offline
D281,2023-10-09 14:35:00,Online
D281,2023-10-09 16:09:00,Busy
D281,2023-10-09 17:31:00,Idle
D281,2023-10-09 18:41:00,Busy
D281,2023-10-09 19:16:00,Idle
D281,2023-10-09 21:16:00,Idle
D281,2023-10-09 23:13:00,Busy
D281,2023-10-10 00:15:00,Busy
D281,2023-10-10 01:00:00,Idle
D281,2023-10-10 02:28:00,Busy
D281,2023-10-10 03:29:00,Busy
D281,2023-10-10 03:41:00,Offline
D281,2023-10-10 16:41:00,Online
D281,2023-10-10 18:34:00,Busy
D281,2023-10-10 20:01:00,Busy
D281,2023-10-10 21:09:00,Idle
D281,2023-10-10 22:46:00,Idle
D281,2023-10-10 23:31:00,Busy
D281,2023-10-11 00:50:00,Busy
D281,2023-10-11 01:16:00,Offline
D281,2023-10-11 22:16:00,Online
D281,2023-10-12 00:07:00,Idle
D281,2023-10-12 01:53:00,Idle
D281,2023-10-12 02:55:00,Idle
D281,2023-10-12 04:48:00,Idle
D281,2023-10-12 05:49:00,Busy
D281,2023-10-12 07:27:00,Idle
D281,2023-10-12 09:12:00,Idle
D281,2023-10-12 11:03:00,Idle
D281,2023-10-12 12:02:00,Idle
D281,2023-10-12 12:21:00,Offline
D281,2023-10-13 12:21:00,Online
D281,2023-10-13 13:21:00,Busy
D281,2023-10-13 14:17:00,Busy
D281,2023-10-13 14:37:00,Busy
D281,2023-10-13 15:06:00,Offline
D282,2023-10-03 00:00:00,Online
D282,2023-10-03 01:24:00,Idle
D282,2023-10-03 02:15:00,Idle
D282,2023-10-03 04:07:00,Idle
D282,2023-10-03 04:52:00,Idle
D282,2023-10-03 06:07:00,Busy
D282,2023-10-03 07:52:00,Idle
D282,2023-10-03 09:51:00,Busy
D282,2023-10-03 11:13:00,Idle
D282,2023-10-03 12:06:00,Busy
D282,2023-10-03 13:04:00,Offline
D282,2023-10-04 08:04:00,Online
D282,2023-10-04 08:37:00,Idle
D282,2023-10-04 09:57:00,Idle
D282,2023-10-04 11:01:00,Idle
D282,2023-10-04 12:02:00,Idle
D282,2023-10-04 12:35:00,Idle
D282,2023-10-04 14:02:00,Busy
D282,2023-10-04 15:02:00,Idle
D282,2023-10-04 16:06:00,Busy
D282,2023-10-04 17:32:00,Busy
D282,2023-10-04 18:22:00,Offline
D282,2023-10-05 13:22:00,Online
D282,2023-10-05 13:49:00,Busy
D282,2023-10-05 15:07:00,Busy
D282,2023-10-05 16:21:00,Idle
D282,2023-10-05 17:37:00,Busy
D282,2023-10-05 19:03:00,Idle
D282,2023-10-05 19:54:00,Offline
D282,2023-10-06 19:54:00,Online
D282,2023-10-06 21:39:00,Busy
D282,2023-10-06 23:11:00,Idle
D282,2023-10-07 00:36:00,Busy
D282,2023-10-07 01:19:00,Offline
D282,2023-10-07 18:19:00,Online
D282,2023-10-07 19:49:00,Busy
D282,2023-10-07 21:45:00,Idle
D282,2023-10-07 22:19:00,Idle
D282,2023-10-07 23:11:00,Idle
D282,2023-10-08 00:40:00,Idle
D282,2023-10-08 01:29:00,Busy
D282,2023-10-08 02:11:00,Offline
D283,2023-10-02 00:00:00,Online
D283,2023-10-02 01:01:00,Idle
D283,2023-10-02 01:41:00,Idle
D283,2023-10-02 03:33:00,Idle
D283,2023-10-02 05:21:00,Busy
D283,2023-10-02 07:17:00,Idle
D283,2023-10-02 09:00:00,Busy
D283,2023-10-02 09:18:00,Offline
D283,2023-10-03 03:18:00,Online
D283,2023-10-03 05:08:00,Busy
D283,2023-10-03 06:28:00,Idle
D283,2023-10-03 08:14:00,Idle
D283,2023-10-03 09:00:00,Offline
D283,2023-10-03 23:00:00,Online
D283,2023-10-04 00:20:00,Idle
D283,2023-10-04 02:01:00,Idle
D283,2023-10-04 03:43:00,Busy
D283,2023-10-04 04:48:00,Idle
D283,2023-10-04 06:22:00,Idle
D283,2023-10-04 08:09:00,Busy
D283,2023-10-04 08:51:00,Offline
D283,2023-10-05 00:51:00,Online
D283,2023-10-05 01:53:00,Busy
D283,2023-10-05 03:51:00,Idle
D283,2023-10-05 04:28:00,Busy
D283,2023-10-05 05:40:00,Idle
D283,2023-10-05 06:10:00,Offline
D283,2023-10-06 00:10:00,Online
D283,2023-10-06 01:14:00,Busy
D283,2023-10-06 01:42:00,Idle
D283,2023-10-06 03:41:00,Busy
D283,2023-10-06 04:52:00,Busy
D283,2023-10-06 06:38:00,Busy
D283,2023-10-06 07:32:00,Offline
D284,2023-10-06 00:00:00,Online
D284,2023-10-06 00:28:00,Idle
D284,2023-10-06 02:05:00,Idle
D284,2023-10-06 02:59:00,Busy
D284,2023-10-06 03:18:00,Idle
D284,2023-10-06 03:46:00,Busy
D284,2023-10-06 04:44:00,Busy
D284,2023-10-06 06:02:00,Busy
D284,2023-10-06 06:43:00,Offline
D284,2023-10-07 00:43:00,Online
D284,2023-10-07 01:26:00,Busy
D284,2023-10-07 02:15:00,Busy
D284,2023-10-07 03:03:00,Busy
D284,2023-10-07 03:53:00,Offline
D284,2023-10-07 17:53:00,Online
D284,2023-10-07 18:39:00,Idle
D284,2023-10-07 20:29:00,Idle
D284,2023-10-07 21:59:00,Busy
D284,2023-10-07 22:28:00,Busy
D284,2023-10-07 22:43:00,Idle
D284,2023-10-08 00:24:00,Busy
D284,2023-10-08 00:55:00,Idle
D284,2023-10-08 01:20:00,Offline
D284,2023-10-08 18:20:00,Online
D284,2023-10-08 19:27:00,Busy
D284,2023-10-08 20:01:00,Idle
D284,2023-10-08 21:55:00,Idle
D284,2023-10-08 22:55:00,Offline
D284,2023-10-09 21:55:00,Online
D284,2023-10-09 22:50:00,Busy
D284,2023-10-09 23:33:00,Busy
D284,2023-10-10 01:08:00,Busy
D284,2023-10-10 02:01:00,Busy
D284,2023-10-10 03:46:00,Busy
D284,2023-10-10 04:29:00,Offline
D284,2023-10-10 20:29:00,Online
D284,2023-10-10 21:30:00,Idle
D284,2023-10-10 23:25:00,Idle
D284,2023-10-11 01:04:00,Busy
D284,2023-10-11 02:36:00,Idle
D284,2023-10-11 04:09:00,Idle
D284,2023-10-11 05:06:00,Busy
D284,2023-10-11 05:47:00,Offline
D284,2023-10-12 00:47:00,Online
D284,2023-10-12 01:03:00,Busy
D284,2023-10-12 02:12:00,Busy
D284,2023-10-12 03:44:00,Busy
D284,2023-10-12 04:51:00,Idle
D284,2023-10-12 05:53:00,Idle
D284,2023-10-12 06:40:00,Busy
D284,2023-10-12 07:26:00,Offline
D284,2023-10-12 19:26:00,Online
D284,2023-10-12 20:20:00,Busy
D284,2023-10-12 21:15:00,Busy
D284,2023-10-12 21:37:00,Idle
D284,2023-10-12 23:32:00,Busy
D284,2023-10-13 00:59:00,Idle
D284,2023-10-13 01:26:00,Busy
D284,2023-10-13 02:20:00,Offline
D284,2023-10-14 00:20:00,Online
D284,2023-10-14 01:27:00,Busy
D284,2023-10-14 02:46:00,Busy
D284,2023-10-14 03:10:00,Idle
D284,2023-10-14 04:05:00,Offline
D284,2023-10-14 20:05:00,Online
D284,2023-10-14 21:37:00,Busy
D284,2023-10-14 23:23:00,Idle
D284,2023-10-15 00:29:00,Idle
D284,2023-10-15 01:11:00,Busy
D284,2023-10-15 02:56:00,Busy
D284,2023-10-15 03:14:00,Offline
D284,2023-10-15 23:14:00,Online
D284,2023-10-15 23:48:00,Busy
D284,2023-10-16 00:07:00,Busy
D284,2023-10-16 01:46:00,Busy
D284,2023-10-16 02:03:00,Idle
D284,2023-10-16 03:02:00,Idle
D284,2023-10-16 04:55:00,Idle
D284,2023-10-16 05:19:00,Busy
D284,2023-10-16 07:04:00,Idle
D284,2023-10-16 07:19:00,Offline
D284,2023-10-17 04:19:00,Online
D284,2023-10-17 06:16:00,Busy
D284,2023-10-17 06:53:00,Busy
D284,2023-10-17 08:41:00,Busy
D284,2023-10-17 09:20:00,Busy
D284,2023-10-17 09:44:00,Busy
D284,2023-10-17 11:04:00,Busy
D284,2023-10-17 12:06:00,Idle
D284,2023-10-17 12:27:00,Busy
D284,2023-10-17 13:23:00,Idle
D284,2023-10-17 13:54:00,Busy
D284,2023-10-17 14:19:00,Offline
D284,2023-10-18 14:19:00,Online
D284,2023-10-18 14:42:00,Busy
D284,2023-10-18 16:15:00,Idle
D284,2023-10-18 17:10:00,Idle
D284,2023-10-18 17:58:00,Busy
D284,2023-10-18 18:14:00,Busy
D284,2023-10-18 19:51:00,Busy
D284,2023-10-18 21:20:00,Busy
D284,2023-10-18 21:55:00,Busy
D284,2023-10-18 23:40:00,Busy
D284,2023-10-19 00:32:00,Idle
D284,2023-10-19 00:59:00,Offline
D284,2023-10-19 12:59:00,Online
D284,2023-10-19 13:27:00,Idle
D284,2023-10-19 14:04:00,Busy
D284,2023-10-19 14:51:00,Busy
D284,2023-10-19 15:34:00,Busy
D284,2023-10-19 16:30:00,Busy
D284,2023-10-19 16:49:00,Offline
D285,2023-10-03 00:00:00,Online
D285,2023-10-03 00:25:00,Idle
D285,2023-10-03 00:40:00,Busy
D285,2023-10-03 01:43:00,Busy
D285,2023-10-03 02:45:00,Busy
D285,2023-10-03 03:52:00,Busy
D285,2023-10-03 05:10:00,Idle
D285,2023-10-03 05:29:00,Idle
D285,2023-10-03 05:52:00,Idle
D285,2023-10-03 06:10:00,Busy
D285,2023-10-03 06:35:00,Busy
D285,2023-10-03 07:04:00,Offline
D285,2023-10-04 05:04:00,Online
D285,2023-10-04 05:27:00,Busy
D285,2023-10-04 06:54:00,Busy
D285,2023-10-04 08:51:00,Idle
D285,2023-10-04 09:27:00,Idle
D285,2023-10-04 09:51:00,Offline
D285,2023-10-05 02:51:00,Online
D285,2023-10-05 03:12:00,Busy
D285,2023-10-05 05:07:00,Idle
D285,2023-10-05 05:34:00,Idle
D285,2023-10-05 06:10:00,Idle
D285,2023-10-05 06:48:00,Idle
D285,2023-10-05 08:41:00,Idle
D285,2023-10-05 10:25:00,Idle
D285,2023-10-05 10:53:00,Offline
D285,2023-10-06 10:53:00,Online
D285,2023-10-06 11:13:00,Idle
D285,2023-10-06 12:56:00,Busy
D285,2023-10-06 13:26:00,Busy
D285,2023-10-06 14:12:00,Idle
D285,2023-10-06 15:25:00,Idle
D285,2023-10-06 15:56:00,Busy
D285,2023-10-06 16:42:00,Offline
D285,2023-10-07 04:42:00,Online
D285,2023-10-07 06:30:00,Busy
D285,2023-10-07 08:23:00,Idle
D285,2023-10-07 09:12:00,Idle
D285,2023-10-07 10:03:00,Idle
D285,2023-10-07 11:43:00,Idle
D285,2023-10-07 12:15:00,Offline
D285,2023-10-08 08:15:00,Online
D285,2023-10-08 09:38:00,Idle
D285,2023-10-08 11:24:00,Idle
D285,2023-10-08 12:38:00,Idle
D285,2023-10-08 13:56:00,Busy
D285,2023-10-08 14:55:00,Idle
D285,2023-10-08 16:33:00,Busy
D285,2023-10-08 17:38:00,Idle
D285,2023-10-08 18:57:00,Busy
D285,2023-10-08 19:23:00,Idle
D285,2023-10-08 20:35:00,Idle
D285,2023-10-08 20:55:00,Offline
D285,2023-10-09 17:55:00,Online
D285,2023-10-09 18:27:00,Idle
D285,2023-10-09 19:22:00,Idle
D285,2023-10-09 20:59:00,Idle
D285,2023-10-09 22:32:00,Busy
D285,2023-10-09 23:26:00,Offline
D285,2023-10-10 22:26:00,Online
D285,2023-10-10 23:14:00,Busy
D285,2023-10-11 00:42:00,Idle
D285,2023-10-11 01:49:00,Idle
D285,2023-10-11 02:42:00,Offline
D285,2023-10-12 01:42:00,Online
D285,2023-10-12 03:36:00,Idle
D285,2023-10-12 04:58:00,Idle
D285,2023-10-12 05:40:00,Idle
D285,2023-10-12 05:55:00,Offline
D285,2023-10-12 21:55:00,Online
D285,2023-10-12 23:03:00,Busy
D285,2023-10-12 23:38:00,Busy
D285,2023-10-13 01:33:00,Busy
D285,2023-10-13 03:24:00,Busy
D285,2023-10-13 04:56:00,Busy
D285,2023-10-13 05:51:00,Busy
D285,2023-10-13 07:15:00,Busy
D285,2023-10-13 08:39:00,Busy
D285,2023-10-13 09:06:00,Busy
D285,2023-10-13 09:41:00,Idle
D285,2023-10-13 10:22:00,Offline
D285,2023-10-13 23:22:00,Online
D285,2023-10-13 23:49:00,Busy
D285,2023-10-14 00:41:00,Busy
D285,2023-10-14 02:00:00,Idle
D285,2023-10-14 02:35:00,Idle
D285,2023-10-14 03:16:00,Busy
D285,2023-10-14 03:31:00,Busy
D285,2023-10-14 04:59:00,Idle
D285,2023-10-14 05:39:00,Offline
D286,2023-10-06 00:00:00,Online
D286,2023-10-06 01:27:00,Idle
D286,2023-10-06 03:17:00,Idle
D286,2023-10-06 03:48:00,Busy
D286,2023-10-06 05:36:00,Idle
D286,2023-10-06 05:57:00,Idle
D286,2023-10-06 06:19:00,Busy
D286,2023-10-06 07:10:00,Idle
D286,2023-10-06 07:35:00,Busy
D286,2023-10-06 09:22:00,Idle
D286,2023-10-06 11:09:00,Idle
D286,2023-10-06 11:55:00,Offline
D286,2023-10-07 06:55:00,Online
D286,2023-10-07 08:28:00,Busy
D286,2023-10-07 09:33:00,Idle
D286,2023-10-07 11:11:00,Idle
D286,2023-10-07 13:05:00,Idle
D286,2023-10-07 13:41:00,Busy
D286,2023-10-07 15:36:00,Idle
D286,2023-10-07 16:03:00,Idle
D286,2023-10-07 17:27:00,Busy
D286,2023-10-07 19:02:00,Busy
D286,2023-10-07 19:44:00,Offline
D286,2023-10-08 13:44:00,Online
D286,2023-10-08 14:39:00,Busy
D286,2023-10-08 15:28:00,Idle
D286,2023-10-08 16:33:00,Idle
D286,2023-10-08 17:56:00,Idle
D286,2023-10-08 18:28:00,Busy
D286,2023-10-08 19:32:00,Idle
D286,2023-10-08 20:00:00,Offline
D286,2023-10-09 15:00:00,Online
D286,2023-10-09 15:20:00,Busy
D286,2023-10-09 15:46:00,Busy
D286,2023-10-09 17:00:00,Idle
D286,2023-10-09 18:50:00,Idle
D286,2023-10-09 19:51:00,Idle
D286,2023-10-09 21:45:00,Busy
D286,2023-10-09 22:26:00,Offline
D286,2023-10-10 15:26:00,Online
D286,2023-10-10 15:43:00,Busy
D286,2023-10-10 17:43:00,Busy
D286,2023-10-10 19:32:00,Busy
D286,2023-10-10 20:16:00,Busy
D286,2023-10-10 21:07:00,Offline
D286,2023-10-11 15:07:00,Online
D286,2023-10-11 16:06:00,Busy
D286,2023-10-11 17:50:00,Busy
D286,2023-10-11 19:40:00,Busy
D286,2023-10-11 20:32:00,Idle
D286,2023-10-11 21:28:00,Busy
D286,2023-10-11 23:10:00,Busy
D286,2023-10-11 23:26:00,Offline
D286,2023-10-12 15:26:00,Online
D286,2023-10-12 15:45:00,Busy
D286,2023-10-12 17:45:00,Busy
D286,2023-10-12 18:51:00,Busy
D286,2023-10-12 20:02:00,Idle
D286,2023-10-12 20:42:00,Idle
D286,2023-10-12 21:41:00,Busy
D286,2023-10-12 22:10:00,Idle
D286,2023-10-13 00:06:00,Idle
D286,2023-10-13 01:02:00,Offline
D286,2023-10-14 00:02:00,Online
D286,2023-10-14 01:19:00,Busy
D286,2023-10-14 02:54:00,Busy
D286,2023-10-14 04:27:00,Idle
D286,2023-10-14 05:45:00,Idle
D286,2023-10-14 06:02:00,Idle
D286,2023-10-14 07:35:00,Idle
D286,2023-10-14 08:33:00,Busy
D286,2023-10-14 08:55:00,Offline
D286,2023-10-15 04:55:00,Online
D286,2023-10-15 05:44:00,Idle
D286,2023-10-15 06:25:00,Idle
D286,2023-10-15 08:02:00,Busy
D286,2023-10-15 08:26:00,Offline
D287,2023-10-01 00:00:00,Online
D287,2023-10-01 01:29:00,Busy
D287,2023-10-01 01:59:00,Busy
D287,2023-10-01 03:14:00,Busy
D287,2023-10-01 04:44:00,Busy
D287,2023-10-01 05:56:00,Busy
D287,2023-10-01 07:08:00,Busy
D287,2023-10-01 08:16:00,Busy
D287,2023-10-01 09:01:00,Busy
D287,2023-10-01 09:18:00,Offline
D287,2023-10-01 22:18:00,Online
D287,2023-10-01 23:14:00,Idle
D287,2023-10-02 00:38:00,Busy
D287,2023-10-02 01:34:00,Idle
D287,2023-10-02 03:19:00,Idle
D287,2023-10-02 04:11:00,Busy
D287,2023-10-02 06:05:00,Busy
D287,2023-10-02 07:29:00,Busy
D287,2023-10-02 09:26:00,Idle
D287,2023-10-02 10:34:00,Idle
D287,2023-10-02 11:02:00,Offline
D287,2023-10-03 02:02:00,Online
D287,2023-10-03 03:51:00,Busy
D287,2023-10-03 05:10:00,Idle
D287,2023-10-03 06:13:00,Busy
D287,2023-10-03 06:36:00,Busy
D287,2023-10-03 07:34:00,Busy
D287,2023-10-03 08:24:00,Busy
D287,2023-10-03 09:56:00,Idle
D287,2023-10-03 11:02:00,Busy
D287,2023-10-03 12:04:00,Busy
D287,2023-10-03 12:20:00,Offline
D287,2023-10-04 06:20:00,Online
D287,2023-10-04 07:58:00,Idle
D287,2023-10-04 09:20:00,Busy
D287,2023-10-04 10:12:00,Busy
D287,2023-10-04 11:26:00,Idle
D287,2023-10-04 12:49:00,Busy
D287,2023-10-04 14:46:00,Busy
D287,2023-10-04 15:18:00,Busy
D287,2023-10-04 15:52:00,Offline
D287,2023-10-05 05:52:00,Online
D287,2023-10-05 06:31:00,Idle
D287,2023-10-05 07:36:00,Busy
D287,2023-10-05 08:15:00,Busy
D287,2023-10-05 10:10:00,Busy
D287,2023-10-05 12:00:00,Idle
D287,2023-10-05 12:11:00,Offline
D287,2023-10-06 04:11:00,Online
D287,2023-10-06 05:17:00,Idle
D287,2023-10-06 06:45:00,Busy
D287,2023-10-06 07:39:00,Busy
D287,2023-10-06 08:08:00,Busy
D287,2023-10-06 08:25:00,Busy
D287,2023-10-06 09:32:00,Busy
D287,2023-10-06 10:16:00,Busy
D287,2023-10-06 10:43:00,Offline
D287,2023-10-07 07:43:00,Online
D287,2023-10-07 09:31:00,Idle
D287,2023-10-07 10:08:00,Idle
D287,2023-10-07 11:10:00,Idle
D287,2023-10-07 12:08:00,Offline
D287,2023-10-08 11:08:00,Online
D287,2023-10-08 12:39:00,Busy
D287,2023-10-08 13:55:00,Busy
D287,2023-10-08 14:55:00,Busy
D287,2023-10-08 16:43:00,Busy
D287,2023-10-08 17:23:00,Idle
D287,2023-10-08 18:22:00,Busy
D287,2023-10-08 19:20:00,Idle
D287,2023-10-08 20:29:00,Busy
D287,2023-10-08 21:19:00,Offline
D287,2023-10-09 20:19:00,Online
D287,2023-10-09 21:34:00,Busy
D287,2023-10-09 22:50:00,Busy
D287,2023-10-10 00:44:00,Idle
D287,2023-10-10 02:41:00,Busy
D287,2023-10-10 03:02:00,Idle
D287,2023-10-10 05:02:00,Busy
D287,2023-10-10 05:33:00,Busy
D287,2023-10-10 06:14:00,Offline
D287,2023-10-11 04:14:00,Online
D287,2023-10-11 05:16:00,Idle
D287,2023-10-11 06:13:00,Idle
D287,2023-10-11 07:08:00,Busy
D287,2023-10-11 07:24:00,Busy
D287,2023-10-11 08:51:00,Busy
D287,2023-10-11 10:02:00,Busy
D287,2023-10-11 10:26:00,Offline
D288,2023-10-06 00:00:00,Online
D288,2023-10-06 01:43:00,Idle
D288,2023-10-06 03:02:00,Idle
D288,2023-10-06 04:24:00,Idle
D288,2023-10-06 06:06:00,Busy
D288,2023-10-06 07:59:00,Idle
D288,2023-10-06 09:05:00,Idle
D288,2023-10-06 11:03:00,Idle
D288,2023-10-06 11:29:00,Offline
D288,2023-10-06 23:29:00,Online
D288,2023-10-07 00:25:00,Busy
D288,2023-10-07 01:14:00,Idle
D288,2023-10-07 01:42:00,Idle
D288,2023-10-07 03:17:00,Busy
D288,2023-10-07 04:32:00,Idle
D288,2023-10-07 04:47:00,Idle
D288,2023-10-07 05:49:00,Busy
D288,2023-10-07 06:03:00,Offline
D288,2023-10-07 21:03:00,Online
D288,2023-10-07 21:32:00,Idle
D288,2023-10-07 23:13:00,Busy
D288,2023-10-08 00:58:00,Idle
D288,2023-10-08 01:31:00,Idle
D288,2023-10-08 02:08:00,Busy
D288,2023-10-08 03:21:00,Idle
D288,2023-10-08 04:08:00,Offline
D288,2023-10-08 18:08:00,Online
D288,2023-10-08 19:04:00,Idle
D288,2023-10-08 20:21:00,Busy
D288,2023-10-08 21:53:00,Idle
D288,2023-10-08 22:55:00,Busy
D288,2023-10-08 23:20:00,Busy
D288,2023-10-09 00:16:00,Idle
D288,2023-10-09 02:10:00,Busy
D288,2023-10-09 02:33:00,Idle
D288,2023-10-09 02:46:00,Offline
D288,2023-10-09 16:46:00,Online
D288,2023-10-09 18:37:00,Idle
D288,2023-10-09 19:03:00,Busy
D288,2023-10-09 20:02:00,Busy
D288,2023-10-09 20:24:00,Busy
D288,2023-10-09 21:16:00,Offline
D288,2023-10-10 12:16:00,Online
D288,2023-10-10 13:41:00,Busy
D288,2023-10-10 14:16:00,Idle
D288,2023-10-10 15:43:00,Busy
D288,2023-10-10 16:27:00,Busy
D288,2023-10-10 16:49:00,Busy
D288,2023-10-10 18:17:00,Idle
D288,2023-10-10 19:47:00,Busy
D288,2023-10-10 21:09:00,Idle
D288,2023-10-10 21:58:00,Idle
D288,2023-10-10 23:43:00,Idle
D288,2023-10-10 23:56:00,Offline
D289,2023-10-06 00:00:00,Online
D289,2023-10-06 00:36:00,Busy
D289,2023-10-06 01:35:00,Idle
D289,2023-10-06 02:27:00,Busy
D289,2023-10-06 03:11:00,Offline
D289,2023-10-06 19:11:00,Online
D289,2023-10-06 20:55:00,Busy
D289,2023-10-06 21:53:00,Idle
D289,2023-10-06 23:23:00,Busy
D289,2023-10-07 01:17:00,Busy
D289,2023-10-07 02:06:00,Idle
D289,2023-10-07 03:34:00,Busy
D289,2023-10-07 05:32:00,Idle
D289,2023-10-07 06:20:00,Idle
D289,2023-10-07 07:53:00,Busy
D289,2023-10-07 08:39:00,Offline
D289,2023-10-08 07:39:00,Online
D289,2023-10-08 08:38:00,Idle
D289,2023-10-08 10:22:00,Idle
D289,2023-10-08 10:41:00,Busy
D289,2023-10-08 11:23:00,Offline
D289,2023-10-09 09:23:00,Online
D289,2023-10-09 11:12:00,Busy
D289,2023-10-09 12:00:00,Busy
D289,2023-10-09 12:59:00,Busy
D289,2023-10-09 13:52:00,Busy
D289,2023-10-09 14:51:00,Offline
D289,2023-10-10 11:51:00,Online
D289,2023-10-10 12:56:00,Idle
D289,2023-10-10 13:43:00,Idle
D289,2023-10-10 14:16:00,Busy
D289,2023-10-10 14:38:00,Busy
D289,2023-10-10 15:18:00,Busy
D289,2023-10-10 16:35:00,Busy
D289,2023-10-10 17:04:00,Busy
D289,2023-10-10 17:22:00,Busy
D289,2023-10-10 18:04:00,Offline
D289,2023-10-11 07:04:00,Online
D289,2023-10-11 07:50:00,Busy
D289,2023-10-11 09:12:00,Idle
D289,2023-10-11 11:08:00,Busy
D289,2023-10-11 12:02:00,Offline
D289,2023-10-12 10:02:00,Online
D289,2023-10-12 11:08:00,Idle
D289,2023-10-12 13:07:00,Busy
D289,2023-10-12 13:25:00,Busy
D289,2023-10-12 14:43:00,Busy
D289,2023-10-12 16:20:00,Busy
D289,2023-10-12 17:38:00,Busy
D289,2023-10-12 19:21:00,Busy
D289,2023-10-12 21:10:00,Idle
D289,2023-10-12 22:10:00,Busy
D289,2023-10-12 23:13:00,Busy
D289,2023-10-12 23:50:00,Offline
D289,2023-10-13 11:50:00,Online
D289,2023-10-13 12:38:00,Busy
D289,2023-10-13 13:34:00,Idle
D289,2023-10-13 14:49:00,Busy
D289,2023-10-13 15:09:00,Busy
D289,2023-10-13 15:28:00,Offline
D292,2023-10-01 00:00:00,Online
D292,2023-10-01 00:15:00,Busy
D292,2023-10-01 01:08:00,Idle
D292,2023-10-01 02:46:00,Busy
D292,2023-10-01 04:32:00,Idle
D292,2023-10-01 05:47:00,Busy
D292,2023-10-01 07:37:00,Busy
D292,2023-10-01 08:13:00,Idle
D292,2023-10-01 09:21:00,Busy
D292,2023-10-01 09:53:00,Idle
D292,2023-10-01 10:20:00,Offline
D292,2023-10-02 04:20:00,Online
D292,2023-10-02 05:45:00,Idle
D292,2023-10-02 06:38:00,Busy
D292,2023-10-02 07:07:00,Busy
D292,2023-10-02 07:47:00,Idle
D292,2023-10-02 09:47:00,Busy
D292,2023-10-02 11:18:00,Busy
D292,2023-10-02 11:47:00,Busy
D292,2023-10-02 12:33:00,Busy
D292,2023-10-02 13:27:00,Busy
D292,2023-10-02 14:18:00,Busy
D292,2023-10-02 15:03:00,Offline
D292,2023-10-03 11:03:00,Online
D292,2023-10-03 11:39:00,Busy
D292,2023-10-03 12:11:00,Idle
D292,2023-10-03 13:18:00,Idle
D292,2023-10-03 14:52:00,Busy
D292,2023-10-03 16:35:00,Busy
D292,2023-10-03 18:30:00,Idle
D292,2023-10-03 18:55:00,Offline
D292,2023-10-04 18:55:00,Online
D292,2023-10-04 19:17:00,Idle
D292,2023-10-04 19:54:00,Busy
D292,2023-10-04 21:17:00,Idle
D292,2023-10-04 21:59:00,Busy
D292,2023-10-04 22:44:00,Idle
D292,2023-10-04 23:01:00,Busy
D292,2023-10-04 23:42:00,Offline
D292,2023-10-05 16:42:00,Online
D292,2023-10-05 18:32:00,Busy
D292,2023-10-05 19:28:00,Idle
D292,2023-10-05 20:55:00,Idle
D292,2023-10-05 22:29:00,Busy
D292,2023-10-05 23:23:00,Idle
D292,2023-10-06 01:23:00,Idle
D292,2023-10-06 01:45:00,Offline
D292,2023-10-06 23:45:00,Online
D292,2023-10-07 01:33:00,Idle
D292,2023-10-07 02:17:00,Busy
D292,2023-10-07 03:24:00,Busy
D292,2023-10-07 04:18:00,Offline
D292,2023-10-08 04:18:00,Online
D292,2023-10-08 04:55:00,Busy
D292,2023-10-08 06:16:00,Idle
D292,2023-10-08 07:57:00,Idle
D292,2023-10-08 08:33:00,Offline
D292,2023-10-08 22:33:00,Online
D292,2023-10-08 23:23:00,Busy
D292,2023-10-09 00:44:00,Busy
D292,2023-10-09 01:26:00,Busy
D292,2023-10-09 02:07:00,Idle
D292,2023-10-09 03:23:00,Busy
D292,2023-10-09 05:22:00,Idle
D292,2023-10-09 06:03:00,Idle
D292,2023-10-09 07:22:00,Busy
D292,2023-10-09 08:05:00,Offline
D292,2023-10-09 22:05:00,Online
D292,2023-10-09 23:09:00,Busy
D292,2023-10-10 00:26:00,Idle
D292,2023-10-10 01:56:00,Busy
D292,2023-10-10 02:46:00,Busy
D292,2023-10-10 03:49:00,Busy
D292,2023-10-10 05:38:00,Idle
D292,2023-10-10 06:30:00,Offline
D292,2023-10-10 22:30:00,Online
D292,2023-10-10 23:09:00,Busy
D292,2023-10-11 00:13:00,Busy
D292,2023-10-11 00:47:00,Idle
D292,2023-10-11 02:04:00,Busy
D292,2023-10-11 03:03:00,Idle
D292,2023-10-11 03:26:00,Idle
D292,2023-10-11 04:16:00,Busy
D292,2023-10-11 04:38:00,Idle
D292,2023-10-11 04:51:00,Offline
D292,2023-10-12 01:51:00,Online
D292,2023-10-12 03:20:00,Busy
D292,2023-10-12 03:49:00,Idle
D292,2023-10-12 04:28:00,Busy
D292,2023-10-12 06:26:00,Idle
D292,2023-10-12 07:03:00,Offline
D292,2023-10-13 03:03:00,Online
D292,2023-10-13 04:35:00,Idle
D292,2023-10-13 05:17:00,Busy
D292,2023-10-13 06:56:00,Busy
D292,2023-10-13 07:15:00,Idle
D292,2023-10-13 08:11:00,Idle
D292,2023-10-13 08:42:00,Idle
D292,2023-10-13 09:28:00,Offline
D292,2023-10-14 08:28:00,Online
D292,2023-10-14 09:24:00,Idle
D292,2023-10-14 10:12:00,Idle
D292,2023-10-14 11:48:00,Idle
D292,2023-10-14 13:48:00,Idle
D292,2023-10-14 14:33:00,Busy
D292,2023-10-14 14:55:00,Idle
D292,2023-10-14 15:48:00,Idle
D292,2023-10-14 17:31:00,Idle
D292,2023-10-14 18:12:00,Offline
D292,2023-10-15 08:12:00,Online
D292,2023-10-15 10:07:00,Busy
D292,2023-10-15 11:56:00,Idle
D292,2023-10-15 13:01:00,Busy
D292,2023-10-15 13:23:00,Idle
D292,2023-10-15 14:45:00,Busy
D292,2023-10-15 16:31:00,Idle
D292,2023-10-15 16:59:00,Offline
D292,2023-10-16 05:59:00,Online
D292,2023-10-16 06:29:00,Busy
D292,2023-10-16 08:09:00,Busy
D292,2023-10-16 08:37:00,Idle
D292,2023-10-16 09:51:00,Idle
D292,2023-10-16 11:30:00,Busy
D292,2023-10-16 13:09:00,Idle
D292,2023-10-16 14:34:00,Idle
D292,2023-10-16 15:40:00,Idle
D292,2023-10-16 16:44:00,Idle
D292,2023-10-16 16:57:00,Offline
D293,2023-10-03 00:00:00,Online
D293,2023-10-03 00:23:00,Busy
D293,2023-10-03 02:12:00,Busy
D293,2023-10-03 02:51:00,Idle
D293,2023-10-03 03:49:00,Busy
D293,2023-10-03 04:50:00,Busy
D293,2023-10-03 06:08:00,Idle
D293,2023-10-03 07:30:00,Idle
D293,2023-10-03 08:39:00,Idle
D293,2023-10-03 09:12:00,Offline
D293,2023-10-04 09:12:00,Online
D293,2023-10-04 10:15:00,Busy
D293,2023-10-04 11:02:00,Busy
D293,2023-10-04 11:35:00,Idle
D293,2023-10-04 12:19:00,Offline
D293,2023-10-05 01:19:00,Online
D293,2023-10-05 01:34:00,Busy
D293,2023-10-05 03:13:00,Busy
D293,2023-10-05 05:03:00,Idle
D293,2023-10-05 05:31:00,Offline
D293,2023-10-05 21:31:00,Online
D293,2023-10-05 22:58:00,Busy
D293,2023-10-05 23:54:00,Idle
D293,2023-10-06 00:14:00,Idle
D293,2023-10-06 01:46:00,Idle
D293,2023-10-06 03:29:00,Busy
D293,2023-10-06 03:56:00,Offline
D293,2023-10-06 15:56:00,Online
D293,2023-10-06 16:26:00,Busy
D293,2023-10-06 17:25:00,Idle
D293,2023-10-06 18:28:00,Idle
D293,2023-10-06 19:39:00,Idle
D293,2023-10-06 20:44:00,Busy
D293,2023-10-06 21:21:00,Busy
D293,2023-10-06 22:39:00,Busy
D293,2023-10-07 00:07:00,Busy
D293,2023-10-07 02:02:00,Idle
D293,2023-10-07 02:33:00,Offline
D293,2023-10-07 21:33:00,Online
D293,2023-10-07 21:58:00,Idle
D293,2023-10-07 22:20:00,Idle
D293,2023-10-07 23:28:00,Busy
D293,2023-10-07 23:55:00,Busy
D293,2023-10-08 01:42:00,Idle
D293,2023-10-08 02:27:00,Busy
D293,2023-10-08 03:08:00,Busy
D293,2023-10-08 03:34:00,Offline
D293,2023-10-08 17:34:00,Online
D293,2023-10-08 18:36:00,Busy
D293,2023-10-08 19:35:00,Idle
D293,2023-10-08 21:19:00,Busy
D293,2023-10-08 22:37:00,Busy
D293,2023-10-08 23:35:00,Busy
D293,2023-10-09 01:26:00,Busy
D293,2023-10-09 02:01:00,Busy
D293,2023-10-09 03:46:00,Idle
D293,2023-10-09 05:35:00,Idle
D293,2023-10-09 06:51:00,Busy
D293,2023-10-09 07:37:00,Offline
D294,2023-10-05 00:00:00,Online
D294,2023-10-05 00:25:00,Busy
D294,2023-10-05 02:01:00,Busy
D294,2023-10-05 03:45:00,Busy
D294,2023-10-05 04:22:00,Busy
D294,2023-10-05 05:00:00,Idle
D294,2023-10-05 06:36:00,Busy
D294,2023-10-05 07:08:00,Offline
D294,2023-10-06 00:08:00,Online
D294,2023-10-06 00:31:00,Busy
D294,2023-10-06 01:31:00,Busy
D294,2023-10-06 03:08:00,Idle
D294,2023-10-06 04:07:00,Offline
D294,2023-10-07 00:07:00,Online
D294,2023-10-07 02:04:00,Busy
D294,2023-10-07 03:21:00,Idle
D294,2023-10-07 03:52:00,Idle
D294,2023-10-07 05:35:00,Idle
D294,2023-10-07 06:47:00,Idle
D294,2023-10-07 07:05:00,Offline
D294,2023-10-08 06:05:00,Online
D294,2023-10-08 06:45:00,Idle
D294,2023-10-08 08:01:00,Idle
D294,2023-10-08 08:52:00,Idle
D294,2023-10-08 09:35:00,Offline
D294,2023-10-09 04:35:00,Online
D294,2023-10-09 04:51:00,Busy
D294,2023-10-09 06:21:00,Idle
D294,2023-10-09 08:02:00,Idle
D294,2023-10-09 09:02:00,Idle
D294,2023-10-09 10:53:00,Idle
D294,2023-10-09 11:24:00,Busy
D294,2023-10-09 11:46:00,Busy
D294,2023-10-09 12:38:00,Idle
D294,2023-10-09 12:58:00,Busy
D294,2023-10-09 13:55:00,Idle
D294,2023-10-09 14:19:00,Offline
D294,2023-10-10 13:19:00,Online
D294,2023-10-10 14:24:00,Idle
D294,2023-10-10 14:56:00,Busy
D294,2023-10-10 16:04:00,Idle
D294,2023-10-10 16:46:00,Idle
D294,2023-10-10 18:01:00,Idle
D294,2023-10-10 19:31:00,Busy
D294,2023-10-10 20:07:00,Offline
D294,2023-10-11 11:07:00,Online
D294,2023-10-11 12:12:00,Busy
D294,2023-10-11 14:12:00,Idle
D294,2023-10-11 15:38:00,Busy
D294,2023-10-11 17:18:00,Busy
D294,2023-10-11 18:36:00,Busy
D294,2023-10-11 20:31:00,Idle
D294,2023-10-11 21:06:00,Busy
D294,2023-10-11 21:58:00,Busy
D294,2023-10-11 22:25:00,Offline
D295,2023-10-05 00:00:00,Online
D295,2023-10-05 00:58:00,Busy
D295,2023-10-05 02:19:00,Busy
D295,2023-10-05 02:59:00,Idle
D295,2023-10-05 03:24:00,Busy
D295,2023-10-05 04:13:00,Busy
D295,2023-10-05 05:41:00,Busy
D295,2023-10-05 06:52:00,Busy
D295,2023-10-05 07:48:00,Idle
D295,2023-10-05 09:18:00,Busy
D295,2023-10-05 10:05:00,Offline
D295,2023-10-06 05:05:00,Online
D295,2023-10-06 05:59:00,Idle
D295,2023-10-06 06:55:00,Idle
D295,2023-10-06 07:24:00,Idle
D295,2023-10-06 08:54:00,Busy
D295,2023-10-06 10:19:00,Busy
D295,2023-10-06 12:13:00,Idle
D295,2023-10-06 14:11:00,Idle
D295,2023-10-06 14:37:00,Busy
D295,2023-10-06 15:58:00,Idle
D295,2023-10-06 17:47:00,Busy
D295,2023-10-06 18:45:00,Offline
D295,2023-10-07 16:45:00,Online
D295,2023-10-07 17:29:00,Busy
D295,2023-10-07 19:23:00,Busy
D295,2023-10-07 19:43:00,Idle
D295,2023-10-07 21:16:00,Busy
D295,2023-10-07 22:31:00,Idle
D295,2023-10-07 23:43:00,Idle
D295,2023-10-08 00:00:00,Offline
D295,2023-10-08 18:00:00,Online
D295,2023-10-08 19:58:00,Idle
D295,2023-10-08 21:53:00,Busy
D295,2023-10-08 23:06:00,Busy
D295,2023-10-09 00:24:00,Idle
D295,2023-10-09 01:00:00,Offline
D295,2023-10-10 00:00:00,Online
D295,2023-10-10 00:36:00,Idle
D295,2023-10-10 01:26:00,Idle
D295,2023-10-10 01:55:00,Idle
D295,2023-10-10 03:07:00,Busy
D295,2023-10-10 04:47:00,Busy
D295,2023-10-10 05:13:00,Busy
D295,2023-10-10 06:07:00,Idle
D295,2023-10-10 07:03:00,Offline
D295,2023-10-10 23:03:00,Online
D295,2023-10-11 00:54:00,Busy
D295,2023-10-11 01:26:00,Busy
D295,2023-10-11 02:09:00,Idle
D295,2023-10-11 03:38:00,Idle
D295,2023-10-11 04:46:00,Idle
D295,2023-10-11 06:37:00,Idle
D295,2023-10-11 06:55:00,Offline
D295,2023-10-12 03:55:00,Online
D295,2023-10-12 04:17:00,Idle
D295,2023-10-12 06:06:00,Idle
D295,2023-10-12 07:12:00,Busy
D295,2023-10-12 08:26:00,Busy
D295,2023-10-12 09:36:00,Idle
D295,2023-10-12 11:09:00,Idle
D295,2023-10-12 12:37:00,Busy
D295,2023-10-12 13:55:00,Idle
D295,2023-10-12 14:53:00,Offline
D296,2023-10-02 00:00:00,Online
D296,2023-10-02 01:24:00,Busy
D296,2023-10-02 01:51:00,Idle
D296,2023-10-02 02:14:00,Busy
D296,2023-10-02 02:32:00,Busy
D296,2023-10-02 03:27:00,Offline
D296,2023-10-02 22:27:00,Online
D296,2023-10-02 23:47:00,Busy
D296,2023-10-03 00:56:00,Busy
D296,2023-10-03 01:56:00,Idle
D296,2023-10-03 02:36:00,Idle
D296,2023-10-03 04:23:00,Idle
D296,2023-10-03 05:06:00,Offline
D296,2023-10-03 20:06:00,Online
D296,2023-10-03 20:41:00,Idle
D296,2023-10-03 22:10:00,Idle
D296,2023-10-03 23:34:00,Busy
D296,2023-10-04 01:34:00,Idle
D296,2023-10-04 02:31:00,Busy
D296,2023-10-04 02:49:00,Offline
D296,2023-10-04 17:49:00,Online
D296,2023-10-04 19:28:00,Idle
D296,2023-10-04 21:07:00,Idle
D296,2023-10-04 22:59:00,Busy
D296,2023-10-05 00:45:00,Busy
D296,2023-10-05 01:51:00,Idle
D296,2023-10-05 03:15:00,Busy
D296,2023-10-05 03:41:00,Idle
D296,2023-10-05 05:00:00,Idle
D296,2023-10-05 05:41:00,Offline
D296,2023-10-06 02:41:00,Online
D296,2023-10-06 03:34:00,Idle
D296,2023-10-06 04:10:00,Busy
D296,2023-10-06 05:12:00,Busy
D296,2023-10-06 07:10:00,Busy
D296,2023-10-06 08:20:00,Idle
D296,2023-10-06 09:57:00,Busy
D296,2023-10-06 11:32:00,Busy
D296,2023-10-06 11:48:00,Idle
D296,2023-10-06 13:42:00,Idle
D296,2023-10-06 14:41:00,Offline
D296,2023-10-07 10:41:00,Online
D296,2023-10-07 11:25:00,Busy
D296,2023-10-07 12:53:00,Idle
D296,2023-10-07 13:13:00,Idle
D296,2023-10-07 14:29:00,Idle
D296,2023-10-07 15:41:00,Idle
D296,2023-10-07 17:22:00,Idle
D296,2023-10-07 17:38:00,Idle
D296,2023-10-07 19:08:00,Idle
D296,2023-10-07 19:42:00,Busy
D296,2023-10-07 21:15:00,Busy
D296,2023-10-07 22:07:00,Offline
D296,2023-10-08 21:07:00,Online
D296,2023-10-08 22:23:00,Busy
D296,2023-10-09 00:11:00,Idle
D296,2023-10-09 01:23:00,Busy
D296,2023-10-09 01:48:00,Idle
D296,2023-10-09 02:16:00,Offline
D296,2023-10-09 16:16:00,Online
D296,2023-10-09 17:47:00,Idle
D296,2023-10-09 19:38:00,Busy
D296,2023-10-09 20:38:00,Idle
D296,2023-10-09 21:13:00,Idle
D296,2023-10-09 21:52:00,Busy
D296,2023-10-09 22:11:00,Busy
D296,2023-10-09 22:48:00,Idle
D296,2023-10-09 23:31:00,Offline
D296,2023-10-10 21:31:00,Online
D296,2023-10-10 21:59:00,Idle
D296,2023-10-10 23:05:00,Idle
D296,2023-10-10 23:28:00,Idle
D296,2023-10-11 00:27:00,Busy
D296,2023-10-11 02:05:00,Busy
D296,2023-10-11 03:51:00,Busy
D296,2023-10-11 05:19:00,Idle
D296,2023-10-11 05:55:00,Offline
D297,2023-10-03 00:00:00,Online
D297,2023-10-03 00:37:00,Idle
D297,2023-10-03 01:47:00,Busy
D297,2023-10-03 03:28:00,Busy
D297,2023-10-03 04:26:00,Offline
D297,2023-10-03 22:26:00,Online
D297,2023-10-04 00:20:00,Idle
D297,2023-10-04 02:14:00,Busy
D297,2023-10-04 04:06:00,Idle
D297,2023-10-04 05:15:00,Busy
D297,2023-10-04 05:29:00,Offline
D297,2023-10-04 22:29:00,Online
D297,2023-10-04 22:57:00,Idle
D297,2023-10-05 00:30:00,Busy
D297,2023-10-05 01:05:00,Idle
D297,2023-10-05 01:27:00,Offline
D297,2023-10-05 20:27:00,Online
D297,2023-10-05 22:07:00,Idle
D297,2023-10-05 22:25:00,Idle
D297,2023-10-06 00:21:00,Idle
D297,2023-10-06 00:51:00,Busy
D297,2023-10-06 02:23:00,Busy
D297,2023-10-06 03:55:00,Busy
D297,2023-10-06 04:54:00,Idle
D297,2023-10-06 05:15:00,Idle
D297,2023-10-06 05:36:00,Busy
D297,2023-10-06 06:04:00,Busy
D297,2023-10-06 06:22:00,Offline
D297,2023-10-06 18:22:00,Online
D297,2023-10-06 19:36:00,Idle
D297,2023-10-06 21:19:00,Busy
D297,2023-10-06 22:32:00,Idle
D297,2023-10-06 23:32:00,Busy
D297,2023-10-07 00:39:00,Busy
D297,2023-10-07 00:53:00,Offline
D297,2023-10-07 19:53:00,Online
D297,2023-10-07 21:27:00,Busy
D297,2023-10-07 22:01:00,Busy
D297,2023-10-07 23:54:00,Idle
D297,2023-10-08 01:14:00,Busy
D297,2023-10-08 02:00:00,Busy
D297,2023-10-08 03:35:00,Busy
D297,2023-10-08 04:36:00,Busy
D297,2023-10-08 06:21:00,Idle
D297,2023-10-08 07:11:00,Busy
D297,2023-10-08 08:41:00,Idle
D297,2023-10-08 09:32:00,Offline
D297,2023-10-09 04:32:00,Online
D297,2023-10-09 06:18:00,Busy
D297,2023-10-09 07:59:00,Busy
D297,2023-10-09 09:10:00,Busy
D297,2023-10-09 10:27:00,Idle
D297,2023-10-09 11:34:00,Idle
D297,2023-10-09 12:36:00,Busy
D297,2023-10-09 12:52:00,Idle
D297,2023-10-09 14:25:00,Idle
D297,2023-10-09 15:01:00,Offline
D297,2023-10-10 11:01:00,Online
D297,2023-10-10 12:55:00,Idle
D297,2023-10-10 14:29:00,Idle
D297,2023-10-10 15:35:00,Busy
D297,2023-10-10 16:50:00,Idle
D297,2023-10-10 18:04:00,Idle
D297,2023-10-10 18:37:00,Busy
D297,2023-10-10 19:09:00,Busy
D297,2023-10-10 20:19:00,Busy
D297,2023-10-10 21:59:00,Idle
D297,2023-10-10 22:51:00,Offline
D297,2023-10-11 21:51:00,Online
D297,2023-10-11 22:11:00,Idle
D297,2023-10-11 23:51:00,Busy
D297,2023-10-12 00:48:00,Busy
D297,2023-10-12 02:31:00,Busy
D297,2023-10-12 02:47:00,Idle
D297,2023-10-12 04:39:00,Idle
D297,2023-10-12 05:39:00,Busy
D297,2023-10-12 06:46:00,Busy
D297,2023-10-12 07:02:00,Idle
D297,2023-10-12 07:24:00,Idle
D297,2023-10-12 08:16:00,Offline
D297,2023-10-13 07:16:00,Online
D297,2023-10-13 07:59:00,Busy
D297,2023-10-13 09:28:00,Idle
D297,2023-10-13 10:48:00,Idle
D297,2023-10-13 11:15:00,Busy
D297,2023-10-13 11:30:00,Offline
D297,2023-10-13 23:30:00,Online
D297,2023-10-14 00:55:00,Idle
D297,2023-10-14 02:51:00,Idle
D297,2023-10-14 04:07:00,Busy
D297,2023-10-14 05:09:00,Idle
D297,2023-10-14 05:26:00,Idle
D297,2023-10-14 05:44:00,Idle
D297,2023-10-14 06:27:00,Idle
D297,2023-10-14 06:40:00,Offline
D297,2023-10-14 20:40:00,Online
D297,2023-10-14 22:15:00,Busy
D297,2023-10-14 23:11:00,Busy
D297,2023-10-15 00:03:00,Idle
D297,2023-10-15 00:24:00,Busy
D297,2023-10-15 01:21:00,Offline
D298,2023-10-05 00:00:00,Online
D298,2023-10-05 01:36:00,Idle
D298,2023-10-05 02:59:00,Busy
D298,2023-10-05 03:22:00,Idle
D298,2023-10-05 04:43:00,Idle
D298,2023-10-05 04:55:00,Offline
D298,2023-10-05 19:55:00,Online
D298,2023-10-05 21:23:00,Busy
D298,2023-10-05 21:47:00,Idle
D298,2023-10-05 23:14:00,Busy
D298,2023-10-06 00:52:00,Idle
D298,2023-10-06 01:30:00,Idle
D298,2023-10-06 02:36:00,Busy
D298,2023-10-06 04:02:00,Busy
D298,2023-10-06 05:34:00,Idle
D298,2023-10-06 06:00:00,Idle
D298,2023-10-06 06:55:00,Busy
D298,2023-10-06 07:49:00,Offline
D298,2023-10-06 21:49:00,Online
D298,2023-10-06 23:30:00,Busy
D298,2023-10-07 00:39:00,Busy
D298,2023-10-07 02:00:00,Busy
D298,2023-10-07 03:54:00,Busy
D298,2023-10-07 04:29:00,Busy
D298,2023-10-07 05:15:00,Idle
D298,2023-10-07 07:06:00,Busy
D298,2023-10-07 08:07:00,Idle
D298,2023-10-07 09:06:00,Idle
D298,2023-10-07 10:13:00,Busy
D298,2023-10-07 10:50:00,Offline
D298,2023-10-07 23:50:00,Online
D298,2023-10-08 00:22:00,Idle
D298,2023-10-08 02:00:00,Busy
D298,2023-10-08 03:16:00,Busy
D298,2023-10-08 03:48:00,Idle
D298,2023-10-08 05:09:00,Idle
D298,2023-10-08 05:34:00,Idle
D298,2023-10-08 07:10:00,Busy
D298,2023-10-08 08:19:00,Busy
D298,2023-10-08 08:36:00,Offline
D298,2023-10-09 04:36:00,Online
D298,2023-10-09 06:03:00,Busy
D298,2023-10-09 06:25:00,Idle
D298,2023-10-09 08:08:00,Idle
D298,2023-10-09 08:28:00,Busy
D298,2023-10-09 09:43:00,Busy
D298,2023-10-09 10:39:00,Offline
D298,2023-10-10 10:39:00,Online
D298,2023-10-10 12:08:00,Busy
D298,2023-10-10 13:05:00,Busy
D298,2023-10-10 13:26:00,Busy
D298,2023-10-10 14:56:00,Idle
D298,2023-10-10 16:23:00,Idle
D298,2023-10-10 17:05:00,Offline
D298,2023-10-11 16:05:00,Online
D298,2023-10-11 17:32:00,Busy
D298,2023-10-11 19:10:00,Idle
D298,2023-10-11 20:53:00,Busy
D298,2023-10-11 22:36:00,Busy
D298,2023-10-11 23:29:00,Offline
D299,2023-10-03 00:00:00,Online
D299,2023-10-03 01:09:00,Idle
D299,2023-10-03 02:38:00,Idle
D299,2023-10-03 03:35:00,Busy
D299,2023-10-03 04:38:00,Busy
D299,2023-10-03 05:28:00,Busy
D299,2023-10-03 06:45:00,Busy
D299,2023-10-03 07:09:00,Offline
D299,2023-10-03 22:09:00,Online
D299,2023-10-03 23:54:00,Idle
D299,2023-10-04 00:40:00,Busy
D299,2023-10-04 01:52:00,Idle
D299,2023-10-04 03:22:00,Idle
D299,2023-10-04 05:13:00,Idle
D299,2023-10-04 06:35:00,Busy
D299,2023-10-04 08:17:00,Busy
D299,2023-10-04 09:16:00,Busy
D299,2023-10-04 10:41:00,Idle
D299,2023-10-04 11:33:00,Busy
D299,2023-10-04 12:13:00,Offline
D299,2023-10-05 05:13:00,Online
D299,2023-10-05 06:09:00,Busy
D299,2023-10-05 06:49:00,Busy
D299,2023-10-05 08:06:00,Busy
D299,2023-10-05 09:44:00,Busy
D299,2023-10-05 10:54:00,Busy
D299,2023-10-05 11:34:00,Busy
D299,2023-10-05 11:58:00,Offline
D299,2023-10-06 11:58:00,Online
D299,2023-10-06 12:33:00,Busy
D299,2023-10-06 13:40:00,Idle
D299,2023-10-06 15:05:00,Idle
D299,2023-10-06 16:02:00,Idle
D299,2023-10-06 16:44:00,Idle
D299,2023-10-06 17:01:00,Offline
D299,2023-10-07 10:01:00,Online
D299,2023-10-07 11:00:00,Busy
D299,2023-10-07 12:17:00,Busy
D299,2023-10-07 13:48:00,Idle
D299,2023-10-07 14:06:00,Busy
D299,2023-10-07 15:56:00,Idle
D299,2023-10-07 17:21:00,Idle
D299,2023-10-07 18:05:00,Idle
D299,2023-10-07 18:49:00,Busy
D299,2023-10-07 19:26:00,Offline
D299,2023-10-08 12:26:00,Online
D299,2023-10-08 13:58:00,Busy
D299,2023-10-08 14:31:00,Idle
D299,2023-10-08 15:05:00,Busy
D299,2023-10-08 16:26:00,Busy
D299,2023-10-08 16:51:00,Offline
D299,2023-10-09 16:51:00,Online
D299,2023-10-09 17:35:00,Idle
D299,2023-10-09 18:59:00,Busy
D299,2023-10-09 19:44:00,Busy
D299,2023-10-09 21:28:00,Busy
D299,2023-10-09 21:57:00,Idle
D299,2023-10-09 23:31:00,Busy
D299,2023-10-10 01:25:00,Busy
D299,2023-10-10 03:18:00,Busy
D299,2023-10-10 04:40:00,Idle
D299,2023-10-10 05:11:00,Busy
D299,2023-10-10 05:22:00,Offline
D299,2023-10-11 00:22:00,Online
D299,2023-10-11 01:06:00,Idle
D299,2023-10-11 02:48:00,Idle
D299,2023-10-11 03:07:00,Idle
D299,2023-10-11 04:54:00,Idle
D299,2023-10-11 05:53:00,Busy
D299,2023-10-11 06:30:00,Offline
D299,2023-10-12 03:30:00,Online
D299,2023-10-12 05:28:00,Idle
D299,2023-10-12 06:39:00,Idle
D299,2023-10-12 07:57:00,Idle
D299,2023-10-12 08:42:00,Idle
D299,2023-10-12 10:08:00,Idle
D299,2023-10-12 10:21:00,Offline
D299,2023-10-13 04:21:00,Online
D299,2023-10-13 05:02:00,Idle
D299,2023-10-13 06:04:00,Busy
D299,2023-10-13 07:19:00,Idle
D299,2023-10-13 07:58:00,Busy
D299,2023-10-13 08:32:00,Busy
D299,2023-10-13 10:05:00,Idle
D299,2023-10-13 11:15:00,Idle
D299,2023-10-13 12:42:00,Busy
D299,2023-10-13 14:15:00,Idle
D299,2023-10-13 15:11:00,Offline
D299,2023-10-14 14:11:00,Online
D299,2023-10-14 14:55:00,Busy
D299,2023-10-14 16:43:00,Busy
D299,2023-10-14 17:00:00,Busy
D299,2023-10-14 18:29:00,Busy
D299,2023-10-14 20:08:00,Busy
D299,2023-10-14 21:06:00,Idle
D299,2023-10-14 22:51:00,Idle
D299,2023-10-15 00:14:00,Busy
D299,2023-10-15 01:05:00,Idle
D299,2023-10-15 01:43:00,Idle
D299,2023-10-15 02:06:00,Offline
D299,2023-10-16 01:06:00,Online
D299,2023-10-16 02:54:00,Idle
D299,2023-10-16 04:05:00,Idle
D299,2023-10-16 04:46:00,Busy
D299,2023-10-16 06:29:00,Busy
D299,2023-10-16 07:48:00,Busy
D299,2023-10-16 08:48:00,Idle
D299,2023-10-16 09:29:00,Busy
D299,2023-10-16 11:26:00,Idle
D299,2023-10-16 11:41:00,Idle
D299,2023-10-16 13:23:00,Idle
D299,2023-10-16 14:15:00,Offline
D299,2023-10-17 13:15:00,Online
D299,2023-10-17 14:22:00,Idle
D299,2023-10-17 16:16:00,Busy
D299,2023-10-17 17:39:00,Idle
D299,2023-10-17 19:38:00,Idle
D299,2023-10-17 20:17:00,Offline
D299,2023-10-18 11:17:00,Online
D299,2023-10-18 11:36:00,Idle
D299,2023-10-18 12:32:00,Busy
D299,2023-10-18 14:28:00,Busy
D299,2023-10-18 16:04:00,Idle
D299,2023-10-18 16:48:00,Offline
D300,2023-10-04 00:00:00,Online
D300,2023-10-04 01:34:00,Idle
D300,2023-10-04 02:55:00,Idle
D300,2023-10-04 03:55:00,Idle
D300,2023-10-04 05:38:00,Idle
D300,2023-10-04 06:10:00,Idle
D300,2023-10-04 06:27:00,Offline
D300,2023-10-04 19:27:00,Online
D300,2023-10-04 20:01:00,Idle
D300,2023-10-04 20:33:00,Idle
D300,2023-10-04 21:32:00,Busy
D300,2023-10-04 22:37:00,Busy
D300,2023-10-04 23:24:00,Idle
D300,2023-10-04 23:46:00,Idle
D300,2023-10-05 01:43:00,Idle
D300,2023-10-05 03:09:00,Busy
D300,2023-10-05 04:04:00,Offline
D300,2023-10-06 01:04:00,Online
D300,2023-10-06 02:50:00,Idle
D300,2023-10-06 03:28:00,Busy
D300,2023-10-06 05:06:00,Busy
D300,2023-10-06 07:04:00,Busy
D300,2023-10-06 09:03:00,Busy
D300,2023-10-06 10:25:00,Busy
D300,2023-10-06 11:01:00,Idle
D300,2023-10-06 12:40:00,Idle
D300,2023-10-06 13:10:00,Offline
D300,2023-10-07 05:10:00,Online
D300,2023-10-07 06:40:00,Idle
D300,2023-10-07 08:17:00,Idle
D300,2023-10-07 09:50:00,Idle
D300,2023-10-07 11:32:00,Busy
D300,2023-10-07 12:31:00,Offline
D300,2023-10-08 03:31:00,Online
D300,2023-10-08 03:58:00,Busy
D300,2023-10-08 05:04:00,Busy
D300,2023-10-08 05:36:00,Busy
D300,2023-10-08 06:52:00,Busy
D300,2023-10-08 07:06:00,Offline
D301,2023-10-02 00:00:00,Online
D301,2023-10-02 01:16:00,Idle
D301,2023-10-02 02:19:00,Busy
D301,2023-10-02 04:01:00,Busy
D301,2023-10-02 04:32:00,Busy
D301,2023-10-02 05:36:00,Idle
D301,2023-10-02 06:53:00,Busy
D301,2023-10-02 08:10:00,Idle
D301,2023-10-02 09:51:00,Idle
D301,2023-10-02 10:45:00,Idle
D301,2023-10-02 12:16:00,Idle
D301,2023-10-02 12:38:00,Offline
D301,2023-10-03 03:38:00,Online
D301,2023-10-03 04:21:00,Busy
D301,2023-10-03 05:19:00,Busy
D301,2023-10-03 05:53:00,Busy
D301,2023-10-03 07:09:00,Idle
D301,2023-10-03 07:50:00,Idle
D301,2023-10-03 09:34:00,Idle
D301,2023-10-03 11:32:00,Busy
D301,2023-10-03 12:28:00,Idle
D301,2023-10-03 12:43:00,Busy
D301,2023-10-03 13:18:00,Idle
D301,2023-10-03 14:09:00,Offline
D301,2023-10-04 09:09:00,Online
D301,2023-10-04 10:07:00,Idle
D301,2023-10-04 11:28:00,Idle
D301,2023-10-04 11:55:00,Busy
D301,2023-10-04 12:39:00,Busy
D301,2023-10-04 14:39:00,Idle
D301,2023-10-04 16:35:00,Busy
D301,2023-10-04 17:02:00,Idle
D301,2023-10-04 17:23:00,Idle
D301,2023-10-04 18:47:00,Idle
D301,2023-10-04 19:26:00,Busy
D301,2023-10-04 20:06:00,Offline
D301,2023-10-05 20:06:00,Online
D301,2023-10-05 21:24:00,Idle
D301,2023-10-05 22:17:00,Idle
D301,2023-10-06 00:00:00,Busy
D301,2023-10-06 01:59:00,Busy
D301,2023-10-06 03:58:00,Busy
D301,2023-10-06 04:52:00,Idle
D301,2023-10-06 06:43:00,Busy
D301,2023-10-06 08:14:00,Busy
D301,2023-10-06 09:45:00,Idle
D301,2023-10-06 10:44:00,Idle
D301,2023-10-06 11:30:00,Offline
D301,2023-10-06 23:30:00,Online
D301,2023-10-06 23:46:00,Idle
D301,2023-10-07 01:10:00,Busy
D301,2023-10-07 01:54:00,Idle
D301,2023-10-07 02:51:00,Idle
D301,2023-10-07 04:35:00,Idle
D301,2023-10-07 05:34:00,Idle
D301,2023-10-07 06:01:00,Offline
D301,2023-10-07 18:01:00,Online
D301,2023-10-07 18:20:00,Busy
D301,2023-10-07 19:08:00,Busy
D301,2023-10-07 20:06:00,Idle
D301,2023-10-07 21:18:00,Busy
D301,2023-10-07 22:05:00,Offline
D301,2023-10-08 18:05:00,Online
D301,2023-10-08 18:40:00,Busy
D301,2023-10-08 19:23:00,Busy
D301,2023-10-08 19:42:00,Idle
D301,2023-10-08 20:00:00,Busy
D301,2023-10-08 20:29:00,Offline
D303,2023-10-01 00:00:00,Online
D303,2023-10-01 01:22:00,Busy
D303,2023-10-01 01:52:00,Idle
D303,2023-10-01 02:51:00,Idle
D303,2023-10-01 03:43:00,Busy
D303,2023-10-01 04:06:00,Offline
D303,2023-10-01 19:06:00,Online
D303,2023-10-01 20:04:00,Idle
D303,2023-10-01 21:54:00,Busy
D303,2023-10-01 23:26:00,Idle
D303,2023-10-02 00:07:00,Idle
D303,2023-10-02 00:31:00,Busy
D303,2023-10-02 01:10:00,Offline
D303,2023-10-02 16:10:00,Online
D303,2023-10-02 18:02:00,Idle
D303,2023-10-02 18:42:00,Busy
D303,2023-10-02 20:30:00,Busy
D303,2023-10-02 21:47:00,Busy
D303,2023-10-02 22:52:00,Idle
D303,2023-10-03 00:28:00,Busy
D303,2023-10-03 02:26:00,Idle
D303,2023-10-03 03:04:00,Offline
D303,2023-10-03 21:04:00,Online
D303,2023-10-03 22:56:00,Idle
D303,2023-10-03 23:40:00,Busy
D303,2023-10-04 01:12:00,Idle
D303,2023-10-04 02:58:00,Busy
D303,2023-10-04 04:51:00,Idle
D303,2023-10-04 05:53:00,Busy
D303,2023-10-04 06:30:00,Busy
D303,2023-10-04 07:15:00,Offline
D303,2023-10-04 22:15:00,Online
D303,2023-10-04 22:46:00,Busy
D303,2023-10-04 23:24:00,Idle
D303,2023-10-04 23:48:00,Busy
D303,2023-10-05 00:23:00,Busy
D303,2023-10-05 01:19:00,Idle
D303,2023-10-05 03:07:00,Busy
D303,2023-10-05 03:49:00,Busy
D303,2023-10-05 05:42:00,Busy
D303,2023-10-05 06:04:00,Idle
D303,2023-10-05 06:56:00,Offline
D304,2023-10-03 00:00:00,Online
D304,2023-10-03 01:18:00,Idle
D304,2023-10-03 02:18:00,Busy
D304,2023-10-03 03:10:00,Idle
D304,2023-10-03 04:58:00,Busy
D304,2023-10-03 06:57:00,Idle
D304,2023-10-03 08:42:00,Busy
D304,2023-10-03 09:43:00,Busy
D304,2023-10-03 10:49:00,Busy
D304,2023-10-03 11:37:00,Offline
D304,2023-10-04 07:37:00,Online
D304,2023-10-04 09:02:00,Busy
D304,2023-10-04 10:54:00,Busy
D304,2023-10-04 11:53:00,Idle
D304,2023-10-04 13:34:00,Idle
D304,2023-10-04 15:29:00,Idle
D304,2023-10-04 17:06:00,Idle
D304,2023-10-04 18:22:00,Busy
D304,2023-10-04 19:01:00,Offline
D304,2023-10-05 12:01:00,Online
D304,2023-10-05 13:31:00,Busy
D304,2023-10-05 14:45:00,Idle
D304,2023-10-05 15:10:00,Idle
D304,2023-10-05 16:06:00,Busy
D304,2023-10-05 17:08:00,Busy
D304,2023-10-05 17:30:00,Offline
D304,2023-10-06 06:30:00,Online
D304,2023-10-06 07:15:00,Idle
D304,2023-10-06 08:42:00,Busy
D304,2023-10-06 09:40:00,Busy
D304,2023-10-06 10:19:00,Offline
D304,2023-10-07 06:19:00,Online
D304,2023-10-07 07:49:00,Idle
D304,2023-10-07 09:04:00,Idle
D304,2023-10-07 10:28:00,Busy
D304,2023-10-07 11:57:00,Idle
D304,2023-10-07 12:27:00,Busy
D304,2023-10-07 12:42:00,Busy
D304,2023-10-07 13:23:00,Idle
D304,2023-10-07 14:09:00,Busy
D304,2023-10-07 15:08:00,Idle
D304,2023-10-07 16:58:00,Idle
D304,2023-10-07 17:19:00,Offline
D304,2023-10-08 13:19:00,Online
D304,2023-10-08 13:38:00,Idle
D304,2023-10-08 15:21:00,Idle
D304,2023-10-08 15:52:00,Idle
D304,2023-10-08 16:19:00,Offline
D304,2023-10-09 13:19:00,Online
D304,2023-10-09 14:59:00,Idle
D304,2023-10-09 16:31:00,Busy
D304,2023-10-09 17:24:00,Idle
D304,2023-10-09 18:34:00,Busy
D304,2023-10-09 18:57:00,Offline
D304,2023-10-10 17:57:00,Online
D304,2023-10-10 18:59:00,Busy
D304,2023-10-10 19:37:00,Busy
D304,2023-10-10 21:31:00,Busy
D304,2023-10-10 22:11:00,Busy
D304,2023-10-10 23:48:00,Busy
D304,2023-10-11 00:34:00,Idle
D304,2023-10-11 01:32:00,Busy
D304,2023-10-11 03:07:00,Busy
D304,2023-10-11 03:40:00,Idle
D304,2023-10-11 04:59:00,Busy
D304,2023-10-11 05:44:00,Offline
D304,2023-10-12 02:44:00,Online
D304,2023-10-12 04:16:00,Busy
D304,2023-10-12 05:45:00,Busy
D304,2023-10-12 07:03:00,Busy
D304,2023-10-12 08:05:00,Idle
D304,2023-10-12 08:17:00,Offline
D304,2023-10-13 04:17:00,Online
D304,2023-10-13 05:51:00,Busy
D304,2023-10-13 06:10:00,Idle
D304,2023-10-13 06:33:00,Idle
D304,2023-10-13 07:34:00,Idle
D304,2023-10-13 08:37:00,Idle
D304,2023-10-13 10:00:00,Idle
D304,2023-10-13 10:31:00,Idle
D304,2023-10-13 12:28:00,Idle
D304,2023-10-13 13:52:00,Busy
D304,2023-10-13 14:11:00,Idle
D304,2023-10-13 14:46:00,Offline
D304,2023-10-14 06:46:00,Online
D304,2023-10-14 07:35:00,Busy
D304,2023-10-14 09:31:00,Idle
D304,2023-10-14 11:17:00,Idle
D304,2023-10-14 11:31:00,Offline
D304,2023-10-15 07:31:00,Online
D304,2023-10-15 08:22:00,Busy
D304,2023-10-15 09:50:00,Busy
D304,2023-10-15 10:41:00,Idle
D304,2023-10-15 11:13:00,Offline
D305,2023-10-01 00:00:00,Online
D305,2023-10-01 00:39:00,Busy
D305,2023-10-01 01:00:00,Idle
D305,2023-10-01 02:26:00,Busy
D305,2023-10-01 03:16:00,Busy
D305,2023-10-01 04:27:00,Busy
D305,2023-10-01 05:59:00,Busy
D305,2023-10-01 07:34:00,Idle
D305,2023-10-01 08:21:00,Busy
D305,2023-10-01 09:06:00,Idle
D305,2023-10-01 11:05:00,Idle
D305,2023-10-01 11:59:00,Offline
D305,2023-10-02 01:59:00,Online
D305,2023-10-02 02:16:00,Idle
D305,2023-10-02 03:15:00,Idle
D305,2023-10-02 04:30:00,Idle
D305,2023-10-02 05:44:00,Busy
D305,2023-10-02 07:06:00,Idle
D305,2023-10-02 08:44:00,Busy
D305,2023-10-02 09:43:00,Idle
D305,2023-10-02 11:14:00,Busy
D305,2023-10-02 13:13:00,Busy
D305,2023-10-02 15:04:00,Busy
D305,2023-10-02 15:14:00,Offline
D305,2023-10-03 05:14:00,Online
D305,2023-10-03 06:19:00,Idle
D305,2023-10-03 07:18:00,Idle
D305,2023-10-03 08:57:00,Idle
D305,2023-10-03 10:31:00,Idle
D305,2023-10-03 12:11:00,Idle
D305,2023-10-03 13:39:00,Idle
D305,2023-10-03 15:28:00,Idle
D305,2023-10-03 17:17:00,Busy
D305,2023-10-03 18:30:00,Busy
D305,2023-10-03 19:56:00,Idle
D305,2023-10-03 20:41:00,Offline
D305,2023-10-04 15:41:00,Online
D305,2023-10-04 16:56:00,Idle
D305,2023-10-04 18:34:00,Idle
D305,2023-10-04 19:51:00,Busy
D305,2023-10-04 20:47:00,Idle
D305,2023-10-04 21:33:00,Busy
D305,2023-10-04 21:56:00,Idle
D305,2023-10-04 22:50:00,Offline
D305,2023-10-05 18:50:00,Online
D305,2023-10-05 20:11:00,Busy
D305,2023-10-05 21:57:00,Busy
D305,2023-10-05 22:32:00,Busy
D305,2023-10-06 00:16:00,Idle
D305,2023-10-06 02:04:00,Idle
D305,2023-10-06 03:24:00,Busy
D305,2023-10-06 03:37:00,Offline
D305,2023-10-07 01:37:00,Online
D305,2023-10-07 02:54:00,Busy
D305,2023-10-07 04:00:00,Busy
D305,2023-10-07 04:50:00,Busy
D305,2023-10-07 06:48:00,Busy
D305,2023-10-07 07:30:00,Idle
D305,2023-10-07 09:03:00,Idle
D305,2023-10-07 09:45:00,Busy
D305,2023-10-07 10:42:00,Busy
D305,2023-10-07 12:24:00,Busy
D305,2023-10-07 13:51:00,Busy
D305,2023-10-07 14:09:00,Offline
D305,2023-10-08 06:09:00,Online
D305,2023-10-08 07:02:00,Busy
D305,2023-10-08 08:47:00,Busy
D305,2023-10-08 10:18:00,Busy
D305,2023-10-08 11:29:00,Busy
D305,2023-10-08 11:56:00,Busy
D305,2023-10-08 13:42:00,Busy
D305,2023-10-08 13:59:00,Offline
D305,2023-10-09 11:59:00,Online
D305,2023-10-09 13:30:00,Idle
D305,2023-10-09 14:33:00,Idle
D305,2023-10-09 15:35:00,Busy
D305,2023-10-09 17:21:00,Busy
D305,2023-10-09 19:16:00,Idle
D305,2023-10-09 21:16:00,Busy
D305,2023-10-09 21:50:00,Idle
D305,2023-10-09 22:24:00,Idle
D305,2023-10-10 00:06:00,Idle
D305,2023-10-10 00:25:00,Busy
D305,2023-10-10 00:36:00,Offline
D305,2023-10-10 19:36:00,Online
D305,2023-10-10 21:05:00,Busy
D305,2023-10-10 23:01:00,Busy
D305,2023-10-10 23:17:00,Idle
D305,2023-10-11 00:44:00,Busy
D305,2023-10-11 01:16:00,Busy
D305,2023-10-11 02:27:00,Idle
D305,2023-10-11 02:51:00,Idle
D305,2023-10-11 03:22:00,Busy
D305,2023-10-11 03:37:00,Idle
D305,2023-10-11 04:40:00,Busy
D305,2023-10-11 05:32:00,Offline
D305,2023-10-11 19:32:00,Online
D305,2023-10-11 21:21:00,Busy
D305,2023-10-11 21:40:00,Busy
D305,2023-10-11 22:47:00,Busy
D305,2023-10-12 00:27:00,Busy
D305,2023-10-12 01:52:00,Busy
D305,2023-10-12 02:08:00,Offline
D306,2023-10-01 00:00:00,Online
D306,2023-10-01 01:38:00,Busy
D306,2023-10-01 03:06:00,Idle
D306,2023-10-01 03:34:00,Idle
D306,2023-10-01 04:45:00,Idle
D306,2023-10-01 06:21:00,Busy
D306,2023-10-01 06:43:00,Busy
D306,2023-10-01 08:10:00,Busy
D306,2023-10-01 08:44:00,Busy
D306,2023-10-01 10:20:00,Idle
D306,2023-10-01 12:09:00,Busy
D306,2023-10-01 12:35:00,Offline
D306,2023-10-02 08:35:00,Online
D306,2023-10-02 09:22:00,Busy
D306,2023-10-02 09:43:00,Busy
D306,2023-10-02 10:19:00,Busy
D306,2023-10-02 12:13:00,Idle
D306,2023-10-02 13:24:00,Busy
D306,2023-10-02 15:11:00,Busy
D306,2023-10-02 16:58:00,Idle
D306,2023-10-02 17:52:00,Offline
D306,2023-10-03 10:52:00,Online
D306,2023-10-03 12:24:00,Busy
D306,2023-10-03 13:49:00,Busy
D306,2023-10-03 15:29:00,Idle
D306,2023-10-03 16:03:00,Idle
D306,2023-10-03 17:23:00,Idle
D306,2023-10-03 18:24:00,Busy
D306,2023-10-03 19:23:00,Idle
D306,2023-10-03 20:37:00,Idle
D306,2023-10-03 21:15:00,Idle
D306,2023-10-03 21:59:00,Busy
D306,2023-10-03 22:44:00,Offline
D306,2023-10-04 16:44:00,Online
D306,2023-10-04 17:12:00,Busy
D306,2023-10-04 19:06:00,Idle
D306,2023-10-04 20:12:00,Idle
D306,2023-10-04 21:16:00,Idle
D306,2023-10-04 21:39:00,Offline
D306,2023-10-05 15:39:00,Online
D306,2023-10-05 17:00:00,Busy
D306,2023-10-05 17:15:00,Idle
D306,2023-10-05 18:12:00,Busy
D306,2023-10-05 18:28:00,Busy
D306,2023-10-05 19:39:00,Busy
D306,2023-10-05 19:57:00,Busy
D306,2023-10-05 20:19:00,Busy
D306,2023-10-05 20:54:00,Offline
D306,2023-10-06 12:54:00,Online
D306,2023-10-06 14:07:00,Idle
D306,2023-10-06 14:57:00,Idle
D306,2023-10-06 16:20:00,Idle
D306,2023-10-06 17:22:00,Idle
D306,2023-10-06 18:58:00,Idle
D306,2023-10-06 20:39:00,Busy
D306,2023-10-06 22:33:00,Idle
D306,2023-10-06 23:24:00,Offline
D306,2023-10-07 20:24:00,Online
D306,2023-10-07 21:16:00,Idle
D306,2023-10-07 22:27:00,Idle
D306,2023-10-07 23:28:00,Busy
D306,2023-10-08 00:05:00,Idle
D306,2023-10-08 01:38:00,Busy
D306,2023-10-08 03:13:00,Busy
D306,2023-10-08 04:04:00,Offline
D306,2023-10-08 20:04:00,Online
D306,2023-10-08 22:02:00,Idle
D306,2023-10-08 22:58:00,Busy
D306,2023-10-09 00:56:00,Idle
D306,2023-10-09 02:10:00,Busy
D306,2023-10-09 02:26:00,Busy
D306,2023-10-09 03:48:00,Busy
D306,2023-10-09 04:53:00,Idle
D306,2023-10-09 06:23:00,Busy
D306,2023-10-09 07:23:00,Busy
D306,2023-10-09 07:46:00,Offline
D306,2023-10-10 06:46:00,Online
D306,2023-10-10 07:36:00,Idle
D306,2023-10-10 09:07:00,Busy
D306,2023-10-10 09:52:00,Idle
D306,2023-10-10 11:00:00,Busy
D306,2023-10-10 12:47:00,Idle
D306,2023-10-10 14:30:00,Idle
D306,2023-10-10 15:25:00,Offline
D306,2023-10-11 05:25:00,Online
D306,2023-10-11 06:24:00,Busy
D306,2023-10-11 07:42:00,Busy
D306,2023-10-11 08:19:00,Idle
D306,2023-10-11 09:13:00,Idle
D306,2023-10-11 10:13:00,Idle
D306,2023-10-11 11:28:00,Busy
D306,2023-10-11 12:56:00,Idle
D306,2023-10-11 14:18:00,Idle
D306,2023-10-11 15:24:00,Idle
D306,2023-10-11 15:57:00,Busy
D306,2023-10-11 16:32:00,Offline
D306,2023-10-12 13:32:00,Online
D306,2023-10-12 14:47:00,Busy
D306,2023-10-12 16:37:00,Busy
D306,2023-10-12 17:25:00,Idle
D306,2023-10-12 18:00:00,Busy
D306,2023-10-12 18:33:00,Idle
D306,2023-10-12 19:06:00,Idle
D306,2023-10-12 21:05:00,Busy
D306,2023-10-12 21:21:00,Busy
D306,2023-10-12 22:34:00,Idle
D306,2023-10-12 22:51:00,Busy
D306,2023-10-12 23:20:00,Offline
D307,2023-10-05 00:00:00,Online
D307,2023-10-05 01:17:00,Busy
D307,2023-10-05 03:02:00,Busy
D307,2023-10-05 04:26:00,Busy
D307,2023-10-05 05:56:00,Idle
D307,2023-10-05 07:11:00,Idle
D307,2023-10-05 07:23:00,Offline
D307,2023-10-06 07:23:00,Online
D307,2023-10-06 08:47:00,Busy
D307,2023-10-06 10:17:00,Idle
D307,2023-10-06 10:43:00,Busy
D307,2023-10-06 12:29:00,Busy
D307,2023-10-06 13:07:00,Offline
D307,2023-10-07 04:07:00,Online
D307,2023-10-07 04:38:00,Idle
D307,2023-10-07 05:49:00,Idle
D307,2023-10-07 06:53:00,Idle
D307,2023-10-07 08:17:00,Idle
D307,2023-10-07 09:07:00,Idle
D307,2023-10-07 10:05:00,Busy
D307,2023-10-07 11:28:00,Idle
D307,2023-10-07 13:21:00,Idle
D307,2023-10-07 13:48:00,Idle
D307,2023-10-07 15:06:00,Idle
D307,2023-10-07 15:52:00,Offline
D307,2023-10-08 03:52:00,Online
D307,2023-10-08 04:24:00,Idle
D307,2023-10-08 05:02:00,Idle
D307,2023-10-08 06:47:00,Busy
D307,2023-10-08 07:15:00,Busy
D307,2023-10-08 08:32:00,Idle
D307,2023-10-08 08:53:00,Idle
D307,2023-10-08 10:11:00,Idle
D307,2023-10-08 12:03:00,Idle
D307,2023-10-08 13:04:00,Busy
D307,2023-10-08 13:58:00,Offline
D307,2023-10-09 07:58:00,Online
D307,2023-10-09 08:33:00,Idle
D307,2023-10-09 10:18:00,Busy
D307,2023-10-09 10:44:00,Idle
D307,2023-10-09 11:45:00,Idle
D307,2023-10-09 13:03:00,Idle
D307,2023-10-09 13:45:00,Busy
D307,2023-10-09 15:17:00,Busy
D307,2023-10-09 16:28:00,Busy
D307,2023-10-09 17:19:00,Offline
D307,2023-10-10 15:19:00,Online
D307,2023-10-10 16:49:00,Idle
D307,2023-10-10 18:39:00,Idle
D307,2023-10-10 19:35:00,Idle
D307,2023-10-10 20:20:00,Busy
D307,2023-10-10 21:54:00,Busy
D307,2023-10-10 22:12:00,Busy
D307,2023-10-10 23:47:00,Idle
D307,2023-10-11 01:00:00,Idle
D307,2023-10-11 02:24:00,Idle
D307,2023-10-11 04:18:00,Idle
D307,2023-10-11 04:39:00,Offline
D307,2023-10-12 03:39:00,Online
D307,2023-10-12 04:06:00,Idle
D307,2023-10-12 06:06:00,Idle
D307,2023-10-12 07:22:00,Busy
D307,2023-10-12 08:05:00,Idle
D307,2023-10-12 08:30:00,Idle
D307,2023-10-12 08:49:00,Busy
D307,2023-10-12 09:35:00,Idle
D307,2023-10-12 11:34:00,Busy
D307,2023-10-12 13:03:00,Busy
D307,2023-10-12 14:26:00,Idle
D307,2023-10-12 14:37:00,Offline
D307,2023-10-13 12:37:00,Online
D307,2023-10-13 14:13:00,Busy
D307,2023-10-13 15:05:00,Idle
D307,2023-10-13 16:52:00,Busy
D307,2023-10-13 18:04:00,Busy
D307,2023-10-13 19:19:00,Idle
D307,2023-10-13 19:40:00,Busy
D307,2023-10-13 21:14:00,Busy
D307,2023-10-13 21:30:00,Offline
D307,2023-10-14 16:30:00,Online
D307,2023-10-14 17:20:00,Busy
D307,2023-10-14 17:49:00,Busy
D307,2023-10-14 19:08:00,Busy
D307,2023-10-14 19:20:00,Offline
D307,2023-10-15 15:20:00,Online
D307,2023-10-15 16:38:00,Idle
D307,2023-10-15 17:09:00,Busy
D307,2023-10-15 17:57:00,Idle
D307,2023-10-15 18:47:00,Busy
D307,2023-10-15 19:19:00,Busy
D307,2023-10-15 21:10:00,Busy
D307,2023-10-15 21:41:00,Offline
D307,2023-10-16 16:41:00,Online
D307,2023-10-16 18:34:00,Idle
D307,2023-10-16 19:56:00,Idle
D307,2023-10-16 20:47:00,Busy
D307,2023-10-16 22:28:00,Idle
D307,2023-10-16 22:48:00,Idle
D307,2023-10-16 23:36:00,Busy
D307,2023-10-17 00:58:00,Busy
D307,2023-10-17 02:55:00,Busy
D307,2023-10-17 03:30:00,Busy
D307,2023-10-17 04:55:00,Busy
D307,2023-10-17 05:21:00,Offline
D307,2023-10-17 21:21:00,Online
D307,2023-10-17 22:39:00,Idle
D307,2023-10-18 00:08:00,Idle
D307,2023-10-18 00:37:00,Idle
D307,2023-10-18 01:21:00,Idle
D307,2023-10-18 02:07:00,Busy
D307,2023-10-18 02:43:00,Idle
D307,2023-10-18 04:42:00,Busy
D307,2023-10-18 05:43:00,Idle
D307,2023-10-18 06:11:00,Offline
D307,2023-10-19 00:11:00,Online
D307,2023-10-19 01:02:00,Busy
D307,2023-10-19 01:56:00,Idle
D307,2023-10-19 02:17:00,Idle
D307,2023-10-19 02:39:00,Idle
D307,2023-10-19 03:44:00,Busy
D307,2023-10-19 04:37:00,Offline
D308,2023-10-03 00:00:00,Online
D308,2023-10-03 00:57:00,Idle
D308,2023-10-03 02:20:00,Busy
D308,2023-10-03 02:42:00,Busy
D308,2023-10-03 04:06:00,Idle
D308,2023-10-03 04:24:00,Offline
D308,2023-10-03 16:24:00,Online
D308,2023-10-03 17:51:00,Busy
D308,2023-10-03 18:54:00,Idle
D308,2023-10-03 19:36:00,Busy
D308,2023-10-03 19:48:00,Offline
D308,2023-10-04 11:48:00,Online
D308,2023-10-04 13:17:00,Busy
D308,2023-10-04 13:46:00,Busy
D308,2023-10-04 15:05:00,Busy
D308,2023-10-04 15:37:00,Busy
D308,2023-10-04 16:57:00,Idle
D308,2023-10-04 18:48:00,Busy
D308,2023-10-04 20:45:00,Idle
D308,2023-10-04 20:59:00,Offline
D308,2023-10-05 08:59:00,Online
D308,2023-10-05 09:46:00,Idle
D308,2023-10-05 10:12:00,Busy
D308,2023-10-05 12:09:00,Idle
D308,2023-10-05 12:39:00,Busy
D308,2023-10-05 13:24:00,Idle
D308,2023-10-05 15:08:00,Idle
D308,2023-10-05 16:08:00,Offline
D308,2023-10-06 10:08:00,Online
D308,2023-10-06 10:30:00,Busy
D308,2023-10-06 11:00:00,Idle
D308,2023-10-06 12:03:00,Busy
D308,2023-10-06 13:12:00,Busy
D308,2023-10-06 13:57:00,Busy
D308,2023-10-06 15:33:00,Idle
D308,2023-10-06 15:51:00,Offline
D308,2023-10-07 14:51:00,Online
D308,2023-10-07 16:40:00,Idle
D308,2023-10-07 17:24:00,Idle
D308,2023-10-07 17:46:00,Busy
D308,2023-10-07 18:26:00,Offline
D308,2023-10-08 06:26:00,Online
D308,2023-10-08 08:23:00,Idle
D308,2023-10-08 09:27:00,Idle
D308,2023-10-08 11:08:00,Busy
D308,2023-10-08 12:06:00,Offline
D308,2023-10-09 06:06:00,Online
D308,2023-10-09 06:40:00,Idle
D308,2023-10-09 07:13:00,Idle
D308,2023-10-09 08:36:00,Idle
D308,2023-10-09 09:30:00,Busy
D308,2023-10-09 10:49:00,Busy
D308,2023-10-09 11:07:00,Offline
D308,2023-10-10 09:07:00,Online
D308,2023-10-10 09:46:00,Idle
D308,2023-10-10 10:31:00,Idle
D308,2023-10-10 11:22:00,Idle
D308,2023-10-10 12:43:00,Idle
D308,2023-10-10 13:15:00,Busy
D308,2023-10-10 14:34:00,Idle
D308,2023-10-10 15:05:00,Busy
D308,2023-10-10 15:21:00,Idle
D308,2023-10-10 16:49:00,Busy
D308,2023-10-10 17:08:00,Busy
D308,2023-10-10 17:23:00,Offline
D308,2023-10-11 11:23:00,Online
D308,2023-10-11 12:09:00,Busy
D308,2023-10-11 13:35:00,Busy
D308,2023-10-11 14:34:00,Idle
D308,2023-10-11 15:18:00,Idle
D308,2023-10-11 15:55:00,Idle
D308,2023-10-11 16:10:00,Idle
D308,2023-10-11 17:32:00,Idle
D308,2023-10-11 19:20:00,Busy
D308,2023-10-11 20:26:00,Busy
D308,2023-10-11 20:45:00,Idle
D308,2023-10-11 21:11:00,Offline
D309,2023-10-05 00:00:00,Online
D309,2023-10-05 00:33:00,Idle
D309,2023-10-05 01:18:00,Busy
D309,2023-10-05 03:01:00,Busy
D309,2023-10-05 03:16:00,Busy
D309,2023-10-05 04:22:00,Busy
D309,2023-10-05 05:01:00,Busy
D309,2023-10-05 05:49:00,Offline
D309,2023-10-06 02:49:00,Online
D309,2023-10-06 03:30:00,Busy
D309,2023-10-06 05:01:00,Busy
D309,2023-10-06 06:17:00,Busy
D309,2023-10-06 07:34:00,Idle
D309,2023-10-06 08:37:00,Idle
D309,2023-10-06 09:45:00,Idle
D309,2023-10-06 11:36:00,Busy
D309,2023-10-06 12:07:00,Busy
D309,2023-10-06 13:08:00,Idle
D309,2023-10-06 13:22:00,Offline
D309,2023-10-07 10:22:00,Online
D309,2023-10-07 12:09:00,Idle
D309,2023-10-07 13:03:00,Idle
D309,2023-10-07 14:19:00,Busy
D309,2023-10-07 16:15:00,Busy
D309,2023-10-07 17:50:00,Idle
D309,2023-10-07 18:36:00,Busy
D309,2023-10-07 18:56:00,Busy
D309,2023-10-07 19:16:00,Offline
D309,2023-10-08 17:16:00,Online
D309,2023-10-08 18:13:00,Busy
D309,2023-10-08 19:33:00,Busy
D309,2023-10-08 21:22:00,Idle
D309,2023-10-08 22:57:00,Idle
D309,2023-10-09 00:33:00,Busy
D309,2023-10-09 01:14:00,Busy
D309,2023-10-09 02:13:00,Idle
D309,2023-10-09 03:28:00,Idle
D309,2023-10-09 04:16:00,Offline
D309,2023-10-10 02:16:00,Online
D309,2023-10-10 03:43:00,Idle
D309,2023-10-10 04:34:00,Idle
D309,2023-10-10 05:16:00,Busy
D309,2023-10-10 06:47:00,Idle
D309,2023-10-10 07:03:00,Offline
D309,2023-10-11 02:03:00,Online
D309,2023-10-11 02:43:00,Busy
D309,2023-10-11 04:33:00,Busy
D309,2023-10-11 05:05:00,Idle
D309,2023-10-11 06:15:00,Busy
D309,2023-10-11 08:01:00,Busy
D309,2023-10-11 09:08:00,Busy
D309,2023-10-11 10:43:00,Busy
D309,2023-10-11 11:41:00,Busy
D309,2023-10-11 11:52:00,Offline
D309,2023-10-12 00:52:00,Online
D309,2023-10-12 01:45:00,Busy
D309,2023-10-12 03:12:00,Idle
D309,2023-10-12 03:50:00,Busy
D309,2023-10-12 04:18:00,Offline
D309,2023-10-13 00:18:00,Online
D309,2023-10-13 00:54:00,Idle
D309,2023-10-13 02:53:00,Idle
D309,2023-10-13 03:46:00,Idle
D309,2023-10-13 04:42:00,Offline
D310,2023-10-03 00:00:00,Online
D310,2023-10-03 00:15:00,Idle
D310,2023-10-03 00:51:00,Idle
D310,2023-10-03 01:57:00,Busy
D310,2023-10-03 02:56:00,Busy
D310,2023-10-03 03:44:00,Idle
D310,2023-10-03 04:01:00,Busy
D310,2023-10-03 05:48:00,Busy
D310,2023-10-03 06:53:00,Idle
D310,2023-10-03 08:01:00,Busy
D310,2023-10-03 08:16:00,Busy
D310,2023-10-03 09:02:00,Offline
D310,2023-10-04 01:02:00,Online
D310,2023-10-04 01:30:00,Idle
D310,2023-10-04 02:32:00,Busy
D310,2023-10-04 03:10:00,Idle
D310,2023-10-04 03:59:00,Idle
D310,2023-10-04 04:42:00,Offline
D310,2023-10-05 00:42:00,Online
D310,2023-10-05 02:06:00,Busy
D310,2023-10-05 03:20:00,Busy
D310,2023-10-05 05:09:00,Idle
D310,2023-10-05 05:26:00,Idle
D310,2023-10-05 07:11:00,Idle
D310,2023-10-05 07:22:00,Offline
D310,2023-10-06 01:22:00,Online
D310,2023-10-06 02:03:00,Idle
D310,2023-10-06 03:55:00,Busy
D310,2023-10-06 05:39:00,Busy
D310,2023-10-06 06:29:00,Busy
D310,2023-10-06 06:59:00,Busy
D310,2023-10-06 07:31:00,Offline
D310,2023-10-07 02:31:00,Online
D310,2023-10-07 04:20:00,Idle
D310,2023-10-07 06:20:00,Idle
D310,2023-10-07 08:16:00,Idle
D310,2023-10-07 09:23:00,Busy
D310,2023-10-07 10:37:00,Idle
D310,2023-10-07 11:23:00,Offline
D310,2023-10-08 07:23:00,Online
D310,2023-10-08 08:33:00,Busy
D310,2023-10-08 09:46:00,Busy
D310,2023-10-08 11:44:00,Busy
D310,2023-10-08 13:29:00,Idle
D310,2023-10-08 14:51:00,Idle
D310,2023-10-08 16:51:00,Idle
D310,2023-10-08 17:32:00,Offline
D310,2023-10-09 09:32:00,Online
D310,2023-10-09 11:03:00,Idle
D310,2023-10-09 12:08:00,Busy
D310,2023-10-09 13:46:00,Busy
D310,2023-10-09 15:35:00,Idle
D310,2023-10-09 17:35:00,Busy
D310,2023-10-09 18:05:00,Busy
D310,2023-10-09 18:25:00,Idle
D310,2023-10-09 19:52:00,Idle
D310,2023-10-09 20:13:00,Busy
D310,2023-10-09 21:08:00,Offline
D310,2023-10-10 21:08:00,Online
D310,2023-10-10 21:50:00,Idle
D310,2023-10-10 22:31:00,Busy
D310,2023-10-10 23:36:00,Idle
D310,2023-10-11 00:52:00,Idle
D310,2023-10-11 01:08:00,Busy
D310,2023-10-11 02:54:00,Idle
D310,2023-10-11 03:34:00,Offline
D310,2023-10-12 00:34:00,Online
D310,2023-10-12 01:49:00,Idle
D310,2023-10-12 02:41:00,Busy
D310,2023-10-12 03:34:00,Idle
D310,2023-10-12 05:23:00,Idle
D310,2023-10-12 06:14:00,Offline
D310,2023-10-12 19:14:00,Online
D310,2023-10-12 20:40:00,Busy
D310,2023-10-12 21:58:00,Busy
D310,2023-10-12 23:48:00,Busy
D310,2023-10-13 01:09:00,Busy
D310,2023-10-13 03:00:00,Idle
D310,2023-10-13 03:26:00,Idle
D310,2023-10-13 04:57:00,Busy
D310,2023-10-13 06:24:00,Busy
D310,2023-10-13 06:40:00,Busy
D310,2023-10-13 07:41:00,Busy
D310,2023-10-13 08:22:00,Offline
D310,2023-10-14 06:22:00,Online
D310,2023-10-14 07:57:00,Busy
D310,2023-10-14 09:05:00,Busy
D310,2023-10-14 09:23:00,Idle
D310,2023-10-14 10:52:00,Busy
D310,2023-10-14 11:42:00,Busy
D310,2023-10-14 12:21:00,Busy
D310,2023-10-14 13:37:00,Busy
D310,2023-10-14 13:53:00,Offline
D310,2023-10-15 06:53:00,Online
D310,2023-10-15 07:30:00,Idle
D310,2023-10-15 09:19:00,Busy
D310,2023-10-15 10:19:00,Busy
D310,2023-10-15 11:01:00,Offline
D311,2023-10-04 00:00:00,Online
D311,2023-10-04 01:34:00,Idle
D311,2023-10-04 02:13:00,Busy
D311,2023-10-04 03:44:00,Busy
D311,2023-10-04 04:32:00,Busy
D311,2023-10-04 05:07:00,Offline
D311,2023-10-04 20:07:00,Online
D311,2023-10-04 21:49:00,Busy
D311,2023-10-04 23:49:00,Idle
D311,2023-10-05 01:40:00,Busy
D311,2023-10-05 02:12:00,Busy
D311,2023-10-05 02:43:00,Busy
D311,2023-10-05 03:35:00,Idle
D311,2023-10-05 04:33:00,Busy
D311,2023-10-05 04:58:00,Offline
D311,2023-10-06 01:58:00,Online
D311,2023-10-06 02:31:00,Idle
D311,2023-10-06 03:46:00,Busy
D311,2023-10-06 05:24:00,Busy
D311,2023-10-06 06:48:00,Busy
D311,2023-10-06 07:08:00,Idle
D311,2023-10-06 08:48:00,Busy
D311,2023-10-06 09:22:00,Offline
D311,2023-10-07 07:22:00,Online
D311,2023-10-07 09:05:00,Idle
D311,2023-10-07 10:50:00,Busy
D311,2023-10-07 11:15:00,Idle
D311,2023-10-07 12:09:00,Busy
D311,2023-10-07 13:34:00,Idle
D311,2023-10-07 14:20:00,Idle
D311,2023-10-07 15:11:00,Busy
D311,2023-10-07 16:27:00,Busy
D311,2023-10-07 16:52:00,Busy
D311,2023-10-07 17:40:00,Offline
D311,2023-10-08 13:40:00,Online
D311,2023-10-08 15:04:00,Busy
D311,2023-10-08 15:56:00,Busy
D311,2023-10-08 16:30:00,Busy
D311,2023-10-08 17:32:00,Idle
D311,2023-10-08 18:01:00,Offline
D311,2023-10-09 09:01:00,Online
D311,2023-10-09 09:28:00,Busy
D311,2023-10-09 11:27:00,Idle
D311,2023-10-09 13:18:00,Busy
D311,2023-10-09 14:07:00,Busy
D311,2023-10-09 14:32:00,Idle
D311,2023-10-09 14:57:00,Idle
D311,2023-10-09 16:06:00,Busy
D311,2023-10-09 17:48:00,Busy
D311,2023-10-09 18:37:00,Offline
D311,2023-10-10 10:37:00,Online
D311,2023-10-10 11:26:00,Idle
D311,2023-10-10 12:57:00,Busy
D311,2023-10-10 14:11:00,Idle
D311,2023-10-10 15:39:00,Busy
D311,2023-10-10 15:57:00,Busy
D311,2023-10-10 16:24:00,Busy
D311,2023-10-10 17:12:00,Offline
D312,2023-10-06 00:00:00,Online
D312,2023-10-06 00:29:00,Idle
D312,2023-10-06 02:07:00,Busy
D312,2023-10-06 03:23:00,Idle
D312,2023-10-06 04:23:00,Busy
D312,2023-10-06 04:56:00,Offline
D312,2023-10-07 03:56:00,Online
D312,2023-10-07 05:48:00,Idle
D312,2023-10-07 06:51:00,Busy
D312,2023-10-07 08:17:00,Busy
D312,2023-10-07 09:59:00,Busy
D312,2023-10-07 11:10:00,Busy
D312,2023-10-07 13:07:00,Idle
D312,2023-10-07 14:06:00,Idle
D312,2023-10-07 14:20:00,Offline
D312,2023-10-08 11:20:00,Online
D312,2023-10-08 11:54:00,Idle
D312,2023-10-08 12:26:00,Busy
D312,2023-10-08 13:35:00,Busy
D312,2023-10-08 15:29:00,Busy
D312,2023-10-08 16:25:00,Busy
D312,2023-10-08 16:59:00,Idle
D312,2023-10-08 17:19:00,Busy
D312,2023-10-08 18:11:00,Offline
D312,2023-10-09 17:11:00,Online
D312,2023-10-09 17:42:00,Idle
D312,2023-10-09 18:14:00,Busy
D312,2023-10-09 20:09:00,Busy
D312,2023-10-09 22:02:00,Idle
D312,2023-10-09 22:33:00,Busy
D312,2023-10-10 00:26:00,Idle
D312,2023-10-10 01:06:00,Idle
D312,2023-10-10 02:12:00,Busy
D312,2023-10-10 04:06:00,Idle
D312,2023-10-10 05:09:00,Busy
D312,2023-10-10 05:59:00,Offline
D312,2023-10-10 22:59:00,Online
D312,2023-10-10 23:38:00,Idle
D312,2023-10-11 00:19:00,Idle
D312,2023-10-11 01:06:00,Busy
D312,2023-10-11 02:48:00,Busy
D312,2023-10-11 03:08:00,Idle
D312,2023-10-11 04:32:00,Busy
D312,2023-10-11 05:40:00,Busy
D312,2023-10-11 06:29:00,Idle
D312,2023-10-11 07:29:00,Idle
D312,2023-10-11 07:55:00,Idle
D312,2023-10-11 08:21:00,Offline
D312,2023-10-11 22:21:00,Online
D312,2023-10-11 23:03:00,Busy
D312,2023-10-11 23:22:00,Busy
D312,2023-10-12 00:51:00,Idle
D312,2023-10-12 02:39:00,Idle
D312,2023-10-12 04:10:00,Idle
D312,2023-10-12 04:41:00,Offline
D312,2023-10-12 21:41:00,Online
D312,2023-10-12 22:47:00,Idle
D312,2023-10-13 00:26:00,Busy
D312,2023-10-13 01:26:00,Busy
D312,2023-10-13 02:04:00,Idle
D312,2023-10-13 02:25:00,Idle
D312,2023-10-13 03:09:00,Idle
D312,2023-10-13 03:45:00,Idle
D312,2023-10-13 04:20:00,Busy
D312,2023-10-13 05:52:00,Idle
D312,2023-10-13 07:17:00,Busy
D312,2023-10-13 07:43:00,Offline
D312,2023-10-14 00:43:00,Online
D312,2023-10-14 02:43:00,Busy
D312,2023-10-14 04:01:00,Idle
D312,2023-10-14 04:18:00,Idle
D312,2023-10-14 05:24:00,Busy
D312,2023-10-14 07:06:00,Idle
D312,2023-10-14 08:51:00,Idle
D312,2023-10-14 09:12:00,Offline
D312,2023-10-15 08:12:00,Online
D312,2023-10-15 09:25:00,Idle
D312,2023-10-15 10:50:00,Idle
D312,2023-10-15 11:20:00,Idle
D312,2023-10-15 12:09:00,Idle
D312,2023-10-15 13:28:00,Busy
D312,2023-10-15 14:13:00,Idle
D312,2023-10-15 14:47:00,Busy
D312,2023-10-15 15:42:00,Idle
D312,2023-10-15 16:49:00,Idle
D312,2023-10-15 17:40:00,Idle
D312,2023-10-15 18:10:00,Offline
D312,2023-10-16 13:10:00,Online
D312,2023-10-16 14:09:00,Idle
D312,2023-10-16 14:37:00,Busy
D312,2023-10-16 14:56:00,Idle
D312,2023-10-16 15:47:00,Busy
D312,2023-10-16 16:41:00,Idle
D312,2023-10-16 17:27:00,Idle
D312,2023-10-16 18:17:00,Offline
D315,2023-10-06 00:00:00,Online
D315,2023-10-06 01:36:00,Idle
D315,2023-10-06 02:15:00,Idle
D315,2023-10-06 04:13:00,Idle
D315,2023-10-06 05:54:00,Busy
D315,2023-10-06 07:37:00,Busy
D315,2023-10-06 07:56:00,Busy
D315,2023-10-06 08:28:00,Busy
D315,2023-10-06 10:04:00,Idle
D315,2023-10-06 10:42:00,Busy
D315,2023-10-06 11:31:00,Offline
D315,2023-10-07 06:31:00,Online
D315,2023-10-07 07:11:00,Idle
D315,2023-10-07 08:33:00,Busy
D315,2023-10-07 09:03:00,Idle
D315,2023-10-07 10:52:00,Idle
D315,2023-10-07 11:07:00,Idle
D315,2023-10-07 12:57:00,Busy
D315,2023-10-07 14:06:00,Busy
D315,2023-10-07 14:21:00,Offline
D315,2023-10-08 12:21:00,Online
D315,2023-10-08 13:39:00,Idle
D315,2023-10-08 15:13:00,Idle
D315,2023-10-08 15:53:00,Idle
D315,2023-10-08 17:23:00,Busy
D315,2023-10-08 18:30:00,Idle
D315,2023-10-08 19:26:00,Busy
D315,2023-10-08 21:05:00,Busy
D315,2023-10-08 21:47:00,Offline
D315,2023-10-09 10:47:00,Online
D315,2023-10-09 11:32:00,Busy
D315,2023-10-09 13:00:00,Idle
D315,2023-10-09 14:44:00,Idle
D315,2023-10-09 16:26:00,Idle
D315,2023-10-09 18:07:00,Idle
D315,2023-10-09 20:06:00,Busy
D315,2023-10-09 21:09:00,Busy
D315,2023-10-09 22:16:00,Busy
D315,2023-10-09 23:12:00,Offline
D315,2023-10-10 19:12:00,Online
D315,2023-10-10 19:44:00,Busy
D315,2023-10-10 20:13:00,Busy
D315,2023-10-10 21:56:00,Busy
D315,2023-10-10 23:22:00,Idle
D315,2023-10-11 00:33:00,Idle
D315,2023-10-11 01:29:00,Busy
D315,2023-10-11 02:31:00,Busy
D315,2023-10-11 04:28:00,Idle
D315,2023-10-11 05:16:00,Idle
D315,2023-10-11 06:57:00,Busy
D315,2023-10-11 07:36:00,Offline
D315,2023-10-11 19:36:00,Online
D315,2023-10-11 20:51:00,Idle
D315,2023-10-11 22:40:00,Busy
D315,2023-10-11 23:31:00,Busy
D315,2023-10-12 00:44:00,Idle
D315,2023-10-12 01:49:00,Idle
D315,2023-10-12 02:08:00,Offline
D315,2023-10-12 19:08:00,Online
D315,2023-10-12 21:03:00,Busy
D315,2023-10-12 22:59:00,Idle
D315,2023-10-12 23:58:00,Busy
D315,2023-10-13 00:35:00,Busy
D315,2023-10-13 02:00:00,Busy
D315,2023-10-13 03:45:00,Idle
D315,2023-10-13 05:18:00,Idle
D315,2023-10-13 05:41:00,Idle
D315,2023-10-13 06:13:00,Idle
D315,2023-10-13 06:50:00,Offline
D315,2023-10-14 03:50:00,Online
D315,2023-10-14 05:18:00,Idle
D315,2023-10-14 06:22:00,Idle
D315,2023-10-14 07:04:00,Idle
D315,2023-10-14 07:35:00,Busy
D315,2023-10-14 08:35:00,Idle
D315,2023-10-14 09:27:00,Idle
D315,2023-10-14 10:57:00,Busy
D315,2023-10-14 12:42:00,Idle
D315,2023-10-14 14:01:00,Busy
D315,2023-10-14 14:13:00,Offline
D316,2023-10-06 00:00:00,Online
D316,2023-10-06 01:48:00,Busy
D316,2023-10-06 02:38:00,Busy
D316,2023-10-06 04:14:00,Busy
D316,2023-10-06 04:52:00,Offline
D316,2023-10-07 00:52:00,Online
D316,2023-10-07 02:32:00,Busy
D316,2023-10-07 04:13:00,Busy
D316,2023-10-07 05:19:00,Busy
D316,2023-10-07 05:44:00,Idle
D316,2023-10-07 06:32:00,Idle
D316,2023-10-07 06:45:00,Offline
D316,2023-10-08 06:45:00,Online
D316,2023-10-08 07:00:00,Idle
D316,2023-10-08 07:47:00,Busy
D316,2023-10-08 09:06:00,Busy
D316,2023-10-08 09:31:00,Idle
D316,2023-10-08 11:12:00,Busy
D316,2023-10-08 12:34:00,Idle
D316,2023-10-08 13:27:00,Idle
D316,2023-10-08 13:56:00,Busy
D316,2023-10-08 14:24:00,Offline
D316,2023-10-09 02:24:00,Online
D316,2023-10-09 04:07:00,Idle
D316,2023-10-09 05:26:00,Busy
D316,2023-10-09 06:05:00,Busy
D316,2023-10-09 07:21:00,Busy
D316,2023-10-09 07:42:00,Idle
D316,2023-10-09 07:57:00,Idle
D316,2023-10-09 08:26:00,Idle
D316,2023-10-09 08:49:00,Offline
D316,2023-10-10 08:49:00,Online
D316,2023-10-10 09:53:00,Idle
D316,2023-10-10 10:56:00,Idle
D316,2023-10-10 11:46:00,Idle
D316,2023-10-10 12:07:00,Idle
D316,2023-10-10 12:36:00,Busy
D316,2023-10-10 14:12:00,Busy
D316,2023-10-10 15:37:00,Idle
D316,2023-10-10 16:24:00,Idle
D316,2023-10-10 17:19:00,Offline
D316,2023-10-11 17:19:00,Online
D316,2023-10-11 18:41:00,Idle
D316,2023-10-11 19:39:00,Idle
D316,2023-10-11 20:54:00,Busy
D316,2023-10-11 22:35:00,Idle
D316,2023-10-11 23:06:00,Offline
D316,2023-10-12 12:06:00,Online
D316,2023-10-12 13:27:00,Idle
D316,2023-10-12 14:40:00,Busy
D316,2023-10-12 15:31:00,Busy
D316,2023-10-12 16:04:00,Idle
D316,2023-10-12 16:36:00,Busy
D316,2023-10-12 18:32:00,Idle
D316,2023-10-12 20:05:00,Busy
D316,2023-10-12 20:58:00,Offline
D316,2023-10-13 17:58:00,Online
D316,2023-10-13 18:20:00,Busy
D316,2023-10-13 18:44:00,Idle
D316,2023-10-13 19:55:00,Idle
D316,2023-10-13 20:28:00,Busy
D316,2023-10-13 21:05:00,Idle
D316,2023-10-13 22:36:00,Busy
D316,2023-10-14 00:22:00,Idle
D316,2023-10-14 01:24:00,Idle
D316,2023-10-14 01:54:00,Idle
D316,2023-10-14 02:54:00,Offline
D318,2023-10-02 00:00:00,Online
D318,2023-10-02 00:29:00,Busy
D318,2023-10-02 00:47:00,Busy
D318,2023-10-02 02:07:00,Busy
D318,2023-10-02 02:41:00,Idle
D318,2023-10-02 04:19:00,Busy
D318,2023-10-02 04:45:00,Idle
D318,2023-10-02 06:06:00,Busy
D318,2023-10-02 06:44:00,Busy
D318,2023-10-02 07:43:00,Offline
D318,2023-10-03 05:43:00,Online
D318,2023-10-03 07:04:00,Busy
D318,2023-10-03 07:31:00,Idle
D318,2023-10-03 09:28:00,Busy
D318,2023-10-03 11:02:00,Idle
D318,2023-10-03 12:37:00,Idle
D318,2023-10-03 13:07:00,Busy
D318,2023-10-03 13:36:00,Idle
D318,2023-10-03 14:00:00,Idle
D318,2023-10-03 14:20:00,Idle
D318,2023-10-03 14:40:00,Offline
D318,2023-10-04 10:40:00,Online
D318,2023-10-04 11:59:00,Idle
D318,2023-10-04 12:38:00,Busy
D318,2023-10-04 13:53:00,Busy
D318,2023-10-04 15:43:00,Busy
D318,2023-10-04 16:51:00,Idle
D318,2023-10-04 17:51:00,Idle
D318,2023-10-04 18:23:00,Offline
D318,2023-10-05 14:23:00,Online
D318,2023-10-05 15:42:00,Idle
D318,2023-10-05 17:36:00,Busy
D318,2023-10-05 18:38:00,Idle
D318,2023-10-05 19:07:00,Idle
D318,2023-10-05 20:56:00,Busy
D318,2023-10-05 22:02:00,Busy
D318,2023-10-05 23:20:00,Busy
D318,2023-10-05 23:45:00,Offline
D318,2023-10-06 13:45:00,Online
D318,2023-10-06 15:40:00,Busy
D318,2023-10-06 15:55:00,Idle
D318,2023-10-06 16:50:00,Busy
D318,2023-10-06 17:07:00,Offline
D318,2023-10-07 08:07:00,Online
D318,2023-10-07 09:32:00,Busy
D318,2023-10-07 10:53:00,Idle
D318,2023-10-07 11:35:00,Idle
D318,2023-10-07 11:51:00,Idle
D318,2023-10-07 13:12:00,Busy
D318,2023-10-07 13:32:00,Idle
D318,2023-10-07 15:04:00,Idle
D318,2023-10-07 16:15:00,Idle
D318,2023-10-07 16:56:00,Offline
D318,2023-10-08 16:56:00,Online
D318,2023-10-08 18:17:00,Busy
D318,2023-10-08 18:41:00,Busy
D318,2023-10-08 20:05:00,Idle
D318,2023-10-08 20:32:00,Idle
D318,2023-10-08 21:59:00,Idle
D318,2023-10-08 23:11:00,Busy
D318,2023-10-09 00:47:00,Idle
D318,2023-10-09 02:32:00,Idle
D318,2023-10-09 02:46:00,Offline
D318,2023-10-09 16:46:00,Online
D318,2023-10-09 18:28:00,Idle
D318,2023-10-09 20:13:00,Busy
D318,2023-10-09 21:43:00,Busy
D318,2023-10-09 23:21:00,Busy
D318,2023-10-10 01:07:00,Idle
D318,2023-10-10 02:52:00,Busy
D318,2023-10-10 03:24:00,Offline
D319,2023-10-03 00:00:00,Online
D319,2023-10-03 01:14:00,Idle
D319,2023-10-03 02:31:00,Idle
D319,2023-10-03 03:38:00,Busy
D319,2023-10-03 05:20:00,Busy
D319,2023-10-03 06:09:00,Offline
D319,2023-10-03 19:09:00,Online
D319,2023-10-03 20:30:00,Busy
D319,2023-10-03 21:14:00,Busy
D319,2023-10-03 23:03:00,Idle
D319,2023-10-03 23:20:00,Idle
D319,2023-10-03 23:36:00,Offline
D319,2023-10-04 13:36:00,Online
D319,2023-10-04 14:08:00,Idle
D319,2023-10-04 14:29:00,Idle
D319,2023-10-04 15:57:00,Busy
D319,2023-10-04 17:08:00,Idle
D319,2023-10-04 18:21:00,Idle
D319,2023-10-04 19:59:00,Idle
D319,2023-10-04 20:30:00,Offline
D319,2023-10-05 18:30:00,Online
D319,2023-10-05 19:57:00,Idle
D319,2023-10-05 20:39:00,Idle
D319,2023-10-05 21:14:00,Busy
D319,2023-10-05 22:04:00,Busy
D319,2023-10-05 23:07:00,Busy
D319,2023-10-05 23:32:00,Idle
D319,2023-10-06 00:04:00,Idle
D319,2023-10-06 00:54:00,Offline
D319,2023-10-06 20:54:00,Online
D319,2023-10-06 21:41:00,Idle
D319,2023-10-06 23:34:00,Idle
D319,2023-10-07 01:29:00,Busy
D319,2023-10-07 01:48:00,Busy
D319,2023-10-07 03:20:00,Busy
D319,2023-10-07 03:45:00,Busy
D319,2023-10-07 04:04:00,Idle
D319,2023-10-07 05:15:00,Idle
D319,2023-10-07 06:06:00,Offline
D320,2023-10-01 00:00:00,Online
D320,2023-10-01 00:27:00,Busy
D320,2023-10-01 01:08:00,Idle
D320,2023-10-01 02:01:00,Busy
D320,2023-10-01 02:39:00,Busy
D320,2023-10-01 04:34:00,Idle
D320,2023-10-01 06:29:00,Busy
D320,2023-10-01 07:57:00,Idle
D320,2023-10-01 08:22:00,Offline
D320,2023-10-01 23:22:00,Online
D320,2023-10-02 00:14:00,Idle
D320,2023-10-02 00:30:00,Idle
D320,2023-10-02 02:00:00,Busy
D320,2023-10-02 03:43:00,Busy
D320,2023-10-02 04:18:00,Offline
D320,2023-10-03 02:18:00,Online
D320,2023-10-03 02:43:00,Idle
D320,2023-10-03 03:38:00,Busy
D320,2023-10-03 05:14:00,Busy
D320,2023-10-03 06:20:00,Busy
D320,2023-10-03 06:39:00,Idle
D320,2023-10-03 08:19:00,Idle
D320,2023-10-03 10:05:00,Idle
D320,2023-10-03 11:32:00,Idle
D320,2023-10-03 12:17:00,Offline
D320,2023-10-04 07:17:00,Online
D320,2023-10-04 08:00:00,Idle
D320,2023-10-04 09:16:00,Busy
D320,2023-10-04 10:22:00,Idle
D320,2023-10-04 11:40:00,Busy
D320,2023-10-04 11:59:00,Idle
D320,2023-10-04 12:16:00,Idle
D320,2023-10-04 13:04:00,Idle
D320,2023-10-04 13:18:00,Offline
D320,2023-10-05 13:18:00,Online
D320,2023-10-05 14:27:00,Busy
D320,2023-10-05 15:19:00,Busy
D320,2023-10-05 17:11:00,Busy
D320,2023-10-05 18:13:00,Idle
D320,2023-10-05 19:04:00,Offline
D320,2023-10-06 13:04:00,Online
D320,2023-10-06 14:25:00,Busy
D320,2023-10-06 16:25:00,Busy
D320,2023-10-06 17:54:00,Idle
D320,2023-10-06 18:26:00,Busy
D320,2023-10-06 19:56:00,Idle
D320,2023-10-06 20:54:00,Idle
D320,2023-10-06 21:12:00,Busy
D320,2023-10-06 21:26:00,Offline
D322,2023-10-05 00:00:00,Online
D322,2023-10-05 01:11:00,Busy
D322,2023-10-05 01:58:00,Idle
D322,2023-10-05 03:10:00,Idle
D322,2023-10-05 03:41:00,Busy
D322,2023-10-05 04:10:00,Idle
D322,2023-10-05 05:02:00,Offline
D322,2023-10-05 20:02:00,Online
D322,2023-10-05 20:52:00,Busy
D322,2023-10-05 22:36:00,Idle
D322,2023-10-05 23:09:00,Busy
D322,2023-10-05 23:26:00,Idle
D322,2023-10-05 23:47:00,Busy
D322,2023-10-06 00:41:00,Idle
D322,2023-10-06 01:28:00,Offline
D322,2023-10-07 01:28:00,Online
D322,2023-10-07 03:20:00,Busy
D322,2023-10-07 03:51:00,Busy
D322,2023-10-07 04:26:00,Idle
D322,2023-10-07 04:58:00,Idle
D322,2023-10-07 05:36:00,Offline
D322,2023-10-08 04:36:00,Online
D322,2023-10-08 05:40:00,Busy
D322,2023-10-08 07:28:00,Idle
D322,2023-10-08 07:48:00,Idle
D322,2023-10-08 08:15:00,Busy
D322,2023-10-08 08:58:00,Idle
D322,2023-10-08 10:04:00,Busy
D322,2023-10-08 11:40:00,Busy
D322,2023-10-08 12:20:00,Offline
D322,2023-10-09 04:20:00,Online
D322,2023-10-09 05:47:00,Busy
D322,2023-10-09 07:26:00,Busy
D322,2023-10-09 08:18:00,Idle
D322,2023-10-09 08:53:00,Offline
D322,2023-10-09 23:53:00,Online
D322,2023-10-10 00:37:00,Idle
D322,2023-10-10 02:31:00,Busy
D322,2023-10-10 02:57:00,Idle
D322,2023-10-10 04:17:00,Idle
D322,2023-10-10 05:06:00,Offline
D322,2023-10-10 18:06:00,Online
D322,2023-10-10 18:34:00,Idle
D322,2023-10-10 20:08:00,Idle
D322,2023-10-10 21:44:00,Busy
D322,2023-10-10 22:26:00,Offline
D322,2023-10-11 11:26:00,Online
D322,2023-10-11 11:53:00,Busy
D322,2023-10-11 13:30:00,Busy
D322,2023-10-11 14:37:00,Idle
D322,2023-10-11 15:37:00,Busy
D322,2023-10-11 16:11:00,Idle
D322,2023-10-11 17:29:00,Busy
D322,2023-10-11 17:45:00,Busy
D322,2023-10-11 18:38:00,Offline
D322,2023-10-12 13:38:00,Online
D322,2023-10-12 14:55:00,Busy
D322,2023-10-12 15:12:00,Idle
D322,2023-10-12 15:56:00,Busy
D322,2023-10-12 16:47:00,Busy
D322,2023-10-12 17:10:00,Busy
D322,2023-10-12 17:50:00,Idle
D322,2023-10-12 18:33:00,Idle
D322,2023-10-12 19:13:00,Idle
D322,2023-10-12 20:32:00,Busy
D322,2023-10-12 20:48:00,Offline
D322,2023-10-13 11:48:00,Online
D322,2023-10-13 13:41:00,Idle
D322,2023-10-13 15:07:00,Idle
D322,2023-10-13 15:27:00,Idle
D322,2023-10-13 15:52:00,Idle
D322,2023-10-13 16:11:00,Idle
D322,2023-10-13 16:58:00,Offline
D322,2023-10-14 12:58:00,Online
D322,2023-10-14 14:06:00,Busy
D322,2023-10-14 15:10:00,Idle
D322,2023-10-14 16:31:00,Busy
D322,2023-10-14 16:58:00,Offline
D323,2023-10-02 00:00:00,Online
D323,2023-10-02 01:16:00,Busy
D323,2023-10-02 01:37:00,Busy
D323,2023-10-02 02:51:00,Busy
D323,2023-10-02 04:27:00,Idle
D323,2023-10-02 05:35:00,Busy
D323,2023-10-02 07:16:00,Busy
D323,2023-10-02 07:35:00,Idle
D323,2023-10-02 09:25:00,Idle
D323,2023-10-02 10:13:00,Idle
D323,2023-10-02 10:40:00,Offline
D323,2023-10-03 09:40:00,Online
D323,2023-10-03 10:03:00,Idle
D323,2023-10-03 10:23:00,Busy
D323,2023-10-03 12:23:00,Busy
D323,2023-10-03 14:23:00,Busy
D323,2023-10-03 14:46:00,Idle
D323,2023-10-03 16:28:00,Busy
D323,2023-10-03 16:49:00,Busy
D323,2023-10-03 17:08:00,Idle
D323,2023-10-03 17:42:00,Idle
D323,2023-10-03 18:19:00,Offline
D323,2023-10-04 07:19:00,Online
D323,2023-10-04 07:59:00,Busy
D323,2023-10-04 08:30:00,Busy
D323,2023-10-04 09:52:00,Idle
D323,2023-10-04 10:44:00,Busy
D323,2023-10-04 12:17:00,Idle
D323,2023-10-04 12:52:00,Idle
D323,2023-10-04 13:44:00,Offline
D323,2023-10-05 11:44:00,Online
D323,2023-10-05 13:13:00,Busy
D323,2023-10-05 15:06:00,Idle
D323,2023-10-05 15:38:00,Idle
D323,2023-10-05 16:40:00,Idle
D323,2023-10-05 17:07:00,Busy
D323,2023-10-05 18:18:00,Idle
D323,2023-10-05 18:41:00,Offline
D323,2023-10-06 17:41:00,Online
D323,2023-10-06 19:37:00,Idle
D323,2023-10-06 21:37:00,Busy
D323,2023-10-06 22:31:00,Busy
D323,2023-10-07 00:01:00,Busy
D323,2023-10-07 00:23:00,Offline
D323,2023-10-08 00:23:00,Online
D323,2023-10-08 01:48:00,Idle
D323,2023-10-08 03:03:00,Busy
D323,2023-10-08 03:56:00,Busy
D323,2023-10-08 04:57:00,Busy
D323,2023-10-08 06:46:00,Idle
D323,2023-10-08 07:50:00,Busy
D323,2023-10-08 08:49:00,Busy
D323,2023-10-08 10:41:00,Busy
D323,2023-10-08 12:09:00,Busy
D323,2023-10-08 13:41:00,Busy
D323,2023-10-08 13:58:00,Offline
D323,2023-10-09 02:58:00,Online
D323,2023-10-09 04:37:00,Idle
D323,2023-10-09 05:07:00,Idle
D323,2023-10-09 06:12:00,Idle
D323,2023-10-09 06:41:00,Idle
D323,2023-10-09 07:21:00,Busy
D323,2023-10-09 07:39:00,Idle
D323,2023-10-09 09:11:00,Busy
D323,2023-10-09 11:09:00,Busy
D323,2023-10-09 11:54:00,Idle
D323,2023-10-09 13:04:00,Idle
D323,2023-10-09 13:48:00,Offline
D323,2023-10-10 11:48:00,Online
D323,2023-10-10 13:47:00,Idle
D323,2023-10-10 14:38:00,Busy
D323,2023-10-10 16:16:00,Busy
D323,2023-10-10 18:07:00,Busy
D323,2023-10-10 19:43:00,Busy
D323,2023-10-10 20:02:00,Idle
D323,2023-10-10 21:21:00,Idle
D323,2023-10-10 22:51:00,Idle
D323,2023-10-11 00:10:00,Idle
D323,2023-10-11 00:57:00,Idle
D323,2023-10-11 01:26:00,Offline
D323,2023-10-11 20:26:00,Online
D323,2023-10-11 21:57:00,Busy
D323,2023-10-11 22:46:00,Idle
D323,2023-10-11 23:22:00,Idle
D323,2023-10-12 00:05:00,Busy
D323,2023-10-12 00:25:00,Offline
D323,2023-10-12 12:25:00,Online
D323,2023-10-12 14:24:00,Busy
D323,2023-10-12 16:03:00,Busy
D323,2023-10-12 17:52:00,Busy
D323,2023-10-12 18:10:00,Idle
D323,2023-10-12 18:48:00,Busy
D323,2023-10-12 19:57:00,Busy
D323,2023-10-12 21:31:00,Idle
D323,2023-10-12 23:27:00,Busy
D323,2023-10-13 00:21:00,Offline
D323,2023-10-13 21:21:00,Online
D323,2023-10-13 22:10:00,Idle
D323,2023-10-13 22:47:00,Busy
D323,2023-10-14 00:28:00,Idle
D323,2023-10-14 01:09:00,Idle
D323,2023-10-14 01:31:00,Offline
D323,2023-10-14 13:31:00,Online
D323,2023-10-14 14:28:00,Busy
D323,2023-10-14 15:16:00,Busy
D323,2023-10-14 16:10:00,Busy
D323,2023-10-14 17:35:00,Busy
D323,2023-10-14 18:11:00,Offline
D324,2023-10-06 00:00:00,Online
D324,2023-10-06 01:38:00,Idle
D324,2023-10-06 02:42:00,Idle
D324,2023-10-06 04:33:00,Busy
D324,2023-10-06 04:47:00,Offline
D324,2023-10-07 04:47:00,Online
D324,2023-10-07 05:35:00,Idle
D324,2023-10-07 07:19:00,Busy
D324,2023-10-07 08:24:00,Idle
D324,2023-10-07 09:18:00,Busy
D324,2023-10-07 09:59:00,Busy
D324,2023-10-07 10:10:00,Offline
D324,2023-10-08 10:10:00,Online
D324,2023-10-08 11:19:00,Idle
D324,2023-10-08 12:39:00,Busy
D324,2023-10-08 14:04:00,Busy
D324,2023-10-08 15:52:00,Busy
D324,2023-10-08 16:28:00,Busy
D324,2023-10-08 18:18:00,Idle
D324,2023-10-08 20:04:00,Idle
D324,2023-10-08 21:48:00,Busy
D324,2023-10-08 22:33:00,Idle
D324,2023-10-08 23:53:00,Busy
D324,2023-10-09 00:37:00,Offline
D324,2023-10-09 22:37:00,Online
D324,2023-10-10 00:35:00,Busy
D324,2023-10-10 02:22:00,Busy
D324,2023-10-10 03:46:00,Idle
D324,2023-10-10 04:29:00,Busy
D324,2023-10-10 04:49:00,Offline
D324,2023-10-10 23:49:00,Online
D324,2023-10-11 00:39:00,Busy
D324,2023-10-11 01:25:00,Idle
D324,2023-10-11 02:31:00,Busy
D324,2023-10-11 03:14:00,Busy
D324,2023-10-11 04:12:00,Busy
D324,2023-10-11 05:32:00,Idle
D324,2023-10-11 06:30:00,Offline
D324,2023-10-11 21:30:00,Online
D324,2023-10-11 22:40:00,Busy
D324,2023-10-11 23:21:00,Busy
D324,2023-10-11 23:49:00,Idle
D324,2023-10-12 00:11:00,Idle
D324,2023-10-12 00:21:00,Offline
D324,2023-10-12 20:21:00,Online
D324,2023-10-12 20:46:00,Busy
D324,2023-10-12 22:17:00,Idle
D324,2023-10-12 23:42:00,Busy
D324,2023-10-13 00:49:00,Busy
D324,2023-10-13 02:45:00,Busy
D324,2023-10-13 03:01:00,Busy
D324,2023-10-13 04:19:00,Idle
D324,2023-10-13 04:38:00,Offline
D324,2023-10-13 22:38:00,Online
D324,2023-10-13 23:13:00,Busy
D324,2023-10-14 00:39:00,Idle
D324,2023-10-14 02:25:00,Idle
D324,2023-10-14 04:07:00,Idle
D324,2023-10-14 04:58:00,Busy
D324,2023-10-14 06:22:00,Busy
D324,2023-10-14 07:17:00,Idle
D324,2023-10-14 08:53:00,Busy
D324,2023-10-14 10:41:00,Idle
D324,2023-10-14 11:32:00,Idle
D324,2023-10-14 12:20:00,Offline
D324,2023-10-15 08:20:00,Online
D324,2023-10-15 08:56:00,Busy
D324,2023-10-15 09:12:00,Idle
D324,2023-10-15 10:32:00,Busy
D324,2023-10-15 11:27:00,Busy
D324,2023-10-15 12:40:00,Busy
D324,2023-10-15 13:24:00,Busy
D324,2023-10-15 14:24:00,Idle
D324,2023-10-15 15:23:00,Idle
D324,2023-10-15 15:55:00,Idle
D324,2023-10-15 17:21:00,Busy
D324,2023-10-15 17:46:00,Offline
D324,2023-10-16 16:46:00,Online
D324,2023-10-16 18:33:00,Idle
D324,2023-10-16 20:30:00,Idle
D324,2023-10-16 22:11:00,Busy
D324,2023-10-16 22:50:00,Idle
D324,2023-10-16 23:39:00,Offline
D324,2023-10-17 23:39:00,Online
D324,2023-10-18 00:35:00,Idle
D324,2023-10-18 01:28:00,Idle
D324,2023-10-18 02:30:00,Busy
D324,2023-10-18 03:54:00,Busy
D324,2023-10-18 04:33:00,Offline
D324,2023-10-19 04:33:00,Online
D324,2023-10-19 05:45:00,Busy
D324,2023-10-19 07:10:00,Idle
D324,2023-10-19 07:26:00,Busy
D324,2023-10-19 09:05:00,Busy
D324,2023-10-19 09:24:00,Busy
D324,2023-10-19 10:49:00,Busy
D324,2023-10-19 12:01:00,Idle
D324,2023-10-19 12:42:00,Offline
D324,2023-10-20 00:42:00,Online
D324,2023-10-20 01:31:00,Idle
D324,2023-10-20 02:30:00,Busy
D324,2023-10-20 03:02:00,Busy
D324,2023-10-20 04:11:00,Busy
D324,2023-10-20 04:47:00,Busy
D324,2023-10-20 05:38:00,Offline
D324,2023-10-20 19:38:00,Online
D324,2023-10-20 21:01:00,Busy
D324,2023-10-20 21:16:00,Busy
D324,2023-10-20 23:07:00,Idle
D324,2023-10-21 01:02:00,Idle
D324,2023-10-21 01:30:00,Idle
D324,2023-10-21 03:03:00,Idle
D324,2023-10-21 03:32:00,Offline
D325,2023-10-04 00:00:00,Online
D325,2023-10-04 00:19:00,Busy
D325,2023-10-04 01:07:00,Idle
D325,2023-10-04 02:03:00,Busy
D325,2023-10-04 02:53:00,Busy
D325,2023-10-04 04:10:00,Idle
D325,2023-10-04 04:25:00,Idle
D325,2023-10-04 06:01:00,Busy
D325,2023-10-04 06:23:00,Offline
D325,2023-10-05 05:23:00,Online
D325,2023-10-05 06:47:00,Busy
D325,2023-10-05 07:52:00,Idle
D325,2023-10-05 09:37:00,Idle
D325,2023-10-05 10:45:00,Busy
D325,2023-10-05 12:39:00,Busy
D325,2023-10-05 13:35:00,Busy
D325,2023-10-05 15:30:00,Idle
D325,2023-10-05 16:20:00,Idle
D325,2023-10-05 17:24:00,Idle
D325,2023-10-05 17:53:00,Offline
D325,2023-10-06 09:53:00,Online
D325,2023-10-06 10:38:00,Busy
D325,2023-10-06 12:14:00,Idle
D325,2023-10-06 14:09:00,Idle
D325,2023-10-06 15:55:00,Idle
D325,2023-10-06 17:39:00,Idle
D325,2023-10-06 19:33:00,Busy
D325,2023-10-06 20:38:00,Busy
D325,2023-10-06 21:57:00,Busy
D325,2023-10-06 22:13:00,Busy
D325,2023-10-06 22:32:00,Offline
D325,2023-10-07 22:32:00,Online
D325,2023-10-07 23:20:00,Busy
D325,2023-10-07 23:57:00,Idle
D325,2023-10-08 01:52:00,Busy
D325,2023-10-08 02:27:00,Busy
D325,2023-10-08 03:22:00,Idle
D325,2023-10-08 03:57:00,Idle
D325,2023-10-08 05:00:00,Busy
D325,2023-10-08 06:41:00,Busy
D325,2023-10-08 07:02:00,Idle
D325,2023-10-08 07:29:00,Offline
D325,2023-10-09 03:29:00,Online
D325,2023-10-09 05:13:00,Idle
D325,2023-10-09 05:30:00,Idle
D325,2023-10-09 05:59:00,Idle
D325,2023-10-09 07:59:00,Idle
D325,2023-10-09 09:48:00,Idle
D325,2023-10-09 10:31:00,Busy
D325,2023-10-09 11:50:00,Busy
D325,2023-10-09 13:00:00,Idle
D325,2023-10-09 14:39:00,Idle
D325,2023-10-09 15:04:00,Offline
D325,2023-10-10 11:04:00,Online
D325,2023-10-10 12:44:00,Idle
D325,2023-10-10 13:59:00,Idle
D325,2023-10-10 14:18:00,Idle
D325,2023-10-10 16:14:00,Busy
D325,2023-10-10 16:56:00,Busy
D325,2023-10-10 17:40:00,Busy
D325,2023-10-10 18:41:00,Idle
D325,2023-10-10 18:57:00,Offline
D325,2023-10-11 18:57:00,Online
D325,2023-10-11 19:55:00,Idle
D325,2023-10-11 20:12:00,Busy
D325,2023-10-11 21:05:00,Idle
D325,2023-10-11 22:50:00,Busy
D325,2023-10-12 00:39:00,Idle
D325,2023-10-12 01:05:00,Busy
D325,2023-10-12 02:18:00,Busy
D325,2023-10-12 02:37:00,Busy
D325,2023-10-12 04:10:00,Idle
D325,2023-10-12 05:48:00,Busy
D325,2023-10-12 06:44:00,Offline
D325,2023-10-13 03:44:00,Online
D325,2023-10-13 05:28:00,Idle
D325,2023-10-13 06:24:00,Busy
D325,2023-10-13 07:15:00,Busy
D325,2023-10-13 08:43:00,Busy
D325,2023-10-13 09:51:00,Idle
D325,2023-10-13 10:40:00,Offline
D325,2023-10-14 05:40:00,Online
D325,2023-10-14 07:10:00,Busy
D325,2023-10-14 08:55:00,Busy
D325,2023-10-14 09:41:00,Busy
D325,2023-10-14 11:36:00,Idle
D325,2023-10-14 11:47:00,Offline
D325,2023-10-15 09:47:00,Online
D325,2023-10-15 10:14:00,Busy
D325,2023-10-15 10:57:00,Busy
D325,2023-10-15 11:23:00,Busy
D325,2023-10-15 12:58:00,Busy
D325,2023-10-15 14:49:00,Busy
D325,2023-10-15 15:32:00,Offline
D325,2023-10-16 09:32:00,Online
D325,2023-10-16 11:32:00,Busy
D325,2023-10-16 13:30:00,Idle
D325,2023-10-16 14:10:00,Busy
D325,2023-10-16 16:10:00,Busy
D325,2023-10-16 16:39:00,Busy
D325,2023-10-16 17:54:00,Idle
D325,2023-10-16 18:18:00,Idle
D325,2023-10-16 18:44:00,Offline
D325,2023-10-17 11:44:00,Online
D325,2023-10-17 12:53:00,Idle
D325,2023-10-17 13:40:00,Busy
D325,2023-10-17 14:20:00,Idle
D325,2023-10-17 15:44:00,Idle
D325,2023-10-17 16:22:00,Offline
D325,2023-10-18 05:22:00,Online
D325,2023-10-18 06:33:00,Busy
D325,2023-10-18 07:12:00,Busy
D325,2023-10-18 08:29:00,Busy
D325,2023-10-18 08:58:00,Busy
D325,2023-10-18 10:43:00,Busy
D325,2023-10-18 11:41:00,Idle
D325,2023-10-18 13:19:00,Busy
D325,2023-10-18 14:08:00,Idle
D325,2023-10-18 14:31:00,Idle
D325,2023-10-18 16:22:00,Busy
D325,2023-10-18 16:34:00,Offline
D325,2023-10-19 06:34:00,Online
D325,2023-10-19 07:17:00,Busy
D325,2023-10-19 08:06:00,Busy
D325,2023-10-19 09:54:00,Busy
D325,2023-10-19 10:38:00,Offline
D325,2023-10-20 00:38:00,Online
D325,2023-10-20 02:08:00,Idle
D325,2023-10-20 03:50:00,Idle
D325,2023-10-20 04:43:00,Idle
D325,2023-10-20 05:26:00,Offline
D326,2023-10-03 00:00:00,Online
D326,2023-10-03 01:01:00,Busy
D326,2023-10-03 02:41:00,Idle
D326,2023-10-03 04:13:00,Idle
D326,2023-10-03 05:12:00,Idle
D326,2023-10-03 06:59:00,Idle
D326,2023-10-03 07:59:00,Busy
D326,2023-10-03 09:31:00,Busy
D326,2023-10-03 10:16:00,Idle
D326,2023-10-03 10:47:00,Offline
D326,2023-10-04 06:47:00,Online
D326,2023-10-04 07:42:00,Idle
D326,2023-10-04 09:17:00,Idle
D326,2023-10-04 10:38:00,Busy
D326,2023-10-04 11:07:00,Offline
D326,2023-10-05 03:07:00,Online
D326,2023-10-05 04:22:00,Busy
D326,2023-10-05 04:39:00,Busy
D326,2023-10-05 05:10:00,Idle
D326,2023-10-05 06:20:00,Idle
D326,2023-10-05 07:02:00,Busy
D326,2023-10-05 07:48:00,Idle
D326,2023-10-05 08:22:00,Offline
D326,2023-10-05 21:22:00,Online
D326,2023-10-05 21:37:00,Idle
D326,2023-10-05 22:44:00,Busy
D326,2023-10-05 23:16:00,Busy
D326,2023-10-06 00:51:00,Idle
D326,2023-10-06 01:25:00,Idle
D326,2023-10-06 02:35:00,Busy
D326,2023-10-06 03:54:00,Busy
D326,2023-10-06 04:22:00,Idle
D326,2023-10-06 05:12:00,Offline
D326,2023-10-06 21:12:00,Online
D326,2023-10-06 22:24:00,Busy
D326,2023-10-06 23:59:00,Busy
D326,2023-10-07 00:17:00,Idle
D326,2023-10-07 00:48:00,Busy
D326,2023-10-07 01:06:00,Idle
D326,2023-10-07 01:50:00,Busy
D326,2023-10-07 02:22:00,Idle
D326,2023-10-07 03:33:00,Busy
D326,2023-10-07 04:21:00,Idle
D326,2023-10-07 05:26:00,Busy
D326,2023-10-07 05:37:00,Offline
D326,2023-10-08 04:37:00,Online
D326,2023-10-08 06:09:00,Idle
D326,2023-10-08 07:18:00,Busy
D326,2023-10-08 08:01:00,Busy
D326,2023-10-08 08:49:00,Offline
D326,2023-10-09 05:49:00,Online
D326,2023-10-09 07:34:00,Busy
D326,2023-10-09 08:40:00,Idle
D326,2023-10-09 10:34:00,Idle
D326,2023-10-09 12:14:00,Idle
D326,2023-10-09 13:42:00,Busy
D326,2023-10-09 15:13:00,Idle
D326,2023-10-09 15:36:00,Idle
D326,2023-10-09 16:09:00,Offline
D326,2023-10-10 05:09:00,Online
D326,2023-10-10 06:06:00,Idle
D326,2023-10-10 06:42:00,Busy
D326,2023-10-10 08:21:00,Busy
D326,2023-10-10 09:32:00,Busy
D326,2023-10-10 11:27:00,Busy
D326,2023-10-10 13:26:00,Busy
D326,2023-10-10 15:25:00,Busy
D326,2023-10-10 15:45:00,Offline
D326,2023-10-11 14:45:00,Online
D326,2023-10-11 16:10:00,Busy
D326,2023-10-11 16:35:00,Busy
D326,2023-10-11 17:21:00,Busy
D326,2023-10-11 18:14:00,Offline
D326,2023-10-12 16:14:00,Online
D326,2023-10-12 16:45:00,Busy
D326,2023-10-12 17:55:00,Busy
D326,2023-10-12 18:43:00,Busy
D326,2023-10-12 20:43:00,Busy
D326,2023-10-12 22:36:00,Idle
D326,2023-10-12 23:58:00,Idle
D326,2023-10-13 00:58:00,Idle
D326,2023-10-13 02:42:00,Idle
D326,2023-10-13 03:11:00,Offline
D326,2023-10-13 16:11:00,Online
D326,2023-10-13 16:53:00,Busy
D326,2023-10-13 18:13:00,Busy
D326,2023-10-13 20:04:00,Busy
D326,2023-10-13 21:28:00,Idle
D326,2023-10-13 22:40:00,Idle
D326,2023-10-13 23:18:00,Idle
D326,2023-10-14 01:03:00,Idle
D326,2023-10-14 01:17:00,Offline
D328,2023-10-03 00:00:00,Online
D328,2023-10-03 00:44:00,Busy
D328,2023-10-03 01:28:00,Idle
D328,2023-10-03 03:07:00,Idle
D328,2023-10-03 04:03:00,Busy
D328,2023-10-03 04:23:00,Busy
D328,2023-10-03 05:14:00,Offline
D328,2023-10-04 05:14:00,Online
D328,2023-10-04 06:15:00,Busy
D328,2023-10-04 06:31:00,Idle
D328,2023-10-04 06:57:00,Idle
D328,2023-10-04 07:39:00,Offline
D328,2023-10-04 23:39:00,Online
D328,2023-10-05 01:01:00,Busy
D328,2023-10-05 02:39:00,Busy
D328,2023-10-05 03:29:00,Busy
D328,2023-10-05 04:02:00,Idle
D328,2023-10-05 05:06:00,Idle
D328,2023-10-05 05:28:00,Offline
D328,2023-10-05 21:28:00,Online
D328,2023-10-05 22:56:00,Busy
D328,2023-10-05 23:36:00,Busy
D328,2023-10-06 01:25:00,Idle
D328,2023-10-06 03:14:00,Idle
D328,2023-10-06 05:00:00,Busy
D328,2023-10-06 07:00:00,Idle
D328,2023-10-06 08:52:00,Busy
D328,2023-10-06 09:27:00,Idle
D328,2023-10-06 10:20:00,Busy
D328,2023-10-06 11:11:00,Busy
D328,2023-10-06 11:52:00,Offline
D328,2023-10-07 01:52:00,Online
D328,2023-10-07 03:51:00,Idle
D328,2023-10-07 05:13:00,Idle
D328,2023-10-07 06:05:00,Idle
D328,2023-10-07 07:12:00,Busy
D328,2023-10-07 08:05:00,Busy
D328,2023-10-07 08:51:00,Idle
D328,2023-10-07 09:29:00,Idle
D328,2023-10-07 09:48:00,Offline
D328,2023-10-08 09:48:00,Online
D328,2023-10-08 10:42:00,Idle
D328,2023-10-08 12:33:00,Busy
D328,2023-10-08 14:09:00,Idle
D328,2023-10-08 15:49:00,Idle
D328,2023-10-08 17:04:00,Busy
D328,2023-10-08 19:04:00,Idle
D328,2023-10-08 19:35:00,Busy
D328,2023-10-08 20:23:00,Idle
D328,2023-10-08 21:48:00,Idle
D328,2023-10-08 22:06:00,Busy
D328,2023-10-08 23:06:00,Offline
D329,2023-10-02 00:00:00,Online
D329,2023-10-02 01:39:00,Busy
D329,2023-10-02 02:04:00,Busy
D329,2023-10-02 03:45:00,Busy
D329,2023-10-02 04:40:00,Idle
D329,2023-10-02 05:29:00,Idle
D329,2023-10-02 06:06:00,Busy
D329,2023-10-02 07:05:00,Offline
D329,2023-10-02 20:05:00,Online
D329,2023-10-02 20:51:00,Idle
D329,2023-10-02 21:14:00,Busy
D329,2023-10-02 22:34:00,Idle
D329,2023-10-03 00:16:00,Idle
D329,2023-10-03 01:24:00,Idle
D329,2023-10-03 01:48:00,Idle
D329,2023-10-03 03:12:00,Idle
D329,2023-10-03 04:41:00,Idle
D329,2023-10-03 05:17:00,Offline
D329,2023-10-03 21:17:00,Online
D329,2023-10-03 21:52:00,Busy
D329,2023-10-03 23:03:00,Idle
D329,2023-10-03 23:53:00,Busy
D329,2023-10-04 01:36:00,Busy
D329,2023-10-04 03:13:00,Idle
D329,2023-10-04 03:40:00,Idle
D329,2023-10-04 05:00:00,Idle
D329,2023-10-04 06:34:00,Busy
D329,2023-10-04 08:26:00,Idle
D329,2023-10-04 09:52:00,Idle
D329,2023-10-04 10:37:00,Offline
D329,2023-10-04 23:37:00,Online
D329,2023-10-05 01:31:00,Busy
D329,2023-10-05 02:19:00,Busy
D329,2023-10-05 03:49:00,Busy
D329,2023-10-05 04:55:00,Idle
D329,2023-10-05 05:30:00,Busy
D329,2023-10-05 06:07:00,Idle
D329,2023-10-05 06:42:00,Offline
D329,2023-10-06 04:42:00,Online
D329,2023-10-06 06:01:00,Busy
D329,2023-10-06 06:55:00,Idle
D329,2023-10-06 07:25:00,Idle
D329,2023-10-06 08:23:00,Idle
D329,2023-10-06 09:20:00,Busy
D329,2023-10-06 09:54:00,Busy
D329,2023-10-06 10:49:00,Busy
D329,2023-10-06 12:28:00,Busy
D329,2023-10-06 12:43:00,Offline
D329,2023-10-07 10:43:00,Online
D329,2023-10-07 11:44:00,Busy
D329,2023-10-07 12:38:00,Busy
D329,2023-10-07 14:31:00,Busy
D329,2023-10-07 16:10:00,Busy
D329,2023-10-07 16:25:00,Idle
D329,2023-10-07 18:24:00,Idle
D329,2023-10-07 18:46:00,Idle
D329,2023-10-07 19:24:00,Idle
D329,2023-10-07 19:42:00,Idle
D329,2023-10-07 20:56:00,Busy
D329,2023-10-07 21:28:00,Offline
D329,2023-10-08 16:28:00,Online
D329,2023-10-08 16:58:00,Busy
D329,2023-10-08 18:17:00,Busy
D329,2023-10-08 20:06:00,Idle
D329,2023-10-08 20:57:00,Busy
D329,2023-10-08 21:38:00,Busy
D329,2023-10-08 22:23:00,Offline
D329,2023-10-09 10:23:00,Online
D329,2023-10-09 12:16:00,Idle
D329,2023-10-09 14:03:00,Busy
D329,2023-10-09 15:11:00,Idle
D329,2023-10-09 17:00:00,Busy
D329,2023-10-09 17:55:00,Offline
D329,2023-10-10 05:55:00,Online
D329,2023-10-10 06:31:00,Busy
D329,2023-10-10 06:48:00,Busy
D329,2023-10-10 07:04:00,Busy
D329,2023-10-10 07:51:00,Idle
D329,2023-10-10 09:20:00,Busy
D329,2023-10-10 09:53:00,Offline
D329,2023-10-11 07:53:00,Online
D329,2023-10-11 08:45:00,Busy
D329,2023-10-11 09:35:00,Busy
D329,2023-10-11 11:17:00,Idle
D329,2023-10-11 12:50:00,Idle
D329,2023-10-11 13:19:00,Offline
D330,2023-10-04 00:00:00,Online
D330,2023-10-04 01:24:00,Idle
D330,2023-10-04 03:01:00,Busy
D330,2023-10-04 04:08:00,Idle
D330,2023-10-04 05:24:00,Idle
D330,2023-10-04 05:57:00,Busy
D330,2023-10-04 06:07:00,Offline
D330,2023-10-05 06:07:00,Online
D330,2023-10-05 08:01:00,Busy
D330,2023-10-05 09:44:00,Busy
D330,2023-10-05 10:39:00,Idle
D330,2023-10-05 11:48:00,Idle
D330,2023-10-05 12:18:00,Offline
D330,2023-10-06 05:18:00,Online
D330,2023-10-06 06:38:00,Busy
D330,2023-10-06 08:20:00,Idle
D330,2023-10-06 09:45:00,Busy
D330,2023-10-06 11:30:00,Idle
D330,2023-10-06 12:30:00,Busy
D330,2023-10-06 13:32:00,Busy
D330,2023-10-06 15:06:00,Idle
D330,2023-10-06 15:20:00,Offline
D330,2023-10-07 05:20:00,Online
D330,2023-10-07 07:19:00,Idle
D330,2023-10-07 08:03:00,Busy
D330,2023-10-07 09:18:00,Idle
D330,2023-10-07 10:00:00,Offline
D330,2023-10-08 05:00:00,Online
D330,2023-10-08 06:47:00,Idle
D330,2023-10-08 08:19:00,Idle
D330,2023-10-08 09:59:00,Busy
D330,2023-10-08 10:19:00,Offline
D330,2023-10-09 03:19:00,Online
D330,2023-10-09 05:14:00,Idle
D330,2023-10-09 07:06:00,Idle
D330,2023-10-09 07:55:00,Busy
D330,2023-10-09 08:55:00,Busy
D330,2023-10-09 10:38:00,Idle
D330,2023-10-09 11:38:00,Idle
D330,2023-10-09 13:13:00,Busy
D330,2023-10-09 13:46:00,Busy
D330,2023-10-09 14:17:00,Offline
D330,2023-10-10 14:17:00,Online
D330,2023-10-10 15:48:00,Busy
D330,2023-10-10 16:43:00,Busy
D330,2023-10-10 17:47:00,Idle
D330,2023-10-10 18:39:00,Busy
D330,2023-10-10 19:49:00,Busy
D330,2023-10-10 20:07:00,Offline
D330,2023-10-11 08:07:00,Online
D330,2023-10-11 08:52:00,Busy
D330,2023-10-11 09:35:00,Idle
D330,2023-10-11 09:52:00,Busy
D330,2023-10-11 11:21:00,Busy
D330,2023-10-11 13:00:00,Busy
D330,2023-10-11 13:23:00,Busy
D330,2023-10-11 14:54:00,Idle
D330,2023-10-11 16:17:00,Idle
D330,2023-10-11 17:11:00,Offline
D330,2023-10-12 15:11:00,Online
D330,2023-10-12 16:46:00,Idle
D330,2023-10-12 17:47:00,Idle
D330,2023-10-12 18:03:00,Idle
D330,2023-10-12 18:26:00,Offline
D330,2023-10-13 14:26:00,Online
D330,2023-10-13 16:04:00,Idle
D330,2023-10-13 17:05:00,Busy
D330,2023-10-13 17:26:00,Idle
D330,2023-10-13 18:03:00,Idle
D330,2023-10-13 18:45:00,Offline
D331,2023-10-03 00:00:00,Online
D331,2023-10-03 01:13:00,Idle
D331,2023-10-03 03:13:00,Idle
D331,2023-10-03 03:48:00,Idle
D331,2023-10-03 04:15:00,Idle
D331,2023-10-03 04:45:00,Idle
D331,2023-10-03 06:42:00,Busy
D331,2023-10-03 08:17:00,Busy
D331,2023-10-03 09:31:00,Idle
D331,2023-10-03 09:55:00,Idle
D331,2023-10-03 10:25:00,Offline
D331,2023-10-04 08:25:00,Online
D331,2023-10-04 09:48:00,Busy
D331,2023-10-04 10:21:00,Idle
D331,2023-10-04 12:19:00,Busy
D331,2023-10-04 13:04:00,Busy
D331,2023-10-04 14:12:00,Idle
D331,2023-10-04 14:33:00,Offline
D331,2023-10-05 12:33:00,Online
D331,2023-10-05 13:20:00,Busy
D331,2023-10-05 14:30:00,Busy
D331,2023-10-05 15:22:00,Idle
D331,2023-10-05 16:25:00,Idle
D331,2023-10-05 18:04:00,Busy
D331,2023-10-05 18:59:00,Busy
D331,2023-10-05 19:53:00,Offline
D331,2023-10-06 16:53:00,Online
D331,2023-10-06 18:10:00,Busy
D331,2023-10-06 19:10:00,Busy
D331,2023-10-06 20:57:00,Idle
D331,2023-10-06 22:01:00,Busy
D331,2023-10-06 23:57:00,Idle
D331,2023-10-07 01:48:00,Busy
D331,2023-10-07 02:12:00,Busy
D331,2023-10-07 03:09:00,Offline
D331,2023-10-08 02:09:00,Online
D331,2023-10-08 03:50:00,Idle
D331,2023-10-08 04:14:00,Busy
D331,2023-10-08 04:35:00,Idle
D331,2023-10-08 05:38:00,Busy
D331,2023-10-08 06:05:00,Busy
D331,2023-10-08 07:02:00,Idle
D331,2023-10-08 09:01:00,Idle
D331,2023-10-08 10:56:00,Busy
D331,2023-10-08 12:16:00,Idle
D331,2023-10-08 12:27:00,Offline
D331,2023-10-09 06:27:00,Online
D331,2023-10-09 07:45:00,Busy
D331,2023-10-09 09:18:00,Idle
D331,2023-10-09 10:41:00,Idle
D331,2023-10-09 11:01:00,Busy
D331,2023-10-09 12:29:00,Idle
D331,2023-10-09 13:55:00,Idle
D331,2023-10-09 14:59:00,Idle
D331,2023-10-09 15:28:00,Idle
D331,2023-10-09 16:51:00,Busy
D331,2023-10-09 17:10:00,Offline
D331,2023-10-10 10:10:00,Online
D331,2023-10-10 10:59:00,Busy
D331,2023-10-10 12:22:00,Idle
D331,2023-10-10 13:31:00,Busy
D331,2023-10-10 15:19:00,Busy
D331,2023-10-10 15:36:00,Offline
D331,2023-10-11 09:36:00,Online
D331,2023-10-11 11:14:00,Idle
D331,2023-10-11 11:48:00,Busy
D331,2023-10-11 13:42:00,Busy
D331,2023-10-11 15:32:00,Busy
D331,2023-10-11 16:10:00,Idle
D331,2023-10-11 16:43:00,Offline
D331,2023-10-12 12:43:00,Online
D331,2023-10-12 14:29:00,Busy
D331,2023-10-12 16:17:00,Idle
D331,2023-10-12 17:39:00,Busy
D331,2023-10-12 18:24:00,Idle
D331,2023-10-12 18:39:00,Idle
D331,2023-10-12 19:16:00,Idle
D331,2023-10-12 20:30:00,Idle
D331,2023-10-12 21:59:00,Idle
D331,2023-10-12 23:54:00,Idle
D331,2023-10-13 00:21:00,Offline
D331,2023-10-13 17:21:00,Online
D331,2023-10-13 17:54:00,Busy
D331,2023-10-13 18:43:00,Idle
D331,2023-10-13 19:24:00,Idle
D331,2023-10-13 19:58:00,Busy
D331,2023-10-13 20:48:00,Idle
D331,2023-10-13 21:43:00,Offline
D331,2023-10-14 12:43:00,Online
D331,2023-10-14 13:36:00,Busy
D331,2023-10-14 15:16:00,Idle
D331,2023-10-14 16:04:00,Idle
D331,2023-10-14 17:24:00,Busy
D331,2023-10-14 19:19:00,Busy
D331,2023-10-14 20:45:00,Busy
D331,2023-10-14 21:02:00,Idle
D331,2023-10-14 21:45:00,Offline
D331,2023-10-15 15:45:00,Online
D331,2023-10-15 17:04:00,Idle
D331,2023-10-15 18:15:00,Idle
D331,2023-10-15 18:33:00,Idle
D331,2023-10-15 20:08:00,Busy
D331,2023-10-15 21:39:00,Idle
D331,2023-10-15 22:18:00,Busy
D331,2023-10-15 22:48:00,Idle
D331,2023-10-15 23:11:00,Idle
D331,2023-10-15 23:39:00,Busy
D331,2023-10-16 01:25:00,Busy
D331,2023-10-16 02:21:00,Offline
D331,2023-10-17 02:21:00,Online
D331,2023-10-17 03:00:00,Idle
D331,2023-10-17 04:53:00,Idle
D331,2023-10-17 06:22:00,Busy
D331,2023-10-17 07:46:00,Idle
D331,2023-10-17 09:30:00,Idle
D331,2023-10-17 11:24:00,Busy
D331,2023-10-17 13:21:00,Idle
D331,2023-10-17 14:19:00,Idle
D331,2023-10-17 15:18:00,Offline
D331,2023-10-18 05:18:00,Online
D331,2023-10-18 05:51:00,Busy
D331,2023-10-18 06:47:00,Busy
D331,2023-10-18 07:23:00,Busy
D331,2023-10-18 08:53:00,Busy
D331,2023-10-18 10:38:00,Busy
D331,2023-10-18 12:04:00,Busy
D331,2023-10-18 12:33:00,Busy
D331,2023-10-18 13:25:00,Idle
D331,2023-10-18 14:25:00,Idle
D331,2023-10-18 15:18:00,Offline
D332,2023-10-01 00:00:00,Online
D332,2023-10-01 00:43:00,Idle
D332,2023-10-01 01:00:00,Busy
D332,2023-10-01 02:40:00,Idle
D332,2023-10-01 03:59:00,Idle
D332,2023-10-01 05:38:00,Busy
D332,2023-10-01 06:28:00,Offline
D332,2023-10-02 00:28:00,Online
D332,2023-10-02 01:00:00,Idle
D332,2023-10-02 02:38:00,Busy
D332,2023-10-02 03:31:00,Busy
D332,2023-10-02 03:47:00,Busy
D332,2023-10-02 05:19:00,Busy
D332,2023-10-02 07:03:00,Busy
D332,2023-10-02 08:44:00,Idle
D332,2023-10-02 09:24:00,Idle
D332,2023-10-02 10:28:00,Idle
D332,2023-10-02 11:04:00,Offline
D332,2023-10-03 00:04:00,Online
D332,2023-10-03 01:05:00,Idle
D332,2023-10-03 01:29:00,Busy
D332,2023-10-03 03:02:00,Busy
D332,2023-10-03 03:48:00,Idle
D332,2023-10-03 04:19:00,Offline
D332,2023-10-03 17:19:00,Online
D332,2023-10-03 17:41:00,Busy
D332,2023-10-03 17:59:00,Busy
D332,2023-10-03 18:32:00,Busy
D332,2023-10-03 19:35:00,Busy
D332,2023-10-03 20:28:00,Offline
D332,2023-10-04 18:28:00,Online
D332,2023-10-04 19:02:00,Busy
D332,2023-10-04 20:44:00,Idle
D332,2023-10-04 22:31:00,Idle
D332,2023-10-04 22:49:00,Idle
D332,2023-10-04 23:25:00,Busy
D332,2023-10-05 00:38:00,Idle
D332,2023-10-05 01:45:00,Idle
D332,2023-10-05 03:10:00,Idle
D332,2023-10-05 03:57:00,Offline
D332,2023-10-05 19:57:00,Online
D332,2023-10-05 20:26:00,Busy
D332,2023-10-05 22:16:00,Busy
D332,2023-10-05 22:43:00,Busy
D332,2023-10-05 23:58:00,Busy
D332,2023-10-06 00:48:00,Offline
D333,2023-10-01 00:00:00,Online
D333,2023-10-01 00:50:00,Busy
D333,2023-10-01 01:22:00,Busy
D333,2023-10-01 02:06:00,Idle
D333,2023-10-01 03:50:00,Idle
D333,2023-10-01 05:15:00,Idle
D333,2023-10-01 05:54:00,Busy
D333,2023-10-01 07:51:00,Busy
D333,2023-10-01 08:49:00,Idle
D333,2023-10-01 09:25:00,Offline
D333,2023-10-01 21:25:00,Online
D333,2023-10-01 22:19:00,Idle
D333,2023-10-01 22:58:00,Busy
D333,2023-10-01 23:55:00,Idle
D333,2023-10-02 01:44:00,Idle
D333,2023-10-02 03:31:00,Busy
D333,2023-10-02 04:12:00,Idle
D333,2023-10-02 04:53:00,Busy
D333,2023-10-02 05:42:00,Offline
D333,2023-10-02 19:42:00,Online
D333,2023-10-02 20:45:00,Busy
D333,2023-10-02 22:28:00,Busy
D333,2023-10-02 23:52:00,Busy
D333,2023-10-03 00:54:00,Idle
D333,2023-10-03 01:37:00,Idle
D333,2023-10-03 02:00:00,Idle
D333,2023-10-03 03:20:00,Idle
D333,2023-10-03 04:58:00,Idle
D333,2023-10-03 06:19:00,Idle
D333,2023-10-03 06:51:00,Offline
D333,2023-10-04 06:51:00,Online
D333,2023-10-04 08:31:00,Idle
D333,2023-10-04 10:25:00,Busy
D333,2023-10-04 12:25:00,Busy
D333,2023-10-04 13:26:00,Idle
D333,2023-10-04 15:12:00,Idle
D333,2023-10-04 15:54:00,Idle
D333,2023-10-04 16:30:00,Busy
D333,2023-10-04 17:42:00,Idle
D333,2023-10-04 19:35:00,Busy
D333,2023-10-04 20:06:00,Offline
D333,2023-10-05 13:06:00,Online
D333,2023-10-05 14:29:00,Busy
D333,2023-10-05 15:02:00,Idle
D333,2023-10-05 16:19:00,Idle
D333,2023-10-05 17:54:00,Idle
D333,2023-10-05 19:13:00,Busy
D333,2023-10-05 21:08:00,Busy
D333,2023-10-05 22:54:00,Busy
D333,2023-10-05 23:48:00,Idle
D333,2023-10-06 00:31:00,Idle
D333,2023-10-06 01:58:00,Idle
D333,2023-10-06 02:24:00,Offline
D333,2023-10-06 19:24:00,Online
D333,2023-10-06 20:49:00,Idle
D333,2023-10-06 22:05:00,Idle
D333,2023-10-06 23:57:00,Busy
D333,2023-10-07 00:42:00,Busy
D333,2023-10-07 01:34:00,Busy
D333,2023-10-07 02:53:00,Idle
D333,2023-10-07 03:09:00,Idle
D333,2023-10-07 05:00:00,Idle
D333,2023-10-07 06:53:00,Idle
D333,2023-10-07 07:08:00,Idle
D333,2023-10-07 07:43:00,Offline
D333,2023-10-08 04:43:00,Online
D333,2023-10-08 06:02:00,Busy
D333,2023-10-08 07:20:00,Idle
D333,2023-10-08 07:42:00,Busy
D333,2023-10-08 08:21:00,Busy
D333,2023-10-08 08:49:00,Busy
D333,2023-10-08 10:16:00,Busy
D333,2023-10-08 11:28:00,Busy
D333,2023-10-08 13:14:00,Busy
D333,2023-10-08 15:08:00,Idle
D333,2023-10-08 15:35:00,Idle
D333,2023-10-08 16:27:00,Offline
D334,2023-10-02 00:00:00,Online
D334,2023-10-02 00:16:00,Idle
D334,2023-10-02 01:19:00,Idle
D334,2023-10-02 02:53:00,Idle
D334,2023-10-02 04:51:00,Busy
D334,2023-10-02 05:50:00,Busy
D334,2023-10-02 06:56:00,Busy
D334,2023-10-02 08:13:00,Idle
D334,2023-10-02 09:30:00,Idle
D334,2023-10-02 09:41:00,Offline
D334,2023-10-03 06:41:00,Online
D334,2023-10-03 08:17:00,Busy
D334,2023-10-03 09:36:00,Idle
D334,2023-10-03 10:40:00,Idle
D334,2023-10-03 11:41:00,Idle
D334,2023-10-03 12:01:00,Idle
D334,2023-10-03 13:18:00,Idle
D334,2023-10-03 14:48:00,Idle
D334,2023-10-03 15:47:00,Offline
D334,2023-10-04 14:47:00,Online
D334,2023-10-04 15:07:00,Busy
D334,2023-10-04 16:47:00,Busy
D334,2023-10-04 18:01:00,Busy
D334,2023-10-04 18:50:00,Busy
D334,2023-10-04 20:12:00,Idle
D334,2023-10-04 21:27:00,Idle
D334,2023-10-04 22:26:00,Offline
D334,2023-10-05 19:26:00,Online
D334,2023-10-05 20:18:00,Busy
D334,2023-10-05 21:26:00,Idle
D334,2023-10-05 22:24:00,Busy
D334,2023-10-05 23:22:00,Busy
D334,2023-10-06 00:50:00,Busy
D334,2023-10-06 02:33:00,Idle
D334,2023-10-06 03:35:00,Busy
D334,2023-10-06 04:15:00,Offline
D334,2023-10-07 03:15:00,Online
D334,2023-10-07 04:11:00,Idle
D334,2023-10-07 04:57:00,Idle
D334,2023-10-07 05:26:00,Idle
D334,2023-10-07 06:01:00,Idle
D334,2023-10-07 06:36:00,Idle
D334,2023-10-07 07:51:00,Busy
D334,2023-10-07 09:27:00,Idle
D334,2023-10-07 10:46:00,Busy
D334,2023-10-07 12:13:00,Idle
D334,2023-10-07 12:32:00,Offline
D334,2023-10-08 09:32:00,Online
D334,2023-10-08 10:59:00,Busy
D334,2023-10-08 12:53:00,Busy
D334,2023-10-08 13:50:00,Busy
D334,2023-10-08 14:08:00,Offline
D334,2023-10-09 14:08:00,Online
D334,2023-10-09 14:24:00,Idle
D334,2023-10-09 15:56:00,Idle
D334,2023-10-09 16:16:00,Idle
D334,2023-10-09 16:49:00,Offline
D334,2023-10-10 10:49:00,Online
D334,2023-10-10 11:14:00,Busy
D334,2023-10-10 12:52:00,Busy
D334,2023-10-10 13:12:00,Busy
D334,2023-10-10 14:33:00,Busy
D334,2023-10-10 15:53:00,Busy
D334,2023-10-10 17:46:00,Busy
D334,2023-10-10 19:18:00,Busy
D334,2023-10-10 19:30:00,Offline
D335,2023-10-03 00:00:00,Online
D335,2023-10-03 00:42:00,Idle
D335,2023-10-03 01:10:00,Idle
D335,2023-10-03 01:33:00,Busy
D335,2023-10-03 02:25:00,Busy
D335,2023-10-03 03:32:00,Idle
D335,2023-10-03 03:58:00,Idle
D335,2023-10-03 04:40:00,Idle
D335,2023-10-03 05:22:00,Busy
D335,2023-10-03 06:19:00,Idle
D335,2023-10-03 08:19:00,Busy
D335,2023-10-03 08:50:00,Offline
D335,2023-10-04 08:50:00,Online
D335,2023-10-04 10:36:00,Busy
D335,2023-10-04 11:45:00,Idle
D335,2023-10-04 12:50:00,Idle
D335,2023-10-04 13:25:00,Idle
D335,2023-10-04 15:02:00,Idle
D335,2023-10-04 17:01:00,Idle
D335,2023-10-04 17:38:00,Idle
D335,2023-10-04 18:23:00,Busy
D335,2023-10-04 18:45:00,Offline
D335,2023-10-05 11:45:00,Online
D335,2023-10-05 13:45:00,Idle
D335,2023-10-05 14:15:00,Idle
D335,2023-10-05 16:03:00,Busy
D335,2023-10-05 16:53:00,Busy
D335,2023-10-05 17:30:00,Idle
D335,2023-10-05 19:24:00,Idle
D335,2023-10-05 19:40:00,Busy
D335,2023-10-05 20:25:00,Offline
D335,2023-10-06 08:25:00,Online
D335,2023-10-06 08:42:00,Idle
D335,2023-10-06 09:52:00,Idle
D335,2023-10-06 11:30:00,Busy
D335,2023-10-06 12:52:00,Busy
D335,2023-10-06 14:12:00,Busy
D335,2023-10-06 14:32:00,Busy
D335,2023-10-06 15:05:00,Offline
D335,2023-10-07 05:05:00,Online
D335,2023-10-07 05:49:00,Idle
D335,2023-10-07 07:29:00,Idle
D335,2023-10-07 08:32:00,Idle
D335,2023-10-07 09:17:00,Offline
D335,2023-10-08 09:17:00,Online
D335,2023-10-08 09:41:00,Idle
D335,2023-10-08 11:33:00,Idle
D335,2023-10-08 12:10:00,Idle
D335,2023-10-08 12:32:00,Busy
D335,2023-10-08 12:54:00,Busy
D335,2023-10-08 13:20:00,Offline
D336,2023-10-06 00:00:00,Online
D336,2023-10-06 00:58:00,Busy
D336,2023-10-06 02:18:00,Busy
D336,2023-10-06 03:58:00,Busy
D336,2023-10-06 04:42:00,Busy
D336,2023-10-06 05:57:00,Idle
D336,2023-10-06 06:57:00,Idle
D336,2023-10-06 07:22:00,Idle
D336,2023-10-06 08:10:00,Offline
D336,2023-10-07 04:10:00,Online
D336,2023-10-07 04:52:00,Busy
D336,2023-10-07 06:33:00,Idle
D336,2023-10-07 08:26:00,Busy
D336,2023-10-07 08:57:00,Idle
D336,2023-10-07 10:24:00,Busy
D336,2023-10-07 10:39:00,Idle
D336,2023-10-07 11:08:00,Offline
D336,2023-10-08 01:08:00,Online
D336,2023-10-08 01:29:00,Busy
D336,2023-10-08 02:00:00,Idle
D336,2023-10-08 02:53:00,Busy
D336,2023-10-08 03:15:00,Idle
D336,2023-10-08 04:05:00,Idle
D336,2023-10-08 05:41:00,Idle
D336,2023-10-08 07:25:00,Busy
D336,2023-10-08 08:24:00,Busy
D336,2023-10-08 09:38:00,Idle
D336,2023-10-08 11:05:00,Idle
D336,2023-10-08 11:25:00,Offline
D336,2023-10-09 03:25:00,Online
D336,2023-10-09 04:56:00,Busy
D336,2023-10-09 06:10:00,Busy
D336,2023-10-09 06:37:00,Busy
D336,2023-10-09 07:33:00,Idle
D336,2023-10-09 09:32:00,Busy
D336,2023-10-09 11:13:00,Busy
D336,2023-10-09 12:48:00,Idle
D336,2023-10-09 13:46:00,Offline
D336,2023-10-10 10:46:00,Online
D336,2023-10-10 11:10:00,Busy
D336,2023-10-10 12:37:00,Busy
D336,2023-10-10 14:17:00,Idle
D336,2023-10-10 15:22:00,Idle
D336,2023-10-10 16:06:00,Idle
D336,2023-10-10 17:10:00,Idle
D336,2023-10-10 17:30:00,Busy
D336,2023-10-10 19:05:00,Busy
D336,2023-10-10 19:20:00,Offline
D336,2023-10-11 14:20:00,Online
D336,2023-10-11 14:43:00,Busy
D336,2023-10-11 15:36:00,Idle
D336,2023-10-11 16:21:00,Idle
D336,2023-10-11 17:41:00,Busy
D336,2023-10-11 18:03:00,Idle
D336,2023-10-11 18:56:00,Idle
D336,2023-10-11 20:55:00,Idle
D336,2023-10-11 21:59:00,Idle
D336,2023-10-11 22:09:00,Offline
D336,2023-10-12 22:09:00,Online
D336,2023-10-13 00:07:00,Idle
D336,2023-10-13 01:51:00,Idle
D336,2023-10-13 02:40:00,Idle
D336,2023-10-13 04:20:00,Busy
D336,2023-10-13 04:57:00,Idle
D336,2023-10-13 06:02:00,Idle
D336,2023-10-13 06:24:00,Busy
D336,2023-10-13 07:17:00,Idle
D336,2023-10-13 08:21:00,Idle
D336,2023-10-13 10:17:00,Busy
D336,2023-10-13 10:43:00,Offline
D336,2023-10-14 08:43:00,Online
D336,2023-10-14 09:44:00,Idle
D336,2023-10-14 11:09:00,Idle
D336,2023-10-14 13:03:00,Idle
D336,2023-10-14 13:53:00,Busy
D336,2023-10-14 14:29:00,Offline
D336,2023-10-15 08:29:00,Online
D336,2023-10-15 09:47:00,Busy
D336,2023-10-15 11:14:00,Idle
D336,2023-10-15 12:10:00,Busy
D336,2023-10-15 13:45:00,Idle
D336,2023-10-15 14:23:00,Offline
D336,2023-10-16 04:23:00,Online
D336,2023-10-16 05:18:00,Idle
D336,2023-10-16 05:56:00,Idle
D336,2023-10-16 07:28:00,Idle
D336,2023-10-16 08:18:00,Idle
D336,2023-10-16 09:09:00,Offline
D336,2023-10-16 21:09:00,Online
D336,2023-10-16 21:47:00,Busy
D336,2023-10-16 22:30:00,Busy
D336,2023-10-16 23:46:00,Idle
D336,2023-10-17 00:08:00,Offline
D336,2023-10-17 16:08:00,Online
D336,2023-10-17 16:59:00,Busy
D336,2023-10-17 17:38:00,Idle
D336,2023-10-17 19:01:00,Busy
D336,2023-10-17 20:43:00,Idle
D336,2023-10-17 22:21:00,Idle
D336,2023-10-17 23:00:00,Offline
D336,2023-10-18 20:00:00,Online
D336,2023-10-18 20:36:00,Idle
D336,2023-10-18 22:29:00,Busy
D336,2023-10-19 00:08:00,Idle
D336,2023-10-19 00:43:00,Idle
D336,2023-10-19 01:04:00,Offline
D337,2023-10-05 00:00:00,Online
D337,2023-10-05 01:29:00,Busy
D337,2023-10-05 02:50:00,Busy
D337,2023-10-05 04:17:00,Busy
D337,2023-10-05 04:45:00,Offline
D337,2023-10-06 02:45:00,Online
D337,2023-10-06 03:07:00,Busy
D337,2023-10-06 03:31:00,Busy
D337,2023-10-06 03:48:00,Busy
D337,2023-10-06 04:15:00,Idle
D337,2023-10-06 05:08:00,Busy
D337,2023-10-06 05:27:00,Idle
D337,2023-10-06 07:11:00,Idle
D337,2023-10-06 08:05:00,Busy
D337,2023-10-06 08:40:00,Offline
D337,2023-10-07 08:40:00,Online
D337,2023-10-07 09:51:00,Idle
D337,2023-10-07 10:59:00,Busy
D337,2023-10-07 12:47:00,Busy
D337,2023-10-07 13:46:00,Busy
D337,2023-10-07 15:23:00,Idle
D337,2023-10-07 15:53:00,Idle
D337,2023-10-07 16:25:00,Offline
D337,2023-10-08 16:25:00,Online
D337,2023-10-08 18:20:00,Idle
D337,2023-10-08 19:36:00,Idle
D337,2023-10-08 20:34:00,Idle
D337,2023-10-08 21:02:00,Busy
D337,2023-10-08 22:31:00,Idle
D337,2023-10-09 00:29:00,Idle
D337,2023-10-09 01:35:00,Busy
D337,2023-10-09 03:21:00,Busy
D337,2023-10-09 04:36:00,Busy
D337,2023-10-09 06:14:00,Idle
D337,2023-10-09 07:12:00,Offline
D337,2023-10-09 20:12:00,Online
D337,2023-10-09 21:08:00,Busy
D337,2023-10-09 22:16:00,Idle
D337,2023-10-09 23:49:00,Idle
D337,2023-10-10 00:58:00,Busy
D337,2023-10-10 01:39:00,Busy
D337,2023-10-10 02:10:00,Offline
D338,2023-10-03 00:00:00,Online
D338,2023-10-03 00:25:00,Busy
D338,2023-10-03 01:00:00,Busy
D338,2023-10-03 01:29:00,Idle
D338,2023-10-03 02:11:00,Idle
D338,2023-10-03 02:59:00,Offline
D338,2023-10-04 01:59:00,Online
D338,2023-10-04 03:51:00,Idle
D338,2023-10-04 05:33:00,Busy
D338,2023-10-04 06:34:00,Idle
D338,2023-10-04 07:22:00,Idle
D338,2023-10-04 07:59:00,Busy
D338,2023-10-04 08:57:00,Idle
D338,2023-10-04 10:48:00,Busy
D338,2023-10-04 11:52:00,Idle
D338,2023-10-04 13:11:00,Busy
D338,2023-10-04 14:00:00,Offline
D338,2023-10-05 11:00:00,Online
D338,2023-10-05 12:28:00,Idle
D338,2023-10-05 13:55:00,Busy
D338,2023-10-05 15:50:00,Idle
D338,2023-10-05 17:07:00,Busy
D338,2023-10-05 17:32:00,Busy
D338,2023-10-05 19:04:00,Idle
D338,2023-10-05 19:58:00,Idle
D338,2023-10-05 21:29:00,Idle
D338,2023-10-05 21:53:00,Idle
D338,2023-10-05 23:44:00,Idle
D338,2023-10-06 00:06:00,Offline
D338,2023-10-06 14:06:00,Online
D338,2023-10-06 15:01:00,Busy
D338,2023-10-06 16:16:00,Busy
D338,2023-10-06 17:18:00,Idle
D338,2023-10-06 18:24:00,Idle
D338,2023-10-06 19:27:00,Busy
D338,2023-10-06 19:47:00,Idle
D338,2023-10-06 21:44:00,Busy
D338,2023-10-06 23:23:00,Busy
D338,2023-10-06 23:42:00,Busy
D338,2023-10-07 00:40:00,Offline
D338,2023-10-07 12:40:00,Online
D338,2023-10-07 13:35:00,Busy
D338,2023-10-07 15:31:00,Idle
D338,2023-10-07 16:15:00,Idle
D338,2023-10-07 18:09:00,Busy
D338,2023-10-07 18:31:00,Offline
D339,2023-10-01 00:00:00,Online
D339,2023-10-01 01:13:00,Busy
D339,2023-10-01 02:15:00,Idle
D339,2023-10-01 04:11:00,Idle
D339,2023-10-01 04:32:00,Idle
D339,2023-10-01 04:44:00,Offline
D339,2023-10-02 00:44:00,Online
D339,2023-10-02 02:21:00,Idle
D339,2023-10-02 04:01:00,Idle
D339,2023-10-02 05:35:00,Busy
D339,2023-10-02 07:01:00,Idle
D339,2023-10-02 07:36:00,Offline
D339,2023-10-03 07:36:00,Online
D339,2023-10-03 08:32:00,Busy
D339,2023-10-03 09:09:00,Busy
D339,2023-10-03 10:51:00,Idle
D339,2023-10-03 12:17:00,Idle
D339,2023-10-03 14:03:00,Idle
D339,2023-10-03 14:26:00,Busy
D339,2023-10-03 15:39:00,Idle
D339,2023-10-03 16:36:00,Busy
D339,2023-10-03 17:15:00,Offline
D339,2023-10-04 12:15:00,Online
D339,2023-10-04 13:20:00,Busy
D339,2023-10-04 15:04:00,Busy
D339,2023-10-04 16:08:00,Idle
D339,2023-10-04 16:26:00,Idle
D339,2023-10-04 17:05:00,Busy
D339,2023-10-04 18:42:00,Idle
D339,2023-10-04 20:14:00,Idle
D339,2023-10-04 20:34:00,Idle
D339,2023-10-04 20:52:00,Offline
D339,2023-10-05 16:52:00,Online
D339,2023-10-05 17:14:00,Busy
D339,2023-10-05 18:34:00,Busy
D339,2023-10-05 19:47:00,Idle
D339,2023-10-05 21:39:00,Idle
D339,2023-10-05 21:55:00,Idle
D339,2023-10-05 23:53:00,Busy
D339,2023-10-06 01:20:00,Busy
D339,2023-10-06 03:01:00,Idle
D339,2023-10-06 03:23:00,Offline
D340,2023-10-02 00:00:00,Online
D340,2023-10-02 01:15:00,Idle
D340,2023-10-02 03:04:00,Idle
D340,2023-10-02 03:45:00,Busy
D340,2023-10-02 04:12:00,Idle
D340,2023-10-02 05:49:00,Idle
D340,2023-10-02 06:56:00,Idle
D340,2023-10-02 08:38:00,Idle
D340,2023-10-02 09:07:00,Idle
D340,2023-10-02 09:42:00,Idle
D340,2023-10-02 11:25:00,Idle
D340,2023-10-02 11:55:00,Offline
D340,2023-10-03 02:55:00,Online
D340,2023-10-03 04:25:00,Busy
D340,2023-10-03 05:49:00,Busy
D340,2023-10-03 07:34:00,Busy
D340,2023-10-03 08:22:00,Busy
D340,2023-10-03 09:07:00,Busy
D340,2023-10-03 09:48:00,Busy
D340,2023-10-03 10:57:00,Idle
D340,2023-10-03 11:41:00,Busy
D340,2023-10-03 13:32:00,Busy
D340,2023-10-03 14:26:00,Idle
D340,2023-10-03 15:24:00,Offline
D340,2023-10-04 04:24:00,Online
D340,2023-10-04 06:23:00,Idle
D340,2023-10-04 07:39:00,Idle
D340,2023-10-04 09:36:00,Idle
D340,2023-10-04 11:36:00,Idle
D340,2023-10-04 11:59:00,Idle
D340,2023-10-04 12:53:00,Idle
D340,2023-10-04 13:16:00,Idle
D340,2023-10-04 13:32:00,Offline
D340,2023-10-05 10:32:00,Online
D340,2023-10-05 11:09:00,Busy
D340,2023-10-05 11:46:00,Idle
D340,2023-10-05 13:05:00,Busy
D340,2023-10-05 14:14:00,Idle
D340,2023-10-05 15:02:00,Idle
D340,2023-10-05 16:14:00,Idle
D340,2023-10-05 17:20:00,Idle
D340,2023-10-05 17:46:00,Busy
D340,2023-10-05 17:56:00,Offline
D340,2023-10-06 16:56:00,Online
D340,2023-10-06 18:46:00,Busy
D340,2023-10-06 19:44:00,Idle
D340,2023-10-06 21:24:00,Busy
D340,2023-10-06 23:09:00,Idle
D340,2023-10-07 00:32:00,Idle
D340,2023-10-07 00:49:00,Idle
D340,2023-10-07 02:19:00,Busy
D340,2023-10-07 03:58:00,Idle
D340,2023-10-07 04:34:00,Offline
D340,2023-10-08 01:34:00,Online
D340,2023-10-08 03:02:00,Busy
D340,2023-10-08 03:57:00,Idle
D340,2023-10-08 05:11:00,Busy
D340,2023-10-08 06:02:00,Busy
D340,2023-10-08 06:53:00,Idle
D340,2023-10-08 07:42:00,Busy
D340,2023-10-08 08:34:00,Offline
D340,2023-10-08 20:34:00,Online
D340,2023-10-08 21:11:00,Busy
D340,2023-10-08 23:02:00,Idle
D340,2023-10-08 23:17:00,Busy
D340,2023-10-08 23:54:00,Busy
D340,2023-10-09 00:13:00,Idle
D340,2023-10-09 00:48:00,Idle
D340,2023-10-09 01:38:00,Busy
D340,2023-10-09 02:03:00,Offline
D340,2023-10-09 15:03:00,Online
D340,2023-10-09 15:46:00,Idle
D340,2023-10-09 17:33:00,Busy
D340,2023-10-09 19:11:00,Busy
D340,2023-10-09 20:45:00,Idle
D340,2023-10-09 21:55:00,Idle
D340,2023-10-09 23:17:00,Busy
D340,2023-10-10 00:48:00,Idle
D340,2023-10-10 01:27:00,Idle
D340,2023-10-10 01:59:00,Busy
D340,2023-10-10 03:39:00,Idle
D340,2023-10-10 04:31:00,Offline
D340,2023-10-11 00:31:00,Online
D340,2023-10-11 02:16:00,Busy
D340,2023-10-11 03:01:00,Busy
D340,2023-10-11 04:37:00,Busy
D340,2023-10-11 06:34:00,Idle
D340,2023-10-11 08:08:00,Idle
D340,2023-10-11 09:01:00,Idle
D340,2023-10-11 09:44:00,Offline
D340,2023-10-11 21:44:00,Online
D340,2023-10-11 22:32:00,Busy
D340,2023-10-12 00:30:00,Busy
D340,2023-10-12 02:14:00,Idle
D340,2023-10-12 02:31:00,Busy
D340,2023-10-12 03:19:00,Offline
D340,2023-10-13 02:19:00,Online
D340,2023-10-13 03:36:00,Busy
D340,2023-10-13 03:53:00,Busy
D340,2023-10-13 05:14:00,Busy
D340,2023-10-13 06:38:00,Idle
D340,2023-10-13 08:22:00,Busy
D340,2023-10-13 10:04:00,Idle
D340,2023-10-13 10:40:00,Offline
D340,2023-10-14 02:40:00,Online
D340,2023-10-14 03:34:00,Idle
D340,2023-10-14 04:56:00,Idle
D340,2023-10-14 05:35:00,Idle
D340,2023-10-14 06:27:00,Idle
D340,2023-10-14 07:09:00,Busy
D340,2023-10-14 08:30:00,Busy
D340,2023-10-14 09:27:00,Offline
D340,2023-10-15 02:27:00,Online
D340,2023-10-15 03:27:00,Idle
D340,2023-10-15 04:57:00,Busy
D340,2023-10-15 06:03:00,Busy
D340,2023-10-15 07:33:00,Busy
D340,2023-10-15 08:21:00,Busy
D340,2023-10-15 09:18:00,Idle
D340,2023-10-15 10:16:00,Offline
D340,2023-10-16 06:16:00,Online
D340,2023-10-16 06:47:00,Idle
D340,2023-10-16 07:18:00,Busy
D340,2023-10-16 07:50:00,Idle
D340,2023-10-16 09:35:00,Busy
D340,2023-10-16 10:27:00,Busy
D340,2023-10-16 11:58:00,Busy
D340,2023-10-16 13:48:00,Idle
D340,2023-10-16 14:27:00,Idle
D340,2023-10-16 14:50:00,Idle
D340,2023-10-16 15:37:00,Offline
D340,2023-10-17 08:37:00,Online
D340,2023-10-17 10:03:00,Idle
D340,2023-10-17 11:11:00,Idle
D340,2023-10-17 12:29:00,Idle
D340,2023-10-17 13:02:00,Idle
D340,2023-10-17 13:36:00,Busy
D340,2023-10-17 15:21:00,Idle
D340,2023-10-17 16:01:00,Offline
D342,2023-10-02 00:00:00,Online
D342,2023-10-02 01:01:00,Idle
D342,2023-10-02 01:26:00,Idle
D342,2023-10-02 02:53:00,Busy
D342,2023-10-02 04:04:00,Busy
D342,2023-10-02 06:02:00,Idle
D342,2023-10-02 07:33:00,Idle
D342,2023-10-02 08:00:00,Idle
D342,2023-10-02 08:28:00,Offline
D342,2023-10-02 23:28:00,Online
D342,2023-10-03 00:02:00,Idle
D342,2023-10-03 00:26:00,Busy
D342,2023-10-03 01:23:00,Busy
D342,2023-10-03 02:22:00,Busy
D342,2023-10-03 03:45:00,Busy
D342,2023-10-03 04:27:00,Offline
D342,2023-10-03 18:27:00,Online
D342,2023-10-03 19:58:00,Busy
D342,2023-10-03 20:45:00,Idle
D342,2023-10-03 22:39:00,Busy
D342,2023-10-03 23:48:00,Idle
D342,2023-10-04 01:24:00,Busy
D342,2023-10-04 01:53:00,Idle
D342,2023-10-04 02:30:00,Busy
D342,2023-10-04 03:10:00,Busy
D342,2023-10-04 04:40:00,Idle
D342,2023-10-04 05:07:00,Offline
D342,2023-10-05 05:07:00,Online
D342,2023-10-05 06:55:00,Busy
D342,2023-10-05 08:36:00,Busy
D342,2023-10-05 08:55:00,Idle
D342,2023-10-05 09:22:00,Offline
D342,2023-10-06 03:22:00,Online
D342,2023-10-06 04:45:00,Busy
D342,2023-10-06 05:26:00,Busy
D342,2023-10-06 06:14:00,Idle
D342,2023-10-06 06:56:00,Offline
D342,2023-10-07 02:56:00,Online
D342,2023-10-07 03:51:00,Idle
D342,2023-10-07 04:58:00,Busy
D342,2023-10-07 06:07:00,Busy
D342,2023-10-07 07:33:00,Idle
D342,2023-10-07 07:58:00,Busy
D342,2023-10-07 08:58:00,Busy
D342,2023-10-07 09:38:00,Offline
D342,2023-10-08 05:38:00,Online
D342,2023-10-08 06:06:00,Idle
D342,2023-10-08 06:52:00,Busy
D342,2023-10-08 07:48:00,Idle
D342,2023-10-08 08:26:00,Busy
D342,2023-10-08 09:05:00,Offline
D342,2023-10-09 05:05:00,Online
D342,2023-10-09 05:58:00,Idle
D342,2023-10-09 07:20:00,Idle
D342,2023-10-09 07:55:00,Idle
D342,2023-10-09 09:35:00,Busy
D342,2023-10-09 10:10:00,Busy
D342,2023-10-09 12:03:00,Idle
D342,2023-10-09 13:02:00,Idle
D342,2023-10-09 13:54:00,Offline
D343,2023-10-06 00:00:00,Online
D343,2023-10-06 01:20:00,Idle
D343,2023-10-06 01:53:00,Idle
D343,2023-10-06 03:35:00,Busy
D343,2023-10-06 04:34:00,Offline
D343,2023-10-07 01:34:00,Online
D343,2023-10-07 03:20:00,Busy
D343,2023-10-07 04:14:00,Idle
D343,2023-10-07 05:36:00,Busy
D343,2023-10-07 06:22:00,Offline
D343,2023-10-08 03:22:00,Online
D343,2023-10-08 04:19:00,Idle
D343,2023-10-08 06:11:00,Idle
D343,2023-10-08 06:43:00,Busy
D343,2023-10-08 07:46:00,Busy
D343,2023-10-08 09:38:00,Idle
D343,2023-10-08 10:32:00,Busy
D343,2023-10-08 11:04:00,Idle
D343,2023-10-08 12:31:00,Busy
D343,2023-10-08 12:54:00,Busy
D343,2023-10-08 13:53:00,Offline
D343,2023-10-09 02:53:00,Online
D343,2023-10-09 04:06:00,Idle
D343,2023-10-09 05:44:00,Idle
D343,2023-10-09 06:28:00,Busy
D343,2023-10-09 08:24:00,Busy
D343,2023-10-09 10:05:00,Busy
D343,2023-10-09 10:22:00,Idle
D343,2023-10-09 11:03:00,Busy
D343,2023-10-09 11:46:00,Idle
D343,2023-10-09 13:42:00,Idle
D343,2023-10-09 14:00:00,Offline
D343,2023-10-10 05:00:00,Online
D343,2023-10-10 05:51:00,Idle
D343,2023-10-10 07:30:00,Busy
D343,2023-10-10 08:33:00,Idle
D343,2023-10-10 09:16:00,Idle
D343,2023-10-10 10:35:00,Idle
D343,2023-10-10 10:57:00,Busy
D343,2023-10-10 12:41:00,Busy
D343,2023-10-10 14:05:00,Idle
D343,2023-10-10 15:06:00,Idle
D343,2023-10-10 15:50:00,Offline
D343,2023-10-11 05:50:00,Online
D343,2023-10-11 07:21:00,Idle
D343,2023-10-11 08:07:00,Busy
D343,2023-10-11 08:51:00,Idle
D343,2023-10-11 09:25:00,Busy
D343,2023-10-11 09:48:00,Idle
D343,2023-10-11 10:45:00,Idle
D343,2023-10-11 11:21:00,Idle
D343,2023-10-11 11:49:00,Idle
D343,2023-10-11 12:27:00,Idle
D343,2023-10-11 13:05:00,Idle
D343,2023-10-11 14:04:00,Offline
D343,2023-10-12 03:04:00,Online
D343,2023-10-12 03:25:00,Idle
D343,2023-10-12 04:47:00,Busy
D343,2023-10-12 06:21:00,Idle
D343,2023-10-12 08:15:00,Idle
D343,2023-10-12 08:35:00,Busy
D343,2023-10-12 10:05:00,Idle
D343,2023-10-12 11:57:00,Idle
D343,2023-10-12 12:17:00,Idle
D343,2023-10-12 12:48:00,Offline
D343,2023-10-13 03:48:00,Online
D343,2023-10-13 05:11:00,Idle
D343,2023-10-13 05:40:00,Idle
D343,2023-10-13 06:04:00,Busy
D343,2023-10-13 07:53:00,Busy
D343,2023-10-13 08:53:00,Idle
D343,2023-10-13 10:07:00,Busy
D343,2023-10-13 11:08:00,Idle
D343,2023-10-13 11:52:00,Busy
D343,2023-10-13 13:03:00,Busy
D343,2023-10-13 13:34:00,Busy
D343,2023-10-13 13:55:00,Offline
D344,2023-10-03 00:00:00,Online
D344,2023-10-03 01:16:00,Busy
D344,2023-10-03 02:04:00,Idle
D344,2023-10-03 03:54:00,Idle
D344,2023-10-03 05:32:00,Busy
D344,2023-10-03 07:19:00,Busy
D344,2023-10-03 08:51:00,Idle
D344,2023-10-03 09:42:00,Offline
D344,2023-10-04 07:42:00,Online
D344,2023-10-04 08:30:00,Busy
D344,2023-10-04 08:56:00,Busy
D344,2023-10-04 09:42:00,Busy
D344,2023-10-04 11:25:00,Idle
D344,2023-10-04 12:12:00,Busy
D344,2023-10-04 13:19:00,Busy
D344,2023-10-04 14:38:00,Idle
D344,2023-10-04 15:11:00,Idle
D344,2023-10-04 16:01:00,Busy
D344,2023-10-04 16:48:00,Offline
D344,2023-10-05 16:48:00,Online
D344,2023-10-05 18:25:00,Idle
D344,2023-10-05 18:54:00,Busy
D344,2023-10-05 20:32:00,Busy
D344,2023-10-05 21:46:00,Busy
D344,2023-10-05 22:34:00,Idle
D344,2023-10-06 00:03:00,Busy
D344,2023-10-06 01:27:00,Busy
D344,2023-10-06 02:04:00,Busy
D344,2023-10-06 02:33:00,Busy
D344,2023-10-06 03:04:00,Offline
D344,2023-10-06 15:04:00,Online
D344,2023-10-06 15:23:00,Idle
D344,2023-10-06 15:42:00,Idle
D344,2023-10-06 17:15:00,Idle
D344,2023-10-06 17:50:00,Busy
D344,2023-10-06 18:13:00,Offline
D344,2023-10-07 15:13:00,Online
D344,2023-10-07 16:42:00,Idle
D344,2023-10-07 17:52:00,Idle
D344,2023-10-07 19:48:00,Busy
D344,2023-10-07 21:31:00,Busy
D344,2023-10-07 23:07:00,Busy
D344,2023-10-08 00:53:00,Idle
D344,2023-10-08 01:46:00,Offline
D344,2023-10-08 20:46:00,Online
D344,2023-10-08 21:12:00,Busy
D344,2023-10-08 22:50:00,Idle
D344,2023-10-09 00:08:00,Idle
D344,2023-10-09 00:45:00,Offline
D344,2023-10-09 13:45:00,Online
D344,2023-10-09 14:05:00,Busy
D344,2023-10-09 15:36:00,Idle
D344,2023-10-09 17:13:00,Idle
D344,2023-10-09 18:56:00,Idle
D344,2023-10-09 20:33:00,Busy
D344,2023-10-09 21:16:00,Offline
D345,2023-10-02 00:00:00,Online
D345,2023-10-02 01:13:00,Idle
D345,2023-10-02 01:51:00,Idle
D345,2023-10-02 02:18:00,Idle
D345,2023-10-02 03:49:00,Idle
D345,2023-10-02 04:20:00,Idle
D345,2023-10-02 05:29:00,Busy
D345,2023-10-02 06:03:00,Offline
D345,2023-10-02 23:03:00,Online
D345,2023-10-03 00:30:00,Idle
D345,2023-10-03 02:03:00,Idle
D345,2023-10-03 03:31:00,Idle
D345,2023-10-03 05:30:00,Busy
D345,2023-10-03 06:08:00,Busy
D345,2023-10-03 06:35:00,Offline
D345,2023-10-03 22:35:00,Online
D345,2023-10-03 23:46:00,Idle
D345,2023-10-04 01:24:00,Busy
D345,2023-10-04 02:43:00,Busy
D345,2023-10-04 03:43:00,Idle
D345,2023-10-04 04:52:00,Busy
D345,2023-10-04 06:43:00,Idle
D345,2023-10-04 08:01:00,Busy
D345,2023-10-04 08:16:00,Busy
D345,2023-10-04 09:14:00,Idle
D345,2023-10-04 09:48:00,Busy
D345,2023-10-04 10:21:00,Offline
D345,2023-10-04 22:21:00,Online
D345,2023-10-04 23:42:00,Idle
D345,2023-10-05 00:07:00,Idle
D345,2023-10-05 00:28:00,Idle
D345,2023-10-05 01:04:00,Offline
D345,2023-10-05 14:04:00,Online
D345,2023-10-05 14:41:00,Idle
D345,2023-10-05 15:09:00,Idle
D345,2023-10-05 16:36:00,Idle
D345,2023-10-05 17:20:00,Idle
D345,2023-10-05 18:21:00,Busy
D345,2023-10-05 19:49:00,Busy
D345,2023-10-05 21:48:00,Busy
D345,2023-10-05 22:40:00,Idle
D345,2023-10-05 23:31:00,Offline
D345,2023-10-06 20:31:00,Online
D345,2023-10-06 22:02:00,Idle
D345,2023-10-06 22:56:00,Idle
D345,2023-10-06 23:24:00,Idle
D345,2023-10-07 00:32:00,Idle
D345,2023-10-07 01:13:00,Idle
D345,2023-10-07 02:04:00,Idle
D345,2023-10-07 02:26:00,Busy
D345,2023-10-07 04:12:00,Idle
D345,2023-10-07 05:07:00,Offline
D345,2023-10-07 17:07:00,Online
D345,2023-10-07 18:57:00,Idle
D345,2023-10-07 20:27:00,Busy
D345,2023-10-07 21:09:00,Idle
D345,2023-10-07 22:13:00,Busy
D345,2023-10-07 23:52:00,Busy
D345,2023-10-08 01:30:00,Busy
D345,2023-10-08 03:28:00,Idle
D345,2023-10-08 05:25:00,Busy
D345,2023-10-08 06:00:00,Offline
D345,2023-10-08 22:00:00,Online
D345,2023-10-08 22:25:00,Busy
D345,2023-10-08 23:54:00,Idle
D345,2023-10-09 00:10:00,Busy
D345,2023-10-09 01:49:00,Idle
D345,2023-10-09 02:07:00,Busy
D345,2023-10-09 03:53:00,Busy
D345,2023-10-09 04:27:00,Idle
D345,2023-10-09 06:04:00,Busy
D345,2023-10-09 06:30:00,Offline
D345,2023-10-09 21:30:00,Online
D345,2023-10-09 23:14:00,Busy
D345,2023-10-10 00:52:00,Busy
D345,2023-10-10 02:00:00,Idle
D345,2023-10-10 02:38:00,Busy
D345,2023-10-10 03:05:00,Idle
D345,2023-10-10 04:45:00,Idle
D345,2023-10-10 06:37:00,Busy
D345,2023-10-10 08:18:00,Busy
D345,2023-10-10 09:12:00,Offline
D345,2023-10-11 08:12:00,Online
D345,2023-10-11 09:26:00,Idle
D345,2023-10-11 10:24:00,Busy
D345,2023-10-11 10:58:00,Busy
D345,2023-10-11 12:27:00,Idle
D345,2023-10-11 13:02:00,Offline
D345,2023-10-12 02:02:00,Online
D345,2023-10-12 04:01:00,Idle
D345,2023-10-12 05:04:00,Idle
D345,2023-10-12 06:27:00,Busy
D345,2023-10-12 08:23:00,Busy
D345,2023-10-12 10:11:00,Busy
D345,2023-10-12 10:46:00,Busy
D345,2023-10-12 12:21:00,Busy
D345,2023-10-12 12:33:00,Offline
D345,2023-10-13 03:33:00,Online
D345,2023-10-13 04:58:00,Busy
D345,2023-10-13 05:27:00,Busy
D345,2023-10-13 05:52:00,Busy
D345,2023-10-13 06:59:00,Busy
D345,2023-10-13 07:14:00,Busy
D345,2023-10-13 09:13:00,Idle
D345,2023-10-13 09:30:00,Idle
D345,2023-10-13 09:57:00,Idle
D345,2023-10-13 11:05:00,Idle
D345,2023-10-13 11:57:00,Idle
D345,2023-10-13 12:38:00,Offline
D345,2023-10-14 12:38:00,Online
D345,2023-10-14 13:02:00,Idle
D345,2023-10-14 14:19:00,Idle
D345,2023-10-14 14:40:00,Idle
D345,2023-10-14 15:14:00,Offline
D345,2023-10-15 10:14:00,Online
D345,2023-10-15 11:26:00,Idle
D345,2023-10-15 11:53:00,Busy
D345,2023-10-15 13:02:00,Busy
D345,2023-10-15 14:06:00,Busy
D345,2023-10-15 14:41:00,Busy
D345,2023-10-15 15:40:00,Offline
D345,2023-10-16 10:40:00,Online
D345,2023-10-16 12:13:00,Idle
D345,2023-10-16 13:21:00,Idle
D345,2023-10-16 14:29:00,Busy
D345,2023-10-16 15:48:00,Idle
D345,2023-10-16 16:58:00,Idle
D345,2023-10-16 18:54:00,Busy
D345,2023-10-16 19:53:00,Busy
D345,2023-10-16 20:27:00,Offline
D346,2023-10-01 00:00:00,Online
D346,2023-10-01 01:22:00,Busy
D346,2023-10-01 02:09:00,Idle
D346,2023-10-01 03:28:00,Idle
D346,2023-10-01 04:49:00,Idle
D346,2023-10-01 05:22:00,Idle
D346,2023-10-01 06:12:00,Busy
D346,2023-10-01 07:44:00,Idle
D346,2023-10-01 09:33:00,Idle
D346,2023-10-01 10:46:00,Idle
D346,2023-10-01 11:45:00,Offline
D346,2023-10-02 11:45:00,Online
D346,2023-10-02 13:30:00,Idle
D346,2023-10-02 14:27:00,Busy
D346,2023-10-02 16:25:00,Busy
D346,2023-10-02 17:41:00,Busy
D346,2023-10-02 18:08:00,Idle
D346,2023-10-02 19:19:00,Busy
D346,2023-10-02 19:42:00,Idle
D346,2023-10-02 21:22:00,Busy
D346,2023-10-02 21:56:00,Offline
D346,2023-10-03 12:56:00,Online
D346,2023-10-03 14:23:00,Busy
D346,2023-10-03 15:37:00,Busy
D346,2023-10-03 16:08:00,Busy
D346,2023-10-03 17:56:00,Busy
D346,2023-10-03 18:13:00,Offline
D346,2023-10-04 15:13:00,Online
D346,2023-10-04 16:30:00,Busy
D346,2023-10-04 17:32:00,Idle
D346,2023-10-04 17:54:00,Busy
D346,2023-10-04 18:21:00,Idle
D346,2023-10-04 18:35:00,Offline
D346,2023-10-05 17:35:00,Online
D346,2023-10-05 17:51:00,Idle
D346,2023-10-05 18:35:00,Idle
D346,2023-10-05 20:24:00,Idle
D346,2023-10-05 21:49:00,Idle
D346,2023-10-05 23:25:00,Busy
D346,2023-10-05 23:48:00,Idle
D346,2023-10-06 00:04:00,Idle
D346,2023-10-06 00:25:00,Offline
D346,2023-10-06 19:25:00,Online
D346,2023-10-06 20:35:00,Busy
D346,2023-10-06 20:56:00,Idle
D346,2023-10-06 22:08:00,Idle
D346,2023-10-06 23:18:00,Idle
D346,2023-10-07 00:31:00,Busy
D346,2023-10-07 01:24:00,Busy
D346,2023-10-07 01:40:00,Offline
D346,2023-10-07 18:40:00,Online
D346,2023-10-07 19:47:00,Busy
D346,2023-10-07 20:14:00,Busy
D346,2023-10-07 22:02:00,Idle
D346,2023-10-07 23:04:00,Idle
D346,2023-10-08 00:18:00,Busy
D346,2023-10-08 01:22:00,Idle
D346,2023-10-08 03:12:00,Idle
D346,2023-10-08 04:28:00,Idle
D346,2023-10-08 05:23:00,Offline
D346,2023-10-09 05:23:00,Online
D346,2023-10-09 06:54:00,Busy
D346,2023-10-09 07:25:00,Busy
D346,2023-10-09 07:56:00,Busy
D346,2023-10-09 09:22:00,Idle
D346,2023-10-09 09:47:00,Busy
D346,2023-10-09 11:08:00,Busy
D346,2023-10-09 13:07:00,Idle
D346,2023-10-09 13:46:00,Offline
D346,2023-10-10 08:46:00,Online
D346,2023-10-10 10:42:00,Idle
D346,2023-10-10 11:46:00,Busy
D346,2023-10-10 13:36:00,Busy
D346,2023-10-10 14:01:00,Idle
D346,2023-10-10 14:19:00,Idle
D346,2023-10-10 16:18:00,Busy
D346,2023-10-10 17:39:00,Busy
D346,2023-10-10 18:31:00,Offline
D346,2023-10-11 06:31:00,Online
D346,2023-10-11 08:03:00,Busy
D346,2023-10-11 09:24:00,Idle
D346,2023-10-11 10:25:00,Idle
D346,2023-10-11 12:00:00,Idle
D346,2023-10-11 12:17:00,Busy
D346,2023-10-11 12:54:00,Offline
D346,2023-10-12 10:54:00,Online
D346,2023-10-12 11:37:00,Busy
D346,2023-10-12 13:12:00,Idle
D346,2023-10-12 14:52:00,Idle
D346,2023-10-12 16:48:00,Busy
D346,2023-10-12 18:02:00,Idle
D346,2023-10-12 18:59:00,Busy
D346,2023-10-12 19:35:00,Idle
D346,2023-10-12 21:22:00,Idle
D346,2023-10-12 21:35:00,Offline
D346,2023-10-13 17:35:00,Online
D346,2023-10-13 19:04:00,Busy
D346,2023-10-13 19:50:00,Idle
D346,2023-10-13 21:10:00,Idle
D346,2023-10-13 22:16:00,Idle
D346,2023-10-13 23:55:00,Idle
D346,2023-10-14 01:40:00,Busy
D346,2023-10-14 02:04:00,Idle
D346,2023-10-14 04:03:00,Idle
D346,2023-10-14 05:35:00,Busy
D346,2023-10-14 06:35:00,Offline
D347,2023-10-01 00:00:00,Online
D347,2023-10-01 01:25:00,Idle
D347,2023-10-01 01:52:00,Busy
D347,2023-10-01 02:41:00,Busy
D347,2023-10-01 03:27:00,Busy
D347,2023-10-01 04:54:00,Busy
D347,2023-10-01 05:59:00,Busy
D347,2023-10-01 07:41:00,Idle
D347,2023-10-01 08:56:00,Busy
D347,2023-10-01 09:53:00,Offline
D347,2023-10-02 04:53:00,Online
D347,2023-10-02 05:40:00,Busy
D347,2023-10-02 06:53:00,Busy
D347,2023-10-02 07:13:00,Busy
D347,2023-10-02 07:41:00,Busy
D347,2023-10-02 09:30:00,Idle
D347,2023-10-02 09:49:00,Idle
D347,2023-10-02 11:30:00,Busy
D347,2023-10-02 13:04:00,Busy
D347,2023-10-02 13:26:00,Busy
D347,2023-10-02 14:42:00,Idle
D347,2023-10-02 15:31:00,Offline
D347,2023-10-03 06:31:00,Online
D347,2023-10-03 07:15:00,Busy
D347,2023-10-03 09:07:00,Idle
D347,2023-10-03 09:45:00,Busy
D347,2023-10-03 10:13:00,Idle
D347,2023-10-03 11:25:00,Busy
D347,2023-10-03 12:01:00,Idle
D347,2023-10-03 12:48:00,Offline
D347,2023-10-04 07:48:00,Online
D347,2023-10-04 08:35:00,Busy
D347,2023-10-04 09:47:00,Busy
D347,2023-10-04 10:50:00,Idle
D347,2023-10-04 12:38:00,Busy
D347,2023-10-04 13:58:00,Idle
D347,2023-10-04 15:07:00,Busy
D347,2023-10-04 15:57:00,Busy
D347,2023-10-04 16:09:00,Offline
D347,2023-10-05 10:09:00,Online
D347,2023-10-05 10:33:00,Idle
D347,2023-10-05 11:47:00,Idle
D347,2023-10-05 12:21:00,Busy
D347,2023-10-05 12:47:00,Idle
D347,2023-10-05 14:10:00,Idle
D347,2023-10-05 14:42:00,Idle
D347,2023-10-05 15:18:00,Busy
D347,2023-10-05 16:32:00,Busy
D347,2023-10-05 17:09:00,Busy
D347,2023-10-05 18:19:00,Idle
D347,2023-10-05 18:52:00,Offline
D347,2023-10-06 10:52:00,Online
D347,2023-10-06 11:37:00,Idle
D347,2023-10-06 12:19:00,Busy
D347,2023-10-06 13:02:00,Idle
D347,2023-10-06 13:21:00,Busy
D347,2023-10-06 15:14:00,Busy
D347,2023-10-06 15:39:00,Busy
D347,2023-10-06 16:01:00,Idle
D347,2023-10-06 17:41:00,Busy
D347,2023-10-06 18:02:00,Idle
D347,2023-10-06 18:27:00,Offline
D348,2023-10-03 00:00:00,Online
D348,2023-10-03 01:44:00,Idle
D348,2023-10-03 02:07:00,Busy
D348,2023-10-03 03:06:00,Idle
D348,2023-10-03 03:30:00,Offline
D348,2023-10-03 15:30:00,Online
D348,2023-10-03 17:22:00,Busy
D348,2023-10-03 18:19:00,Idle
D348,2023-10-03 19:43:00,Idle
D348,2023-10-03 20:32:00,Busy
D348,2023-10-03 21:31:00,Busy
D348,2023-10-03 21:52:00,Busy
D348,2023-10-03 22:13:00,Offline
D348,2023-10-04 14:13:00,Online
D348,2023-10-04 14:58:00,Idle
D348,2023-10-04 15:52:00,Busy
D348,2023-10-04 17:01:00,Busy
D348,2023-10-04 17:16:00,Idle
D348,2023-10-04 17:42:00,Idle
D348,2023-10-04 18:23:00,Offline
D348,2023-10-05 08:23:00,Online
D348,2023-10-05 09:51:00,Idle
D348,2023-10-05 10:26:00,Busy
D348,2023-10-05 11:21:00,Busy
D348,2023-10-05 12:04:00,Idle
D348,2023-10-05 14:04:00,Busy
D348,2023-10-05 14:51:00,Offline
D348,2023-10-06 02:51:00,Online
D348,2023-10-06 03:16:00,Busy
D348,2023-10-06 04:40:00,Busy
D348,2023-10-06 05:01:00,Busy
D348,2023-10-06 06:28:00,Busy
D348,2023-10-06 07:20:00,Busy
D348,2023-10-06 08:46:00,Busy
D348,2023-10-06 09:32:00,Idle
D348,2023-10-06 10:21:00,Offline
D348,2023-10-07 07:21:00,Online
D348,2023-10-07 08:31:00,Idle
D348,2023-10-07 09:00:00,Idle
D348,2023-10-07 10:13:00,Busy
D348,2023-10-07 10:48:00,Offline
D348,2023-10-08 01:48:00,Online
D348,2023-10-08 03:11:00,Busy
D348,2023-10-08 04:59:00,Idle
D348,2023-10-08 05:46:00,Busy
D348,2023-10-08 06:15:00,Busy
D348,2023-10-08 07:32:00,Busy
D348,2023-10-08 08:32:00,Idle
D348,2023-10-08 09:08:00,Busy
D348,2023-10-08 11:08:00,Idle
D348,2023-10-08 11:30:00,Offline
D348,2023-10-09 06:30:00,Online
D348,2023-10-09 06:45:00,Busy
D348,2023-10-09 07:44:00,Idle
D348,2023-10-09 08:30:00,Busy
D348,2023-10-09 09:59:00,Busy
D348,2023-10-09 10:45:00,Offline
D348,2023-10-10 01:45:00,Online
D348,2023-10-10 02:56:00,Idle
D348,2023-10-10 03:34:00,Busy
D348,2023-10-10 05:29:00,Idle
D348,2023-10-10 06:33:00,Busy
D348,2023-10-10 06:53:00,Idle
D348,2023-10-10 07:31:00,Idle
D348,2023-10-10 09:05:00,Idle
D348,2023-10-10 09:32:00,Idle
D348,2023-10-10 10:21:00,Offline
D348,2023-10-11 01:21:00,Online
D348,2023-10-11 03:14:00,Idle
D348,2023-10-11 04:12:00,Idle
D348,2023-10-11 05:03:00,Busy
D348,2023-10-11 05:40:00,Offline
D348,2023-10-12 02:40:00,Online
D348,2023-10-12 04:34:00,Busy
D348,2023-10-12 05:49:00,Busy
D348,2023-10-12 07:00:00,Busy
D348,2023-10-12 08:19:00,Idle
D348,2023-10-12 08:34:00,Offline
D348,2023-10-13 08:34:00,Online
D348,2023-10-13 10:33:00,Idle
D348,2023-10-13 12:24:00,Busy
D348,2023-10-13 14:24:00,Idle
D348,2023-10-13 14:42:00,Offline
D348,2023-10-14 06:42:00,Online
D348,2023-10-14 07:03:00,Busy
D348,2023-10-14 08:12:00,Busy
D348,2023-10-14 09:38:00,Idle
D348,2023-10-14 10:11:00,Busy
D348,2023-10-14 11:56:00,Idle
D348,2023-10-14 13:05:00,Idle
D348,2023-10-14 14:43:00,Idle
D348,2023-10-14 16:30:00,Busy
D348,2023-10-14 17:10:00,Offline
D348,2023-10-15 06:10:00,Online
D348,2023-10-15 08:04:00,Busy
D348,2023-10-15 08:34:00,Idle
D348,2023-10-15 09:42:00,Idle
D348,2023-10-15 11:21:00,Busy
D348,2023-10-15 12:56:00,Busy
D348,2023-10-15 14:25:00,Idle
D348,2023-10-15 15:36:00,Idle
D348,2023-10-15 16:08:00,Idle
D348,2023-10-15 16:42:00,Idle
D348,2023-10-15 17:59:00,Idle
D348,2023-10-15 18:38:00,Offline
D348,2023-10-16 12:38:00,Online
D348,2023-10-16 13:38:00,Idle
D348,2023-10-16 14:08:00,Busy
D348,2023-10-16 15:01:00,Busy
D348,2023-10-16 15:28:00,Busy
D348,2023-10-16 17:25:00,Busy
D348,2023-10-16 18:14:00,Idle
D348,2023-10-16 19:28:00,Busy
D348,2023-10-16 20:46:00,Idle
D348,2023-10-16 22:01:00,Busy
D348,2023-10-16 22:49:00,Offline
D349,2023-10-05 00:00:00,Online
D349,2023-10-05 00:40:00,Busy
D349,2023-10-05 02:22:00,Busy
D349,2023-10-05 03:54:00,Idle
D349,2023-10-05 04:34:00,Busy
D349,2023-10-05 06:10:00,Idle
D349,2023-10-05 07:44:00,Busy
D349,2023-10-05 09:42:00,Idle
D349,2023-10-05 10:07:00,Busy
D349,2023-10-05 11:59:00,Idle
D349,2023-10-05 12:29:00,Busy
D349,2023-10-05 13:07:00,Offline
D349,2023-10-06 10:07:00,Online
D349,2023-10-06 10:51:00,Busy
D349,2023-10-06 12:24:00,Idle
D349,2023-10-06 13:07:00,Idle
D349,2023-10-06 14:28:00,Busy
D349,2023-10-06 15:43:00,Busy
D349,2023-10-06 16:29:00,Busy
D349,2023-10-06 18:10:00,Busy
D349,2023-10-06 19:23:00,Busy
D349,2023-10-06 20:05:00,Busy
D349,2023-10-06 22:02:00,Idle
D349,2023-10-06 23:02:00,Offline
D349,2023-10-07 23:02:00,Online
D349,2023-10-08 00:28:00,Busy
D349,2023-10-08 01:04:00,Idle
D349,2023-10-08 02:16:00,Busy
D349,2023-10-08 02:27:00,Offline
D349,2023-10-08 14:27:00,Online
D349,2023-10-08 15:49:00,Busy
D349,2023-10-08 16:23:00,Idle
D349,2023-10-08 16:49:00,Idle
D349,2023-10-08 17:18:00,Idle
D349,2023-10-08 18:54:00,Idle
D349,2023-10-08 20:10:00,Busy
D349,2023-10-08 21:39:00,Idle
D349,2023-10-08 22:02:00,Idle
D349,2023-10-08 22:15:00,Offline
D349,2023-10-09 17:15:00,Online
D349,2023-10-09 18:14:00,Idle
D349,2023-10-09 19:31:00,Idle
D349,2023-10-09 20:42:00,Busy
D349,2023-10-09 22:34:00,Idle
D349,2023-10-09 23:17:00,Offline
D349,2023-10-10 21:17:00,Online
D349,2023-10-10 22:50:00,Idle
D349,2023-10-10 23:06:00,Idle
D349,2023-10-10 23:27:00,Idle
D349,2023-10-11 01:01:00,Busy
D349,2023-10-11 01:22:00,Busy
D349,2023-10-11 02:07:00,Busy
D349,2023-10-11 03:43:00,Busy
D349,2023-10-11 04:48:00,Busy
D349,2023-10-11 05:09:00,Idle
D349,2023-10-11 05:33:00,Offline
D349,2023-10-11 23:33:00,Online
D349,2023-10-12 01:33:00,Idle
D349,2023-10-12 03:08:00,Idle
D349,2023-10-12 04:10:00,Idle
D349,2023-10-12 05:28:00,Idle
D349,2023-10-12 06:58:00,Idle
D349,2023-10-12 08:44:00,Idle
D349,2023-10-12 09:32:00,Busy
D349,2023-10-12 11:13:00,Busy
D349,2023-10-12 11:33:00,Offline
D349,2023-10-13 10:33:00,Online
D349,2023-10-13 10:51:00,Busy
D349,2023-10-13 12:21:00,Busy
D349,2023-10-13 12:46:00,Idle
D349,2023-10-13 13:57:00,Idle
D349,2023-10-13 15:34:00,Idle
D349,2023-10-13 16:30:00,Idle
D349,2023-10-13 17:42:00,Idle
D349,2023-10-13 18:51:00,Busy
D349,2023-10-13 19:12:00,Busy
D349,2023-10-13 20:08:00,Offline
D349,2023-10-14 15:08:00,Online
D349,2023-10-14 17:06:00,Busy
D349,2023-10-14 17:42:00,Idle
D349,2023-10-14 19:29:00,Busy
D349,2023-10-14 20:12:00,Busy
D349,2023-10-14 20:36:00,Offline
D349,2023-10-15 20:36:00,Online
D349,2023-10-15 22:16:00,Idle
D349,2023-10-15 23:07:00,Busy
D349,2023-10-15 23:48:00,Idle
D349,2023-10-16 01:45:00,Busy
D349,2023-10-16 03:09:00,Idle
D349,2023-10-16 03:54:00,Idle
D349,2023-10-16 04:38:00,Offline
D350,2023-10-01 00:00:00,Online
D350,2023-10-01 00:21:00,Idle
D350,2023-10-01 01:06:00,Idle
D350,2023-10-01 01:21:00,Idle
D350,2023-10-01 01:54:00,Busy
D350,2023-10-01 02:16:00,Idle
D350,2023-10-01 04:16:00,Idle
D350,2023-10-01 05:41:00,Busy
D350,2023-10-01 06:39:00,Idle
D350,2023-10-01 07:37:00,Idle
D350,2023-10-01 09:28:00,Idle
D350,2023-10-01 10:23:00,Offline
D350,2023-10-02 07:23:00,Online
D350,2023-10-02 09:19:00,Idle
D350,2023-10-02 10:30:00,Idle
D350,2023-10-02 11:51:00,Busy
D350,2023-10-02 12:19:00,Idle
D350,2023-10-02 12:38:00,Idle
D350,2023-10-02 13:19:00,Busy
D350,2023-10-02 13:58:00,Idle
D350,2023-10-02 15:20:00,Idle
D350,2023-10-02 17:02:00,Idle
D350,2023-10-02 18:42:00,Busy
D350,2023-10-02 19:00:00,Offline
D350,2023-10-03 09:00:00,Online
D350,2023-10-03 10:11:00,Idle
D350,2023-10-03 10:45:00,Busy
D350,2023-10-03 12:24:00,Idle
D350,2023-10-03 13:39:00,Busy
D350,2023-10-03 14:23:00,Idle
D350,2023-10-03 16:13:00,Busy
D350,2023-10-03 16:46:00,Busy
D350,2023-10-03 17:20:00,Offline
D350,2023-10-04 08:20:00,Online
D350,2023-10-04 09:01:00,Idle
D350,2023-10-04 10:23:00,Busy
D350,2023-10-04 11:05:00,Busy
D350,2023-10-04 12:03:00,Offline
D350,2023-10-05 10:03:00,Online
D350,2023-10-05 10:50:00,Idle
D350,2023-10-05 11:40:00,Busy
D350,2023-10-05 12:37:00,Idle
D350,2023-10-05 13:11:00,Offline
D350,2023-10-06 12:11:00,Online
D350,2023-10-06 12:26:00,Busy
D350,2023-10-06 13:22:00,Busy
D350,2023-10-06 13:45:00,Busy
D350,2023-10-06 14:04:00,Offline
D350,2023-10-07 13:04:00,Online
D350,2023-10-07 14:16:00,Idle
D350,2023-10-07 14:42:00,Idle
D350,2023-10-07 15:05:00,Busy
D350,2023-10-07 16:42:00,Idle
D350,2023-10-07 17:36:00,Busy
D350,2023-10-07 18:09:00,Busy
D350,2023-10-07 19:08:00,Busy
D350,2023-10-07 20:02:00,Idle
D350,2023-10-07 21:31:00,Idle
D350,2023-10-07 22:23:00,Offline
D350,2023-10-08 13:23:00,Online
D350,2023-10-08 14:59:00,Busy
D350,2023-10-08 16:29:00,Idle
D350,2023-10-08 18:01:00,Idle
D350,2023-10-08 18:22:00,Idle
D350,2023-10-08 20:03:00,Busy
D350,2023-10-08 21:26:00,Idle
D350,2023-10-08 21:54:00,Busy
D350,2023-10-08 23:25:00,Busy
D350,2023-10-09 00:38:00,Idle
D350,2023-10-09 01:37:00,Offline
D350,2023-10-09 21:37:00,Online
D350,2023-10-09 22:17:00,Idle
D350,2023-10-09 23:25:00,Busy
D350,2023-10-10 01:02:00,Busy
D350,2023-10-10 01:17:00,Busy
D350,2023-10-10 01:33:00,Idle
D350,2023-10-10 02:03:00,Busy
D350,2023-10-10 03:35:00,Busy
D350,2023-10-10 05:23:00,Idle
D350,2023-10-10 06:09:00,Idle
D350,2023-10-10 06:39:00,Offline
D350,2023-10-10 23:39:00,Online
D350,2023-10-11 01:27:00,Idle
D350,2023-10-11 02:11:00,Busy
D350,2023-10-11 03:06:00,Idle
D350,2023-10-11 04:43:00,Busy
D350,2023-10-11 05:25:00,Busy
D350,2023-10-11 07:00:00,Busy
D350,2023-10-11 07:31:00,Idle
D350,2023-10-11 08:43:00,Idle
D350,2023-10-11 08:57:00,Offline
