trip_id,driver_id,rider_id,city,pickup_zone,drop_zone,request_time,pickup_time,drop_time,distance_km,fare,status,cancellation_reason
T1001,D289,R1189,Bangalore,Koramangala,HSR Layout,2023-10-03 16:43:00,2023-10-03 16:53:00,2023-10-03 18:21:00,23.6,466,Completed,
T1002,D132,R4054,Mumbai,Powai,Colaba,2023-10-16 08:42:00,2023-10-16 08:55:00,2023-10-16 09:41:00,13.8,353,Completed,
T1003,D159,R4351,Delhi,Dwarka,Saket,2023-10-29 15:27:00,2023-10-29 15:39:00,2023-10-29 16:48:00,19.1,337,Completed,
T1004,D344,R1669,Delhi,Rohini,Saket,2023-10-21 08:58:00,2023-10-21 09:11:00,2023-10-21 09:54:00,16.4,312,Completed,
T1005,D114,R4509,Bangalore,Koramangala,Whitefield,2023-10-02 05:56:00,2023-10-02 06:04:00,2023-10-02 06:19:00,4.6,137,Completed,
T1006,D135,R1796,Mumbai,Colaba,Powai,2023-10-26 19:00:00,2023-10-26 19:06:00,2023-10-26 19:37:00,9.5,236,Completed,
T1007,D260,R2389,Bangalore,Indiranagar,HSR Layout,2023-10-20 11:19:00,2023-10-20 11:29:00,2023-10-20 12:14:00,17.2,457,Completed,
T1008,D348,R2717,Bangalore,HSR Layout,Whitefield,2023-10-11 10:42:00,2023-10-11 10:45:00,2023-10-11 11:30:00,11.4,245,Completed,
T1009,D231,R1578,Bangalore,HSR Layout,Indiranagar,2023-10-20 16:57:00,2023-10-20 17:11:00,2023-10-20 17:34:00,7.3,228,Completed,
T1010,D173,R2370,Delhi,Dwarka,Vasant Kunj,2023-10-18 07:52:00,2023-10-18 08:02:00,2023-10-18 09:37:00,24.3,615,Completed,
T1011,D316,R2876,Bangalore,HSR Layout,Whitefield,2023-10-25 02:13:00,2023-10-25 02:21:00,2023-10-25 02:41:00,6.8,198,Completed,
T1012,D237,R3384,Bangalore,Jayanagar,HSR Layout,2023-10-03 01:57:00,2023-10-03 02:07:00,2023-10-03 02:43:00,9.8,227,Completed,
T1013,D172,R2934,Delhi,Connaught Place,Saket,2023-10-23 20:21:00,2023-10-23 20:35:00,2023-10-23 21:31:00,19.4,382,Completed,
T1014,D141,R2473,Mumbai,Colaba,Andheri,2023-10-09 17:30:00,2023-10-09 17:39:00,2023-10-09 18:09:00,8.7,186,Completed,
T1015,D291,R3732,Delhi,Saket,Dwarka,2023-10-30 07:53:00,2023-10-30 08:06:00,2023-10-30 08:39:00,12.1,235,Completed,
T1016,D101,R4887,Mumbai,Colaba,Bandra,2023-10-07 14:27:00,2023-10-07 14:39:00,2023-10-07 15:31:00,16.7,381,Completed,
T1017,D309,R3586,Mumbai,Colaba,Bandra,2023-10-20 20:14:00,2023-10-20 20:26:00,2023-10-20 21:12:00,15.7,404,Completed,
T1018,D136,R2494,Delhi,Dwarka,Rohini,2023-10-07 17:34:00,2023-10-07 17:48:00,2023-10-07 17:58:00,2.8,113,Completed,
T1019,D210,R2218,Mumbai,Powai,Andheri,2023-10-08 09:15:00,2023-10-08 09:23:00,2023-10-08 10:16:00,14.3,322,Completed,
T1020,D337,R4486,Mumbai,Powai,Andheri,2023-10-29 11:39:00,,,0.0,0.0,Cancelled,Rider Cancelled
T1021,D186,R1056,Bangalore,Whitefield,Indiranagar,2023-10-14 19:43:00,2023-10-14 19:58:00,2023-10-14 20:58:00,20.3,373,Completed,
T1022,D289,R2898,Bangalore,Jayanagar,Indiranagar,2023-10-13 07:13:00,2023-10-13 07:22:00,2023-10-13 07:44:00,8.3,183,Completed,
T1023,D145,R3169,Bangalore,Indiranagar,Jayanagar,2023-10-16 07:00:00,2023-10-16 07:11:00,2023-10-16 07:52:00,14.0,381,Completed,
T1024,D164,R1709,Bangalore,Indiranagar,HSR Layout,2023-10-23 02:37:00,2023-10-23 02:42:00,2023-10-23 03:49:00,22.0,425,Completed,
T1025,D133,R3456,Delhi,Rohini,Saket,2023-10-13 09:44:00,,,0.0,0.0,Cancelled,Payment Issue
T1026,D102,R3309,Delhi,Rohini,Vasant Kunj,2023-10-13 08:31:00,2023-10-13 08:34:00,2023-10-13 08:42:00,2.3,85,Completed,
T1027,D169,R2006,Bangalore,Jayanagar,HSR Layout,2023-10-11 21:38:00,2023-10-11 21:52:00,2023-10-11 22:09:00,6.5,166,Completed,
T1028,D169,R1975,Bangalore,Indiranagar,Whitefield,2023-10-04 14:03:00,2023-10-04 14:15:00,2023-10-04 14:24:00,3.4,111,Completed,
T1029,D328,R3529,Mumbai,Powai,Andheri,2023-10-08 09:12:00,2023-10-08 09:15:00,2023-10-08 10:21:00,20.2,362,Completed,
T1030,D301,R3677,Bangalore,Indiranagar,Koramangala,2023-10-11 13:41:00,2023-10-11 13:56:00,2023-10-11 14:56:00,16.2,406,Completed,
T1031,D212,R3348,Bangalore,Koramangala,Indiranagar,2023-10-07 14:37:00,2023-10-07 14:49:00,2023-10-07 16:02:00,21.6,452,Completed,
T1032,D142,R1933,Mumbai,Bandra,Colaba,2023-10-13 11:39:00,2023-10-13 11:49:00,2023-10-13 13:01:00,21.6,496,Completed,
T1033,D281,R4145,Delhi,Saket,Connaught Place,2023-10-11 23:55:00,2023-10-12 00:03:00,2023-10-12 00:23:00,7.2,172,Completed,
T1034,D184,R1894,Bangalore,Koramangala,Indiranagar,2023-10-05 05:30:00,2023-10-05 05:45:00,2023-10-05 06:53:00,19.3,358,Completed,
T1035,D326,R4012,Delhi,Saket,Dwarka,2023-10-27 21:09:00,2023-10-27 21:19:00,2023-10-27 21:36:00,6.4,210,Completed,
T1036,D176,R3377,Bangalore,Koramangala,Indiranagar,2023-10-26 01:17:00,2023-10-26 01:27:00,2023-10-26 01:42:00,4.3,140,Completed,
T1037,D285,R2403,Delhi,Dwarka,Saket,2023-10-02 09:03:00,2023-10-02 09:12:00,2023-10-02 09:22:00,4.2,149,Completed,
T1038,D119,R2180,Delhi,Vasant Kunj,Rohini,2023-10-07 10:16:00,2023-10-07 10:20:00,2023-10-07 11:05:00,11.8,332,Completed,
T1039,D264,R1526,Delhi,Saket,Connaught Place,2023-10-28 22:25:00,2023-10-28 22:36:00,2023-10-28 22:54:00,5.3,155,Completed,
T1040,D159,R4213,Delhi,Connaught Place,Vasant Kunj,2023-10-12 14:33:00,2023-10-12 14:47:00,2023-10-12 14:56:00,2.5,95,Completed,
T1041,D162,R3111,Delhi,Vasant Kunj,Connaught Place,2023-10-27 00:30:00,2023-10-27 00:36:00,2023-10-27 02:08:00,24.0,459,Completed,
T1042,D218,R2082,Bangalore,HSR Layout,Whitefield,2023-10-02 21:53:00,,,0.0,0.0,Cancelled,Driver Not Found
T1043,D289,R1946,Bangalore,Indiranagar,Koramangala,2023-10-26 00:45:00,2023-10-26 00:50:00,2023-10-26 02:06:00,19.9,522,Completed,
T1044,D106,R1013,Mumbai,Andheri,Juhu,2023-10-29 20:47:00,2023-10-29 20:53:00,2023-10-29 21:04:00,4.6,155,Completed,
T1045,D179,R2669,Delhi,Dwarka,Vasant Kunj,2023-10-29 07:52:00,2023-10-29 08:05:00,2023-10-29 08:17:00,4.6,157,Completed,
T1046,D129,R2296,Bangalore,Jayanagar,Whitefield,2023-10-18 13:16:00,2023-10-18 13:31:00,2023-10-18 14:09:00,11.8,272,Completed,
T1047,D270,R1499,Delhi,Connaught Place,Rohini,2023-10-09 15:06:00,2023-10-09 15:19:00,2023-10-09 16:27:00,23.2,514,Completed,
T1048,D311,R4529,Mumbai,Powai,Bandra,2023-10-07 07:08:00,2023-10-07 07:23:00,2023-10-07 07:39:00,4.8,170,Completed,
T1049,D154,R2144,Mumbai,Colaba,Bandra,2023-10-20 18:40:00,2023-10-20 18:44:00,2023-10-20 18:54:00,3.1,103,Completed,
T1050,D259,R4991,Delhi,Saket,Rohini,2023-10-16 03:22:00,2023-10-16 03:29:00,2023-10-16 04:12:00,11.3,-225,Completed,
T1051,D264,R3434,Delhi,Saket,Dwarka,2023-10-30 21:30:00,2023-10-30 21:39:00,2023-10-30 22:03:00,8.5,208,Completed,
T1052,D263,R2740,Bangalore,Indiranagar,Jayanagar,2023-10-30 05:58:00,2023-10-30 06:02:00,2023-10-30 06:48:00,14.0,339,Completed,
T1053,D196,R4680,Delhi,Rohini,Vasant Kunj,2023-10-03 07:02:00,2023-10-03 07:13:00,2023-10-03 07:47:00,12.7,269,Completed,
T1054,D277,R2651,Mumbai,Colaba,Juhu,2023-10-16 05:29:00,2023-10-16 05:35:00,2023-10-16 06:09:00,10.7,264,Completed,
T1055,D283,R2125,Mumbai,Powai,Colaba,2023-10-07 16:31:00,2023-10-07 16:40:00,2023-10-07 17:47:00,21.6,567,Completed,
T1056,D350,R4527,Delhi,Connaught Place,Vasant Kunj,2023-10-25 04:13:00,2023-10-25 04:24:00,2023-10-25 04:56:00,9.7,283,Completed,
T1057,D130,R1830,Bangalore,Jayanagar,Indiranagar,2023-10-07 23:50:00,2023-10-08 00:01:00,2023-10-08 00:13:00,3.7,106,Completed,
T1058,D132,R3602,Mumbai,Powai,Juhu,2023-10-01 20:53:00,2023-10-01 20:57:00,2023-10-01 21:29:00,10.8,246,Completed,
T1059,D247,R4779,Bangalore,Indiranagar,Jayanagar,2023-10-03 02:55:00,2023-10-03 03:08:00,2023-10-03 04:36:00,23.9,639,Completed,
T1060,D328,R3627,Mumbai,Colaba,Andheri,2023-10-04 19:13:00,2023-10-04 19:28:00,2023-10-04 20:20:00,14.8,369,Completed,
T1061,D327,R2394,Mumbai,Colaba,Powai,2023-10-24 19:38:00,,,0.0,0.0,Cancelled,Driver Cancelled
T1062,D309,R4865,Mumbai,Colaba,Andheri,2023-10-02 21:01:00,2023-10-02 21:14:00,2023-10-02 21:51:00,9.8,232,Completed,
T1063,D319,R2764,Bangalore,HSR Layout,Whitefield,2023-10-27 17:56:00,2023-10-27 17:59:00,2023-10-27 18:26:00,8.1,184,Completed,
T1064,D264,R2193,Delhi,Dwarka,Rohini,2023-10-27 20:56:00,2023-10-27 21:06:00,2023-10-27 22:06:00,15.8,372,Completed,
T1065,D181,R1351,Bangalore,Jayanagar,Koramangala,2023-10-09 09:04:00,2023-10-09 09:10:00,2023-10-09 09:26:00,4.2,142,Completed,
T1066,D197,R3995,Mumbai,Bandra,Powai,2023-10-04 04:50:00,2023-10-04 05:01:00,2023-10-04 06:25:00,24.6,556,Completed,
T1067,D193,R4539,Mumbai,Powai,Andheri,2023-10-03 09:29:00,2023-10-03 09:41:00,2023-10-03 10:39:00,15.7,423,Completed,
T1068,D266,R4395,Bangalore,Koramangala,Indiranagar,2023-10-20 14:59:00,2023-10-20 15:10:00,2023-10-20 15:32:00,8.0,182,Completed,
T1069,D350,R4447,Delhi,Saket,Vasant Kunj,2023-10-04 05:24:00,2023-10-04 05:38:00,2023-10-04 06:39:00,15.5,429,Completed,
T1070,D233,R1717,Delhi,Saket,Vasant Kunj,2023-10-20 23:53:00,2023-10-20 23:57:00,2023-10-21 01:05:00,17.9,451,Completed,
T1071,D161,R4436,Bangalore,Whitefield,Koramangala,2023-10-22 14:28:00,2023-10-22 14:40:00,2023-10-22 15:39:00,21.7,434,Completed,
T1072,D341,R2467,Bangalore,HSR Layout,Whitefield,2023-10-27 23:17:00,2023-10-27 23:19:00,2023-10-28 00:25:00,17.9,490,Completed,
T1073,D272,R2005,Mumbai,Bandra,Andheri,2023-10-10 08:31:00,2023-10-10 08:40:00,2023-10-10 09:17:00,11.5,244,Completed,
T1074,D293,R1402,Bangalore,Indiranagar,Koramangala,2023-10-06 15:05:00,2023-10-06 15:19:00,2023-10-06 15:45:00,8.9,248,Completed,
T1075,D166,R4426,Mumbai,Andheri,Colaba,2023-10-04 22:22:00,2023-10-04 22:27:00,2023-10-04 23:04:00,9.5,212,Completed,
T1076,D217,R1611,Delhi,Vasant Kunj,Saket,2023-10-25 06:32:00,2023-10-25 06:46:00,2023-10-25 07:20:00,8.7,222,Completed,
T1077,D250,R4462,Delhi,Connaught Place,Rohini,2023-10-04 02:51:00,2023-10-04 03:04:00,2023-10-04 04:07:00,22.4,388,Completed,
T1078,D342,R2616,Delhi,Saket,Rohini,2023-10-28 09:24:00,2023-10-28 09:32:00,2023-10-28 10:03:00,11.7,238,Completed,
T1079,D193,R1676,Mumbai,Juhu,Powai,2023-10-19 13:01:00,2023-10-19 13:15:00,2023-10-19 14:15:00,22.5,516,Completed,
T1080,D260,R1576,Bangalore,Indiranagar,Koramangala,2023-10-15 23:30:00,2023-10-15 23:42:00,2023-10-16 00:12:00,10.8,319,Completed,
T1081,D311,R1968,Mumbai,Colaba,Powai,2023-10-01 23:20:00,2023-10-01 23:26:00,2023-10-01 23:51:00,9.1,198,Completed,
T1082,D125,R3897,Delhi,Dwarka,Rohini,2023-10-07 18:16:00,2023-10-07 18:23:00,2023-10-07 19:12:00,14.4,336,Completed,
T1083,D261,R2735,Mumbai,Andheri,Bandra,2023-10-29 17:07:00,2023-10-29 17:15:00,2023-10-29 18:22:00,17.9,425,Completed,
T1084,D193,R3275,Mumbai,Colaba,Bandra,2023-10-26 04:00:00,2023-10-26 04:08:00,2023-10-26 05:01:00,17.9,401,Completed,
T1085,D267,R3629,Mumbai,Powai,Juhu,2023-10-26 17:38:00,2023-10-26 17:49:00,2023-10-26 18:52:00,18.2,327,Completed,
T1086,D165,R3200,Delhi,Dwarka,Saket,2023-10-12 13:15:00,2023-10-12 13:30:00,2023-10-12 13:46:00,6.3,190,Completed,
T1087,D306,R4236,Mumbai,Juhu,Colaba,2023-10-07 14:33:00,2023-10-07 14:36:00,2023-10-07 15:19:00,16.5,428,Completed,
T1088,D202,R1314,Delhi,Connaught Place,Vasant Kunj,2023-10-10 23:22:00,2023-10-10 23:31:00,2023-10-11 00:33:00,21.6,390,Completed,
T1089,D224,R1934,Bangalore,Jayanagar,Koramangala,2023-10-03 22:12:00,2023-10-03 22:19:00,2023-10-03 22:30:00,4.1,120,Completed,
T1090,D272,R3932,Mumbai,Powai,Juhu,2023-10-06 10:58:00,2023-10-06 11:07:00,2023-10-06 12:08:00,19.1,423,Completed,
T1091,D317,R1369,Bangalore,Jayanagar,Indiranagar,2023-10-20 16:07:00,2023-10-20 16:09:00,2023-10-20 16:41:00,10.8,271,Completed,
T1092,D332,R1964,Delhi,Dwarka,Saket,2023-10-09 00:29:00,2023-10-09 00:34:00,2023-10-09 00:44:00,3.2,104,Completed,
T1093,D155,R1084,Delhi,Saket,Vasant Kunj,2023-10-01 15:10:00,2023-10-01 15:20:00,2023-10-01 15:48:00,8.7,261,Completed,
T1094,D181,R1617,Bangalore,Whitefield,HSR Layout,2023-10-15 22:47:00,2023-10-15 22:59:00,2023-10-15 23:15:00,5.8,146,Completed,
T1095,D136,R4729,Delhi,Dwarka,Saket,2023-10-04 10:43:00,2023-10-04 10:48:00,2023-10-04 10:57:00,2.9,101,Completed,
T1096,D204,R3864,Bangalore,HSR Layout,Koramangala,2023-10-29 12:17:00,2023-10-29 12:23:00,2023-10-29 12:31:00,2.2,87,Completed,
T1097,D263,R4409,Bangalore,Indiranagar,Whitefield,2023-10-09 22:06:00,2023-10-09 22:19:00,2023-10-09 23:14:00,16.8,412,Completed,
T1098,D299,R1574,Delhi,Vasant Kunj,Connaught Place,2023-10-14 08:21:00,2023-10-14 08:31:00,2023-10-14 09:47:00,21.5,455,Completed,
T1099,D233,R1282,Delhi,Vasant Kunj,Saket,2023-10-22 11:51:00,,,0.0,0.0,Cancelled,Driver Not Found
T1100,D9999,R3906,Bangalore,HSR Layout,Jayanagar,2023-10-04 07:45:00,2023-10-04 07:58:00,2023-10-04 08:18:00,7.6,226,Completed,
T1101,D276,R3023,Bangalore,Koramangala,Indiranagar,2023-10-15 05:50:00,2023-10-15 06:03:00,2023-10-15 06:35:00,12.1,292,Completed,
T1102,D200,R1784,Delhi,Saket,Vasant Kunj,2023-10-05 12:04:00,2023-10-05 12:18:00,2023-10-05 13:17:00,15.1,402,Completed,
T1103,D256,R4959,Delhi,Connaught Place,Vasant Kunj,2023-10-07 11:04:00,2023-10-07 11:06:00,2023-10-07 12:18:00,18.7,343,Completed,
T1104,D302,R1990,Bangalore,Koramangala,Whitefield,2023-10-03 14:41:00,2023-10-03 14:50:00,2023-10-03 15:23:00,11.1,325,Completed,
T1105,D148,R2170,Bangalore,Indiranagar,HSR Layout,2023-10-17 17:27:00,2023-10-17 17:38:00,2023-10-17 18:44:00,22.4,515,Completed,
T1106,D242,R2663,Delhi,Vasant Kunj,Dwarka,2023-10-22 02:36:00,2023-10-22 02:49:00,2023-10-22 04:18:00,24.3,458,Completed,
T1107,D180,R3661,Bangalore,Koramangala,Indiranagar,2023-10-18 02:23:00,2023-10-18 02:25:00,2023-10-18 03:06:00,16.6,315,Completed,
T1108,D343,R1140,Bangalore,Indiranagar,Whitefield,2023-10-17 06:38:00,2023-10-17 06:46:00,2023-10-17 07:20:00,9.2,248,Completed,
T1109,D144,R1940,Mumbai,Juhu,Powai,2023-10-12 10:27:00,2023-10-12 10:38:00,2023-10-12 11:26:00,13.7,320,Completed,
T1110,D242,R1485,Delhi,Rohini,Dwarka,2023-10-09 14:26:00,2023-10-09 14:31:00,2023-10-09 15:30:00,20.0,384,Completed,
T1111,D263,R3828,Bangalore,Indiranagar,Whitefield,2023-10-02 07:54:00,2023-10-02 08:07:00,2023-10-02 09:15:00,23.8,615,Completed,
T1112,D142,R4484,Mumbai,Colaba,Bandra,2023-10-06 23:30:00,,,0.0,0.0,Cancelled,Other
T1113,D214,R3515,Delhi,Connaught Place,Rohini,2023-10-02 09:14:00,2023-10-02 09:21:00,2023-10-02 09:45:00,8.8,208,Completed,
T1114,D232,R3047,Bangalore,Jayanagar,Whitefield,2023-10-18 03:06:00,2023-10-18 03:16:00,2023-10-18 03:53:00,10.5,256,Completed,
T1115,D298,R2907,Delhi,Connaught Place,Vasant Kunj,2023-10-20 17:35:00,2023-10-20 17:37:00,2023-10-20 18:35:00,16.6,404,Completed,
T1116,D152,R2420,Bangalore,Jayanagar,HSR Layout,2023-10-13 19:00:00,2023-10-13 19:05:00,2023-10-13 20:12:00,17.8,432,Completed,
T1117,D254,R3843,Bangalore,Jayanagar,Indiranagar,2023-10-11 17:40:00,2023-10-11 17:47:00,2023-10-11 18:06:00,7.3,220,Completed,
T1118,D312,R3319,Delhi,Connaught Place,Rohini,2023-10-10 05:34:00,2023-10-10 05:38:00,2023-10-10 05:48:00,3.8,139,Completed,
T1119,D121,R3011,Mumbai,Bandra,Powai,2023-10-19 23:23:00,2023-10-19 23:29:00,2023-10-19 23:47:00,6.1,182,Completed,
T1120,D133,R1500,Delhi,Vasant Kunj,Saket,2023-10-02 15:20:00,2023-10-02 15:26:00,2023-10-02 16:55:00,24.4,588,Completed,
T1121,D114,R2830,Bangalore,HSR Layout,Jayanagar,2023-10-26 07:19:00,2023-10-26 07:25:00,2023-10-26 08:06:00,15.3,357,Completed,
T1122,D200,R3748,Delhi,Connaught Place,Saket,2023-10-04 11:46:00,,,0.0,0.0,Cancelled,Driver Cancelled
T1123,D170,R1679,Bangalore,Indiranagar,Jayanagar,2023-10-26 05:47:00,2023-10-26 06:01:00,2023-10-26 06:11:00,3.7,107,Completed,
T1124,D346,R1071,Mumbai,Andheri,Colaba,2023-10-13 01:20:00,2023-10-13 01:24:00,2023-10-13 01:53:00,8.6,199,Completed,
T1125,D314,R2389,Mumbai,Juhu,Bandra,2023-10-09 17:57:00,2023-10-09 18:04:00,2023-10-09 19:16:00,19.4,411,Completed,
T1126,D220,R2091,Mumbai,Powai,Colaba,2023-10-24 18:17:00,2023-10-24 18:23:00,2023-10-24 19:16:00,16.9,462,Completed,
T1127,D287,R3675,Mumbai,Andheri,Bandra,2023-10-11 02:34:00,2023-10-11 02:47:00,2023-10-11 03:14:00,10.6,268,Completed,
T1128,D211,R4535,Mumbai,Bandra,Colaba,2023-10-24 03:29:00,2023-10-24 03:33:00,2023-10-24 03:47:00,3.8,137,Completed,
T1129,D267,R3739,Mumbai,Powai,Juhu,2023-10-02 17:12:00,,,0.0,0.0,Cancelled,Payment Issue
T1130,D265,R4512,Bangalore,Jayanagar,HSR Layout,2023-10-16 15:15:00,2023-10-16 15:28:00,2023-10-16 16:32:00,23.7,490,Completed,
T1131,D105,R4327,Bangalore,HSR Layout,Jayanagar,2023-10-30 16:11:00,2023-10-30 16:23:00,2023-10-30 17:30:00,23.5,601,Completed,
T1132,D210,R4130,Mumbai,Andheri,Powai,2023-10-01 09:09:00,2023-10-01 09:16:00,2023-10-01 10:30:00,20.0,513,Completed,
T1133,D262,R3100,Bangalore,Whitefield,Indiranagar,2023-10-18 12:08:00,,,0.0,0.0,Cancelled,Driver Cancelled
T1134,D292,R4951,Bangalore,HSR Layout,Whitefield,2023-10-11 03:28:00,2023-10-11 03:30:00,2023-10-11 03:50:00,6.9,158,Completed,
T1135,D213,R4388,Bangalore,Koramangala,HSR Layout,2023-10-01 02:46:00,2023-10-01 02:49:00,2023-10-01 03:00:00,3.4,127,Completed,
T1136,D127,R3934,Delhi,Rohini,Connaught Place,2023-10-15 20:10:00,2023-10-15 20:25:00,2023-10-15 21:02:00,10.7,286,Completed,
T1137,D154,R1418,Mumbai,Colaba,Andheri,2023-10-30 12:43:00,2023-10-30 12:51:00,2023-10-30 14:10:00,22.0,530,Completed,
T1138,D202,R1302,Delhi,Dwarka,Saket,2023-10-20 13:37:00,,,0.0,0.0,Cancelled,Payment Issue
T1139,D308,R4758,Mumbai,Juhu,Bandra,2023-10-10 04:13:00,2023-10-10 04:25:00,2023-10-10 04:39:00,4.7,140,Completed,
T1140,D269,R2188,Delhi,Vasant Kunj,Rohini,2023-10-16 13:59:00,2023-10-16 14:09:00,2023-10-16 14:21:00,3.2,113,Completed,
T1141,D253,R3819,Delhi,Vasant Kunj,Connaught Place,2023-10-30 01:36:00,2023-10-30 01:43:00,2023-10-30 02:30:00,15.6,425,Completed,
T1142,D149,R3833,Bangalore,Whitefield,HSR Layout,2023-10-12 09:00:00,2023-10-12 09:10:00,2023-10-12 10:45:00,24.4,569,Completed,
T1143,D159,R2510,Delhi,Connaught Place,Dwarka,2023-10-22 11:56:00,2023-10-22 12:10:00,2023-10-22 12:45:00,12.9,294,Completed,
T1144,D175,R4658,Mumbai,Powai,Andheri,2023-10-29 07:56:00,2023-10-29 07:59:00,2023-10-29 08:23:00,8.4,211,Completed,
T1145,D188,R3091,Mumbai,Andheri,Colaba,2023-10-16 18:57:00,,,0.0,0.0,Cancelled,Payment Issue
T1146,D309,R2018,Mumbai,Juhu,Bandra,2023-10-19 18:34:00,2023-10-19 18:40:00,2023-10-19 18:58:00,4.8,125,Completed,
T1147,D156,R3474,Delhi,Dwarka,Rohini,2023-10-22 22:15:00,,,0.0,0.0,Cancelled,Driver Cancelled
T1148,D140,R4065,Bangalore,HSR Layout,Koramangala,2023-10-28 02:39:00,2023-10-28 02:41:00,2023-10-28 03:22:00,14.1,400,Completed,
T1149,D238,R4756,Mumbai,Colaba,Juhu,2023-10-11 07:19:00,2023-10-11 07:29:00,2023-10-11 07:45:00,4.4,139,Completed,
T1150,D289,R3041,Bangalore,Indiranagar,Koramangala,2023-10-27 04:35:00,2023-10-27 04:39:00,2023-10-27 05:39:00,15.7,-437,Completed,
T1151,D235,R2339,Bangalore,Jayanagar,HSR Layout,2023-10-13 20:28:00,2023-10-13 20:43:00,2023-10-13 21:27:00,17.1,467,Completed,
T1152,D191,R1773,Bangalore,Jayanagar,Koramangala,2023-10-19 12:53:00,2023-10-19 12:57:00,2023-10-19 13:55:00,16.2,348,Completed,
T1153,D280,R1903,Delhi,Rohini,Vasant Kunj,2023-10-30 05:14:00,2023-10-30 05:17:00,2023-10-30 06:25:00,21.9,588,Completed,
T1154,D126,R1690,Delhi,Rohini,Vasant Kunj,2023-10-04 11:17:00,2023-10-04 11:21:00,2023-10-04 12:33:00,22.7,493,Completed,
T1155,D103,R2449,Delhi,Vasant Kunj,Rohini,2023-10-01 08:38:00,2023-10-01 08:47:00,2023-10-01 09:38:00,15.4,416,Completed,
T1156,D154,R4815,Mumbai,Bandra,Juhu,2023-10-16 13:29:00,,,0.0,0.0,Cancelled,Driver Cancelled
T1157,D109,R4107,Bangalore,Koramangala,HSR Layout,2023-10-11 17:31:00,2023-10-11 17:40:00,2023-10-11 18:47:00,17.2,408,Completed,
T1158,D158,R1071,Mumbai,Colaba,Powai,2023-10-24 16:23:00,2023-10-24 16:27:00,2023-10-24 17:33:00,17.4,321,Completed,
T1159,D286,R3070,Mumbai,Andheri,Bandra,2023-10-13 23:22:00,2023-10-13 23:32:00,2023-10-13 23:44:00,3.6,124,Completed,
T1160,D314,R3167,Mumbai,Powai,Andheri,2023-10-03 16:14:00,2023-10-03 16:21:00,2023-10-03 16:50:00,8.8,237,Completed,
T1161,D196,R1527,Delhi,Saket,Connaught Place,2023-10-29 01:20:00,,,0.0,0.0,Cancelled,Payment Issue
T1162,D279,R2127,Mumbai,Powai,Bandra,2023-10-19 14:05:00,2023-10-19 14:10:00,2023-10-19 15:01:00,15.7,372,Completed,
T1163,D215,R3426,Mumbai,Colaba,Bandra,2023-10-22 09:22:00,2023-10-22 09:30:00,2023-10-22 10:07:00,9.9,199,Completed,
T1164,D110,R3137,Mumbai,Andheri,Juhu,2023-10-26 21:38:00,2023-10-26 21:47:00,2023-10-26 22:01:00,5.6,144,Completed,
T1165,D130,R1316,Bangalore,HSR Layout,Koramangala,2023-10-30 02:16:00,2023-10-30 02:26:00,2023-10-30 03:00:00,8.9,260,Completed,
T1166,D197,R4011,Mumbai,Andheri,Colaba,2023-10-19 14:33:00,2023-10-19 14:44:00,2023-10-19 15:27:00,14.6,274,Completed,
T1167,D270,R3021,Delhi,Dwarka,Rohini,2023-10-12 10:43:00,2023-10-12 10:45:00,2023-10-12 11:30:00,17.9,357,Completed,
T1168,D194,R2480,Mumbai,Andheri,Bandra,2023-10-30 04:09:00,2023-10-30 04:18:00,2023-10-30 04:56:00,14.2,363,Completed,
T1169,D264,R4013,Delhi,Rohini,Connaught Place,2023-10-05 21:25:00,2023-10-05 21:28:00,2023-10-05 22:58:00,24.0,605,Completed,
T1170,D160,R3173,Mumbai,Powai,Bandra,2023-10-17 06:44:00,2023-10-17 06:58:00,2023-10-17 08:20:00,24.9,615,Completed,
T1171,D110,R4806,Mumbai,Bandra,Andheri,2023-10-20 10:59:00,2023-10-20 11:03:00,2023-10-20 12:02:00,17.9,424,Completed,
T1172,D203,R4731,Mumbai,Powai,Bandra,2023-10-24 09:43:00,2023-10-24 09:58:00,2023-10-24 10:55:00,19.3,393,Completed,
T1173,D257,R4233,Mumbai,Colaba,Powai,2023-10-10 16:14:00,2023-10-10 16:26:00,2023-10-10 17:13:00,12.9,332,Completed,
T1174,D340,R2384,Delhi,Dwarka,Connaught Place,2023-10-14 18:31:00,2023-10-14 18:35:00,2023-10-14 19:16:00,12.4,265,Completed,
T1175,D231,R2413,Bangalore,Jayanagar,Whitefield,2023-10-03 06:37:00,2023-10-03 06:44:00,2023-10-03 07:09:00,9.6,197,Completed,
T1176,D246,R3707,Delhi,Connaught Place,Dwarka,2023-10-13 02:24:00,2023-10-13 02:39:00,2023-10-13 02:58:00,5.0,129,Completed,
T1177,D208,R4170,Bangalore,Indiranagar,Koramangala,2023-10-09 11:45:00,2023-10-09 11:59:00,2023-10-09 12:21:00,5.8,178,Completed,
T1178,D321,R3103,Mumbai,Juhu,Andheri,2023-10-10 11:35:00,2023-10-10 11:50:00,2023-10-10 13:00:00,20.2,435,Completed,
T1179,D166,R4372,Mumbai,Colaba,Andheri,2023-10-12 04:52:00,2023-10-12 05:00:00,2023-10-12 06:10:00,18.7,483,Completed,
T1180,D207,R3302,Bangalore,Indiranagar,Koramangala,2023-10-26 20:37:00,2023-10-26 20:43:00,2023-10-26 21:31:00,18.5,500,Completed,
T1181,D208,R1698,Bangalore,Whitefield,HSR Layout,2023-10-30 09:06:00,2023-10-30 09:16:00,2023-10-30 09:30:00,4.3,140,Completed,
T1182,D203,R1802,Mumbai,Bandra,Juhu,2023-10-05 03:10:00,2023-10-05 03:19:00,2023-10-05 03:27:00,2.2,91,Completed,
T1183,D160,R3653,Mumbai,Andheri,Colaba,2023-10-07 09:02:00,2023-10-07 09:17:00,2023-10-07 09:53:00,9.9,263,Completed,
T1184,D184,R4993,Bangalore,Koramangala,Indiranagar,2023-10-06 09:13:00,,,0.0,0.0,Cancelled,Rider Cancelled
T1185,D133,R1220,Delhi,Dwarka,Rohini,2023-10-19 20:34:00,2023-10-19 20:48:00,2023-10-19 22:12:00,21.2,560,Completed,
T1186,D289,R4244,Bangalore,Indiranagar,HSR Layout,2023-10-01 01:27:00,2023-10-01 01:31:00,2023-10-01 02:52:00,23.8,604,Completed,
T1187,D284,R4477,Mumbai,Andheri,Powai,2023-10-10 01:52:00,2023-10-10 01:58:00,2023-10-10 02:36:00,15.2,285,Completed,
T1188,D237,R1426,Bangalore,HSR Layout,Whitefield,2023-10-26 00:25:00,2023-10-26 00:40:00,2023-10-26 00:47:00,2.4,100,Completed,
T1189,D105,R3994,Bangalore,Koramangala,Jayanagar,2023-10-06 10:44:00,2023-10-06 10:55:00,2023-10-06 12:07:00,24.3,630,Completed,
T1190,D149,R3101,Bangalore,Indiranagar,Whitefield,2023-10-22 20:42:00,2023-10-22 20:57:00,2023-10-22 21:22:00,7.4,165,Completed,
T1191,D101,R1806,Mumbai,Colaba,Andheri,2023-10-07 08:49:00,2023-10-07 08:54:00,2023-10-07 09:20:00,8.0,199,Completed,
T1192,D156,R1933,Delhi,Connaught Place,Saket,2023-10-11 07:29:00,2023-10-11 07:34:00,2023-10-11 08:12:00,10.3,264,Completed,
T1193,D205,R2459,Delhi,Dwarka,Saket,2023-10-04 11:22:00,2023-10-04 11:32:00,2023-10-04 11:56:00,7.7,204,Completed,
T1194,D231,R1845,Bangalore,Whitefield,Koramangala,2023-10-11 06:51:00,2023-10-11 07:04:00,2023-10-11 07:17:00,4.3,144,Completed,
T1195,D294,R1833,Delhi,Vasant Kunj,Dwarka,2023-10-15 04:50:00,2023-10-15 05:04:00,2023-10-15 05:26:00,7.3,166,Completed,
T1196,D329,R3511,Bangalore,Indiranagar,Koramangala,2023-10-02 06:28:00,2023-10-02 06:41:00,2023-10-02 07:53:00,18.5,420,Completed,
T1197,D236,R3623,Delhi,Saket,Dwarka,2023-10-01 03:12:00,2023-10-01 03:19:00,2023-10-01 03:40:00,7.4,188,Completed,
T1198,D234,R4944,Mumbai,Andheri,Bandra,2023-10-25 17:37:00,2023-10-25 17:40:00,2023-10-25 18:26:00,12.0,230,Completed,
T1199,D348,R2524,Bangalore,Indiranagar,Jayanagar,2023-10-09 08:29:00,2023-10-09 08:37:00,2023-10-09 08:54:00,5.7,175,Completed,
T1200,D293,R4416,Bangalore,Koramangala,Jayanagar,2023-10-17 10:09:00,2023-10-17 10:19:00,2023-10-17 10:53:00,10.4,212,Completed,
T1201,D149,R5000,Bangalore,Indiranagar,Koramangala,2023-10-28 00:33:00,2023-10-28 00:42:00,2023-10-28 02:03:00,21.6,497,Completed,
T1202,D181,R1570,Bangalore,Jayanagar,Indiranagar,2023-10-19 20:04:00,2023-10-19 20:06:00,2023-10-19 20:58:00,13.2,259,Completed,
T1203,D338,R3294,Mumbai,Bandra,Colaba,2023-10-01 14:33:00,2023-10-01 14:41:00,2023-10-01 15:11:00,8.7,241,Completed,
T1204,D310,R1473,Bangalore,Jayanagar,Whitefield,2023-10-21 00:08:00,2023-10-21 00:20:00,2023-10-21 00:57:00,12.5,297,Completed,
T1205,D218,R1325,Bangalore,HSR Layout,Indiranagar,2023-10-17 05:10:00,2023-10-17 05:25:00,2023-10-17 06:15:00,13.9,277,Completed,
T1206,D181,R1238,Bangalore,Whitefield,Jayanagar,2023-10-26 09:40:00,2023-10-26 09:48:00,2023-10-26 10:01:00,4.0,147,Completed,
T1207,D279,R1867,Mumbai,Powai,Bandra,2023-10-21 23:23:00,2023-10-21 23:38:00,2023-10-22 00:07:00,7.4,217,Completed,
T1208,D138,R2246,Mumbai,Andheri,Juhu,2023-10-17 18:00:00,2023-10-17 18:09:00,2023-10-17 19:31:00,22.6,414,Completed,
T1209,D234,R1652,Mumbai,Juhu,Powai,2023-10-20 17:58:00,2023-10-20 18:05:00,2023-10-20 19:08:00,18.6,513,Completed,
T1210,D347,R3721,Bangalore,Jayanagar,Whitefield,2023-10-15 02:50:00,2023-10-15 02:55:00,2023-10-15 03:50:00,14.0,296,Completed,
T1211,D291,R2861,Delhi,Rohini,Dwarka,2023-10-13 08:08:00,2023-10-13 08:11:00,2023-10-13 09:28:00,22.8,606,Completed,
T1212,D266,R4937,Bangalore,Indiranagar,HSR Layout,2023-10-16 15:39:00,2023-10-16 15:52:00,2023-10-16 16:53:00,23.7,479,Completed,
T1213,D123,R1083,Bangalore,Indiranagar,Whitefield,2023-10-26 09:14:00,2023-10-26 09:21:00,2023-10-26 10:22:00,21.3,446,Completed,
T1214,D192,R4239,Bangalore,Whitefield,Indiranagar,2023-10-16 06:02:00,2023-10-16 06:11:00,2023-10-16 07:01:00,15.3,316,Completed,
T1215,D304,R2343,Delhi,Vasant Kunj,Rohini,2023-10-02 21:24:00,2023-10-02 21:27:00,2023-10-02 22:27:00,15.5,371,Completed,
T1216,D169,R1554,Bangalore,Indiranagar,Whitefield,2023-10-04 15:01:00,2023-10-04 15:14:00,2023-10-04 15:55:00,11.7,266,Completed,
T1217,D271,R4022,Bangalore,Koramangala,Indiranagar,2023-10-04 11:28:00,2023-10-04 11:35:00,2023-10-04 12:47:00,20.4,484,Completed,
T1218,D149,R1886,Bangalore,HSR Layout,Koramangala,2023-10-30 00:43:00,2023-10-30 00:49:00,2023-10-30 00:55:00,2.1,97,Completed,
T1219,D211,R2542,Mumbai,Bandra,Colaba,2023-10-06 14:48:00,2023-10-06 15:00:00,2023-10-06 15:58:00,18.8,503,Completed,
T1220,D135,R3125,Mumbai,Andheri,Juhu,2023-10-17 09:28:00,2023-10-17 09:43:00,2023-10-17 10:02:00,5.7,137,Completed,
T1221,D348,R1101,Bangalore,HSR Layout,Whitefield,2023-10-03 15:39:00,2023-10-03 15:46:00,2023-10-03 16:20:00,9.5,204,Completed,
T1222,D235,R3093,Bangalore,Whitefield,Koramangala,2023-10-05 00:01:00,2023-10-05 00:07:00,2023-10-05 01:02:00,15.3,427,Completed,
T1223,D123,R3776,Bangalore,HSR Layout,Whitefield,2023-10-22 14:07:00,2023-10-22 14:13:00,2023-10-22 15:17:00,17.3,464,Completed,
T1224,D344,R2465,Delhi,Vasant Kunj,Dwarka,2023-10-18 22:40:00,2023-10-18 22:43:00,2023-10-18 22:57:00,3.8,110,Completed,
T1225,D293,R4657,Bangalore,Jayanagar,HSR Layout,2023-10-20 20:51:00,2023-10-20 21:06:00,2023-10-20 21:32:00,6.9,168,Completed,
T1226,D173,R4015,Delhi,Rohini,Vasant Kunj,2023-10-09 01:48:00,2023-10-09 02:00:00,2023-10-09 02:08:00,2.2,105,Completed,
T1227,D241,R4945,Mumbai,Bandra,Powai,2023-10-21 15:06:00,2023-10-21 15:20:00,2023-10-21 16:17:00,19.3,481,Completed,
T1228,D287,R1366,Mumbai,Juhu,Colaba,2023-10-11 21:58:00,2023-10-11 22:08:00,2023-10-11 22:47:00,15.0,365,Completed,
T1229,D157,R4327,Mumbai,Andheri,Powai,2023-10-02 16:49:00,2023-10-02 16:53:00,2023-10-02 18:01:00,21.0,489,Completed,
T1230,D107,R4906,Bangalore,Whitefield,Koramangala,2023-10-10 07:39:00,2023-10-10 07:45:00,2023-10-10 08:15:00,9.6,232,Completed,
T1231,D241,R2325,Mumbai,Andheri,Bandra,2023-10-22 20:47:00,2023-10-22 21:02:00,2023-10-22 21:13:00,3.3,113,Completed,
T1232,D234,R1652,Mumbai,Juhu,Bandra,2023-10-20 09:54:00,2023-10-20 10:00:00,2023-10-20 11:29:00,24.5,465,Completed,
T1233,D279,R2113,Mumbai,Andheri,Powai,2023-10-22 10:18:00,2023-10-22 10:31:00,2023-10-22 10:51:00,6.4,169,Completed,
T1234,D333,R2317,Mumbai,Bandra,Juhu,2023-10-11 17:56:00,2023-10-11 18:06:00,2023-10-11 18:17:00,4.3,150,Completed,
T1235,D200,R3751,Delhi,Connaught Place,Vasant Kunj,2023-10-10 10:37:00,2023-10-10 10:51:00,2023-10-10 11:16:00,9.7,246,Completed,
T1236,D229,R1569,Mumbai,Powai,Andheri,2023-10-27 21:31:00,2023-10-27 21:34:00,2023-10-27 22:12:00,13.6,384,Completed,
T1237,D269,R3090,Delhi,Connaught Place,Rohini,2023-10-17 20:35:00,2023-10-17 20:45:00,2023-10-17 21:12:00,6.9,172,Completed,
T1238,D193,R1923,Mumbai,Bandra,Powai,2023-10-27 04:58:00,2023-10-27 05:13:00,2023-10-27 06:13:00,15.7,330,Completed,
T1239,D249,R4937,Delhi,Connaught Place,Vasant Kunj,2023-10-11 03:42:00,2023-10-11 03:56:00,2023-10-11 05:31:00,24.4,475,Completed,
T1240,D336,R1876,Bangalore,HSR Layout,Whitefield,2023-10-06 08:11:00,2023-10-06 08:14:00,2023-10-06 08:33:00,7.2,229,Completed,
T1241,D301,R1466,Bangalore,Indiranagar,Koramangala,2023-10-10 16:58:00,2023-10-10 17:12:00,2023-10-10 18:07:00,18.3,362,Completed,
T1242,D340,R3379,Delhi,Connaught Place,Vasant Kunj,2023-10-13 23:48:00,2023-10-14 00:00:00,2023-10-14 00:26:00,9.1,199,Completed,
T1243,D195,R3584,Bangalore,Indiranagar,Whitefield,2023-10-07 05:52:00,2023-10-07 06:01:00,2023-10-07 07:12:00,24.4,586,Completed,
T1244,D269,R3808,Delhi,Rohini,Connaught Place,2023-10-19 18:36:00,2023-10-19 18:41:00,2023-10-19 19:51:00,20.0,501,Completed,
T1245,D192,R3736,Bangalore,Whitefield,Indiranagar,2023-10-19 19:35:00,2023-10-19 19:45:00,2023-10-19 21:04:00,21.3,558,Completed,
T1246,D320,R3984,Bangalore,Koramangala,Indiranagar,2023-10-16 03:45:00,,,0.0,0.0,Cancelled,Driver Not Found
T1247,D172,R4879,Delhi,Dwarka,Rohini,2023-10-10 02:39:00,2023-10-10 02:46:00,2023-10-10 03:55:00,22.9,418,Completed,
T1248,D243,R3007,Bangalore,Koramangala,Indiranagar,2023-10-08 00:04:00,2023-10-08 00:07:00,2023-10-08 00:54:00,17.8,335,Completed,
T1249,D150,R2318,Mumbai,Juhu,Andheri,2023-10-13 13:24:00,2023-10-13 13:37:00,2023-10-13 13:56:00,6.3,204,Completed,
T1250,D222,R3721,Bangalore,Indiranagar,HSR Layout,2023-10-10 01:52:00,,2023-10-10 02:47:00,18.0,-346,Completed,
T1251,D178,R2519,Bangalore,Jayanagar,HSR Layout,2023-10-03 18:33:00,2023-10-03 18:45:00,2023-10-03 19:54:00,18.5,369,Completed,
T1252,D286,R2542,Mumbai,Juhu,Andheri,2023-10-17 17:26:00,2023-10-17 17:30:00,2023-10-17 18:42:00,20.9,405,Completed,
T1253,D168,R1671,Bangalore,Indiranagar,Whitefield,2023-10-03 01:05:00,,,0.0,0.0,Cancelled,Driver Cancelled
T1254,D222,R3327,Bangalore,HSR Layout,Koramangala,2023-10-17 10:49:00,2023-10-17 11:02:00,2023-10-17 11:52:00,15.7,433,Completed,
T1255,D264,R4882,Delhi,Saket,Vasant Kunj,2023-10-21 09:25:00,2023-10-21 09:33:00,2023-10-21 10:14:00,11.6,291,Completed,
T1256,D262,R2887,Bangalore,Jayanagar,Whitefield,2023-10-11 20:20:00,,,0.0,0.0,Cancelled,Driver Not Found
T1257,D168,R4066,Bangalore,Indiranagar,Koramangala,2023-10-16 14:20:00,,,0.0,0.0,Cancelled,Driver Cancelled
T1258,D128,R2191,Delhi,Connaught Place,Vasant Kunj,2023-10-13 13:42:00,2023-10-13 13:52:00,2023-10-13 14:52:00,21.0,399,Completed,
T1259,D228,R4791,Delhi,Dwarka,Vasant Kunj,2023-10-29 03:03:00,2023-10-29 03:15:00,2023-10-29 03:53:00,13.7,350,Completed,
T1260,D104,R2050,Delhi,Vasant Kunj,Saket,2023-10-23 18:17:00,2023-10-23 18:28:00,2023-10-23 19:39:00,24.4,639,Completed,
T1261,D336,R3795,Bangalore,Koramangala,Whitefield,2023-10-15 22:15:00,2023-10-15 22:28:00,2023-10-15 23:48:00,22.9,442,Completed,
T1262,D315,R2478,Mumbai,Powai,Andheri,2023-10-06 13:35:00,2023-10-06 13:41:00,2023-10-06 14:48:00,20.3,384,Completed,
T1263,D138,R1994,Mumbai,Andheri,Powai,2023-10-17 14:17:00,2023-10-17 14:20:00,2023-10-17 14:38:00,4.8,123,Completed,
T1264,D221,R3466,Bangalore,Koramangala,Jayanagar,2023-10-19 09:51:00,2023-10-19 09:58:00,2023-10-19 10:24:00,9.6,195,Completed,
T1265,D205,R4243,Delhi,Rohini,Connaught Place,2023-10-13 10:53:00,,,0.0,0.0,Cancelled,Other
T1266,D147,R2168,Delhi,Connaught Place,Saket,2023-10-16 03:14:00,,,0.0,0.0,Cancelled,Driver Not Found
T1267,D170,R2446,Bangalore,Koramangala,Jayanagar,2023-10-28 01:06:00,2023-10-28 01:15:00,2023-10-28 02:01:00,18.1,368,Completed,
T1268,D253,R4319,Delhi,Dwarka,Connaught Place,2023-10-19 01:22:00,2023-10-19 01:27:00,2023-10-19 02:13:00,12.9,300,Completed,
T1269,D101,R2543,Mumbai,Powai,Colaba,2023-10-26 13:00:00,2023-10-26 13:04:00,2023-10-26 13:34:00,10.5,230,Completed,
T1270,D272,R4388,Mumbai,Bandra,Juhu,2023-10-15 23:02:00,,,0.0,0.0,Cancelled,Other
T1271,D257,R1015,Mumbai,Powai,Bandra,2023-10-24 23:52:00,2023-10-25 00:02:00,2023-10-25 00:42:00,12.3,265,Completed,
T1272,D247,R3434,Bangalore,HSR Layout,Indiranagar,2023-10-26 20:53:00,2023-10-26 20:59:00,2023-10-26 21:48:00,16.1,403,Completed,
T1273,D329,R1360,Bangalore,Whitefield,Koramangala,2023-10-04 13:23:00,2023-10-04 13:37:00,2023-10-04 14:23:00,12.3,344,Completed,
T1274,D269,R3156,Delhi,Saket,Vasant Kunj,2023-10-29 16:14:00,2023-10-29 16:17:00,2023-10-29 16:29:00,3.8,135,Completed,
T1275,D347,R2596,Bangalore,Jayanagar,Whitefield,2023-10-10 00:01:00,2023-10-10 00:07:00,2023-10-10 01:15:00,21.8,487,Completed,
T1276,D253,R2943,Delhi,Vasant Kunj,Connaught Place,2023-10-28 14:12:00,2023-10-28 14:26:00,2023-10-28 15:38:00,23.7,556,Completed,
T1277,D219,R1238,Bangalore,Indiranagar,Jayanagar,2023-10-19 08:23:00,2023-10-19 08:30:00,2023-10-19 09:22:00,15.8,390,Completed,
T1278,D133,R1710,Delhi,Connaught Place,Dwarka,2023-10-25 17:50:00,2023-10-25 18:00:00,2023-10-25 19:00:00,17.0,353,Completed,
T1279,D343,R4401,Bangalore,HSR Layout,Whitefield,2023-10-24 12:57:00,,,0.0,0.0,Cancelled,Driver Not Found
T1280,D226,R4144,Bangalore,Jayanagar,Whitefield,2023-10-16 00:44:00,2023-10-16 00:58:00,2023-10-16 02:21:00,22.2,414,Completed,
T1281,D208,R4982,Bangalore,Whitefield,Jayanagar,2023-10-14 15:00:00,,,0.0,0.0,Cancelled,Driver Cancelled
T1282,D128,R1561,Delhi,Dwarka,Saket,2023-10-11 02:43:00,2023-10-11 02:57:00,2023-10-11 03:57:00,16.3,352,Completed,
T1283,D257,R4030,Mumbai,Andheri,Juhu,2023-10-20 19:22:00,2023-10-20 19:31:00,2023-10-20 20:57:00,24.2,517,Completed,
T1284,D106,R1413,Mumbai,Bandra,Colaba,2023-10-10 18:03:00,2023-10-10 18:09:00,2023-10-10 18:40:00,11.2,226,Completed,
T1285,D181,R4148,Bangalore,Jayanagar,Koramangala,2023-10-09 17:32:00,2023-10-09 17:42:00,2023-10-09 18:20:00,12.0,320,Completed,
T1286,D322,R4262,Bangalore,Koramangala,Whitefield,2023-10-18 10:37:00,2023-10-18 10:44:00,2023-10-18 11:18:00,11.9,338,Completed,
T1287,D201,R2645,Delhi,Connaught Place,Rohini,2023-10-13 17:43:00,2023-10-13 17:55:00,2023-10-13 19:01:00,17.2,358,Completed,
T1288,D238,R4516,Mumbai,Colaba,Powai,2023-10-12 03:39:00,2023-10-12 03:43:00,2023-10-12 04:44:00,21.6,533,Completed,
T1289,D209,R2244,Bangalore,HSR Layout,Indiranagar,2023-10-19 06:51:00,2023-10-19 07:01:00,2023-10-19 07:10:00,3.8,142,Completed,
T1290,D255,R1550,Mumbai,Powai,Bandra,2023-10-26 05:12:00,2023-10-26 05:14:00,2023-10-26 06:01:00,16.3,296,Completed,
T1291,D306,R1562,Mumbai,Andheri,Colaba,2023-10-23 03:43:00,2023-10-23 03:53:00,2023-10-23 04:28:00,9.7,288,Completed,
T1292,D175,R2096,Mumbai,Bandra,Colaba,2023-10-01 17:24:00,2023-10-01 17:31:00,2023-10-01 18:14:00,14.1,380,Completed,
T1293,D290,R3840,Mumbai,Bandra,Juhu,2023-10-25 00:33:00,2023-10-25 00:44:00,2023-10-25 00:50:00,2.0,84,Completed,
T1294,D196,R3303,Delhi,Rohini,Vasant Kunj,2023-10-10 12:32:00,2023-10-10 12:47:00,2023-10-10 14:05:00,22.6,507,Completed,
T1295,D324,R1451,Mumbai,Juhu,Powai,2023-10-17 04:20:00,2023-10-17 04:24:00,2023-10-17 05:20:00,19.6,462,Completed,
T1296,D173,R2099,Delhi,Rohini,Saket,2023-10-16 04:45:00,,,0.0,0.0,Cancelled,Driver Cancelled
T1297,D336,R2210,Bangalore,HSR Layout,Jayanagar,2023-10-30 19:44:00,2023-10-30 19:46:00,2023-10-30 20:48:00,18.1,397,Completed,
T1298,D302,R2681,Bangalore,HSR Layout,Koramangala,2023-10-30 23:58:00,2023-10-31 00:07:00,2023-10-31 01:17:00,17.8,382,Completed,
T1299,D322,R2716,Bangalore,Whitefield,Jayanagar,2023-10-18 04:52:00,2023-10-18 04:57:00,2023-10-18 05:24:00,7.7,192,Completed,
T1300,D166,R1832,Mumbai,Colaba,Andheri,2023-10-06 19:24:00,2023-10-06 19:37:00,2023-10-06 20:09:00,9.1,228,Completed,
T1301,D338,R2351,Mumbai,Colaba,Bandra,2023-10-15 17:59:00,2023-10-15 18:09:00,2023-10-15 18:58:00,13.6,265,Completed,
T1302,D239,R2568,Bangalore,Jayanagar,HSR Layout,2023-10-04 09:02:00,,,0.0,0.0,Cancelled,Driver Cancelled
T1303,D316,R4044,Bangalore,Indiranagar,Jayanagar,2023-10-01 18:14:00,2023-10-01 18:17:00,2023-10-01 18:29:00,4.7,142,Completed,
T1304,D234,R4501,Mumbai,Colaba,Juhu,2023-10-28 16:13:00,2023-10-28 16:18:00,2023-10-28 16:55:00,10.3,206,Completed,
T1305,D126,R3072,Delhi,Connaught Place,Saket,2023-10-22 05:37:00,2023-10-22 05:51:00,2023-10-22 06:12:00,8.0,225,Completed,
T1306,D344,R1259,Delhi,Connaught Place,Rohini,2023-10-04 02:32:00,2023-10-04 02:35:00,2023-10-04 03:00:00,6.9,161,Completed,
T1307,D231,R1365,Bangalore,Koramangala,Whitefield,2023-10-09 06:32:00,2023-10-09 06:34:00,2023-10-09 08:05:00,23.3,605,Completed,
T1308,D247,R1750,Bangalore,HSR Layout,Indiranagar,2023-10-29 02:41:00,2023-10-29 02:47:00,2023-10-29 03:03:00,4.8,126,Completed,
T1309,D195,R2518,Bangalore,Jayanagar,Whitefield,2023-10-21 17:22:00,2023-10-21 17:34:00,2023-10-21 18:30:00,18.0,329,Completed,
T1310,D176,R4014,Bangalore,Koramangala,Whitefield,2023-10-10 00:26:00,,,0.0,0.0,Cancelled,Payment Issue
T1311,D250,R4146,Delhi,Vasant Kunj,Saket,2023-10-06 05:33:00,2023-10-06 05:47:00,2023-10-06 07:00:00,23.6,478,Completed,
T1312,D199,R1582,Bangalore,Koramangala,Indiranagar,2023-10-05 01:17:00,2023-10-05 01:19:00,2023-10-05 01:40:00,5.7,158,Completed,
T1313,D137,R1530,Mumbai,Andheri,Juhu,2023-10-25 20:40:00,2023-10-25 20:48:00,2023-10-25 21:21:00,9.4,210,Completed,
T1314,D110,R1052,Mumbai,Colaba,Powai,2023-10-15 11:55:00,2023-10-15 12:04:00,2023-10-15 12:42:00,11.5,250,Completed,
T1315,D298,R1969,Delhi,Rohini,Dwarka,2023-10-05 00:04:00,,,0.0,0.0,Cancelled,Payment Issue
T1316,D254,R4414,Bangalore,Whitefield,HSR Layout,2023-10-11 19:32:00,2023-10-11 19:43:00,2023-10-11 20:09:00,8.3,228,Completed,
T1317,D296,R3036,Mumbai,Colaba,Juhu,2023-10-25 10:31:00,2023-10-25 10:44:00,2023-10-25 11:32:00,12.5,272,Completed,
T1318,D150,R2964,Mumbai,Andheri,Powai,2023-10-30 14:27:00,2023-10-30 14:40:00,2023-10-30 15:46:00,17.6,403,Completed,
T1319,D225,R3221,Mumbai,Bandra,Powai,2023-10-21 12:36:00,,,0.0,0.0,Cancelled,Driver Not Found
T1320,D301,R3175,Bangalore,Koramangala,Whitefield,2023-10-26 18:25:00,2023-10-26 18:36:00,2023-10-26 18:59:00,8.3,176,Completed,
T1321,D296,R4381,Mumbai,Andheri,Bandra,2023-10-12 04:25:00,2023-10-12 04:32:00,2023-10-12 05:24:00,13.4,358,Completed,
T1322,D274,R3727,Mumbai,Powai,Juhu,2023-10-22 15:41:00,2023-10-22 15:43:00,2023-10-22 16:49:00,22.2,500,Completed,
T1323,D110,R4973,Mumbai,Powai,Colaba,2023-10-25 20:47:00,2023-10-25 20:52:00,2023-10-25 21:39:00,15.7,408,Completed,
T1324,D299,R3476,Delhi,Saket,Rohini,2023-10-24 05:22:00,2023-10-24 05:29:00,2023-10-24 06:19:00,15.8,403,Completed,
T1325,D236,R2923,Delhi,Vasant Kunj,Dwarka,2023-10-22 10:43:00,2023-10-22 10:54:00,2023-10-22 11:37:00,14.2,365,Completed,
T1326,D343,R1177,Bangalore,Jayanagar,Koramangala,2023-10-20 23:46:00,2023-10-21 00:00:00,2023-10-21 00:12:00,4.7,146,Completed,
T1327,D191,R4214,Bangalore,Koramangala,HSR Layout,2023-10-21 06:41:00,2023-10-21 06:43:00,2023-10-21 07:27:00,12.4,252,Completed,
T1328,D310,R1303,Bangalore,Koramangala,Jayanagar,2023-10-08 13:34:00,2023-10-08 13:48:00,2023-10-08 14:13:00,6.4,156,Completed,
T1329,D130,R1177,Bangalore,Whitefield,Jayanagar,2023-10-21 20:53:00,2023-10-21 21:08:00,2023-10-21 22:40:00,24.6,448,Completed,
T1330,D203,R4985,Mumbai,Powai,Bandra,2023-10-19 17:20:00,,,0.0,0.0,Cancelled,Driver Not Found
T1331,D169,R1199,Bangalore,Jayanagar,Koramangala,2023-10-14 22:09:00,2023-10-14 22:14:00,2023-10-14 23:32:00,25.0,632,Completed,
T1332,D216,R3676,Mumbai,Colaba,Andheri,2023-10-02 05:01:00,2023-10-02 05:13:00,2023-10-02 05:30:00,6.2,150,Completed,
T1333,D304,R3214,Delhi,Saket,Rohini,2023-10-27 17:10:00,2023-10-27 17:24:00,2023-10-27 17:30:00,2.4,86,Completed,
T1334,D146,R3744,Delhi,Rohini,Vasant Kunj,2023-10-21 21:58:00,2023-10-21 22:08:00,2023-10-21 22:13:00,2.1,101,Completed,
T1335,D174,R3133,Bangalore,Koramangala,HSR Layout,2023-10-06 08:33:00,,,0.0,0.0,Cancelled,Driver Cancelled
T1336,D300,R4829,Delhi,Connaught Place,Saket,2023-10-13 10:47:00,2023-10-13 10:49:00,2023-10-13 11:05:00,6.6,152,Completed,
T1337,D121,R2459,Mumbai,Powai,Bandra,2023-10-15 17:28:00,2023-10-15 17:40:00,2023-10-15 17:47:00,2.1,90,Completed,
T1338,D292,R2941,Bangalore,Jayanagar,Whitefield,2023-10-03 07:23:00,2023-10-03 07:32:00,2023-10-03 08:53:00,23.3,407,Completed,
T1339,D199,R4288,Bangalore,Jayanagar,HSR Layout,2023-10-17 14:25:00,2023-10-17 14:39:00,2023-10-17 15:56:00,24.8,508,Completed,
T1340,D308,R3037,Mumbai,Bandra,Powai,2023-10-21 03:57:00,,,0.0,0.0,Cancelled,Driver Cancelled
T1341,D146,R1748,Delhi,Saket,Connaught Place,2023-10-12 23:00:00,2023-10-12 23:14:00,2023-10-12 23:38:00,6.7,174,Completed,
T1342,D111,R1667,Mumbai,Colaba,Juhu,2023-10-11 07:02:00,2023-10-11 07:06:00,2023-10-11 07:24:00,6.9,201,Completed,
T1343,D283,R1310,Mumbai,Andheri,Colaba,2023-10-18 10:18:00,2023-10-18 10:23:00,2023-10-18 11:43:00,21.2,400,Completed,
T1344,D175,R2070,Mumbai,Andheri,Powai,2023-10-02 00:32:00,,,0.0,0.0,Cancelled,Other
T1345,D151,R2536,Delhi,Saket,Rohini,2023-10-17 08:30:00,2023-10-17 08:34:00,2023-10-17 09:42:00,23.9,465,Completed,
T1346,D326,R4983,Delhi,Dwarka,Connaught Place,2023-10-22 20:04:00,,,0.0,0.0,Cancelled,Driver Cancelled
T1347,D321,R4870,Mumbai,Powai,Bandra,2023-10-12 07:53:00,2023-10-12 08:08:00,2023-10-12 09:11:00,20.1,449,Completed,
T1348,D281,R4078,Delhi,Rohini,Saket,2023-10-17 06:20:00,2023-10-17 06:31:00,2023-10-17 06:50:00,7.4,217,Completed,
T1349,D205,R4384,Delhi,Dwarka,Vasant Kunj,2023-10-14 03:15:00,,,0.0,0.0,Cancelled,Rider Cancelled
T1350,D208,R3604,Bangalore,Whitefield,HSR Layout,2023-10-06 05:52:00,2023-10-06 06:01:00,2023-10-06 06:14:00,3.5,-127,Completed,
T1351,D211,R3517,Mumbai,Juhu,Bandra,2023-10-25 03:31:00,2023-10-25 03:34:00,2023-10-25 03:44:00,3.9,110,Completed,
T1352,D203,R4633,Mumbai,Andheri,Colaba,2023-10-23 20:20:00,2023-10-23 20:25:00,2023-10-23 21:21:00,15.6,364,Completed,
T1353,D265,R3958,Bangalore,Whitefield,Indiranagar,2023-10-19 08:10:00,,,0.0,0.0,Cancelled,Driver Cancelled
T1354,D113,R2969,Delhi,Dwarka,Connaught Place,2023-10-03 09:14:00,2023-10-03 09:18:00,2023-10-03 10:27:00,20.5,510,Completed,
T1355,D339,R2949,Bangalore,Jayanagar,HSR Layout,2023-10-15 07:22:00,,,0.0,0.0,Cancelled,Driver Not Found
T1356,D220,R4627,Mumbai,Andheri,Colaba,2023-10-02 07:13:00,2023-10-02 07:17:00,2023-10-02 07:47:00,8.3,189,Completed,
T1357,D299,R3313,Delhi,Vasant Kunj,Saket,2023-10-07 10:10:00,2023-10-07 10:14:00,2023-10-07 10:26:00,3.5,103,Completed,
T1358,D155,R2549,Delhi,Vasant Kunj,Saket,2023-10-07 05:27:00,2023-10-07 05:34:00,2023-10-07 06:24:00,19.2,347,Completed,
T1359,D112,R3455,Delhi,Saket,Rohini,2023-10-22 08:51:00,2023-10-22 08:54:00,2023-10-22 09:41:00,13.7,302,Completed,
T1360,D135,R1998,Mumbai,Colaba,Andheri,2023-10-20 01:01:00,2023-10-20 01:07:00,2023-10-20 02:27:00,24.1,517,Completed,
T1361,D113,R1449,Delhi,Vasant Kunj,Saket,2023-10-15 09:08:00,2023-10-15 09:23:00,2023-10-15 10:08:00,15.3,335,Completed,
T1362,D240,R4980,Bangalore,Koramangala,Jayanagar,2023-10-19 21:54:00,,,0.0,0.0,Cancelled,Rider Cancelled
T1363,D152,R1757,Bangalore,Jayanagar,HSR Layout,2023-10-14 01:33:00,2023-10-14 01:41:00,2023-10-14 02:45:00,19.0,340,Completed,
T1364,D245,R2504,Delhi,Saket,Connaught Place,2023-10-21 21:24:00,2023-10-21 21:37:00,2023-10-21 22:59:00,23.2,459,Completed,
T1365,D227,R4440,Mumbai,Powai,Colaba,2023-10-13 06:50:00,2023-10-13 06:59:00,2023-10-13 07:31:00,9.2,245,Completed,
T1366,D151,R4705,Delhi,Dwarka,Connaught Place,2023-10-26 13:39:00,2023-10-26 13:43:00,2023-10-26 14:49:00,19.2,489,Completed,
T1367,D213,R3986,Bangalore,HSR Layout,Koramangala,2023-10-25 20:49:00,2023-10-25 20:55:00,2023-10-25 22:08:00,19.6,540,Completed,
T1368,D106,R1370,Mumbai,Andheri,Powai,2023-10-12 11:02:00,2023-10-12 11:07:00,2023-10-12 11:25:00,6.8,176,Completed,
T1369,D156,R4987,Delhi,Dwarka,Saket,2023-10-04 09:39:00,2023-10-04 09:41:00,2023-10-04 09:47:00,2.1,89,Completed,
T1370,D170,R4889,Bangalore,Whitefield,Koramangala,2023-10-07 00:41:00,2023-10-07 00:50:00,2023-10-07 01:55:00,19.0,344,Completed,
T1371,D252,R1979,Bangalore,Whitefield,Indiranagar,2023-10-30 01:30:00,2023-10-30 01:43:00,2023-10-30 03:09:00,22.5,594,Completed,
T1372,D127,R2763,Delhi,Dwarka,Vasant Kunj,2023-10-29 17:08:00,2023-10-29 17:15:00,2023-10-29 18:00:00,16.9,314,Completed,
T1373,D126,R4904,Delhi,Dwarka,Vasant Kunj,2023-10-08 21:46:00,2023-10-08 22:00:00,2023-10-08 22:18:00,7.0,182,Completed,
T1374,D222,R1139,Bangalore,HSR Layout,Koramangala,2023-10-25 20:00:00,2023-10-25 20:04:00,2023-10-25 20:34:00,7.8,172,Completed,
T1375,D251,R4192,Bangalore,Koramangala,Indiranagar,2023-10-15 07:53:00,2023-10-15 08:04:00,2023-10-15 08:39:00,11.4,273,Completed,
T1376,D267,R2445,Mumbai,Andheri,Colaba,2023-10-19 14:40:00,2023-10-19 14:49:00,2023-10-19 16:02:00,23.3,624,Completed,
T1377,D261,R2198,Mumbai,Andheri,Powai,2023-10-08 01:53:00,2023-10-08 02:00:00,2023-10-08 02:17:00,6.1,176,Completed,
T1378,D152,R4734,Bangalore,HSR Layout,Jayanagar,2023-10-05 16:45:00,2023-10-05 16:52:00,2023-10-05 17:00:00,3.4,125,Completed,
T1379,D229,R1183,Mumbai,Colaba,Powai,2023-10-19 05:52:00,2023-10-19 05:59:00,2023-10-19 06:06:00,2.3,91,Completed,
T1380,D131,R3489,Mumbai,Colaba,Bandra,2023-10-01 02:20:00,2023-10-01 02:24:00,2023-10-01 02:58:00,13.0,250,Completed,
T1381,D109,R2596,Bangalore,HSR Layout,Koramangala,2023-10-14 10:28:00,2023-10-14 10:38:00,2023-10-14 10:51:00,5.1,162,Completed,
T1382,D142,R1648,Mumbai,Colaba,Bandra,2023-10-24 05:53:00,2023-10-24 06:05:00,2023-10-24 06:43:00,13.7,258,Completed,
T1383,D250,R2166,Delhi,Connaught Place,Saket,2023-10-19 05:01:00,2023-10-19 05:14:00,2023-10-19 05:48:00,13.5,368,Completed,
T1384,D200,R1186,Delhi,Dwarka,Connaught Place,2023-10-23 18:38:00,2023-10-23 18:42:00,2023-10-23 18:51:00,3.0,112,Completed,
T1385,D341,R1191,Bangalore,Jayanagar,HSR Layout,2023-10-25 07:04:00,2023-10-25 07:12:00,2023-10-25 07:49:00,11.0,220,Completed,
T1386,D261,R4605,Mumbai,Colaba,Juhu,2023-10-28 05:10:00,2023-10-28 05:12:00,2023-10-28 06:16:00,22.3,515,Completed,
T1387,D204,R4000,Bangalore,Whitefield,Jayanagar,2023-10-12 10:58:00,2023-10-12 11:01:00,2023-10-12 12:02:00,24.7,628,Completed,
T1388,D176,R1338,Bangalore,HSR Layout,Indiranagar,2023-10-14 09:49:00,2023-10-14 10:04:00,2023-10-14 10:16:00,3.6,130,Completed,
T1389,D340,R1992,Delhi,Connaught Place,Dwarka,2023-10-24 18:13:00,,,0.0,0.0,Cancelled,Driver Cancelled
T1390,D224,R2994,Bangalore,Jayanagar,HSR Layout,2023-10-22 00:24:00,2023-10-22 00:28:00,2023-10-22 01:21:00,13.8,346,Completed,
T1391,D310,R3366,Bangalore,Indiranagar,Whitefield,2023-10-18 20:20:00,2023-10-18 20:22:00,2023-10-18 21:28:00,17.7,343,Completed,
T1392,D335,R4250,Delhi,Dwarka,Vasant Kunj,2023-10-14 21:09:00,2023-10-14 21:22:00,2023-10-14 22:10:00,15.1,355,Completed,
T1393,D340,R4160,Delhi,Rohini,Vasant Kunj,2023-10-04 01:34:00,2023-10-04 01:41:00,2023-10-04 03:11:00,24.6,555,Completed,
T1394,D308,R1034,Mumbai,Colaba,Powai,2023-10-29 13:11:00,2023-10-29 13:15:00,2023-10-29 13:37:00,5.8,187,Completed,
T1395,D199,R3433,Bangalore,Whitefield,Jayanagar,2023-10-24 04:26:00,2023-10-24 04:32:00,2023-10-24 05:29:00,17.0,442,Completed,
T1396,D350,R3519,Delhi,Dwarka,Connaught Place,2023-10-23 13:27:00,2023-10-23 13:32:00,2023-10-23 14:17:00,12.2,347,Completed,
T1397,D163,R2653,Mumbai,Colaba,Bandra,2023-10-15 00:07:00,2023-10-15 00:16:00,2023-10-15 01:23:00,19.8,453,Completed,
T1398,D176,R4306,Bangalore,HSR Layout,Indiranagar,2023-10-20 09:57:00,2023-10-20 09:59:00,2023-10-20 10:20:00,6.6,188,Completed,
T1399,D218,R1175,Bangalore,Jayanagar,Indiranagar,2023-10-24 00:53:00,2023-10-24 00:56:00,2023-10-24 02:22:00,22.4,477,Completed,
T1400,D298,R1829,Delhi,Rohini,Connaught Place,2023-10-07 08:08:00,2023-10-07 08:12:00,2023-10-07 08:02:00,14.6,413,Completed,
T1401,D202,R4709,Delhi,Saket,Vasant Kunj,2023-10-10 21:11:00,2023-10-10 21:14:00,2023-10-10 22:38:00,21.4,490,Completed,
T1402,D204,R2195,Bangalore,Jayanagar,Whitefield,2023-10-22 19:59:00,2023-10-22 20:11:00,2023-10-22 20:37:00,8.6,202,Completed,
T1403,D152,R2918,Bangalore,Jayanagar,HSR Layout,2023-10-03 22:22:00,2023-10-03 22:33:00,2023-10-03 23:33:00,19.7,467,Completed,
T1404,D175,R4955,Mumbai,Powai,Andheri,2023-10-05 09:17:00,2023-10-05 09:30:00,2023-10-05 10:32:00,16.8,321,Completed,
T1405,D345,R4184,Delhi,Connaught Place,Dwarka,2023-10-06 23:05:00,2023-10-06 23:12:00,2023-10-07 00:43:00,23.4,588,Completed,
T1406,D224,R3792,Bangalore,HSR Layout,Indiranagar,2023-10-10 11:21:00,,,0.0,0.0,Cancelled,Rider Cancelled
T1407,D115,R1870,Delhi,Connaught Place,Saket,2023-10-11 01:49:00,2023-10-11 02:00:00,2023-10-11 03:32:00,23.2,523,Completed,
T1408,D221,R1886,Bangalore,Indiranagar,Koramangala,2023-10-18 01:29:00,2023-10-18 01:34:00,2023-10-18 02:14:00,12.5,304,Completed,
T1409,D240,R1709,Bangalore,Whitefield,HSR Layout,2023-10-20 07:50:00,,,0.0,0.0,Cancelled,Driver Not Found
T1410,D110,R4997,Mumbai,Colaba,Bandra,2023-10-24 19:13:00,2023-10-24 19:15:00,2023-10-24 19:55:00,14.0,340,Completed,
T1411,D107,R3828,Bangalore,Indiranagar,Koramangala,2023-10-29 22:40:00,,,0.0,0.0,Cancelled,Driver Not Found
T1412,D235,R4275,Bangalore,Jayanagar,Koramangala,2023-10-18 16:41:00,,,0.0,0.0,Cancelled,Other
T1413,D254,R4938,Bangalore,Whitefield,Koramangala,2023-10-06 19:21:00,2023-10-06 19:24:00,2023-10-06 20:13:00,17.4,394,Completed,
T1414,D159,R3083,Delhi,Dwarka,Rohini,2023-10-05 22:21:00,2023-10-05 22:32:00,2023-10-05 22:52:00,6.9,190,Completed,
T1415,D275,R1646,Delhi,Dwarka,Vasant Kunj,2023-10-18 05:15:00,2023-10-18 05:17:00,2023-10-18 06:24:00,22.2,503,Completed,
T1416,D333,R2393,Mumbai,Andheri,Colaba,2023-10-10 04:59:00,2023-10-10 05:13:00,2023-10-10 06:09:00,15.3,312,Completed,
T1417,D229,R2006,Mumbai,Juhu,Andheri,2023-10-30 15:45:00,2023-10-30 15:58:00,2023-10-30 16:23:00,10.1,206,Completed,
T1418,D322,R2126,Bangalore,HSR Layout,Indiranagar,2023-10-01 06:12:00,2023-10-01 06:14:00,2023-10-01 07:16:00,20.8,384,Completed,
T1419,D350,R3057,Delhi,Connaught Place,Rohini,2023-10-07 17:20:00,2023-10-07 17:32:00,2023-10-07 18:37:00,22.7,433,Completed,
T1420,D322,R1147,Bangalore,Koramangala,Jayanagar,2023-10-21 08:46:00,2023-10-21 08:57:00,2023-10-21 09:34:00,11.5,314,Completed,
T1421,D143,R4552,Bangalore,HSR Layout,Jayanagar,2023-10-28 21:18:00,,,0.0,0.0,Cancelled,Other
T1422,D304,R4782,Delhi,Vasant Kunj,Rohini,2023-10-26 00:09:00,2023-10-26 00:16:00,2023-10-26 01:19:00,16.6,423,Completed,
T1423,D131,R1198,Mumbai,Juhu,Powai,2023-10-10 23:36:00,2023-10-10 23:38:00,2023-10-11 00:06:00,11.1,241,Completed,
T1424,D199,R2541,Bangalore,Jayanagar,HSR Layout,2023-10-25 07:49:00,2023-10-25 08:01:00,2023-10-25 08:43:00,13.6,324,Completed,
T1425,D334,R3680,Bangalore,Indiranagar,Koramangala,2023-10-10 09:48:00,2023-10-10 09:50:00,2023-10-10 10:05:00,4.5,137,Completed,
T1426,D160,R2136,Mumbai,Colaba,Powai,2023-10-19 21:04:00,2023-10-19 21:06:00,2023-10-19 21:44:00,12.2,287,Completed,
T1427,D106,R1108,Mumbai,Juhu,Powai,2023-10-13 04:45:00,2023-10-13 04:59:00,2023-10-13 05:51:00,20.0,518,Completed,
T1428,D108,R2315,Delhi,Vasant Kunj,Rohini,2023-10-23 00:30:00,2023-10-23 00:40:00,2023-10-23 01:25:00,14.3,304,Completed,
T1429,D344,R1959,Delhi,Saket,Connaught Place,2023-10-21 21:07:00,2023-10-21 21:20:00,2023-10-21 21:30:00,3.5,121,Completed,
T1430,D267,R1806,Mumbai,Bandra,Andheri,2023-10-01 10:17:00,2023-10-01 10:25:00,2023-10-01 11:00:00,9.9,207,Completed,
T1431,D317,R4913,Bangalore,Indiranagar,Koramangala,2023-10-03 13:00:00,2023-10-03 13:12:00,2023-10-03 14:35:00,23.9,417,Completed,
T1432,D220,R1591,Mumbai,Colaba,Juhu,2023-10-07 08:27:00,2023-10-07 08:30:00,2023-10-07 09:09:00,12.6,283,Completed,
T1433,D115,R3166,Delhi,Dwarka,Saket,2023-10-30 00:31:00,2023-10-30 00:43:00,2023-10-30 01:29:00,14.0,294,Completed,
T1434,D206,R2706,Bangalore,Koramangala,Indiranagar,2023-10-10 04:17:00,2023-10-10 04:28:00,2023-10-10 05:27:00,21.1,371,Completed,
T1435,D289,R2907,Bangalore,Koramangala,Whitefield,2023-10-13 05:05:00,2023-10-13 05:14:00,2023-10-13 05:30:00,5.7,186,Completed,
T1436,D105,R2700,Bangalore,Whitefield,Koramangala,2023-10-05 05:59:00,2023-10-05 06:09:00,2023-10-05 07:19:00,20.8,405,Completed,
T1437,D164,R2287,Bangalore,Jayanagar,Indiranagar,2023-10-15 15:17:00,2023-10-15 15:32:00,2023-10-15 16:30:00,20.7,482,Completed,
T1438,D127,R2439,Delhi,Saket,Rohini,2023-10-14 23:49:00,2023-10-14 23:52:00,2023-10-15 00:47:00,15.1,398,Completed,
T1439,D132,R2737,Mumbai,Andheri,Colaba,2023-10-27 15:33:00,2023-10-27 15:46:00,2023-10-27 17:05:00,20.6,399,Completed,
T1440,D196,R2767,Delhi,Rohini,Saket,2023-10-11 04:48:00,2023-10-11 04:54:00,2023-10-11 05:02:00,2.6,99,Completed,
T1441,D181,R4458,Bangalore,Jayanagar,Koramangala,2023-10-03 00:26:00,2023-10-03 00:31:00,2023-10-03 00:37:00,2.4,104,Completed,
T1442,D303,R4367,Mumbai,Bandra,Juhu,2023-10-28 15:54:00,2023-10-28 16:04:00,2023-10-28 17:09:00,20.2,517,Completed,
T1443,D116,R2631,Mumbai,Colaba,Powai,2023-10-19 06:51:00,,,0.0,0.0,Cancelled,Driver Not Found
T1444,D323,R4325,Delhi,Connaught Place,Saket,2023-10-17 11:36:00,2023-10-17 11:47:00,2023-10-17 11:57:00,3.0,117,Completed,
T1445,D219,R1704,Bangalore,Indiranagar,HSR Layout,2023-10-25 10:55:00,,,0.0,0.0,Cancelled,Payment Issue
T1446,D169,R2665,Bangalore,HSR Layout,Indiranagar,2023-10-06 08:23:00,2023-10-06 08:31:00,2023-10-06 09:26:00,22.0,467,Completed,
T1447,D178,R2659,Bangalore,Indiranagar,Jayanagar,2023-10-29 10:28:00,2023-10-29 10:35:00,2023-10-29 11:18:00,17.1,432,Completed,
T1448,D317,R1038,Bangalore,Indiranagar,Jayanagar,2023-10-08 07:42:00,2023-10-08 07:50:00,2023-10-08 08:54:00,20.5,513,Completed,
T1449,D141,R4539,Mumbai,Juhu,Colaba,2023-10-12 14:11:00,2023-10-12 14:18:00,2023-10-12 14:53:00,10.7,222,Completed,
T1450,D322,R1179,Bangalore,HSR Layout,Whitefield,2023-10-25 08:42:00,2023-10-25 08:53:00,2023-10-25 09:50:00,16.2,366,Completed,
T1451,D104,R1205,Delhi,Saket,Rohini,2023-10-24 15:31:00,2023-10-24 15:46:00,2023-10-24 16:32:00,14.0,302,Completed,
T1452,D309,R2882,Mumbai,Juhu,Powai,2023-10-19 10:58:00,2023-10-19 11:10:00,2023-10-19 11:41:00,11.0,226,Completed,
T1453,D331,R4705,Delhi,Saket,Rohini,2023-10-09 16:19:00,2023-10-09 16:25:00,2023-10-09 16:56:00,12.3,267,Completed,
T1454,D212,R4007,Bangalore,Jayanagar,Indiranagar,2023-10-03 12:18:00,2023-10-03 12:33:00,2023-10-03 13:04:00,10.3,234,Completed,
T1455,D319,R4009,Bangalore,Indiranagar,HSR Layout,2023-10-25 05:16:00,2023-10-25 05:27:00,2023-10-25 06:21:00,15.2,427,Completed,
T1456,D165,R3870,Delhi,Rohini,Connaught Place,2023-10-27 12:39:00,2023-10-27 12:43:00,2023-10-27 12:51:00,2.3,97,Completed,
T1457,D318,R1399,Bangalore,Whitefield,Jayanagar,2023-10-24 08:02:00,2023-10-24 08:07:00,2023-10-24 09:09:00,20.6,405,Completed,
T1458,D264,R4903,Delhi,Rohini,Dwarka,2023-10-01 12:24:00,2023-10-01 12:34:00,2023-10-01 13:42:00,19.2,393,Completed,
T1459,D123,R2697,Bangalore,Whitefield,Koramangala,2023-10-06 05:42:00,,,0.0,0.0,Cancelled,Driver Not Found
T1460,D302,R4780,Bangalore,Whitefield,HSR Layout,2023-10-17 18:42:00,2023-10-17 18:47:00,2023-10-17 19:05:00,5.6,145,Completed,
T1461,D255,R4850,Mumbai,Colaba,Bandra,2023-10-29 09:49:00,2023-10-29 10:00:00,2023-10-29 10:35:00,9.9,241,Completed,
T1462,D109,R4586,Bangalore,Jayanagar,HSR Layout,2023-10-30 20:35:00,2023-10-30 20:50:00,2023-10-30 21:24:00,12.8,277,Completed,
T1463,D110,R2932,Mumbai,Juhu,Powai,2023-10-07 19:19:00,2023-10-07 19:25:00,2023-10-07 20:39:00,21.2,565,Completed,
T1464,D123,R4421,Bangalore,Koramangala,Indiranagar,2023-10-29 17:42:00,2023-10-29 17:53:00,2023-10-29 19:07:00,21.2,411,Completed,
T1465,D199,R1053,Bangalore,Jayanagar,HSR Layout,2023-10-05 17:26:00,2023-10-05 17:29:00,2023-10-05 18:29:00,19.6,488,Completed,
T1466,D127,R1708,Delhi,Saket,Vasant Kunj,2023-10-21 19:40:00,2023-10-21 19:43:00,2023-10-21 20:21:00,12.0,276,Completed,
T1467,D340,R2980,Delhi,Vasant Kunj,Rohini,2023-10-23 21:16:00,2023-10-23 21:18:00,2023-10-23 22:00:00,14.9,369,Completed,
T1468,D291,R4946,Delhi,Dwarka,Connaught Place,2023-10-10 11:01:00,2023-10-10 11:03:00,2023-10-10 11:13:00,3.2,113,Completed,
T1469,D326,R2032,Delhi,Rohini,Saket,2023-10-24 07:30:00,2023-10-24 07:37:00,2023-10-24 08:54:00,24.8,460,Completed,
T1470,D314,R4914,Mumbai,Juhu,Andheri,2023-10-15 11:15:00,2023-10-15 11:23:00,2023-10-15 11:39:00,5.4,144,Completed,
T1471,D341,R1339,Bangalore,Whitefield,Indiranagar,2023-10-01 19:26:00,2023-10-01 19:38:00,2023-10-01 20:46:00,19.1,441,Completed,
T1472,D197,R2638,Mumbai,Andheri,Powai,2023-10-09 05:04:00,2023-10-09 05:11:00,2023-10-09 05:53:00,15.5,348,Completed,
T1473,D178,R1883,Bangalore,Koramangala,HSR Layout,2023-10-13 08:24:00,2023-10-13 08:38:00,2023-10-13 09:13:00,12.9,361,Completed,
T1474,D270,R2001,Delhi,Saket,Dwarka,2023-10-09 16:02:00,2023-10-09 16:09:00,2023-10-09 16:52:00,12.7,258,Completed,
T1475,D217,R2884,Delhi,Dwarka,Saket,2023-10-20 06:11:00,2023-10-20 06:24:00,2023-10-20 07:20:00,17.7,409,Completed,
T1476,D307,R3644,Mumbai,Powai,Colaba,2023-10-27 00:11:00,2023-10-27 00:24:00,2023-10-27 01:54:00,23.8,435,Completed,
T1477,D160,R3711,Mumbai,Juhu,Bandra,2023-10-11 05:38:00,2023-10-11 05:42:00,2023-10-11 06:44:00,18.7,389,Completed,
T1478,D246,R4197,Delhi,Connaught Place,Vasant Kunj,2023-10-15 18:33:00,2023-10-15 18:43:00,2023-10-15 19:31:00,19.2,364,Completed,
T1479,D208,R1346,Bangalore,Koramangala,Indiranagar,2023-10-06 09:00:00,2023-10-06 09:11:00,2023-10-06 10:15:00,20.4,414,Completed,
T1480,D275,R3502,Delhi,Saket,Rohini,2023-10-18 22:15:00,2023-10-18 22:26:00,2023-10-18 22:49:00,7.6,195,Completed,
T1481,D237,R3165,Bangalore,Koramangala,Whitefield,2023-10-21 14:45:00,2023-10-21 14:55:00,2023-10-21 15:43:00,12.8,309,Completed,
T1482,D160,R2661,Mumbai,Andheri,Juhu,2023-10-28 13:32:00,2023-10-28 13:40:00,2023-10-28 13:51:00,4.4,126,Completed,
T1483,D347,R1840,Bangalore,Indiranagar,Whitefield,2023-10-01 09:40:00,2023-10-01 09:51:00,2023-10-01 10:15:00,8.6,195,Completed,
T1484,D155,R2965,Delhi,Rohini,Dwarka,2023-10-30 07:27:00,2023-10-30 07:31:00,2023-10-30 08:08:00,14.2,337,Completed,
T1485,D115,R3755,Delhi,Vasant Kunj,Connaught Place,2023-10-04 02:06:00,2023-10-04 02:17:00,2023-10-04 03:28:00,19.2,388,Completed,
T1486,D258,R3146,Mumbai,Powai,Andheri,2023-10-27 20:01:00,2023-10-27 20:16:00,2023-10-27 20:51:00,13.6,284,Completed,
T1487,D315,R4208,Mumbai,Juhu,Andheri,2023-10-10 02:06:00,2023-10-10 02:13:00,2023-10-10 02:38:00,7.1,183,Completed,
T1488,D144,R2874,Mumbai,Powai,Colaba,2023-10-22 20:36:00,2023-10-22 20:45:00,2023-10-22 21:19:00,9.6,269,Completed,
T1489,D320,R4973,Bangalore,HSR Layout,Indiranagar,2023-10-22 14:25:00,2023-10-22 14:39:00,2023-10-22 15:04:00,7.0,208,Completed,
T1490,D101,R3602,Mumbai,Juhu,Andheri,2023-10-24 06:43:00,2023-10-24 06:52:00,2023-10-24 07:08:00,5.3,136,Completed,
T1491,D321,R3977,Mumbai,Andheri,Powai,2023-10-16 05:16:00,,,0.0,0.0,Cancelled,Driver Cancelled
T1492,D341,R2967,Bangalore,Indiranagar,Koramangala,2023-10-13 14:36:00,2023-10-13 14:49:00,2023-10-13 16:19:00,24.0,571,Completed,
T1493,D340,R1131,Delhi,Dwarka,Rohini,2023-10-26 11:33:00,2023-10-26 11:39:00,2023-10-26 13:00:00,22.9,465,Completed,
T1494,D341,R1336,Bangalore,Koramangala,Jayanagar,2023-10-17 06:40:00,2023-10-17 06:55:00,2023-10-17 07:06:00,4.0,121,Completed,
T1495,D118,R1263,Delhi,Vasant Kunj,Connaught Place,2023-10-23 04:02:00,2023-10-23 04:05:00,2023-10-23 04:23:00,6.8,190,Completed,
T1496,D195,R2480,Bangalore,HSR Layout,Koramangala,2023-10-07 09:23:00,,,0.0,0.0,Cancelled,Driver Cancelled
T1497,D102,R2131,Delhi,Vasant Kunj,Saket,2023-10-18 05:28:00,,,0.0,0.0,Cancelled,Rider Cancelled
T1498,D338,R3446,Mumbai,Bandra,Powai,2023-10-10 02:05:00,2023-10-10 02:19:00,2023-10-10 03:42:00,21.4,540,Completed,
T1499,D350,R1751,Delhi,Dwarka,Vasant Kunj,2023-10-03 22:50:00,2023-10-03 23:03:00,2023-10-03 23:55:00,18.2,340,Completed,
T1500,D9999,R4131,Bangalore,Indiranagar,HSR Layout,2023-10-20 17:47:00,,2023-10-20 18:35:00,11.8,251,Completed,
T1501,D345,R2121,Delhi,Saket,Rohini,2023-10-25 06:32:00,2023-10-25 06:47:00,2023-10-25 07:10:00,8.1,218,Completed,
T1502,D217,R1456,Delhi,Saket,Vasant Kunj,2023-10-01 06:51:00,2023-10-01 07:03:00,2023-10-01 07:24:00,6.1,170,Completed,
T1503,D174,R3248,Bangalore,Koramangala,Indiranagar,2023-10-29 10:18:00,,,0.0,0.0,Cancelled,Payment Issue
T1504,D301,R4063,Bangalore,Jayanagar,Indiranagar,2023-10-01 19:32:00,2023-10-01 19:39:00,2023-10-01 20:39:00,17.1,410,Completed,
T1505,D198,R4513,Delhi,Dwarka,Saket,2023-10-03 21:50:00,,,0.0,0.0,Cancelled,Rider Cancelled
T1506,D220,R1600,Mumbai,Colaba,Juhu,2023-10-21 17:50:00,2023-10-21 17:53:00,2023-10-21 18:04:00,3.4,126,Completed,
T1507,D334,R2077,Bangalore,Jayanagar,Indiranagar,2023-10-26 11:32:00,2023-10-26 11:41:00,2023-10-26 12:33:00,17.2,432,Completed,
T1508,D305,R4430,Bangalore,Indiranagar,Koramangala,2023-10-08 01:14:00,2023-10-08 01:26:00,2023-10-08 02:03:00,10.1,296,Completed,
T1509,D180,R4025,Bangalore,HSR Layout,Whitefield,2023-10-02 15:56:00,2023-10-02 16:09:00,2023-10-02 16:20:00,3.0,117,Completed,
T1510,D292,R2673,Bangalore,Koramangala,Jayanagar,2023-10-02 15:40:00,2023-10-02 15:47:00,2023-10-02 16:07:00,6.6,187,Completed,
T1511,D188,R4573,Mumbai,Bandra,Andheri,2023-10-28 23:51:00,2023-10-29 00:00:00,2023-10-29 00:59:00,19.6,360,Completed,
T1512,D213,R4138,Bangalore,Koramangala,Jayanagar,2023-10-02 09:12:00,2023-10-02 09:14:00,2023-10-02 09:50:00,13.4,299,Completed,
T1513,D267,R2926,Mumbai,Juhu,Bandra,2023-10-04 09:20:00,2023-10-04 09:35:00,2023-10-04 09:55:00,6.5,200,Completed,
T1514,D247,R4264,Bangalore,Whitefield,HSR Layout,2023-10-30 20:29:00,,,0.0,0.0,Cancelled,Driver Cancelled
T1515,D248,R4760,Mumbai,Andheri,Powai,2023-10-05 21:55:00,,,0.0,0.0,Cancelled,Driver Cancelled
T1516,D295,R2237,Bangalore,Jayanagar,Koramangala,2023-10-02 23:12:00,2023-10-02 23:15:00,2023-10-02 23:28:00,4.9,152,Completed,
T1517,D264,R4079,Delhi,Dwarka,Rohini,2023-10-21 08:01:00,2023-10-21 08:12:00,2023-10-21 09:25:00,21.3,517,Completed,
T1518,D198,R1202,Delhi,Rohini,Dwarka,2023-10-18 06:55:00,,,0.0,0.0,Cancelled,Driver Not Found
T1519,D134,R4976,Mumbai,Colaba,Andheri,2023-10-01 00:18:00,2023-10-01 00:33:00,2023-10-01 01:55:00,23.5,427,Completed,
T1520,D135,R4469,Mumbai,Bandra,Andheri,2023-10-29 11:47:00,2023-10-29 11:52:00,2023-10-29 12:55:00,17.7,422,Completed,
T1521,D315,R1598,Mumbai,Juhu,Colaba,2023-10-16 09:51:00,2023-10-16 10:03:00,2023-10-16 10:44:00,10.4,225,Completed,
T1522,D218,R3514,Bangalore,Indiranagar,Jayanagar,2023-10-24 14:02:00,2023-10-24 14:15:00,2023-10-24 15:16:00,21.2,513,Completed,
T1523,D214,R1007,Delhi,Rohini,Connaught Place,2023-10-17 11:56:00,2023-10-17 12:05:00,2023-10-17 12:29:00,6.9,221,Completed,
T1524,D126,R3241,Delhi,Rohini,Dwarka,2023-10-12 22:41:00,,,0.0,0.0,Cancelled,Driver Not Found
T1525,D311,R4544,Mumbai,Juhu,Andheri,2023-10-18 00:00:00,2023-10-18 00:12:00,2023-10-18 01:14:00,21.3,526,Completed,
T1526,D153,R4841,Mumbai,Andheri,Juhu,2023-10-22 20:11:00,2023-10-22 20:17:00,2023-10-22 20:58:00,10.7,226,Completed,
T1527,D214,R1526,Delhi,Dwarka,Vasant Kunj,2023-10-09 08:41:00,2023-10-09 08:55:00,2023-10-09 10:07:00,23.1,573,Completed,
T1528,D205,R3489,Delhi,Saket,Rohini,2023-10-12 16:00:00,2023-10-12 16:09:00,2023-10-12 16:40:00,9.9,212,Completed,
T1529,D146,R3283,Delhi,Vasant Kunj,Connaught Place,2023-10-14 18:56:00,,,0.0,0.0,Cancelled,Driver Cancelled
T1530,D332,R1066,Delhi,Saket,Vasant Kunj,2023-10-04 22:30:00,2023-10-04 22:41:00,2023-10-04 23:30:00,12.6,244,Completed,
T1531,D141,R2718,Mumbai,Bandra,Colaba,2023-10-11 19:18:00,2023-10-11 19:23:00,2023-10-11 20:01:00,14.4,292,Completed,
T1532,D242,R2640,Delhi,Vasant Kunj,Dwarka,2023-10-27 18:58:00,2023-10-27 19:07:00,2023-10-27 20:10:00,17.1,316,Completed,
T1533,D216,R1224,Mumbai,Juhu,Andheri,2023-10-27 18:26:00,2023-10-27 18:38:00,2023-10-27 19:45:00,20.8,456,Completed,
T1534,D194,R4136,Mumbai,Bandra,Powai,2023-10-14 14:20:00,2023-10-14 14:26:00,2023-10-14 15:33:00,21.5,561,Completed,
T1535,D171,R4752,Delhi,Saket,Dwarka,2023-10-29 04:26:00,2023-10-29 04:38:00,2023-10-29 04:56:00,7.1,188,Completed,
T1536,D158,R3036,Mumbai,Colaba,Bandra,2023-10-12 16:57:00,2023-10-12 17:04:00,2023-10-12 17:17:00,3.5,124,Completed,
T1537,D285,R1995,Delhi,Dwarka,Vasant Kunj,2023-10-09 14:19:00,2023-10-09 14:32:00,2023-10-09 15:57:00,23.2,487,Completed,
T1538,D248,R2574,Mumbai,Bandra,Colaba,2023-10-29 08:54:00,2023-10-29 09:01:00,2023-10-29 09:58:00,19.1,415,Completed,
T1539,D227,R1440,Mumbai,Powai,Andheri,2023-10-29 08:26:00,2023-10-29 08:35:00,2023-10-29 09:34:00,19.5,420,Completed,
T1540,D144,R4567,Mumbai,Bandra,Powai,2023-10-06 07:14:00,2023-10-06 07:23:00,2023-10-06 08:23:00,20.0,381,Completed,
T1541,D343,R2855,Bangalore,HSR Layout,Jayanagar,2023-10-27 02:11:00,2023-10-27 02:24:00,2023-10-27 03:40:00,24.7,491,Completed,
T1542,D284,R4213,Mumbai,Juhu,Andheri,2023-10-26 02:29:00,2023-10-26 02:33:00,2023-10-26 03:41:00,24.5,488,Completed,
T1543,D299,R1358,Delhi,Vasant Kunj,Rohini,2023-10-11 17:23:00,2023-10-11 17:32:00,2023-10-11 18:56:00,22.6,538,Completed,
T1544,D185,R2361,Delhi,Dwarka,Saket,2023-10-16 09:50:00,2023-10-16 09:59:00,2023-10-16 10:30:00,12.4,305,Completed,
T1545,D313,R1226,Delhi,Dwarka,Saket,2023-10-06 21:36:00,2023-10-06 21:46:00,2023-10-06 22:34:00,16.5,378,Completed,
T1546,D348,R2516,Bangalore,Whitefield,HSR Layout,2023-10-06 20:43:00,2023-10-06 20:47:00,2023-10-06 21:05:00,5.0,142,Completed,
T1547,D180,R4333,Bangalore,Koramangala,Jayanagar,2023-10-02 06:17:00,2023-10-02 06:25:00,2023-10-02 07:15:00,13.4,344,Completed,
T1548,D241,R3044,Mumbai,Juhu,Powai,2023-10-07 12:35:00,2023-10-07 12:44:00,2023-10-07 13:07:00,9.3,241,Completed,
T1549,D339,R4376,Bangalore,HSR Layout,Whitefield,2023-10-10 11:30:00,2023-10-10 11:37:00,2023-10-10 12:20:00,15.1,365,Completed,
T1550,D176,R1141,Bangalore,Jayanagar,Koramangala,2023-10-24 15:03:00,2023-10-24 15:18:00,2023-10-24 16:34:00,20.9,454,Completed,
T1551,D227,R1525,Mumbai,Andheri,Juhu,2023-10-29 13:39:00,2023-10-29 13:47:00,2023-10-29 14:17:00,11.9,244,Completed,
T1552,D192,R4220,Bangalore,Jayanagar,Koramangala,2023-10-20 21:11:00,2023-10-20 21:16:00,2023-10-20 22:14:00,20.1,380,Completed,
T1553,D211,R2745,Mumbai,Juhu,Powai,2023-10-21 11:35:00,2023-10-21 11:39:00,2023-10-21 12:14:00,9.1,205,Completed,
T1554,D291,R4980,Delhi,Rohini,Dwarka,2023-10-27 01:12:00,2023-10-27 01:17:00,2023-10-27 01:31:00,3.7,131,Completed,
T1555,D196,R2420,Delhi,Vasant Kunj,Connaught Place,2023-10-05 03:32:00,2023-10-05 03:34:00,2023-10-05 04:08:00,9.1,233,Completed,
T1556,D139,R4816,Bangalore,HSR Layout,Koramangala,2023-10-07 13:14:00,2023-10-07 13:28:00,2023-10-07 14:37:00,17.6,461,Completed,
T1557,D333,R2734,Mumbai,Colaba,Andheri,2023-10-25 20:32:00,2023-10-25 20:37:00,2023-10-25 20:44:00,2.2,95,Completed,
T1558,D310,R3856,Bangalore,Jayanagar,Indiranagar,2023-10-05 23:29:00,2023-10-05 23:37:00,2023-10-05 23:51:00,4.4,158,Completed,
T1559,D182,R3935,Bangalore,Whitefield,Jayanagar,2023-10-25 09:37:00,2023-10-25 09:47:00,2023-10-25 10:41:00,21.0,470,Completed,
T1560,D266,R1825,Bangalore,HSR Layout,Jayanagar,2023-10-20 16:36:00,2023-10-20 16:47:00,2023-10-20 17:28:00,11.3,267,Completed,
T1561,D224,R3140,Bangalore,Jayanagar,Whitefield,2023-10-05 22:12:00,2023-10-05 22:24:00,2023-10-05 23:03:00,10.4,231,Completed,
T1562,D157,R1165,Mumbai,Bandra,Andheri,2023-10-26 02:59:00,2023-10-26 03:04:00,2023-10-26 03:46:00,13.6,293,Completed,
T1563,D129,R4457,Bangalore,Jayanagar,HSR Layout,2023-10-04 11:24:00,2023-10-04 11:33:00,2023-10-04 11:50:00,4.7,121,Completed,
T1564,D250,R4208,Delhi,Vasant Kunj,Connaught Place,2023-10-24 00:00:00,2023-10-24 00:10:00,2023-10-24 01:12:00,20.4,548,Completed,
T1565,D183,R2990,Mumbai,Juhu,Colaba,2023-10-04 18:37:00,2023-10-04 18:49:00,2023-10-04 19:23:00,11.1,289,Completed,
T1566,D242,R2257,Delhi,Dwarka,Saket,2023-10-01 09:58:00,2023-10-01 10:06:00,2023-10-01 10:13:00,2.2,87,Completed,
T1567,D289,R1914,Bangalore,Whitefield,Indiranagar,2023-10-10 18:05:00,2023-10-10 18:15:00,2023-10-10 19:27:00,19.6,488,Completed,
T1568,D164,R1870,Bangalore,Jayanagar,Koramangala,2023-10-06 11:12:00,2023-10-06 11:24:00,2023-10-06 12:07:00,11.2,257,Completed,
T1569,D209,R1542,Bangalore,Koramangala,Whitefield,2023-10-21 14:48:00,,,0.0,0.0,Cancelled,Driver Cancelled
T1570,D126,R2276,Delhi,Saket,Connaught Place,2023-10-23 08:44:00,2023-10-23 08:52:00,2023-10-23 09:26:00,8.8,190,Completed,
T1571,D274,R3332,Mumbai,Powai,Colaba,2023-10-17 04:16:00,2023-10-17 04:22:00,2023-10-17 04:51:00,8.9,222,Completed,
T1572,D103,R3104,Delhi,Dwarka,Vasant Kunj,2023-10-08 07:36:00,,,0.0,0.0,Cancelled,Rider Cancelled
T1573,D322,R4341,Bangalore,Jayanagar,HSR Layout,2023-10-20 09:56:00,2023-10-20 10:07:00,2023-10-20 11:24:00,24.5,534,Completed,
T1574,D350,R1506,Delhi,Saket,Dwarka,2023-10-27 02:39:00,2023-10-27 02:43:00,2023-10-27 03:19:00,13.8,355,Completed,
T1575,D187,R1779,Mumbai,Powai,Juhu,2023-10-24 21:11:00,,,0.0,0.0,Cancelled,Driver Cancelled
T1576,D270,R2430,Delhi,Saket,Connaught Place,2023-10-03 09:26:00,,,0.0,0.0,Cancelled,Driver Not Found
T1577,D236,R3870,Delhi,Saket,Rohini,2023-10-25 11:14:00,2023-10-25 11:17:00,2023-10-25 12:40:00,24.4,492,Completed,
T1578,D179,R4829,Delhi,Connaught Place,Vasant Kunj,2023-10-10 01:47:00,2023-10-10 01:59:00,2023-10-10 02:14:00,4.2,115,Completed,
T1579,D325,R2488,Bangalore,Jayanagar,Indiranagar,2023-10-16 16:08:00,2023-10-16 16:12:00,2023-10-16 17:32:00,22.4,602,Completed,
T1580,D302,R2561,Bangalore,Whitefield,HSR Layout,2023-10-03 13:23:00,,,0.0,0.0,Cancelled,Driver Cancelled
T1581,D258,R3643,Mumbai,Andheri,Juhu,2023-10-11 21:33:00,2023-10-11 21:44:00,2023-10-11 22:08:00,8.7,219,Completed,
T1582,D133,R3451,Delhi,Dwarka,Saket,2023-10-26 23:20:00,2023-10-26 23:30:00,2023-10-27 00:06:00,9.9,214,Completed,
T1583,D126,R3205,Delhi,Saket,Vasant Kunj,2023-10-13 23:16:00,2023-10-13 23:29:00,2023-10-14 00:18:00,16.5,451,Completed,
T1584,D251,R2453,Bangalore,Whitefield,Indiranagar,2023-10-07 12:00:00,2023-10-07 12:05:00,2023-10-07 12:25:00,8.2,253,Completed,
T1585,D348,R1404,Bangalore,Jayanagar,Whitefield,2023-10-10 10:37:00,2023-10-10 10:50:00,2023-10-10 11:23:00,9.7,203,Completed,
T1586,D194,R2602,Mumbai,Juhu,Colaba,2023-10-01 02:01:00,2023-10-01 02:11:00,2023-10-01 02:36:00,9.0,226,Completed,
T1587,D283,R4948,Mumbai,Juhu,Bandra,2023-10-17 15:28:00,2023-10-17 15:32:00,2023-10-17 15:50:00,5.1,133,Completed,
T1588,D286,R1520,Mumbai,Colaba,Powai,2023-10-24 16:57:00,2023-10-24 17:05:00,2023-10-24 17:17:00,3.3,125,Completed,
T1589,D304,R1606,Delhi,Connaught Place,Dwarka,2023-10-07 04:49:00,2023-10-07 04:51:00,2023-10-07 05:12:00,6.4,202,Completed,
T1590,D148,R3322,Bangalore,Koramangala,Whitefield,2023-10-02 21:33:00,2023-10-02 21:47:00,2023-10-02 22:28:00,11.7,313,Completed,
T1591,D155,R1628,Delhi,Dwarka,Vasant Kunj,2023-10-03 10:01:00,,,0.0,0.0,Cancelled,Rider Cancelled
T1592,D136,R1720,Delhi,Dwarka,Connaught Place,2023-10-23 15:31:00,2023-10-23 15:36:00,2023-10-23 16:15:00,12.6,337,Completed,
T1593,D178,R1099,Bangalore,Indiranagar,Koramangala,2023-10-28 21:57:00,2023-10-28 22:09:00,2023-10-28 23:26:00,20.4,431,Completed,
T1594,D331,R4870,Delhi,Dwarka,Connaught Place,2023-10-14 13:14:00,2023-10-14 13:19:00,2023-10-14 13:58:00,14.8,294,Completed,
T1595,D330,R3331,Delhi,Connaught Place,Saket,2023-10-05 06:13:00,2023-10-05 06:23:00,2023-10-05 06:43:00,7.1,223,Completed,
T1596,D207,R1491,Bangalore,Whitefield,Indiranagar,2023-10-30 06:10:00,2023-10-30 06:19:00,2023-10-30 06:32:00,5.1,167,Completed,
T1597,D315,R1030,Mumbai,Juhu,Powai,2023-10-02 17:21:00,2023-10-02 17:33:00,2023-10-02 18:06:00,13.4,364,Completed,
T1598,D315,R3179,Mumbai,Bandra,Juhu,2023-10-06 05:50:00,2023-10-06 06:04:00,2023-10-06 06:22:00,5.2,135,Completed,
T1599,D193,R4765,Mumbai,Juhu,Colaba,2023-10-22 04:49:00,2023-10-22 05:04:00,2023-10-22 05:55:00,14.8,345,Completed,
T1600,D121,R2506,Mumbai,Colaba,Juhu,2023-10-12 08:36:00,2023-10-12 08:39:00,2023-10-12 09:21:00,15.5,374,Completed,
T1601,D136,R4913,Delhi,Vasant Kunj,Dwarka,2023-10-28 17:44:00,2023-10-28 17:58:00,2023-10-28 19:06:00,21.8,574,Completed,
T1602,D344,R4807,Delhi,Rohini,Dwarka,2023-10-29 03:22:00,2023-10-29 03:27:00,2023-10-29 03:56:00,11.6,239,Completed,
T1603,D240,R4597,Bangalore,Whitefield,HSR Layout,2023-10-08 03:18:00,2023-10-08 03:27:00,2023-10-08 04:25:00,15.9,345,Completed,
T1604,D139,R3531,Bangalore,HSR Layout,Whitefield,2023-10-19 20:17:00,2023-10-19 20:25:00,2023-10-19 20:42:00,6.1,165,Completed,
T1605,D254,R1813,Bangalore,Jayanagar,HSR Layout,2023-10-27 21:31:00,,,0.0,0.0,Cancelled,Rider Cancelled
T1606,D164,R1434,Bangalore,Koramangala,HSR Layout,2023-10-22 01:10:00,2023-10-22 01:24:00,2023-10-22 01:38:00,3.9,146,Completed,
T1607,D196,R2943,Delhi,Rohini,Saket,2023-10-17 23:56:00,2023-10-18 00:10:00,2023-10-18 00:46:00,10.9,309,Completed,
T1608,D137,R3251,Mumbai,Andheri,Juhu,2023-10-14 07:42:00,2023-10-14 07:55:00,2023-10-14 08:58:00,24.1,472,Completed,
T1609,D153,R2528,Mumbai,Colaba,Powai,2023-10-18 07:06:00,2023-10-18 07:08:00,2023-10-18 08:19:00,20.7,556,Completed,
T1610,D286,R3970,Mumbai,Juhu,Powai,2023-10-07 19:30:00,2023-10-07 19:32:00,2023-10-07 19:47:00,5.6,184,Completed,
T1611,D257,R3841,Mumbai,Colaba,Bandra,2023-10-04 16:25:00,2023-10-04 16:34:00,2023-10-04 16:43:00,3.0,105,Completed,
T1612,D301,R4600,Bangalore,Jayanagar,Whitefield,2023-10-01 07:58:00,2023-10-01 08:00:00,2023-10-01 08:58:00,16.2,341,Completed,
T1613,D143,R1628,Bangalore,Koramangala,Whitefield,2023-10-03 03:44:00,2023-10-03 03:54:00,2023-10-03 04:56:00,20.8,487,Completed,
T1614,D114,R1033,Bangalore,Koramangala,Jayanagar,2023-10-23 09:30:00,2023-10-23 09:40:00,2023-10-23 10:32:00,17.7,365,Completed,
T1615,D260,R4277,Bangalore,Jayanagar,Whitefield,2023-10-29 21:10:00,2023-10-29 21:17:00,2023-10-29 22:18:00,20.3,499,Completed,
T1616,D316,R4839,Bangalore,Koramangala,Jayanagar,2023-10-21 23:10:00,2023-10-21 23:23:00,2023-10-21 23:32:00,2.5,102,Completed,
T1617,D179,R2446,Delhi,Rohini,Dwarka,2023-10-17 13:28:00,2023-10-17 13:42:00,2023-10-17 14:20:00,10.5,308,Completed,
T1618,D329,R3571,Bangalore,Whitefield,HSR Layout,2023-10-25 14:09:00,,,0.0,0.0,Cancelled,Payment Issue
T1619,D220,R4814,Mumbai,Juhu,Powai,2023-10-20 06:27:00,2023-10-20 06:40:00,2023-10-20 06:56:00,4.2,116,Completed,
T1620,D300,R1710,Delhi,Dwarka,Connaught Place,2023-10-30 13:07:00,2023-10-30 13:22:00,2023-10-30 13:35:00,3.6,136,Completed,
T1621,D235,R1613,Bangalore,Whitefield,Jayanagar,2023-10-12 23:27:00,2023-10-12 23:42:00,2023-10-12 23:57:00,4.9,127,Completed,
T1622,D236,R1748,Delhi,Rohini,Dwarka,2023-10-21 07:13:00,,,0.0,0.0,Cancelled,Driver Not Found
T1623,D208,R3207,Bangalore,Koramangala,Jayanagar,2023-10-01 17:45:00,2023-10-01 17:52:00,2023-10-01 18:56:00,17.1,441,Completed,
T1624,D191,R3198,Bangalore,HSR Layout,Jayanagar,2023-10-19 13:55:00,2023-10-19 13:57:00,2023-10-19 14:16:00,6.8,181,Completed,
T1625,D246,R2148,Delhi,Rohini,Saket,2023-10-12 02:23:00,2023-10-12 02:27:00,2023-10-12 03:18:00,15.9,372,Completed,
T1626,D226,R2673,Bangalore,Indiranagar,Whitefield,2023-10-16 05:00:00,2023-10-16 05:10:00,2023-10-16 05:22:00,4.4,146,Completed,
T1627,D180,R3673,Bangalore,Jayanagar,Koramangala,2023-10-01 10:29:00,2023-10-01 10:40:00,2023-10-01 11:36:00,19.0,458,Completed,
T1628,D235,R1119,Bangalore,Indiranagar,Whitefield,2023-10-30 22:35:00,2023-10-30 22:40:00,2023-10-30 23:45:00,19.1,360,Completed,
T1629,D280,R1140,Delhi,Vasant Kunj,Rohini,2023-10-25 03:13:00,2023-10-25 03:20:00,2023-10-25 04:14:00,17.8,327,Completed,
T1630,D171,R4886,Delhi,Dwarka,Saket,2023-10-03 16:01:00,2023-10-03 16:10:00,2023-10-03 17:13:00,20.7,442,Completed,
T1631,D347,R2201,Bangalore,Whitefield,Jayanagar,2023-10-10 06:53:00,2023-10-10 06:56:00,2023-10-10 07:24:00,10.2,255,Completed,
T1632,D262,R4358,Bangalore,Jayanagar,Indiranagar,2023-10-20 08:18:00,2023-10-20 08:28:00,2023-10-20 09:28:00,16.3,432,Completed,
T1633,D339,R2162,Bangalore,Jayanagar,HSR Layout,2023-10-06 06:15:00,2023-10-06 06:30:00,2023-10-06 06:57:00,9.4,252,Completed,
T1634,D254,R2379,Bangalore,Indiranagar,Jayanagar,2023-10-25 17:19:00,2023-10-25 17:30:00,2023-10-25 18:01:00,11.3,258,Completed,
T1635,D337,R1956,Mumbai,Powai,Andheri,2023-10-01 22:40:00,2023-10-01 22:46:00,2023-10-01 22:56:00,2.8,98,Completed,
T1636,D129,R1078,Bangalore,Indiranagar,HSR Layout,2023-10-01 13:38:00,2023-10-01 13:40:00,2023-10-01 14:36:00,16.6,334,Completed,
T1637,D154,R3323,Mumbai,Colaba,Andheri,2023-10-11 18:30:00,2023-10-11 18:33:00,2023-10-11 18:42:00,3.1,106,Completed,
T1638,D344,R4685,Delhi,Saket,Rohini,2023-10-21 16:41:00,2023-10-21 16:48:00,2023-10-21 17:25:00,10.7,264,Completed,
T1639,D260,R1960,Bangalore,Jayanagar,Whitefield,2023-10-23 04:30:00,2023-10-23 04:43:00,2023-10-23 06:12:00,24.9,463,Completed,
T1640,D150,R4160,Mumbai,Powai,Bandra,2023-10-24 02:05:00,2023-10-24 02:16:00,2023-10-24 03:22:00,23.4,526,Completed,
T1641,D307,R1605,Mumbai,Powai,Andheri,2023-10-13 06:12:00,2023-10-13 06:26:00,2023-10-13 06:32:00,2.2,95,Completed,
T1642,D321,R2573,Mumbai,Andheri,Powai,2023-10-19 06:35:00,2023-10-19 06:47:00,2023-10-19 07:22:00,10.4,246,Completed,
T1643,D103,R4656,Delhi,Dwarka,Rohini,2023-10-22 15:25:00,2023-10-22 15:38:00,2023-10-22 16:33:00,17.1,380,Completed,
T1644,D166,R3420,Mumbai,Colaba,Juhu,2023-10-28 15:57:00,2023-10-28 16:00:00,2023-10-28 17:16:00,22.9,592,Completed,
T1645,D298,R4513,Delhi,Vasant Kunj,Rohini,2023-10-02 21:32:00,,,0.0,0.0,Cancelled,Other
T1646,D221,R1189,Bangalore,Indiranagar,Koramangala,2023-10-07 00:03:00,,,0.0,0.0,Cancelled,Driver Cancelled
T1647,D305,R3814,Bangalore,Indiranagar,Whitefield,2023-10-18 16:39:00,2023-10-18 16:51:00,2023-10-18 17:49:00,18.1,322,Completed,
T1648,D115,R3945,Delhi,Vasant Kunj,Rohini,2023-10-28 08:13:00,2023-10-28 08:18:00,2023-10-28 09:00:00,15.0,364,Completed,
T1649,D317,R3775,Bangalore,HSR Layout,Koramangala,2023-10-27 06:50:00,,,0.0,0.0,Cancelled,Other
T1650,D292,R3623,Bangalore,HSR Layout,Indiranagar,2023-10-14 06:06:00,2023-10-14 06:10:00,2023-10-14 06:44:00,10.5,278,Completed,
T1651,D204,R4025,Bangalore,HSR Layout,Indiranagar,2023-10-10 22:51:00,2023-10-10 22:59:00,2023-10-10 23:31:00,12.4,261,Completed,
T1652,D173,R4718,Delhi,Connaught Place,Saket,2023-10-12 09:24:00,2023-10-12 09:38:00,2023-10-12 10:10:00,9.1,196,Completed,
T1653,D202,R2730,Delhi,Saket,Vasant Kunj,2023-10-18 02:13:00,2023-10-18 02:18:00,2023-10-18 02:43:00,7.3,201,Completed,
T1654,D313,R1823,Delhi,Dwarka,Rohini,2023-10-28 02:03:00,2023-10-28 02:18:00,2023-10-28 02:36:00,7.1,220,Completed,
T1655,D349,R1981,Delhi,Rohini,Vasant Kunj,2023-10-17 20:57:00,2023-10-17 20:59:00,2023-10-17 21:38:00,12.2,331,Completed,
T1656,D268,R1923,Delhi,Connaught Place,Dwarka,2023-10-29 08:40:00,2023-10-29 08:49:00,2023-10-29 09:52:00,19.5,379,Completed,
T1657,D290,R1132,Mumbai,Andheri,Colaba,2023-10-28 17:21:00,2023-10-28 17:36:00,2023-10-28 18:27:00,15.7,412,Completed,
T1658,D250,R3815,Delhi,Rohini,Saket,2023-10-01 05:02:00,2023-10-01 05:07:00,2023-10-01 06:14:00,23.7,526,Completed,
T1659,D258,R4898,Mumbai,Juhu,Powai,2023-10-18 05:05:00,2023-10-18 05:14:00,2023-10-18 05:31:00,4.8,139,Completed,
T1660,D256,R4332,Delhi,Dwarka,Vasant Kunj,2023-10-07 02:44:00,2023-10-07 02:53:00,2023-10-07 03:48:00,15.0,408,Completed,
T1661,D251,R1123,Bangalore,HSR Layout,Whitefield,2023-10-18 19:32:00,2023-10-18 19:43:00,2023-10-18 19:50:00,2.3,97,Completed,
T1662,D228,R4218,Delhi,Dwarka,Rohini,2023-10-01 07:06:00,2023-10-01 07:11:00,2023-10-01 07:43:00,10.9,301,Completed,
T1663,D274,R2927,Mumbai,Colaba,Juhu,2023-10-24 04:56:00,2023-10-24 05:11:00,2023-10-24 05:35:00,9.2,236,Completed,
T1664,D192,R2004,Bangalore,Jayanagar,HSR Layout,2023-10-30 16:07:00,2023-10-30 16:12:00,2023-10-30 16:23:00,4.4,116,Completed,
T1665,D103,R1846,Delhi,Connaught Place,Saket,2023-10-11 04:51:00,2023-10-11 05:02:00,2023-10-11 05:29:00,8.5,206,Completed,
T1666,D197,R2987,Mumbai,Bandra,Juhu,2023-10-10 15:34:00,2023-10-10 15:45:00,2023-10-10 16:49:00,24.2,469,Completed,
T1667,D254,R3292,Bangalore,Koramangala,Indiranagar,2023-10-05 17:06:00,2023-10-05 17:20:00,2023-10-05 17:36:00,4.5,118,Completed,
T1668,D305,R2471,Bangalore,Jayanagar,HSR Layout,2023-10-23 21:52:00,2023-10-23 22:01:00,2023-10-23 22:47:00,16.7,306,Completed,
T1669,D302,R1222,Bangalore,Indiranagar,Jayanagar,2023-10-23 06:42:00,2023-10-23 06:53:00,2023-10-23 07:39:00,16.4,326,Completed,
T1670,D224,R2328,Bangalore,Whitefield,HSR Layout,2023-10-30 08:45:00,2023-10-30 08:52:00,2023-10-30 08:58:00,2.0,96,Completed,
T1671,D302,R1245,Bangalore,Jayanagar,Koramangala,2023-10-28 11:31:00,2023-10-28 11:35:00,2023-10-28 12:30:00,21.0,407,Completed,
T1672,D188,R2652,Mumbai,Bandra,Powai,2023-10-30 15:37:00,2023-10-30 15:46:00,2023-10-30 16:06:00,6.3,159,Completed,
T1673,D160,R1943,Mumbai,Juhu,Colaba,2023-10-06 11:56:00,2023-10-06 12:06:00,2023-10-06 13:03:00,16.0,343,Completed,
T1674,D204,R1887,Bangalore,Whitefield,HSR Layout,2023-10-08 08:57:00,2023-10-08 09:04:00,2023-10-08 10:15:00,20.1,446,Completed,
T1675,D327,R3150,Mumbai,Bandra,Powai,2023-10-17 07:54:00,2023-10-17 08:08:00,2023-10-17 08:24:00,5.3,133,Completed,
T1676,D154,R1788,Mumbai,Colaba,Juhu,2023-10-29 17:01:00,2023-10-29 17:09:00,2023-10-29 18:24:00,19.2,421,Completed,
T1677,D298,R4015,Delhi,Rohini,Vasant Kunj,2023-10-24 22:15:00,2023-10-24 22:29:00,2023-10-24 23:35:00,23.2,525,Completed,
T1678,D235,R4498,Bangalore,Koramangala,Jayanagar,2023-10-01 12:02:00,2023-10-01 12:10:00,2023-10-01 12:54:00,13.8,282,Completed,
T1679,D118,R4151,Delhi,Saket,Vasant Kunj,2023-10-03 23:19:00,2023-10-03 23:22:00,2023-10-04 00:13:00,18.4,444,Completed,
T1680,D249,R4993,Delhi,Dwarka,Saket,2023-10-05 00:53:00,,,0.0,0.0,Cancelled,Driver Cancelled
T1681,D293,R2064,Bangalore,Whitefield,Indiranagar,2023-10-08 02:43:00,2023-10-08 02:55:00,2023-10-08 03:26:00,10.3,231,Completed,
T1682,D224,R4351,Bangalore,Indiranagar,Whitefield,2023-10-14 10:24:00,2023-10-14 10:37:00,2023-10-14 11:44:00,22.1,437,Completed,
T1683,D324,R3436,Mumbai,Juhu,Bandra,2023-10-04 04:50:00,2023-10-04 04:57:00,2023-10-04 05:11:00,4.1,121,Completed,
T1684,D162,R1226,Delhi,Dwarka,Connaught Place,2023-10-04 07:00:00,,,0.0,0.0,Cancelled,Driver Cancelled
T1685,D115,R4160,Delhi,Vasant Kunj,Rohini,2023-10-29 01:57:00,2023-10-29 02:12:00,2023-10-29 02:57:00,13.7,367,Completed,
T1686,D277,R1416,Mumbai,Andheri,Colaba,2023-10-16 13:35:00,,,0.0,0.0,Cancelled,Driver Cancelled
T1687,D106,R4465,Mumbai,Bandra,Andheri,2023-10-27 01:50:00,2023-10-27 01:55:00,2023-10-27 03:06:00,24.5,515,Completed,
T1688,D112,R4195,Delhi,Connaught Place,Saket,2023-10-23 08:37:00,2023-10-23 08:45:00,2023-10-23 09:13:00,11.2,251,Completed,
T1689,D125,R4256,Delhi,Rohini,Connaught Place,2023-10-11 06:33:00,2023-10-11 06:47:00,2023-10-11 07:58:00,23.2,547,Completed,
T1690,D169,R4224,Bangalore,Jayanagar,HSR Layout,2023-10-07 05:25:00,2023-10-07 05:34:00,2023-10-07 06:09:00,13.6,286,Completed,
T1691,D198,R3663,Delhi,Vasant Kunj,Rohini,2023-10-27 21:36:00,2023-10-27 21:48:00,2023-10-27 22:45:00,20.5,471,Completed,
T1692,D203,R3134,Mumbai,Powai,Juhu,2023-10-04 15:01:00,2023-10-04 15:11:00,2023-10-04 15:19:00,2.1,95,Completed,
T1693,D245,R3089,Delhi,Dwarka,Connaught Place,2023-10-24 01:56:00,,,0.0,0.0,Cancelled,Payment Issue
T1694,D335,R1873,Delhi,Vasant Kunj,Dwarka,2023-10-26 20:05:00,2023-10-26 20:15:00,2023-10-26 20:34:00,5.8,187,Completed,
T1695,D312,R3318,Delhi,Saket,Dwarka,2023-10-17 14:54:00,2023-10-17 15:02:00,2023-10-17 15:25:00,6.1,193,Completed,
T1696,D169,R2293,Bangalore,Koramangala,Jayanagar,2023-10-21 03:07:00,2023-10-21 03:22:00,2023-10-21 04:59:00,24.5,429,Completed,
T1697,D129,R4484,Bangalore,HSR Layout,Indiranagar,2023-10-19 16:29:00,,,0.0,0.0,Cancelled,Other
T1698,D135,R4010,Mumbai,Andheri,Colaba,2023-10-24 15:18:00,2023-10-24 15:32:00,2023-10-24 15:46:00,5.3,171,Completed,
T1699,D153,R2200,Mumbai,Andheri,Juhu,2023-10-22 03:17:00,2023-10-22 03:22:00,2023-10-22 03:37:00,5.7,175,Completed,
T1700,D283,R1887,Mumbai,Andheri,Juhu,2023-10-27 02:01:00,2023-10-27 02:07:00,2023-10-27 02:42:00,9.5,263,Completed,
T1701,D177,R1406,Bangalore,Koramangala,Indiranagar,2023-10-01 18:17:00,2023-10-01 18:19:00,2023-10-01 19:38:00,23.5,491,Completed,
T1702,D114,R1091,Bangalore,Koramangala,Indiranagar,2023-10-20 22:43:00,2023-10-20 22:45:00,2023-10-20 23:07:00,8.4,217,Completed,
T1703,D171,R1482,Delhi,Saket,Vasant Kunj,2023-10-09 20:28:00,2023-10-09 20:41:00,2023-10-09 21:14:00,12.3,334,Completed,
T1704,D127,R1091,Delhi,Dwarka,Rohini,2023-10-30 12:36:00,2023-10-30 12:45:00,2023-10-30 14:00:00,23.8,462,Completed,
T1705,D159,R3963,Delhi,Saket,Dwarka,2023-10-19 00:25:00,,,0.0,0.0,Cancelled,Driver Not Found
T1706,D214,R3251,Delhi,Saket,Rohini,2023-10-18 21:16:00,2023-10-18 21:24:00,2023-10-18 21:36:00,3.7,124,Completed,
T1707,D138,R1987,Mumbai,Andheri,Colaba,2023-10-29 01:59:00,2023-10-29 02:14:00,2023-10-29 03:31:00,20.4,374,Completed,
T1708,D197,R3004,Mumbai,Andheri,Colaba,2023-10-07 06:00:00,2023-10-07 06:04:00,2023-10-07 06:11:00,2.9,97,Completed,
T1709,D236,R2711,Delhi,Connaught Place,Vasant Kunj,2023-10-30 19:52:00,2023-10-30 20:07:00,2023-10-30 20:37:00,11.0,257,Completed,
T1710,D169,R3436,Bangalore,HSR Layout,Indiranagar,2023-10-11 15:43:00,2023-10-11 15:48:00,2023-10-11 16:07:00,7.7,188,Completed,
T1711,D176,R1257,Bangalore,HSR Layout,Whitefield,2023-10-18 22:21:00,2023-10-18 22:26:00,2023-10-18 22:35:00,3.1,103,Completed,
T1712,D326,R4135,Delhi,Saket,Vasant Kunj,2023-10-28 09:17:00,2023-10-28 09:22:00,2023-10-28 10:37:00,20.2,547,Completed,
T1713,D327,R1646,Mumbai,Bandra,Juhu,2023-10-26 07:53:00,2023-10-26 08:03:00,2023-10-26 08:46:00,14.8,380,Completed,
T1714,D321,R2830,Mumbai,Andheri,Powai,2023-10-14 13:50:00,2023-10-14 13:59:00,2023-10-14 14:07:00,2.4,99,Completed,
T1715,D164,R4724,Bangalore,Indiranagar,HSR Layout,2023-10-13 06:22:00,2023-10-13 06:25:00,2023-10-13 06:54:00,11.4,309,Completed,
T1716,D147,R3399,Delhi,Vasant Kunj,Dwarka,2023-10-04 18:51:00,,,0.0,0.0,Cancelled,Driver Cancelled
T1717,D259,R2302,Delhi,Dwarka,Vasant Kunj,2023-10-03 14:05:00,2023-10-03 14:14:00,2023-10-03 14:36:00,6.4,208,Completed,
T1718,D349,R2506,Delhi,Saket,Rohini,2023-10-15 18:19:00,,,0.0,0.0,Cancelled,Rider Cancelled
T1719,D125,R4673,Delhi,Vasant Kunj,Dwarka,2023-10-02 01:35:00,2023-10-02 01:44:00,2023-10-02 02:51:00,20.4,500,Completed,
T1720,D247,R3232,Bangalore,HSR Layout,Indiranagar,2023-10-30 05:52:00,2023-10-30 06:02:00,2023-10-30 07:13:00,21.6,510,Completed,
T1721,D105,R4753,Bangalore,Indiranagar,Koramangala,2023-10-29 22:53:00,2023-10-29 23:00:00,2023-10-30 00:09:00,17.7,376,Completed,
T1722,D317,R3242,Bangalore,Jayanagar,Indiranagar,2023-10-19 10:04:00,2023-10-19 10:11:00,2023-10-19 10:41:00,11.9,336,Completed,
T1723,D262,R3086,Bangalore,Jayanagar,Koramangala,2023-10-26 08:59:00,2023-10-26 09:13:00,2023-10-26 09:37:00,7.1,208,Completed,
T1724,D216,R3178,Mumbai,Andheri,Bandra,2023-10-02 16:51:00,2023-10-02 17:00:00,2023-10-02 17:15:00,5.0,160,Completed,
T1725,D314,R3896,Mumbai,Juhu,Powai,2023-10-17 01:32:00,2023-10-17 01:39:00,2023-10-17 02:59:00,22.1,569,Completed,
T1726,D146,R2307,Delhi,Rohini,Saket,2023-10-20 21:32:00,2023-10-20 21:35:00,2023-10-20 23:05:00,23.3,548,Completed,
T1727,D288,R3889,Mumbai,Powai,Colaba,2023-10-05 00:25:00,2023-10-05 00:40:00,2023-10-05 00:49:00,3.6,122,Completed,
T1728,D338,R2376,Mumbai,Bandra,Colaba,2023-10-24 16:35:00,2023-10-24 16:50:00,2023-10-24 17:58:00,20.3,446,Completed,
T1729,D127,R3723,Delhi,Vasant Kunj,Rohini,2023-10-25 09:10:00,,,0.0,0.0,Cancelled,Driver Not Found
T1730,D266,R1631,Bangalore,Whitefield,HSR Layout,2023-10-21 04:08:00,,,0.0,0.0,Cancelled,Driver Cancelled
T1731,D262,R2393,Bangalore,Jayanagar,HSR Layout,2023-10-30 16:31:00,2023-10-30 16:34:00,2023-10-30 17:30:00,19.2,363,Completed,
T1732,D280,R4525,Delhi,Rohini,Vasant Kunj,2023-10-03 21:39:00,2023-10-03 21:54:00,2023-10-03 22:14:00,7.8,223,Completed,
T1733,D153,R3294,Mumbai,Bandra,Andheri,2023-10-08 22:59:00,2023-10-08 23:10:00,2023-10-08 23:59:00,19.8,506,Completed,
T1734,D348,R1631,Bangalore,Indiranagar,Whitefield,2023-10-04 04:12:00,2023-10-04 04:19:00,2023-10-04 04:52:00,12.9,273,Completed,
T1735,D319,R1929,Bangalore,Indiranagar,Whitefield,2023-10-23 16:23:00,2023-10-23 16:37:00,2023-10-23 16:52:00,5.2,166,Completed,
T1736,D267,R4550,Mumbai,Andheri,Juhu,2023-10-06 14:12:00,2023-10-06 14:14:00,2023-10-06 14:25:00,4.5,146,Completed,
T1737,D234,R3841,Mumbai,Colaba,Bandra,2023-10-02 00:01:00,2023-10-02 00:11:00,2023-10-02 00:59:00,17.6,369,Completed,
T1738,D260,R3073,Bangalore,Jayanagar,Indiranagar,2023-10-30 00:30:00,2023-10-30 00:40:00,2023-10-30 01:16:00,10.7,275,Completed,
T1739,D191,R2768,Bangalore,Jayanagar,HSR Layout,2023-10-09 12:59:00,2023-10-09 13:01:00,2023-10-09 13:22:00,8.7,191,Completed,
T1740,D102,R3756,Delhi,Dwarka,Connaught Place,2023-10-04 11:22:00,2023-10-04 11:30:00,2023-10-04 12:18:00,12.5,317,Completed,
T1741,D314,R2774,Mumbai,Bandra,Powai,2023-10-29 11:29:00,2023-10-29 11:34:00,2023-10-29 12:03:00,10.8,258,Completed,
T1742,D208,R4162,Bangalore,Koramangala,Whitefield,2023-10-14 00:32:00,2023-10-14 00:46:00,2023-10-14 00:57:00,4.4,140,Completed,
T1743,D110,R2371,Mumbai,Juhu,Colaba,2023-10-09 01:30:00,2023-10-09 01:40:00,2023-10-09 01:57:00,5.2,138,Completed,
T1744,D280,R4360,Delhi,Connaught Place,Vasant Kunj,2023-10-18 23:58:00,2023-10-19 00:08:00,2023-10-19 00:36:00,10.2,287,Completed,
T1745,D116,R1181,Mumbai,Powai,Andheri,2023-10-22 13:37:00,2023-10-22 13:40:00,2023-10-22 14:56:00,23.6,503,Completed,
T1746,D277,R2206,Mumbai,Colaba,Powai,2023-10-20 16:46:00,,,0.0,0.0,Cancelled,Rider Cancelled
T1747,D238,R3366,Mumbai,Juhu,Bandra,2023-10-29 05:08:00,2023-10-29 05:18:00,2023-10-29 05:40:00,8.0,233,Completed,
T1748,D274,R4244,Mumbai,Juhu,Colaba,2023-10-01 21:16:00,2023-10-01 21:19:00,2023-10-01 21:54:00,11.6,284,Completed,
T1749,D290,R2498,Mumbai,Andheri,Powai,2023-10-01 20:08:00,2023-10-01 20:10:00,2023-10-01 21:18:00,18.4,485,Completed,
T1750,D312,R2599,Delhi,Dwarka,Saket,2023-10-08 12:10:00,,2023-10-08 13:06:00,15.4,385,Completed,
T1751,D117,R2918,Delhi,Vasant Kunj,Connaught Place,2023-10-26 10:21:00,2023-10-26 10:29:00,2023-10-26 10:49:00,7.9,219,Completed,
T1752,D252,R2688,Bangalore,Whitefield,Jayanagar,2023-10-09 17:47:00,2023-10-09 18:00:00,2023-10-09 18:09:00,2.3,98,Completed,
T1753,D263,R3525,Bangalore,Whitefield,Indiranagar,2023-10-25 12:47:00,2023-10-25 13:00:00,2023-10-25 14:14:00,20.2,384,Completed,
T1754,D236,R1908,Delhi,Dwarka,Rohini,2023-10-28 15:32:00,2023-10-28 15:42:00,2023-10-28 16:03:00,5.7,184,Completed,
T1755,D297,R2106,Bangalore,Jayanagar,HSR Layout,2023-10-08 17:50:00,2023-10-08 17:57:00,2023-10-08 18:37:00,10.7,246,Completed,
T1756,D122,R2202,Mumbai,Andheri,Juhu,2023-10-24 12:05:00,,,0.0,0.0,Cancelled,Driver Cancelled
T1757,D174,R1912,Bangalore,HSR Layout,Indiranagar,2023-10-05 22:53:00,2023-10-05 23:00:00,2023-10-05 23:38:00,10.4,223,Completed,
T1758,D312,R3046,Delhi,Vasant Kunj,Rohini,2023-10-09 15:30:00,2023-10-09 15:40:00,2023-10-09 16:20:00,14.9,299,Completed,
T1759,D140,R2042,Bangalore,Whitefield,Jayanagar,2023-10-17 03:20:00,2023-10-17 03:25:00,2023-10-17 04:23:00,19.4,497,Completed,
T1760,D215,R4718,Mumbai,Powai,Andheri,2023-10-24 18:56:00,2023-10-24 18:58:00,2023-10-24 19:29:00,10.7,264,Completed,
T1761,D306,R3644,Mumbai,Colaba,Andheri,2023-10-06 17:27:00,2023-10-06 17:38:00,2023-10-06 18:33:00,20.2,454,Completed,
T1762,D113,R1288,Delhi,Dwarka,Connaught Place,2023-10-01 23:35:00,2023-10-01 23:39:00,2023-10-02 00:25:00,12.8,304,Completed,
T1763,D224,R2500,Bangalore,Jayanagar,Koramangala,2023-10-10 20:04:00,2023-10-10 20:18:00,2023-10-10 21:20:00,24.1,472,Completed,
T1764,D204,R2027,Bangalore,Whitefield,Koramangala,2023-10-24 04:47:00,2023-10-24 04:51:00,2023-10-24 05:00:00,3.0,114,Completed,
T1765,D142,R3966,Mumbai,Powai,Bandra,2023-10-30 15:54:00,2023-10-30 15:58:00,2023-10-30 16:35:00,13.6,369,Completed,
T1766,D193,R4447,Mumbai,Andheri,Colaba,2023-10-04 12:56:00,2023-10-04 13:09:00,2023-10-04 14:29:00,20.8,447,Completed,
T1767,D315,R2094,Mumbai,Powai,Colaba,2023-10-04 17:46:00,2023-10-04 17:51:00,2023-10-04 18:38:00,15.1,297,Completed,
T1768,D320,R4566,Bangalore,Jayanagar,Koramangala,2023-10-10 02:20:00,2023-10-10 02:29:00,2023-10-10 03:04:00,9.9,251,Completed,
T1769,D154,R2332,Mumbai,Bandra,Andheri,2023-10-10 23:14:00,2023-10-10 23:20:00,2023-10-11 00:20:00,18.8,412,Completed,
T1770,D181,R1949,Bangalore,Whitefield,Indiranagar,2023-10-17 19:26:00,2023-10-17 19:34:00,2023-10-17 19:59:00,8.1,236,Completed,
T1771,D272,R3314,Mumbai,Andheri,Juhu,2023-10-17 06:13:00,,,0.0,0.0,Cancelled,Driver Not Found
T1772,D149,R4566,Bangalore,Jayanagar,Whitefield,2023-10-25 20:06:00,2023-10-25 20:15:00,2023-10-25 20:45:00,10.6,301,Completed,
T1773,D239,R3426,Bangalore,Jayanagar,Whitefield,2023-10-03 03:28:00,,,0.0,0.0,Cancelled,Rider Cancelled
T1774,D163,R2030,Mumbai,Colaba,Juhu,2023-10-05 18:10:00,2023-10-05 18:14:00,2023-10-05 19:37:00,22.2,435,Completed,
T1775,D340,R4181,Delhi,Connaught Place,Dwarka,2023-10-04 04:20:00,2023-10-04 04:33:00,2023-10-04 05:20:00,16.0,370,Completed,
T1776,D227,R4826,Mumbai,Colaba,Powai,2023-10-08 12:50:00,2023-10-08 13:00:00,2023-10-08 13:18:00,6.0,185,Completed,
T1777,D296,R4216,Mumbai,Colaba,Juhu,2023-10-11 21:41:00,2023-10-11 21:46:00,2023-10-11 23:03:00,21.9,439,Completed,
T1778,D228,R3967,Delhi,Rohini,Connaught Place,2023-10-01 12:39:00,2023-10-01 12:42:00,2023-10-01 13:06:00,7.4,207,Completed,
T1779,D137,R4659,Mumbai,Powai,Bandra,2023-10-28 14:53:00,2023-10-28 14:59:00,2023-10-28 16:09:00,21.5,538,Completed,
T1780,D222,R1972,Bangalore,Jayanagar,Whitefield,2023-10-11 06:43:00,2023-10-11 06:46:00,2023-10-11 07:13:00,7.4,213,Completed,
T1781,D259,R4090,Delhi,Connaught Place,Dwarka,2023-10-13 14:28:00,2023-10-13 14:36:00,2023-10-13 15:29:00,15.3,344,Completed,
T1782,D228,R4744,Delhi,Vasant Kunj,Connaught Place,2023-10-04 05:55:00,,,0.0,0.0,Cancelled,Driver Cancelled
T1783,D220,R1222,Mumbai,Powai,Andheri,2023-10-28 15:15:00,2023-10-28 15:21:00,2023-10-28 16:26:00,17.8,401,Completed,
T1784,D176,R4593,Bangalore,Jayanagar,HSR Layout,2023-10-01 08:06:00,2023-10-01 08:08:00,2023-10-01 08:31:00,6.1,168,Completed,
T1785,D180,R2671,Bangalore,Indiranagar,Whitefield,2023-10-16 21:06:00,2023-10-16 21:18:00,2023-10-16 22:06:00,13.7,372,Completed,
T1786,D180,R2190,Bangalore,Indiranagar,Koramangala,2023-10-07 05:15:00,2023-10-07 05:30:00,2023-10-07 06:30:00,15.5,377,Completed,
T1787,D188,R4068,Mumbai,Colaba,Andheri,2023-10-24 09:34:00,2023-10-24 09:38:00,2023-10-24 10:08:00,9.3,272,Completed,
T1788,D348,R3457,Bangalore,Whitefield,HSR Layout,2023-10-02 01:00:00,2023-10-02 01:11:00,2023-10-02 01:56:00,16.1,402,Completed,
T1789,D240,R1468,Bangalore,Jayanagar,Indiranagar,2023-10-18 22:10:00,2023-10-18 22:22:00,2023-10-18 23:00:00,13.0,331,Completed,
T1790,D335,R2242,Delhi,Saket,Vasant Kunj,2023-10-25 23:32:00,2023-10-25 23:36:00,2023-10-26 00:25:00,14.9,396,Completed,
T1791,D186,R2816,Bangalore,HSR Layout,Jayanagar,2023-10-01 10:07:00,2023-10-01 10:10:00,2023-10-01 10:24:00,5.5,185,Completed,
T1792,D242,R4292,Delhi,Connaught Place,Dwarka,2023-10-11 23:28:00,,,0.0,0.0,Cancelled,Driver Not Found
T1793,D179,R2824,Delhi,Saket,Rohini,2023-10-13 07:05:00,2023-10-13 07:07:00,2023-10-13 08:13:00,22.1,477,Completed,
T1794,D217,R1466,Delhi,Connaught Place,Rohini,2023-10-13 15:07:00,2023-10-13 15:14:00,2023-10-13 15:21:00,2.3,91,Completed,
T1795,D245,R1436,Delhi,Connaught Place,Rohini,2023-10-29 11:44:00,2023-10-29 11:47:00,2023-10-29 12:09:00,6.6,202,Completed,
T1796,D339,R1578,Bangalore,Whitefield,HSR Layout,2023-10-04 10:42:00,2023-10-04 10:54:00,2023-10-04 11:27:00,12.9,339,Completed,
T1797,D136,R1394,Delhi,Saket,Dwarka,2023-10-13 10:22:00,2023-10-13 10:34:00,2023-10-13 11:06:00,8.2,244,Completed,
T1798,D266,R4161,Bangalore,Indiranagar,Jayanagar,2023-10-21 05:33:00,2023-10-21 05:45:00,2023-10-21 06:11:00,6.8,187,Completed,
T1799,D147,R1506,Delhi,Rohini,Vasant Kunj,2023-10-07 01:54:00,2023-10-07 02:04:00,2023-10-07 02:52:00,18.2,423,Completed,
T1800,D203,R1996,Mumbai,Colaba,Andheri,2023-10-27 23:09:00,2023-10-27 23:17:00,2023-10-27 23:07:00,11.2,230,Completed,
T1801,D284,R2805,Mumbai,Powai,Bandra,2023-10-26 19:57:00,2023-10-26 20:02:00,2023-10-26 20:54:00,13.8,298,Completed,
T1802,D150,R4969,Mumbai,Andheri,Bandra,2023-10-06 20:40:00,2023-10-06 20:44:00,2023-10-06 21:23:00,14.1,304,Completed,
T1803,D212,R3491,Bangalore,Jayanagar,Whitefield,2023-10-03 05:40:00,2023-10-03 05:44:00,2023-10-03 05:52:00,2.4,94,Completed,
T1804,D172,R1039,Delhi,Saket,Rohini,2023-10-23 03:02:00,,,0.0,0.0,Cancelled,Driver Cancelled
T1805,D228,R2597,Delhi,Dwarka,Connaught Place,2023-10-24 00:14:00,2023-10-24 00:29:00,2023-10-24 01:35:00,18.3,422,Completed,
T1806,D146,R1995,Delhi,Connaught Place,Vasant Kunj,2023-10-24 18:33:00,2023-10-24 18:43:00,2023-10-24 19:13:00,9.4,203,Completed,
T1807,D147,R1262,Delhi,Saket,Connaught Place,2023-10-30 12:24:00,2023-10-30 12:27:00,2023-10-30 13:46:00,22.0,403,Completed,
T1808,D258,R1394,Mumbai,Juhu,Colaba,2023-10-19 12:38:00,2023-10-19 12:40:00,2023-10-19 13:55:00,22.0,444,Completed,
T1809,D208,R1246,Bangalore,HSR Layout,Indiranagar,2023-10-17 20:48:00,2023-10-17 21:02:00,2023-10-17 21:41:00,11.6,306,Completed,
T1810,D277,R3412,Mumbai,Powai,Juhu,2023-10-04 06:45:00,2023-10-04 06:55:00,2023-10-04 07:33:00,10.0,296,Completed,
T1811,D182,R2748,Bangalore,Whitefield,Jayanagar,2023-10-02 22:02:00,2023-10-02 22:08:00,2023-10-02 22:50:00,12.9,285,Completed,
T1812,D190,R2625,Bangalore,HSR Layout,Jayanagar,2023-10-14 18:49:00,2023-10-14 18:59:00,2023-10-14 19:32:00,13.1,249,Completed,
T1813,D338,R1908,Mumbai,Powai,Bandra,2023-10-11 12:19:00,2023-10-11 12:22:00,2023-10-11 13:30:00,23.7,465,Completed,
T1814,D258,R1563,Mumbai,Bandra,Juhu,2023-10-12 18:22:00,2023-10-12 18:29:00,2023-10-12 19:21:00,18.8,475,Completed,
T1815,D257,R2118,Mumbai,Colaba,Powai,2023-10-26 11:32:00,2023-10-26 11:36:00,2023-10-26 12:16:00,12.5,339,Completed,
T1816,D160,R2568,Mumbai,Bandra,Juhu,2023-10-10 04:19:00,2023-10-10 04:30:00,2023-10-10 05:37:00,24.7,445,Completed,
T1817,D327,R1327,Mumbai,Powai,Bandra,2023-10-06 23:06:00,2023-10-06 23:20:00,2023-10-07 00:19:00,19.2,412,Completed,
T1818,D235,R1792,Bangalore,Jayanagar,HSR Layout,2023-10-27 22:09:00,2023-10-27 22:11:00,2023-10-27 22:59:00,17.5,434,Completed,
T1819,D306,R2736,Mumbai,Bandra,Andheri,2023-10-13 17:19:00,,,0.0,0.0,Cancelled,Rider Cancelled
T1820,D114,R3178,Bangalore,Whitefield,Koramangala,2023-10-24 21:31:00,2023-10-24 21:38:00,2023-10-24 22:32:00,19.5,506,Completed,
T1821,D338,R1888,Mumbai,Andheri,Colaba,2023-10-06 11:48:00,2023-10-06 11:59:00,2023-10-06 12:52:00,20.8,441,Completed,
T1822,D348,R3275,Bangalore,HSR Layout,Indiranagar,2023-10-22 14:16:00,2023-10-22 14:19:00,2023-10-22 14:33:00,3.9,113,Completed,
T1823,D248,R3834,Mumbai,Andheri,Bandra,2023-10-22 19:17:00,,,0.0,0.0,Cancelled,Payment Issue
T1824,D302,R4153,Bangalore,Jayanagar,HSR Layout,2023-10-04 00:14:00,2023-10-04 00:20:00,2023-10-04 00:54:00,12.0,288,Completed,
T1825,D160,R2952,Mumbai,Bandra,Colaba,2023-10-09 04:01:00,2023-10-09 04:14:00,2023-10-09 05:20:00,18.4,442,Completed,
T1826,D238,R4621,Mumbai,Bandra,Andheri,2023-10-18 00:25:00,2023-10-18 00:37:00,2023-10-18 01:32:00,20.2,356,Completed,
T1827,D177,R2538,Bangalore,Jayanagar,HSR Layout,2023-10-15 08:22:00,2023-10-15 08:37:00,2023-10-15 09:31:00,14.9,282,Completed,
T1828,D327,R1719,Mumbai,Juhu,Powai,2023-10-10 17:15:00,2023-10-10 17:25:00,2023-10-10 17:50:00,6.6,149,Completed,
T1829,D126,R1721,Delhi,Connaught Place,Vasant Kunj,2023-10-07 01:37:00,2023-10-07 01:44:00,2023-10-07 01:55:00,4.0,129,Completed,
T1830,D134,R2798,Mumbai,Andheri,Powai,2023-10-02 08:56:00,,,0.0,0.0,Cancelled,Driver Not Found
T1831,D311,R3031,Mumbai,Colaba,Powai,2023-10-30 23:14:00,2023-10-30 23:29:00,2023-10-30 23:39:00,3.0,116,Completed,
T1832,D134,R2614,Mumbai,Juhu,Colaba,2023-10-20 06:33:00,2023-10-20 06:35:00,2023-10-20 06:52:00,6.6,213,Completed,
T1833,D156,R2640,Delhi,Connaught Place,Rohini,2023-10-13 12:34:00,2023-10-13 12:40:00,2023-10-13 13:15:00,12.2,336,Completed,
T1834,D329,R4548,Bangalore,Koramangala,HSR Layout,2023-10-25 17:40:00,2023-10-25 17:54:00,2023-10-25 18:18:00,8.3,253,Completed,
T1835,D284,R2280,Mumbai,Andheri,Powai,2023-10-10 23:26:00,2023-10-10 23:40:00,2023-10-10 23:57:00,5.5,152,Completed,
T1836,D248,R1761,Mumbai,Andheri,Powai,2023-10-02 05:15:00,2023-10-02 05:28:00,2023-10-02 06:38:00,17.8,328,Completed,
T1837,D188,R2905,Mumbai,Bandra,Colaba,2023-10-23 05:36:00,2023-10-23 05:50:00,2023-10-23 06:40:00,18.2,328,Completed,
T1838,D124,R4428,Bangalore,Koramangala,Jayanagar,2023-10-24 16:01:00,2023-10-24 16:05:00,2023-10-24 16:21:00,5.2,134,Completed,
T1839,D105,R2406,Bangalore,Koramangala,HSR Layout,2023-10-19 04:32:00,,,0.0,0.0,Cancelled,Payment Issue
T1840,D222,R3450,Bangalore,HSR Layout,Jayanagar,2023-10-24 05:32:00,2023-10-24 05:39:00,2023-10-24 06:22:00,16.4,404,Completed,
T1841,D348,R2682,Bangalore,Jayanagar,Koramangala,2023-10-09 03:01:00,2023-10-09 03:05:00,2023-10-09 04:17:00,24.8,492,Completed,
T1842,D194,R4286,Mumbai,Bandra,Powai,2023-10-11 13:10:00,2023-10-11 13:23:00,2023-10-11 14:03:00,12.9,300,Completed,
T1843,D205,R2468,Delhi,Connaught Place,Saket,2023-10-23 23:13:00,2023-10-23 23:19:00,2023-10-24 00:46:00,24.7,561,Completed,
T1844,D335,R1687,Delhi,Saket,Rohini,2023-10-05 21:15:00,2023-10-05 21:24:00,2023-10-05 22:27:00,20.1,541,Completed,
T1845,D298,R3227,Delhi,Dwarka,Vasant Kunj,2023-10-05 06:30:00,2023-10-05 06:43:00,2023-10-05 07:19:00,13.1,248,Completed,
T1846,D121,R1453,Mumbai,Juhu,Bandra,2023-10-25 20:59:00,2023-10-25 21:04:00,2023-10-25 22:08:00,21.7,379,Completed,
T1847,D235,R4563,Bangalore,HSR Layout,Koramangala,2023-10-11 22:11:00,,,0.0,0.0,Cancelled,Other
T1848,D251,R2494,Bangalore,Koramangala,HSR Layout,2023-10-01 22:34:00,,,0.0,0.0,Cancelled,Driver Cancelled
T1849,D328,R1277,Mumbai,Colaba,Andheri,2023-10-19 11:08:00,2023-10-19 11:10:00,2023-10-19 12:09:00,20.0,474,Completed,
T1850,D142,R1722,Mumbai,Andheri,Bandra,2023-10-15 10:04:00,2023-10-15 10:15:00,2023-10-15 11:25:00,20.5,467,Completed,
T1851,D267,R4218,Mumbai,Bandra,Powai,2023-10-21 12:42:00,2023-10-21 12:57:00,2023-10-21 13:35:00,13.2,354,Completed,
T1852,D167,R4885,Delhi,Dwarka,Vasant Kunj,2023-10-19 04:26:00,2023-10-19 04:30:00,2023-10-19 04:55:00,6.5,182,Completed,
T1853,D286,R1684,Mumbai,Andheri,Juhu,2023-10-12 17:59:00,2023-10-12 18:03:00,2023-10-12 18:49:00,18.2,361,Completed,
T1854,D221,R4901,Bangalore,Koramangala,Jayanagar,2023-10-15 16:12:00,,,0.0,0.0,Cancelled,Driver Cancelled
T1855,D250,R2499,Delhi,Dwarka,Rohini,2023-10-04 22:55:00,2023-10-04 22:59:00,2023-10-04 23:27:00,7.7,174,Completed,
T1856,D226,R4120,Bangalore,Koramangala,Jayanagar,2023-10-24 10:51:00,2023-10-24 10:57:00,2023-10-24 11:47:00,16.2,345,Completed,
T1857,D198,R4656,Delhi,Saket,Dwarka,2023-10-25 03:07:00,2023-10-25 03:18:00,2023-10-25 03:42:00,8.6,203,Completed,
T1858,D339,R3021,Bangalore,Jayanagar,Whitefield,2023-10-10 23:33:00,2023-10-10 23:42:00,2023-10-10 23:51:00,2.6,112,Completed,
T1859,D150,R2290,Mumbai,Juhu,Andheri,2023-10-23 16:09:00,2023-10-23 16:24:00,2023-10-23 17:16:00,13.1,276,Completed,
T1860,D300,R4239,Delhi,Dwarka,Vasant Kunj,2023-10-04 23:53:00,2023-10-04 23:59:00,2023-10-05 00:33:00,9.6,195,Completed,
T1861,D205,R3473,Delhi,Rohini,Dwarka,2023-10-01 22:23:00,2023-10-01 22:28:00,2023-10-01 23:08:00,16.1,395,Completed,
T1862,D123,R2397,Bangalore,HSR Layout,Koramangala,2023-10-02 17:38:00,2023-10-02 17:48:00,2023-10-02 18:20:00,10.4,209,Completed,
T1863,D142,R3551,Mumbai,Juhu,Colaba,2023-10-01 03:50:00,2023-10-01 03:59:00,2023-10-01 04:42:00,11.7,250,Completed,
T1864,D285,R1241,Delhi,Rohini,Dwarka,2023-10-08 14:43:00,2023-10-08 14:56:00,2023-10-08 15:28:00,9.4,199,Completed,
T1865,D234,R2315,Mumbai,Powai,Colaba,2023-10-25 22:27:00,2023-10-25 22:36:00,2023-10-25 23:02:00,7.3,195,Completed,
T1866,D127,R2647,Delhi,Rohini,Vasant Kunj,2023-10-27 11:12:00,2023-10-27 11:15:00,2023-10-27 12:23:00,23.0,492,Completed,
T1867,D321,R4003,Mumbai,Colaba,Powai,2023-10-04 14:58:00,2023-10-04 15:10:00,2023-10-04 15:40:00,7.9,244,Completed,
T1868,D168,R4105,Bangalore,Indiranagar,HSR Layout,2023-10-16 20:46:00,2023-10-16 20:51:00,2023-10-16 21:38:00,17.2,371,Completed,
T1869,D184,R4714,Bangalore,Koramangala,Jayanagar,2023-10-26 04:45:00,2023-10-26 04:51:00,2023-10-26 05:58:00,20.8,462,Completed,
T1870,D127,R3755,Delhi,Dwarka,Connaught Place,2023-10-04 01:34:00,2023-10-04 01:48:00,2023-10-04 02:38:00,16.6,387,Completed,
T1871,D281,R4547,Delhi,Saket,Dwarka,2023-10-17 09:01:00,2023-10-17 09:12:00,2023-10-17 10:12:00,15.8,366,Completed,
T1872,D324,R4376,Mumbai,Andheri,Powai,2023-10-13 21:05:00,2023-10-13 21:11:00,2023-10-13 21:27:00,6.4,194,Completed,
T1873,D250,R2276,Delhi,Dwarka,Saket,2023-10-06 19:04:00,,,0.0,0.0,Cancelled,Driver Not Found
T1874,D234,R2203,Mumbai,Bandra,Juhu,2023-10-07 08:39:00,2023-10-07 08:45:00,2023-10-07 09:30:00,11.8,323,Completed,
T1875,D197,R1877,Mumbai,Bandra,Colaba,2023-10-25 20:19:00,2023-10-25 20:32:00,2023-10-25 20:38:00,2.2,86,Completed,
T1876,D255,R4051,Mumbai,Andheri,Juhu,2023-10-10 21:45:00,2023-10-10 21:57:00,2023-10-10 22:04:00,2.1,91,Completed,
T1877,D342,R3990,Delhi,Dwarka,Vasant Kunj,2023-10-03 06:07:00,2023-10-03 06:18:00,2023-10-03 06:56:00,10.7,238,Completed,
T1878,D160,R3148,Mumbai,Colaba,Juhu,2023-10-24 21:33:00,2023-10-24 21:46:00,2023-10-24 21:55:00,2.4,99,Completed,
T1879,D258,R1347,Mumbai,Colaba,Powai,2023-10-29 00:34:00,2023-10-29 00:45:00,2023-10-29 01:01:00,4.3,138,Completed,
T1880,D162,R1425,Delhi,Rohini,Connaught Place,2023-10-05 04:34:00,2023-10-05 04:36:00,2023-10-05 05:17:00,12.3,278,Completed,
T1881,D214,R3582,Delhi,Connaught Place,Vasant Kunj,2023-10-13 08:06:00,2023-10-13 08:16:00,2023-10-13 08:59:00,15.9,432,Completed,
T1882,D309,R4877,Mumbai,Andheri,Juhu,2023-10-02 04:01:00,2023-10-02 04:10:00,2023-10-02 04:39:00,9.0,241,Completed,
T1883,D258,R1353,Mumbai,Juhu,Colaba,2023-10-29 20:30:00,,,0.0,0.0,Cancelled,Driver Cancelled
T1884,D147,R2068,Delhi,Connaught Place,Saket,2023-10-07 19:04:00,2023-10-07 19:16:00,2023-10-07 19:26:00,3.8,137,Completed,
T1885,D218,R1284,Bangalore,Whitefield,HSR Layout,2023-10-27 04:18:00,2023-10-27 04:25:00,2023-10-27 05:23:00,16.3,347,Completed,
T1886,D336,R2296,Bangalore,HSR Layout,Jayanagar,2023-10-23 07:39:00,2023-10-23 07:42:00,2023-10-23 09:09:00,22.8,441,Completed,
T1887,D239,R2391,Bangalore,Jayanagar,HSR Layout,2023-10-23 23:06:00,2023-10-23 23:09:00,2023-10-23 23:59:00,14.5,345,Completed,
T1888,D117,R4528,Delhi,Dwarka,Vasant Kunj,2023-10-04 05:11:00,2023-10-04 05:24:00,2023-10-04 06:15:00,18.3,390,Completed,
T1889,D197,R1933,Mumbai,Bandra,Colaba,2023-10-16 05:46:00,2023-10-16 05:55:00,2023-10-16 06:28:00,10.7,311,Completed,
T1890,D339,R4915,Bangalore,Indiranagar,Whitefield,2023-10-23 19:07:00,2023-10-23 19:14:00,2023-10-23 19:58:00,15.6,365,Completed,
T1891,D286,R3434,Mumbai,Andheri,Juhu,2023-10-17 00:24:00,2023-10-17 00:30:00,2023-10-17 01:30:00,20.6,513,Completed,
T1892,D140,R2623,Bangalore,Whitefield,Koramangala,2023-10-01 19:33:00,2023-10-01 19:42:00,2023-10-01 19:57:00,4.9,148,Completed,
T1893,D348,R4097,Bangalore,HSR Layout,Koramangala,2023-10-01 03:19:00,2023-10-01 03:21:00,2023-10-01 04:35:00,20.6,564,Completed,
T1894,D212,R1580,Bangalore,Koramangala,Jayanagar,2023-10-18 04:49:00,,,0.0,0.0,Cancelled,Rider Cancelled
T1895,D148,R2578,Bangalore,Koramangala,Indiranagar,2023-10-19 19:24:00,2023-10-19 19:38:00,2023-10-19 20:06:00,9.1,242,Completed,
T1896,D159,R3528,Delhi,Dwarka,Connaught Place,2023-10-18 06:44:00,2023-10-18 06:54:00,2023-10-18 07:42:00,19.0,491,Completed,
T1897,D291,R2007,Delhi,Dwarka,Connaught Place,2023-10-07 22:47:00,2023-10-07 22:59:00,2023-10-07 23:24:00,9.7,259,Completed,
T1898,D248,R2728,Mumbai,Bandra,Colaba,2023-10-26 21:33:00,2023-10-26 21:41:00,2023-10-26 22:01:00,5.4,137,Completed,
T1899,D132,R4202,Mumbai,Andheri,Bandra,2023-10-14 05:29:00,2023-10-14 05:31:00,2023-10-14 06:48:00,19.8,503,Completed,
T1900,D9999,R4967,Bangalore,Indiranagar,HSR Layout,2023-10-13 17:26:00,2023-10-13 17:28:00,2023-10-13 17:38:00,3.7,118,Completed,
T1901,D294,R1325,Delhi,Vasant Kunj,Dwarka,2023-10-01 03:47:00,2023-10-01 04:00:00,2023-10-01 05:04:00,21.8,523,Completed,
T1902,D126,R2692,Delhi,Vasant Kunj,Rohini,2023-10-18 14:18:00,2023-10-18 14:24:00,2023-10-18 14:58:00,13.2,306,Completed,
T1903,D282,R1762,Mumbai,Bandra,Andheri,2023-10-18 08:15:00,2023-10-18 08:30:00,2023-10-18 09:18:00,12.2,334,Completed,
T1904,D188,R1101,Mumbai,Bandra,Colaba,2023-10-29 02:16:00,2023-10-29 02:25:00,2023-10-29 03:33:00,19.5,417,Completed,
T1905,D301,R4014,Bangalore,Jayanagar,HSR Layout,2023-10-09 06:17:00,2023-10-09 06:27:00,2023-10-09 07:29:00,24.1,445,Completed,
T1906,D235,R1447,Bangalore,Koramangala,Jayanagar,2023-10-27 22:49:00,2023-10-27 22:53:00,2023-10-27 23:04:00,2.9,112,Completed,
T1907,D314,R1670,Mumbai,Powai,Juhu,2023-10-22 10:44:00,2023-10-22 10:47:00,2023-10-22 10:57:00,3.8,109,Completed,
T1908,D221,R3125,Bangalore,Koramangala,Jayanagar,2023-10-07 19:57:00,2023-10-07 20:02:00,2023-10-07 20:53:00,19.0,450,Completed,
T1909,D179,R4260,Delhi,Vasant Kunj,Rohini,2023-10-05 18:12:00,2023-10-05 18:20:00,2023-10-05 19:18:00,14.9,381,Completed,
T1910,D183,R3761,Mumbai,Juhu,Colaba,2023-10-20 10:56:00,2023-10-20 11:08:00,2023-10-20 12:28:00,20.3,384,Completed,
T1911,D332,R4113,Delhi,Dwarka,Rohini,2023-10-24 21:15:00,2023-10-24 21:30:00,2023-10-24 22:13:00,14.6,393,Completed,
T1912,D137,R1697,Mumbai,Juhu,Powai,2023-10-22 01:35:00,2023-10-22 01:47:00,2023-10-22 02:10:00,7.1,196,Completed,
T1913,D138,R1751,Mumbai,Bandra,Powai,2023-10-03 23:10:00,2023-10-03 23:25:00,2023-10-03 23:33:00,2.9,116,Completed,
T1914,D267,R2255,Mumbai,Andheri,Colaba,2023-10-03 01:42:00,2023-10-03 01:49:00,2023-10-03 02:35:00,14.9,278,Completed,
T1915,D350,R3218,Delhi,Rohini,Dwarka,2023-10-08 23:30:00,2023-10-08 23:34:00,2023-10-09 00:28:00,20.6,398,Completed,
T1916,D348,R4415,Bangalore,Whitefield,HSR Layout,2023-10-20 08:53:00,2023-10-20 09:06:00,2023-10-20 10:10:00,16.6,446,Completed,
T1917,D118,R3026,Delhi,Rohini,Connaught Place,2023-10-13 20:13:00,,,0.0,0.0,Cancelled,Rider Cancelled
T1918,D338,R3835,Mumbai,Juhu,Powai,2023-10-20 23:54:00,2023-10-20 23:59:00,2023-10-21 00:56:00,19.7,355,Completed,
T1919,D339,R1048,Bangalore,Koramangala,Indiranagar,2023-10-18 14:54:00,2023-10-18 15:01:00,2023-10-18 15:12:00,3.0,118,Completed,
T1920,D204,R3115,Bangalore,Jayanagar,Whitefield,2023-10-14 19:41:00,2023-10-14 19:48:00,2023-10-14 20:50:00,18.5,497,Completed,
T1921,D200,R2675,Delhi,Dwarka,Saket,2023-10-28 12:57:00,2023-10-28 13:00:00,2023-10-28 14:08:00,19.2,367,Completed,
T1922,D312,R4349,Delhi,Vasant Kunj,Rohini,2023-10-29 02:29:00,2023-10-29 02:41:00,2023-10-29 03:20:00,13.1,251,Completed,
T1923,D250,R2207,Delhi,Connaught Place,Saket,2023-10-06 14:47:00,2023-10-06 14:52:00,2023-10-06 15:34:00,14.8,367,Completed,
T1924,D341,R2942,Bangalore,Koramangala,Indiranagar,2023-10-25 08:00:00,2023-10-25 08:08:00,2023-10-25 08:24:00,6.3,199,Completed,
T1925,D289,R1531,Bangalore,Whitefield,Koramangala,2023-10-19 18:56:00,2023-10-19 19:03:00,2023-10-19 19:21:00,6.6,159,Completed,
T1926,D333,R2772,Mumbai,Juhu,Andheri,2023-10-23 19:53:00,2023-10-23 19:58:00,2023-10-23 20:43:00,13.4,310,Completed,
T1927,D338,R3857,Mumbai,Bandra,Andheri,2023-10-11 00:01:00,2023-10-11 00:03:00,2023-10-11 01:32:00,22.7,617,Completed,
T1928,D145,R4954,Bangalore,Koramangala,Jayanagar,2023-10-06 17:23:00,2023-10-06 17:28:00,2023-10-06 18:19:00,14.0,337,Completed,
T1929,D181,R3599,Bangalore,Indiranagar,HSR Layout,2023-10-16 19:48:00,2023-10-16 19:55:00,2023-10-16 20:59:00,16.5,380,Completed,
T1930,D124,R4593,Bangalore,Indiranagar,Koramangala,2023-10-27 17:45:00,,,0.0,0.0,Cancelled,Rider Cancelled
T1931,D153,R4609,Mumbai,Colaba,Juhu,2023-10-18 21:28:00,2023-10-18 21:37:00,2023-10-18 22:26:00,17.9,337,Completed,
T1932,D327,R2747,Mumbai,Bandra,Colaba,2023-10-17 15:23:00,2023-10-17 15:29:00,2023-10-17 15:44:00,5.8,149,Completed,
T1933,D225,R4950,Mumbai,Bandra,Powai,2023-10-02 06:18:00,2023-10-02 06:32:00,2023-10-02 07:34:00,22.6,391,Completed,
T1934,D195,R4731,Bangalore,Whitefield,Indiranagar,2023-10-12 00:39:00,,,0.0,0.0,Cancelled,Driver Not Found
T1935,D186,R4462,Bangalore,Koramangala,Whitefield,2023-10-18 09:32:00,2023-10-18 09:42:00,2023-10-18 11:16:00,24.0,499,Completed,
T1936,D282,R2336,Mumbai,Andheri,Bandra,2023-10-26 11:02:00,2023-10-26 11:11:00,2023-10-26 11:49:00,11.7,256,Completed,
T1937,D213,R3929,Bangalore,Koramangala,Indiranagar,2023-10-27 20:08:00,2023-10-27 20:10:00,2023-10-27 21:08:00,17.9,416,Completed,
T1938,D306,R4892,Mumbai,Bandra,Powai,2023-10-22 07:03:00,2023-10-22 07:18:00,2023-10-22 07:51:00,9.7,199,Completed,
T1939,D300,R2022,Delhi,Rohini,Dwarka,2023-10-02 07:48:00,2023-10-02 08:01:00,2023-10-02 08:13:00,4.3,123,Completed,
T1940,D202,R1482,Delhi,Dwarka,Rohini,2023-10-18 07:10:00,2023-10-18 07:13:00,2023-10-18 08:19:00,18.8,426,Completed,
T1941,D296,R3827,Mumbai,Powai,Andheri,2023-10-25 04:25:00,2023-10-25 04:32:00,2023-10-25 04:55:00,8.7,208,Completed,
T1942,D283,R3014,Mumbai,Bandra,Andheri,2023-10-06 17:01:00,2023-10-06 17:15:00,2023-10-06 17:54:00,13.7,273,Completed,
T1943,D336,R3524,Bangalore,HSR Layout,Indiranagar,2023-10-12 07:15:00,2023-10-12 07:20:00,2023-10-12 08:22:00,17.7,375,Completed,
T1944,D232,R4066,Bangalore,HSR Layout,Whitefield,2023-10-08 08:46:00,2023-10-08 08:52:00,2023-10-08 09:45:00,14.4,271,Completed,
T1945,D342,R4472,Delhi,Saket,Connaught Place,2023-10-16 12:31:00,2023-10-16 12:45:00,2023-10-16 13:41:00,14.6,335,Completed,
T1946,D185,R4754,Delhi,Dwarka,Vasant Kunj,2023-10-28 09:46:00,2023-10-28 09:55:00,2023-10-28 10:56:00,24.3,484,Completed,
T1947,D336,R2635,Bangalore,HSR Layout,Koramangala,2023-10-03 23:41:00,2023-10-03 23:45:00,2023-10-04 01:02:00,23.7,408,Completed,
T1948,D119,R2892,Delhi,Dwarka,Saket,2023-10-13 16:23:00,2023-10-13 16:36:00,2023-10-13 16:47:00,4.1,136,Completed,
T1949,D244,R4967,Mumbai,Colaba,Juhu,2023-10-02 09:59:00,2023-10-02 10:03:00,2023-10-02 10:29:00,8.0,205,Completed,
T1950,D169,R2576,Bangalore,Jayanagar,Koramangala,2023-10-22 17:49:00,,,0.0,0.0,Cancelled,Driver Cancelled
T1951,D246,R4855,Delhi,Dwarka,Vasant Kunj,2023-10-04 11:57:00,,,0.0,0.0,Cancelled,Driver Not Found
T1952,D189,R2305,Mumbai,Andheri,Powai,2023-10-04 22:28:00,2023-10-04 22:30:00,2023-10-04 22:54:00,9.2,279,Completed,
T1953,D344,R1382,Delhi,Vasant Kunj,Saket,2023-10-15 11:15:00,2023-10-15 11:19:00,2023-10-15 12:01:00,11.2,273,Completed,
T1954,D117,R2545,Delhi,Dwarka,Rohini,2023-10-25 06:16:00,2023-10-25 06:21:00,2023-10-25 07:22:00,16.5,311,Completed,
T1955,D214,R3813,Delhi,Saket,Connaught Place,2023-10-12 00:58:00,2023-10-12 01:08:00,2023-10-12 02:11:00,17.4,450,Completed,
T1956,D323,R4150,Delhi,Connaught Place,Dwarka,2023-10-30 16:52:00,2023-10-30 17:06:00,2023-10-30 17:26:00,5.6,158,Completed,
T1957,D270,R3406,Delhi,Saket,Connaught Place,2023-10-07 14:15:00,2023-10-07 14:17:00,2023-10-07 14:59:00,16.9,445,Completed,
T1958,D331,R2085,Delhi,Vasant Kunj,Saket,2023-10-01 18:23:00,2023-10-01 18:30:00,2023-10-01 19:11:00,16.4,320,Completed,
T1959,D108,R3586,Delhi,Vasant Kunj,Rohini,2023-10-11 03:06:00,2023-10-11 03:15:00,2023-10-11 03:37:00,8.6,216,Completed,
T1960,D231,R1771,Bangalore,Indiranagar,Jayanagar,2023-10-12 19:34:00,2023-10-12 19:45:00,2023-10-12 20:04:00,7.6,230,Completed,
T1961,D128,R4621,Delhi,Vasant Kunj,Dwarka,2023-10-29 02:04:00,2023-10-29 02:11:00,2023-10-29 02:53:00,11.9,309,Completed,
T1962,D128,R1994,Delhi,Dwarka,Connaught Place,2023-10-22 06:10:00,2023-10-22 06:23:00,2023-10-22 06:40:00,4.3,122,Completed,
T1963,D182,R2500,Bangalore,HSR Layout,Jayanagar,2023-10-08 11:18:00,2023-10-08 11:25:00,2023-10-08 11:55:00,8.3,243,Completed,
T1964,D302,R4575,Bangalore,Whitefield,Jayanagar,2023-10-08 06:26:00,,,0.0,0.0,Cancelled,Driver Cancelled
T1965,D118,R4644,Delhi,Connaught Place,Dwarka,2023-10-08 09:57:00,2023-10-08 10:01:00,2023-10-08 10:57:00,18.8,490,Completed,
T1966,D153,R1637,Mumbai,Powai,Bandra,2023-10-20 13:14:00,2023-10-20 13:20:00,2023-10-20 14:23:00,22.3,543,Completed,
T1967,D223,R4896,Bangalore,Indiranagar,HSR Layout,2023-10-23 01:28:00,2023-10-23 01:32:00,2023-10-23 01:46:00,5.2,148,Completed,
T1968,D255,R3288,Mumbai,Bandra,Andheri,2023-10-23 19:44:00,2023-10-23 19:47:00,2023-10-23 20:15:00,7.5,229,Completed,
T1969,D254,R1536,Bangalore,Whitefield,HSR Layout,2023-10-15 15:54:00,2023-10-15 16:01:00,2023-10-15 17:10:00,23.2,494,Completed,
T1970,D339,R4625,Bangalore,Jayanagar,Indiranagar,2023-10-25 16:23:00,2023-10-25 16:30:00,2023-10-25 17:13:00,16.1,429,Completed,
T1971,D295,R1523,Bangalore,Jayanagar,Whitefield,2023-10-24 22:06:00,2023-10-24 22:17:00,2023-10-24 22:59:00,13.3,378,Completed,
T1972,D114,R4932,Bangalore,Indiranagar,HSR Layout,2023-10-28 23:02:00,2023-10-28 23:09:00,2023-10-28 23:59:00,19.5,376,Completed,
T1973,D200,R1045,Delhi,Rohini,Vasant Kunj,2023-10-06 06:04:00,2023-10-06 06:18:00,2023-10-06 06:58:00,12.6,268,Completed,
T1974,D285,R1336,Delhi,Saket,Rohini,2023-10-04 00:13:00,2023-10-04 00:18:00,2023-10-04 01:24:00,22.1,432,Completed,
T1975,D152,R4842,Bangalore,Koramangala,Whitefield,2023-10-25 22:14:00,,,0.0,0.0,Cancelled,Driver Cancelled
T1976,D280,R2412,Delhi,Rohini,Vasant Kunj,2023-10-30 07:47:00,2023-10-30 07:57:00,2023-10-30 08:04:00,2.3,96,Completed,
T1977,D298,R4130,Delhi,Rohini,Connaught Place,2023-10-30 01:54:00,2023-10-30 01:58:00,2023-10-30 02:24:00,9.4,206,Completed,
T1978,D306,R2323,Mumbai,Andheri,Colaba,2023-10-14 02:35:00,2023-10-14 02:37:00,2023-10-14 03:13:00,12.1,313,Completed,
T1979,D303,R2669,Mumbai,Colaba,Powai,2023-10-23 18:20:00,2023-10-23 18:33:00,2023-10-23 19:46:00,23.7,632,Completed,
T1980,D104,R2853,Delhi,Saket,Connaught Place,2023-10-30 23:29:00,,,0.0,0.0,Cancelled,Driver Not Found
T1981,D173,R4339,Delhi,Connaught Place,Vasant Kunj,2023-10-19 19:39:00,2023-10-19 19:52:00,2023-10-19 20:53:00,22.4,543,Completed,
T1982,D157,R1907,Mumbai,Andheri,Colaba,2023-10-17 19:32:00,2023-10-17 19:39:00,2023-10-17 20:44:00,17.7,487,Completed,
T1983,D270,R2355,Delhi,Vasant Kunj,Dwarka,2023-10-25 16:34:00,2023-10-25 16:41:00,2023-10-25 17:13:00,11.1,281,Completed,
T1984,D309,R1396,Mumbai,Powai,Bandra,2023-10-10 00:46:00,2023-10-10 00:48:00,2023-10-10 01:14:00,10.5,242,Completed,
T1985,D281,R3464,Delhi,Dwarka,Vasant Kunj,2023-10-07 02:07:00,,,0.0,0.0,Cancelled,Driver Cancelled
T1986,D339,R4987,Bangalore,Indiranagar,Jayanagar,2023-10-06 17:04:00,2023-10-06 17:14:00,2023-10-06 18:11:00,18.1,425,Completed,
T1987,D149,R3625,Bangalore,Indiranagar,Koramangala,2023-10-26 02:06:00,2023-10-26 02:21:00,2023-10-26 02:42:00,6.5,181,Completed,
T1988,D180,R4721,Bangalore,Whitefield,Jayanagar,2023-10-11 08:55:00,2023-10-11 08:57:00,2023-10-11 09:07:00,2.6,97,Completed,
T1989,D179,R2851,Delhi,Vasant Kunj,Dwarka,2023-10-16 11:38:00,2023-10-16 11:43:00,2023-10-16 12:43:00,22.6,509,Completed,
T1990,D147,R2046,Delhi,Saket,Connaught Place,2023-10-23 09:15:00,2023-10-23 09:21:00,2023-10-23 10:16:00,17.2,316,Completed,
T1991,D156,R2987,Delhi,Vasant Kunj,Saket,2023-10-28 11:38:00,2023-10-28 11:48:00,2023-10-28 12:02:00,5.3,171,Completed,
T1992,D185,R4416,Delhi,Vasant Kunj,Rohini,2023-10-16 02:41:00,2023-10-16 02:52:00,2023-10-16 03:24:00,10.0,299,Completed,
T1993,D320,R3747,Bangalore,Koramangala,Indiranagar,2023-10-05 17:01:00,2023-10-05 17:08:00,2023-10-05 17:49:00,11.7,231,Completed,
T1994,D113,R2685,Delhi,Saket,Rohini,2023-10-19 18:58:00,2023-10-19 19:02:00,2023-10-19 19:32:00,8.2,223,Completed,
T1995,D260,R1675,Bangalore,Koramangala,Whitefield,2023-10-02 18:27:00,2023-10-02 18:39:00,2023-10-02 19:08:00,9.3,190,Completed,
T1996,D185,R1950,Delhi,Saket,Rohini,2023-10-28 13:09:00,2023-10-28 13:18:00,2023-10-28 13:25:00,2.3,100,Completed,
T1997,D250,R1459,Delhi,Rohini,Vasant Kunj,2023-10-14 15:58:00,,,0.0,0.0,Cancelled,Driver Cancelled
T1998,D265,R1647,Bangalore,Whitefield,HSR Layout,2023-10-10 18:44:00,2023-10-10 18:48:00,2023-10-10 19:10:00,8.3,205,Completed,
T1999,D255,R3243,Mumbai,Juhu,Bandra,2023-10-17 21:02:00,2023-10-17 21:16:00,2023-10-17 21:32:00,6.1,167,Completed,
T2000,D345,R1036,Delhi,Connaught Place,Dwarka,2023-10-21 06:03:00,,2023-10-21 06:34:00,5.6,5000.0,Completed,
T2001,D134,R1497,Mumbai,Colaba,Bandra,2023-10-30 22:13:00,2023-10-30 22:21:00,2023-10-30 23:31:00,24.8,656,Completed,
T2002,D191,R2579,Bangalore,Indiranagar,Koramangala,2023-10-24 21:38:00,2023-10-24 21:49:00,2023-10-24 22:27:00,12.6,240,Completed,
T2003,D243,R1078,Bangalore,HSR Layout,Koramangala,2023-10-28 21:50:00,2023-10-28 22:03:00,2023-10-28 22:16:00,4.0,120,Completed,
T2004,D250,R1278,Delhi,Dwarka,Rohini,2023-10-11 02:29:00,2023-10-11 02:31:00,2023-10-11 03:59:00,24.3,514,Completed,
T2005,D170,R2673,Bangalore,Jayanagar,Whitefield,2023-10-23 22:58:00,2023-10-23 23:09:00,2023-10-24 00:19:00,20.3,403,Completed,
T2006,D219,R4374,Bangalore,Whitefield,Jayanagar,2023-10-29 04:35:00,,,0.0,0.0,Cancelled,Driver Not Found
T2007,D109,R1433,Bangalore,Whitefield,Jayanagar,2023-10-21 00:01:00,2023-10-21 00:06:00,2023-10-21 00:32:00,6.7,185,Completed,
T2008,D232,R4502,Bangalore,Jayanagar,Indiranagar,2023-10-01 16:09:00,2023-10-01 16:24:00,2023-10-01 16:56:00,13.0,344,Completed,
T2009,D244,R1250,Mumbai,Andheri,Powai,2023-10-04 04:08:00,2023-10-04 04:19:00,2023-10-04 04:30:00,3.0,104,Completed,
T2010,D212,R3338,Bangalore,Koramangala,Jayanagar,2023-10-16 10:15:00,2023-10-16 10:17:00,2023-10-16 11:12:00,21.7,524,Completed,
T2011,D111,R3858,Mumbai,Bandra,Andheri,2023-10-04 16:52:00,2023-10-04 16:55:00,2023-10-04 18:03:00,22.2,539,Completed,
T2012,D266,R4013,Bangalore,Koramangala,Jayanagar,2023-10-20 17:14:00,2023-10-20 17:17:00,2023-10-20 17:29:00,3.3,127,Completed,
T2013,D290,R2078,Mumbai,Powai,Andheri,2023-10-11 12:21:00,2023-10-11 12:31:00,2023-10-11 13:00:00,7.6,174,Completed,
T2014,D300,R1596,Delhi,Connaught Place,Saket,2023-10-01 04:58:00,2023-10-01 05:03:00,2023-10-01 05:44:00,12.6,243,Completed,
T2015,D342,R4203,Delhi,Vasant Kunj,Connaught Place,2023-10-24 04:28:00,2023-10-24 04:42:00,2023-10-24 04:57:00,5.9,177,Completed,
T2016,D162,R3212,Delhi,Vasant Kunj,Saket,2023-10-02 02:30:00,2023-10-02 02:39:00,2023-10-02 04:02:00,22.1,423,Completed,
T2017,D252,R4051,Bangalore,Indiranagar,Jayanagar,2023-10-25 21:59:00,2023-10-25 22:13:00,2023-10-25 22:39:00,8.3,244,Completed,
T2018,D110,R3371,Mumbai,Andheri,Juhu,2023-10-25 04:13:00,2023-10-25 04:25:00,2023-10-25 05:27:00,18.1,360,Completed,
T2019,D244,R1141,Mumbai,Colaba,Andheri,2023-10-23 18:36:00,2023-10-23 18:41:00,2023-10-23 18:47:00,2.4,98,Completed,
T2020,D105,R2864,Bangalore,Whitefield,Indiranagar,2023-10-29 02:13:00,2023-10-29 02:15:00,2023-10-29 03:12:00,21.7,427,Completed,
T2021,D316,R2320,Bangalore,Whitefield,Koramangala,2023-10-16 16:37:00,2023-10-16 16:45:00,2023-10-16 17:55:00,20.6,505,Completed,
T2022,D109,R4019,Bangalore,Whitefield,Indiranagar,2023-10-28 16:03:00,2023-10-28 16:11:00,2023-10-28 16:23:00,3.3,103,Completed,
T2023,D178,R3619,Bangalore,Koramangala,Jayanagar,2023-10-23 17:05:00,2023-10-23 17:07:00,2023-10-23 18:17:00,17.9,479,Completed,
T2024,D336,R1184,Bangalore,Indiranagar,Koramangala,2023-10-29 11:46:00,,,0.0,0.0,Cancelled,Driver Cancelled
T2025,D184,R3648,Bangalore,HSR Layout,Indiranagar,2023-10-09 22:48:00,2023-10-09 22:55:00,2023-10-09 23:13:00,5.1,158,Completed,
T2026,D319,R2969,Bangalore,Whitefield,Koramangala,2023-10-06 02:21:00,2023-10-06 02:26:00,2023-10-06 02:40:00,3.8,135,Completed,
T2027,D216,R1036,Mumbai,Juhu,Powai,2023-10-25 10:02:00,2023-10-25 10:15:00,2023-10-25 10:42:00,10.7,215,Completed,
T2028,D136,R3737,Delhi,Saket,Rohini,2023-10-08 13:18:00,2023-10-08 13:30:00,2023-10-08 13:51:00,7.8,205,Completed,
T2029,D140,R2091,Bangalore,Jayanagar,Indiranagar,2023-10-05 12:02:00,2023-10-05 12:16:00,2023-10-05 13:50:00,23.6,567,Completed,
T2030,D154,R3433,Mumbai,Powai,Andheri,2023-10-17 10:34:00,2023-10-17 10:43:00,2023-10-17 12:03:00,21.0,403,Completed,
T2031,D199,R4250,Bangalore,Koramangala,Jayanagar,2023-10-02 01:24:00,2023-10-02 01:33:00,2023-10-02 03:10:00,24.9,503,Completed,
T2032,D176,R3863,Bangalore,Koramangala,Indiranagar,2023-10-20 19:18:00,2023-10-20 19:29:00,2023-10-20 19:43:00,3.8,133,Completed,
T2033,D340,R3704,Delhi,Rohini,Dwarka,2023-10-16 23:42:00,2023-10-16 23:45:00,2023-10-17 00:23:00,12.2,324,Completed,
T2034,D210,R4746,Mumbai,Colaba,Powai,2023-10-18 10:09:00,2023-10-18 10:15:00,2023-10-18 11:02:00,16.8,343,Completed,
T2035,D146,R1452,Delhi,Connaught Place,Dwarka,2023-10-19 00:30:00,2023-10-19 00:36:00,2023-10-19 01:09:00,11.8,343,Completed,
T2036,D246,R3511,Delhi,Vasant Kunj,Saket,2023-10-09 12:09:00,2023-10-09 12:12:00,2023-10-09 12:23:00,3.1,114,Completed,
T2037,D321,R2534,Mumbai,Juhu,Bandra,2023-10-03 07:15:00,2023-10-03 07:29:00,2023-10-03 07:44:00,5.4,154,Completed,
T2038,D211,R1943,Mumbai,Juhu,Bandra,2023-10-15 09:22:00,2023-10-15 09:24:00,2023-10-15 10:10:00,15.3,377,Completed,
T2039,D268,R3729,Delhi,Rohini,Connaught Place,2023-10-23 12:21:00,2023-10-23 12:34:00,2023-10-23 13:03:00,9.8,281,Completed,
T2040,D223,R2107,Bangalore,Whitefield,Indiranagar,2023-10-16 17:00:00,2023-10-16 17:02:00,2023-10-16 18:01:00,18.6,380,Completed,
T2041,D308,R2346,Mumbai,Colaba,Bandra,2023-10-23 03:24:00,2023-10-23 03:32:00,2023-10-23 03:44:00,4.2,152,Completed,
T2042,D290,R2060,Mumbai,Andheri,Colaba,2023-10-16 08:45:00,2023-10-16 08:52:00,2023-10-16 09:29:00,9.8,228,Completed,
T2043,D331,R4243,Delhi,Connaught Place,Saket,2023-10-11 14:39:00,2023-10-11 14:54:00,2023-10-11 15:48:00,13.9,375,Completed,
T2044,D298,R2677,Delhi,Saket,Vasant Kunj,2023-10-30 01:50:00,2023-10-30 01:55:00,2023-10-30 02:33:00,12.5,314,Completed,
T2045,D127,R4501,Delhi,Connaught Place,Rohini,2023-10-09 03:28:00,2023-10-09 03:38:00,2023-10-09 03:54:00,6.4,148,Completed,
T2046,D272,R2883,Mumbai,Andheri,Bandra,2023-10-04 10:43:00,2023-10-04 10:53:00,2023-10-04 11:14:00,7.1,167,Completed,
T2047,D254,R2840,Bangalore,Indiranagar,HSR Layout,2023-10-24 04:20:00,2023-10-24 04:23:00,2023-10-24 05:14:00,17.5,332,Completed,
T2048,D251,R4229,Bangalore,Whitefield,Koramangala,2023-10-14 02:23:00,,,0.0,0.0,Cancelled,Rider Cancelled
T2049,D284,R4950,Mumbai,Bandra,Powai,2023-10-01 14:31:00,2023-10-01 14:36:00,2023-10-01 15:58:00,24.1,484,Completed,
T2050,D237,R2422,Bangalore,Koramangala,Indiranagar,2023-10-01 20:26:00,2023-10-01 20:39:00,2023-10-01 21:20:00,15.0,394,Completed,
T2051,D126,R1608,Delhi,Saket,Dwarka,2023-10-06 14:27:00,2023-10-06 14:39:00,2023-10-06 15:57:00,24.2,556,Completed,
T2052,D230,R4247,Bangalore,Koramangala,Indiranagar,2023-10-25 13:30:00,2023-10-25 13:34:00,2023-10-25 14:28:00,21.4,432,Completed,
T2053,D174,R3493,Bangalore,Jayanagar,Indiranagar,2023-10-24 16:48:00,2023-10-24 17:01:00,2023-10-24 17:22:00,8.2,227,Completed,
T2054,D299,R2130,Delhi,Saket,Connaught Place,2023-10-01 02:16:00,2023-10-01 02:27:00,2023-10-01 04:03:00,24.8,425,Completed,
T2055,D137,R3988,Mumbai,Juhu,Powai,2023-10-05 10:21:00,2023-10-05 10:34:00,2023-10-05 11:47:00,22.2,458,Completed,
T2056,D131,R1258,Mumbai,Juhu,Colaba,2023-10-15 20:42:00,2023-10-15 20:52:00,2023-10-15 21:56:00,23.4,628,Completed,
T2057,D192,R2414,Bangalore,Koramangala,Jayanagar,2023-10-05 19:43:00,,,0.0,0.0,Cancelled,Payment Issue
T2058,D276,R4079,Bangalore,Koramangala,Whitefield,2023-10-14 02:06:00,2023-10-14 02:08:00,2023-10-14 02:40:00,9.6,211,Completed,
T2059,D197,R1390,Mumbai,Andheri,Bandra,2023-10-05 21:33:00,2023-10-05 21:41:00,2023-10-05 21:56:00,5.3,176,Completed,
T2060,D162,R1695,Delhi,Rohini,Saket,2023-10-12 08:38:00,2023-10-12 08:48:00,2023-10-12 08:59:00,3.5,105,Completed,
T2061,D169,R1978,Bangalore,Indiranagar,Jayanagar,2023-10-09 12:51:00,2023-10-09 13:06:00,2023-10-09 14:17:00,21.8,455,Completed,
T2062,D168,R1027,Bangalore,Jayanagar,Whitefield,2023-10-09 22:17:00,2023-10-09 22:30:00,2023-10-09 22:53:00,7.7,214,Completed,
T2063,D178,R3677,Bangalore,Koramangala,HSR Layout,2023-10-12 10:05:00,2023-10-12 10:20:00,2023-10-12 10:49:00,11.1,322,Completed,
T2064,D248,R4677,Mumbai,Andheri,Bandra,2023-10-22 13:04:00,2023-10-22 13:14:00,2023-10-22 14:10:00,20.1,409,Completed,
T2065,D276,R4446,Bangalore,HSR Layout,Jayanagar,2023-10-23 21:14:00,2023-10-23 21:16:00,2023-10-23 21:25:00,2.6,109,Completed,
T2066,D194,R1218,Mumbai,Colaba,Andheri,2023-10-27 07:43:00,2023-10-27 07:46:00,2023-10-27 09:03:00,20.6,393,Completed,
T2067,D122,R2742,Mumbai,Juhu,Colaba,2023-10-27 06:56:00,2023-10-27 06:58:00,2023-10-27 07:11:00,4.3,145,Completed,
T2068,D316,R3357,Bangalore,HSR Layout,Jayanagar,2023-10-15 23:22:00,,,0.0,0.0,Cancelled,Driver Cancelled
T2069,D190,R2707,Bangalore,Whitefield,Koramangala,2023-10-11 13:33:00,2023-10-11 13:44:00,2023-10-11 14:12:00,10.6,296,Completed,
T2070,D195,R2960,Bangalore,Whitefield,Indiranagar,2023-10-30 09:21:00,2023-10-30 09:26:00,2023-10-30 10:15:00,13.1,359,Completed,
T2071,D294,R3004,Delhi,Dwarka,Rohini,2023-10-23 02:35:00,2023-10-23 02:40:00,2023-10-23 03:04:00,8.3,199,Completed,
T2072,D107,R1292,Bangalore,Whitefield,Jayanagar,2023-10-28 10:58:00,,,0.0,0.0,Cancelled,Driver Cancelled
T2073,D175,R1128,Mumbai,Andheri,Powai,2023-10-06 14:47:00,2023-10-06 14:59:00,2023-10-06 16:02:00,20.2,419,Completed,
T2074,D208,R1376,Bangalore,Koramangala,HSR Layout,2023-10-14 00:27:00,2023-10-14 00:35:00,2023-10-14 01:04:00,11.4,333,Completed,
T2075,D253,R2974,Delhi,Dwarka,Connaught Place,2023-10-02 09:50:00,2023-10-02 09:55:00,2023-10-02 10:51:00,22.1,516,Completed,
T2076,D304,R2447,Delhi,Dwarka,Vasant Kunj,2023-10-15 23:14:00,2023-10-15 23:17:00,2023-10-15 23:53:00,9.8,290,Completed,
T2077,D154,R1490,Mumbai,Powai,Juhu,2023-10-11 03:39:00,2023-10-11 03:41:00,2023-10-11 04:09:00,7.8,203,Completed,
T2078,D163,R1495,Mumbai,Juhu,Andheri,2023-10-18 14:18:00,2023-10-18 14:27:00,2023-10-18 15:49:00,24.4,652,Completed,
T2079,D217,R3991,Delhi,Vasant Kunj,Connaught Place,2023-10-28 10:45:00,,,0.0,0.0,Cancelled,Other
T2080,D160,R3267,Mumbai,Bandra,Powai,2023-10-26 14:28:00,2023-10-26 14:34:00,2023-10-26 15:57:00,23.2,497,Completed,
T2081,D184,R4386,Bangalore,Indiranagar,Whitefield,2023-10-13 00:34:00,2023-10-13 00:38:00,2023-10-13 01:35:00,19.0,509,Completed,
T2082,D166,R3705,Mumbai,Colaba,Juhu,2023-10-14 07:15:00,,,0.0,0.0,Cancelled,Other
T2083,D199,R4300,Bangalore,Koramangala,HSR Layout,2023-10-08 05:12:00,2023-10-08 05:20:00,2023-10-08 06:00:00,12.7,357,Completed,
T2084,D102,R1834,Delhi,Dwarka,Vasant Kunj,2023-10-26 03:29:00,2023-10-26 03:33:00,2023-10-26 04:25:00,15.7,349,Completed,
T2085,D346,R3404,Mumbai,Colaba,Bandra,2023-10-22 04:42:00,2023-10-22 04:49:00,2023-10-22 05:35:00,16.2,412,Completed,
T2086,D264,R1933,Delhi,Rohini,Connaught Place,2023-10-22 00:39:00,2023-10-22 00:50:00,2023-10-22 01:10:00,7.4,179,Completed,
T2087,D169,R1827,Bangalore,Indiranagar,Koramangala,2023-10-26 02:39:00,2023-10-26 02:44:00,2023-10-26 03:50:00,24.5,641,Completed,
T2088,D143,R2123,Bangalore,Koramangala,Indiranagar,2023-10-23 05:01:00,2023-10-23 05:07:00,2023-10-23 05:46:00,12.5,330,Completed,
T2089,D193,R2684,Mumbai,Powai,Andheri,2023-10-03 09:48:00,2023-10-03 09:59:00,2023-10-03 10:30:00,10.1,272,Completed,
T2090,D272,R1589,Mumbai,Colaba,Andheri,2023-10-23 18:41:00,2023-10-23 18:54:00,2023-10-23 19:33:00,12.3,262,Completed,
T2091,D141,R2906,Mumbai,Powai,Juhu,2023-10-12 08:15:00,2023-10-12 08:18:00,2023-10-12 08:56:00,9.8,233,Completed,
T2092,D187,R4662,Mumbai,Andheri,Bandra,2023-10-20 18:12:00,2023-10-20 18:27:00,2023-10-20 19:55:00,24.4,470,Completed,
T2093,D283,R2128,Mumbai,Andheri,Colaba,2023-10-19 17:31:00,2023-10-19 17:36:00,2023-10-19 18:22:00,17.2,457,Completed,
T2094,D334,R3995,Bangalore,Whitefield,Koramangala,2023-10-22 15:51:00,2023-10-22 15:59:00,2023-10-22 16:42:00,16.7,390,Completed,
T2095,D161,R3476,Bangalore,Koramangala,HSR Layout,2023-10-27 23:29:00,2023-10-27 23:33:00,2023-10-28 00:15:00,15.6,412,Completed,
T2096,D293,R2147,Bangalore,HSR Layout,Jayanagar,2023-10-23 08:11:00,2023-10-23 08:21:00,2023-10-23 09:19:00,17.6,386,Completed,
T2097,D262,R1557,Bangalore,Whitefield,HSR Layout,2023-10-19 09:51:00,2023-10-19 10:04:00,2023-10-19 10:49:00,16.8,437,Completed,
T2098,D173,R4949,Delhi,Connaught Place,Rohini,2023-10-22 18:02:00,2023-10-22 18:07:00,2023-10-22 18:46:00,10.2,296,Completed,
T2099,D217,R1400,Delhi,Rohini,Saket,2023-10-08 04:04:00,2023-10-08 04:12:00,2023-10-08 04:28:00,6.2,165,Completed,
T2100,D263,R4909,Bangalore,Indiranagar,Koramangala,2023-10-27 05:47:00,2023-10-27 05:57:00,2023-10-27 06:53:00,18.0,425,Completed,
T2101,D145,R2738,Bangalore,Indiranagar,Whitefield,2023-10-05 04:42:00,2023-10-05 04:57:00,2023-10-05 05:23:00,8.1,175,Completed,
T2102,D207,R2892,Bangalore,Indiranagar,Jayanagar,2023-10-08 15:10:00,2023-10-08 15:17:00,2023-10-08 15:26:00,3.5,122,Completed,
T2103,D249,R2326,Delhi,Dwarka,Saket,2023-10-26 18:56:00,2023-10-26 19:02:00,2023-10-26 20:26:00,24.1,553,Completed,
T2104,D343,R4839,Bangalore,Indiranagar,Whitefield,2023-10-26 05:10:00,,,0.0,0.0,Cancelled,Driver Cancelled
T2105,D103,R1867,Delhi,Saket,Vasant Kunj,2023-10-17 10:17:00,2023-10-17 10:24:00,2023-10-17 11:29:00,21.4,507,Completed,
T2106,D127,R1551,Delhi,Dwarka,Connaught Place,2023-10-17 11:41:00,2023-10-17 11:44:00,2023-10-17 12:59:00,19.7,497,Completed,
T2107,D116,R3867,Mumbai,Bandra,Juhu,2023-10-09 04:40:00,2023-10-09 04:46:00,2023-10-09 04:52:00,2.3,98,Completed,
T2108,D103,R3733,Delhi,Dwarka,Connaught Place,2023-10-16 17:21:00,,,0.0,0.0,Cancelled,Payment Issue
T2109,D184,R1902,Bangalore,Koramangala,Whitefield,2023-10-05 21:21:00,2023-10-05 21:26:00,2023-10-05 22:02:00,12.6,282,Completed,
T2110,D123,R1124,Bangalore,HSR Layout,Indiranagar,2023-10-29 05:26:00,2023-10-29 05:29:00,2023-10-29 06:22:00,16.6,394,Completed,
T2111,D220,R2626,Mumbai,Andheri,Bandra,2023-10-05 09:43:00,2023-10-05 09:48:00,2023-10-05 10:49:00,16.4,298,Completed,
T2112,D225,R2821,Mumbai,Powai,Bandra,2023-10-01 11:32:00,,,0.0,0.0,Cancelled,Other
T2113,D211,R1166,Mumbai,Powai,Andheri,2023-10-16 00:13:00,,,0.0,0.0,Cancelled,Driver Cancelled
T2114,D272,R1520,Mumbai,Powai,Colaba,2023-10-09 22:04:00,2023-10-09 22:16:00,2023-10-09 22:23:00,3.0,119,Completed,
T2115,D327,R1731,Mumbai,Andheri,Juhu,2023-10-01 06:07:00,,,0.0,0.0,Cancelled,Driver Not Found
T2116,D188,R2634,Mumbai,Andheri,Colaba,2023-10-24 00:03:00,2023-10-24 00:17:00,2023-10-24 00:51:00,11.3,235,Completed,
T2117,D311,R3828,Mumbai,Bandra,Andheri,2023-10-10 08:01:00,2023-10-10 08:14:00,2023-10-10 09:16:00,19.2,414,Completed,
T2118,D277,R4042,Mumbai,Andheri,Bandra,2023-10-11 20:51:00,2023-10-11 21:05:00,2023-10-11 22:21:00,24.3,514,Completed,
T2119,D275,R2706,Delhi,Dwarka,Rohini,2023-10-22 02:17:00,,,0.0,0.0,Cancelled,Rider Cancelled
T2120,D165,R2547,Delhi,Connaught Place,Saket,2023-10-07 01:14:00,2023-10-07 01:24:00,2023-10-07 02:06:00,13.7,362,Completed,
T2121,D266,R2151,Bangalore,HSR Layout,Jayanagar,2023-10-23 01:47:00,2023-10-23 02:02:00,2023-10-23 02:36:00,9.4,252,Completed,
T2122,D252,R4447,Bangalore,Indiranagar,Jayanagar,2023-10-15 02:45:00,2023-10-15 02:51:00,2023-10-15 03:48:00,21.4,569,Completed,
T2123,D300,R1894,Delhi,Connaught Place,Vasant Kunj,2023-10-09 14:31:00,2023-10-09 14:36:00,2023-10-09 15:31:00,14.8,337,Completed,
T2124,D239,R3463,Bangalore,Whitefield,HSR Layout,2023-10-21 17:58:00,2023-10-21 18:05:00,2023-10-21 19:04:00,22.4,591,Completed,
T2125,D169,R3356,Bangalore,Whitefield,Indiranagar,2023-10-02 01:09:00,2023-10-02 01:17:00,2023-10-02 01:57:00,15.0,397,Completed,
T2126,D144,R2192,Mumbai,Juhu,Bandra,2023-10-28 23:21:00,2023-10-28 23:29:00,2023-10-29 00:11:00,15.3,410,Completed,
T2127,D116,R1632,Mumbai,Bandra,Andheri,2023-10-17 17:46:00,2023-10-17 17:57:00,2023-10-17 18:16:00,7.8,204,Completed,
T2128,D117,R4102,Delhi,Dwarka,Connaught Place,2023-10-02 23:17:00,2023-10-02 23:22:00,2023-10-03 00:26:00,22.6,446,Completed,
T2129,D129,R1024,Bangalore,HSR Layout,Indiranagar,2023-10-09 03:39:00,2023-10-09 03:44:00,2023-10-09 05:01:00,22.2,448,Completed,
T2130,D248,R1005,Mumbai,Andheri,Colaba,2023-10-22 17:12:00,2023-10-22 17:23:00,2023-10-22 17:51:00,8.3,233,Completed,
T2131,D122,R1930,Mumbai,Bandra,Powai,2023-10-07 01:29:00,2023-10-07 01:36:00,2023-10-07 02:24:00,18.9,406,Completed,
T2132,D301,R1118,Bangalore,Whitefield,Indiranagar,2023-10-22 16:36:00,,,0.0,0.0,Cancelled,Driver Cancelled
T2133,D123,R4070,Bangalore,Koramangala,Whitefield,2023-10-01 09:16:00,2023-10-01 09:19:00,2023-10-01 09:51:00,9.6,260,Completed,
T2134,D138,R3384,Mumbai,Bandra,Andheri,2023-10-24 19:55:00,2023-10-24 20:06:00,2023-10-24 21:21:00,22.4,550,Completed,
T2135,D281,R3256,Delhi,Vasant Kunj,Saket,2023-10-08 06:43:00,,,0.0,0.0,Cancelled,Driver Cancelled
T2136,D208,R4280,Bangalore,Jayanagar,Whitefield,2023-10-24 18:16:00,2023-10-24 18:31:00,2023-10-24 19:27:00,14.4,268,Completed,
T2137,D217,R4840,Delhi,Connaught Place,Rohini,2023-10-12 22:59:00,2023-10-12 23:13:00,2023-10-13 00:10:00,22.6,555,Completed,
T2138,D315,R4849,Mumbai,Andheri,Bandra,2023-10-12 02:25:00,2023-10-12 02:35:00,2023-10-12 02:48:00,3.9,111,Completed,
T2139,D118,R3861,Delhi,Dwarka,Rohini,2023-10-25 12:24:00,2023-10-25 12:30:00,2023-10-25 12:55:00,7.7,237,Completed,
T2140,D195,R4732,Bangalore,Koramangala,Whitefield,2023-10-22 10:47:00,,,0.0,0.0,Cancelled,Rider Cancelled
T2141,D118,R4497,Delhi,Saket,Rohini,2023-10-05 10:36:00,2023-10-05 10:40:00,2023-10-05 11:05:00,9.7,292,Completed,
T2142,D156,R1077,Delhi,Saket,Connaught Place,2023-10-01 18:11:00,2023-10-01 18:14:00,2023-10-01 18:23:00,3.8,116,Completed,
T2143,D163,R4767,Mumbai,Bandra,Powai,2023-10-12 23:53:00,2023-10-12 23:57:00,2023-10-13 00:53:00,17.4,343,Completed,
T2144,D307,R2345,Mumbai,Bandra,Powai,2023-10-27 22:17:00,2023-10-27 22:27:00,2023-10-27 22:58:00,12.3,305,Completed,
T2145,D176,R1514,Bangalore,Jayanagar,Indiranagar,2023-10-20 13:04:00,,,0.0,0.0,Cancelled,Payment Issue
T2146,D307,R1570,Mumbai,Andheri,Colaba,2023-10-21 20:33:00,2023-10-21 20:44:00,2023-10-21 21:18:00,10.1,246,Completed,
T2147,D270,R1242,Delhi,Rohini,Dwarka,2023-10-30 17:13:00,,,0.0,0.0,Cancelled,Other
T2148,D253,R4446,Delhi,Connaught Place,Rohini,2023-10-27 13:40:00,2023-10-27 13:44:00,2023-10-27 13:54:00,3.5,113,Completed,
T2149,D213,R1019,Bangalore,Indiranagar,HSR Layout,2023-10-08 19:10:00,2023-10-08 19:15:00,2023-10-08 19:41:00,9.6,222,Completed,
T2150,D214,R4174,Delhi,Connaught Place,Vasant Kunj,2023-10-13 18:39:00,2023-10-13 18:46:00,2023-10-13 18:55:00,3.0,110,Completed,
T2151,D181,R2398,Bangalore,Indiranagar,Jayanagar,2023-10-23 22:23:00,2023-10-23 22:31:00,2023-10-23 22:59:00,7.3,162,Completed,
T2152,D112,R1480,Delhi,Vasant Kunj,Saket,2023-10-20 06:50:00,2023-10-20 07:01:00,2023-10-20 07:54:00,14.4,375,Completed,
T2153,D231,R1751,Bangalore,Indiranagar,Whitefield,2023-10-12 05:23:00,2023-10-12 05:37:00,2023-10-12 06:52:00,24.0,469,Completed,
T2154,D133,R3288,Delhi,Rohini,Dwarka,2023-10-23 01:53:00,2023-10-23 01:59:00,2023-10-23 02:18:00,6.2,150,Completed,
T2155,D111,R3553,Mumbai,Juhu,Andheri,2023-10-30 03:00:00,2023-10-30 03:10:00,2023-10-30 04:16:00,16.8,305,Completed,
T2156,D257,R1232,Mumbai,Bandra,Colaba,2023-10-30 07:57:00,2023-10-30 08:11:00,2023-10-30 08:30:00,7.1,173,Completed,
T2157,D302,R1179,Bangalore,Indiranagar,Koramangala,2023-10-28 18:45:00,2023-10-28 19:00:00,2023-10-28 19:49:00,12.5,309,Completed,
T2158,D169,R4961,Bangalore,HSR Layout,Koramangala,2023-10-19 20:06:00,2023-10-19 20:18:00,2023-10-19 21:17:00,22.1,525,Completed,
T2159,D287,R4481,Mumbai,Bandra,Colaba,2023-10-22 22:15:00,2023-10-22 22:22:00,2023-10-22 22:37:00,5.3,130,Completed,
T2160,D309,R1331,Mumbai,Powai,Andheri,2023-10-02 20:22:00,,,0.0,0.0,Cancelled,Payment Issue
T2161,D120,R1912,Bangalore,Koramangala,Indiranagar,2023-10-22 14:47:00,2023-10-22 14:52:00,2023-10-22 15:08:00,6.5,152,Completed,
T2162,D223,R1583,Bangalore,HSR Layout,Indiranagar,2023-10-13 08:59:00,2023-10-13 09:09:00,2023-10-13 10:13:00,23.6,427,Completed,
T2163,D135,R2453,Mumbai,Bandra,Andheri,2023-10-06 23:19:00,2023-10-06 23:23:00,2023-10-07 00:20:00,17.5,320,Completed,
T2164,D338,R4621,Mumbai,Colaba,Powai,2023-10-05 00:34:00,2023-10-05 00:44:00,2023-10-05 02:00:00,23.6,488,Completed,
T2165,D321,R2889,Mumbai,Bandra,Juhu,2023-10-07 09:28:00,2023-10-07 09:42:00,2023-10-07 10:07:00,7.6,171,Completed,
T2166,D159,R2539,Delhi,Rohini,Dwarka,2023-10-17 13:53:00,2023-10-17 13:58:00,2023-10-17 15:09:00,21.5,467,Completed,
T2167,D168,R4112,Bangalore,Koramangala,Whitefield,2023-10-15 01:50:00,,,0.0,0.0,Cancelled,Driver Cancelled
T2168,D310,R2319,Bangalore,Jayanagar,Whitefield,2023-10-09 21:09:00,2023-10-09 21:19:00,2023-10-09 22:02:00,16.4,406,Completed,
T2169,D263,R4843,Bangalore,HSR Layout,Indiranagar,2023-10-03 03:11:00,2023-10-03 03:20:00,2023-10-03 03:52:00,12.6,257,Completed,
T2170,D219,R3105,Bangalore,Jayanagar,Indiranagar,2023-10-16 19:45:00,,,0.0,0.0,Cancelled,Driver Cancelled
T2171,D122,R2668,Mumbai,Andheri,Bandra,2023-10-12 03:24:00,2023-10-12 03:32:00,2023-10-12 03:48:00,6.1,166,Completed,
T2172,D157,R1757,Mumbai,Bandra,Powai,2023-10-10 09:33:00,2023-10-10 09:44:00,2023-10-10 09:57:00,4.7,143,Completed,
T2173,D194,R4344,Mumbai,Bandra,Powai,2023-10-24 08:50:00,,,0.0,0.0,Cancelled,Other
T2174,D143,R4720,Bangalore,Whitefield,HSR Layout,2023-10-18 10:59:00,2023-10-18 11:08:00,2023-10-18 12:03:00,19.9,395,Completed,
T2175,D124,R3829,Bangalore,Jayanagar,Koramangala,2023-10-09 15:30:00,2023-10-09 15:45:00,2023-10-09 16:31:00,12.1,344,Completed,
T2176,D158,R1483,Mumbai,Bandra,Juhu,2023-10-14 06:00:00,,,0.0,0.0,Cancelled,Driver Not Found
T2177,D271,R3681,Bangalore,Koramangala,Whitefield,2023-10-07 01:01:00,2023-10-07 01:15:00,2023-10-07 01:54:00,15.2,393,Completed,
T2178,D169,R3516,Bangalore,Indiranagar,HSR Layout,2023-10-08 04:41:00,2023-10-08 04:44:00,2023-10-08 05:05:00,8.7,258,Completed,
T2179,D287,R2755,Mumbai,Bandra,Andheri,2023-10-12 14:00:00,2023-10-12 14:03:00,2023-10-12 15:15:00,18.8,405,Completed,
T2180,D126,R1606,Delhi,Connaught Place,Vasant Kunj,2023-10-24 02:37:00,2023-10-24 02:45:00,2023-10-24 03:10:00,8.9,207,Completed,
T2181,D304,R1942,Delhi,Rohini,Dwarka,2023-10-24 17:44:00,2023-10-24 17:47:00,2023-10-24 18:46:00,19.3,494,Completed,
T2182,D136,R2923,Delhi,Vasant Kunj,Saket,2023-10-22 13:27:00,2023-10-22 13:32:00,2023-10-22 14:24:00,14.2,269,Completed,
T2183,D229,R3377,Mumbai,Juhu,Powai,2023-10-14 19:23:00,2023-10-14 19:34:00,2023-10-14 20:35:00,22.6,506,Completed,
T2184,D276,R3753,Bangalore,Whitefield,HSR Layout,2023-10-27 16:05:00,2023-10-27 16:18:00,2023-10-27 16:28:00,3.5,128,Completed,
T2185,D186,R4027,Bangalore,Jayanagar,Whitefield,2023-10-16 10:58:00,2023-10-16 11:12:00,2023-10-16 12:01:00,16.7,371,Completed,
T2186,D230,R1979,Bangalore,Jayanagar,Koramangala,2023-10-05 01:39:00,,,0.0,0.0,Cancelled,Driver Cancelled
T2187,D119,R1584,Delhi,Rohini,Dwarka,2023-10-30 09:05:00,2023-10-30 09:08:00,2023-10-30 09:26:00,6.9,174,Completed,
T2188,D293,R1709,Bangalore,Koramangala,Jayanagar,2023-10-27 14:37:00,2023-10-27 14:48:00,2023-10-27 15:21:00,8.7,215,Completed,
T2189,D325,R2138,Bangalore,Indiranagar,Whitefield,2023-10-26 01:04:00,,,0.0,0.0,Cancelled,Driver Cancelled
T2190,D199,R4927,Bangalore,Koramangala,Indiranagar,2023-10-06 10:59:00,2023-10-06 11:01:00,2023-10-06 11:14:00,5.5,182,Completed,
T2191,D272,R2099,Mumbai,Bandra,Andheri,2023-10-09 14:56:00,2023-10-09 15:03:00,2023-10-09 15:33:00,11.3,243,Completed,
T2192,D157,R3540,Mumbai,Juhu,Andheri,2023-10-27 11:26:00,2023-10-27 11:37:00,2023-10-27 12:05:00,9.6,234,Completed,
T2193,D240,R2293,Bangalore,HSR Layout,Jayanagar,2023-10-11 01:20:00,2023-10-11 01:32:00,2023-10-11 02:22:00,14.4,319,Completed,
T2194,D271,R2997,Bangalore,HSR Layout,Indiranagar,2023-10-17 13:58:00,2023-10-17 14:10:00,2023-10-17 14:39:00,8.4,211,Completed,
T2195,D313,R4279,Delhi,Connaught Place,Dwarka,2023-10-04 10:58:00,2023-10-04 11:11:00,2023-10-04 12:11:00,15.8,375,Completed,
T2196,D147,R4348,Delhi,Vasant Kunj,Connaught Place,2023-10-18 04:38:00,2023-10-18 04:46:00,2023-10-18 06:01:00,20.9,546,Completed,
T2197,D139,R4770,Bangalore,HSR Layout,Whitefield,2023-10-06 11:06:00,2023-10-06 11:11:00,2023-10-06 11:46:00,12.9,338,Completed,
T2198,D239,R4891,Bangalore,HSR Layout,Whitefield,2023-10-03 05:59:00,,,0.0,0.0,Cancelled,Rider Cancelled
T2199,D150,R1389,Mumbai,Colaba,Andheri,2023-10-07 22:53:00,2023-10-07 23:01:00,2023-10-08 00:16:00,21.1,420,Completed,
T2200,D212,R3556,Bangalore,HSR Layout,Indiranagar,2023-10-09 10:03:00,2023-10-09 10:16:00,2023-10-09 11:05:00,13.5,363,Completed,
T2201,D187,R1877,Mumbai,Bandra,Juhu,2023-10-12 20:54:00,2023-10-12 21:07:00,2023-10-12 21:57:00,15.1,359,Completed,
T2202,D113,R1006,Delhi,Saket,Vasant Kunj,2023-10-11 04:34:00,2023-10-11 04:42:00,2023-10-11 04:54:00,3.3,106,Completed,
T2203,D168,R3892,Bangalore,Indiranagar,Jayanagar,2023-10-04 23:59:00,2023-10-05 00:14:00,2023-10-05 00:34:00,6.3,149,Completed,
T2204,D146,R1189,Delhi,Dwarka,Connaught Place,2023-10-26 18:25:00,2023-10-26 18:31:00,2023-10-26 18:45:00,5.3,133,Completed,
T2205,D284,R2055,Mumbai,Powai,Juhu,2023-10-01 12:47:00,2023-10-01 12:54:00,2023-10-01 13:48:00,14.6,348,Completed,
T2206,D184,R2762,Bangalore,HSR Layout,Koramangala,2023-10-18 19:24:00,2023-10-18 19:39:00,2023-10-18 20:22:00,11.6,257,Completed,
T2207,D328,R4161,Mumbai,Bandra,Colaba,2023-10-02 14:32:00,2023-10-02 14:40:00,2023-10-02 15:48:00,18.5,349,Completed,
T2208,D348,R2591,Bangalore,Whitefield,Koramangala,2023-10-07 00:48:00,2023-10-07 00:52:00,2023-10-07 01:54:00,22.0,434,Completed,
T2209,D119,R2470,Delhi,Saket,Rohini,2023-10-22 07:57:00,2023-10-22 08:06:00,2023-10-22 08:45:00,14.4,324,Completed,
T2210,D113,R4972,Delhi,Dwarka,Saket,2023-10-11 23:10:00,2023-10-11 23:23:00,2023-10-12 00:06:00,16.6,309,Completed,
T2211,D176,R1034,Bangalore,HSR Layout,Jayanagar,2023-10-20 15:50:00,2023-10-20 15:57:00,2023-10-20 16:17:00,6.3,203,Completed,
T2212,D133,R4004,Delhi,Saket,Connaught Place,2023-10-27 04:01:00,2023-10-27 04:04:00,2023-10-27 05:16:00,19.9,481,Completed,
T2213,D265,R3049,Bangalore,Indiranagar,Koramangala,2023-10-24 03:50:00,2023-10-24 03:57:00,2023-10-24 04:29:00,11.1,314,Completed,
T2214,D296,R4889,Mumbai,Andheri,Juhu,2023-10-22 21:36:00,2023-10-22 21:49:00,2023-10-22 22:15:00,10.2,245,Completed,
T2215,D154,R1183,Mumbai,Andheri,Colaba,2023-10-20 05:00:00,2023-10-20 05:03:00,2023-10-20 06:24:00,22.8,567,Completed,
T2216,D101,R1226,Mumbai,Colaba,Juhu,2023-10-01 15:54:00,2023-10-01 16:07:00,2023-10-01 16:38:00,8.2,192,Completed,
T2217,D342,R2623,Delhi,Rohini,Dwarka,2023-10-08 18:02:00,2023-10-08 18:12:00,2023-10-08 18:54:00,14.1,353,Completed,
T2218,D221,R2905,Bangalore,HSR Layout,Indiranagar,2023-10-13 07:50:00,,,0.0,0.0,Cancelled,Other
T2219,D153,R2507,Mumbai,Powai,Bandra,2023-10-01 19:34:00,2023-10-01 19:48:00,2023-10-01 20:43:00,17.6,432,Completed,
T2220,D134,R3469,Mumbai,Colaba,Bandra,2023-10-11 02:25:00,2023-10-11 02:29:00,2023-10-11 03:25:00,15.8,408,Completed,
T2221,D160,R2704,Mumbai,Powai,Colaba,2023-10-12 16:27:00,,,0.0,0.0,Cancelled,Driver Not Found
T2222,D349,R1243,Delhi,Saket,Connaught Place,2023-10-05 08:03:00,2023-10-05 08:10:00,2023-10-05 08:32:00,5.8,163,Completed,
T2223,D187,R2779,Mumbai,Powai,Bandra,2023-10-25 20:00:00,2023-10-25 20:07:00,2023-10-25 21:21:00,19.0,375,Completed,
T2224,D173,R2911,Delhi,Rohini,Saket,2023-10-22 00:11:00,2023-10-22 00:15:00,2023-10-22 00:47:00,10.1,287,Completed,
T2225,D217,R4412,Delhi,Vasant Kunj,Dwarka,2023-10-23 18:47:00,2023-10-23 18:54:00,2023-10-23 19:59:00,20.1,527,Completed,
T2226,D308,R2105,Mumbai,Andheri,Bandra,2023-10-21 04:05:00,2023-10-21 04:12:00,2023-10-21 04:50:00,11.6,265,Completed,
T2227,D278,R1202,Bangalore,HSR Layout,Indiranagar,2023-10-03 04:46:00,2023-10-03 04:57:00,2023-10-03 05:18:00,6.2,169,Completed,
T2228,D125,R1759,Delhi,Connaught Place,Rohini,2023-10-27 03:08:00,2023-10-27 03:16:00,2023-10-27 04:25:00,21.1,516,Completed,
T2229,D275,R2197,Delhi,Vasant Kunj,Connaught Place,2023-10-10 10:32:00,2023-10-10 10:43:00,2023-10-10 11:20:00,12.6,341,Completed,
T2230,D342,R4551,Delhi,Vasant Kunj,Dwarka,2023-10-24 21:45:00,2023-10-24 21:54:00,2023-10-24 23:20:00,24.2,471,Completed,
T2231,D133,R2818,Delhi,Vasant Kunj,Connaught Place,2023-10-05 21:24:00,2023-10-05 21:38:00,2023-10-05 22:45:00,21.2,577,Completed,
T2232,D224,R4254,Bangalore,Jayanagar,Whitefield,2023-10-19 08:28:00,2023-10-19 08:34:00,2023-10-19 09:35:00,18.9,439,Completed,
T2233,D265,R2387,Bangalore,Indiranagar,Whitefield,2023-10-03 08:00:00,2023-10-03 08:10:00,2023-10-03 08:18:00,3.4,105,Completed,
T2234,D317,R4224,Bangalore,Whitefield,Jayanagar,2023-10-05 10:19:00,2023-10-05 10:23:00,2023-10-05 10:55:00,9.9,207,Completed,
T2235,D244,R4473,Mumbai,Powai,Bandra,2023-10-01 19:18:00,,,0.0,0.0,Cancelled,Rider Cancelled
T2236,D309,R1722,Mumbai,Colaba,Powai,2023-10-05 08:33:00,,,0.0,0.0,Cancelled,Payment Issue
T2237,D117,R1797,Delhi,Saket,Connaught Place,2023-10-05 15:20:00,,,0.0,0.0,Cancelled,Rider Cancelled
T2238,D343,R1871,Bangalore,Whitefield,Koramangala,2023-10-06 06:11:00,2023-10-06 06:20:00,2023-10-06 07:24:00,20.1,520,Completed,
T2239,D295,R3471,Bangalore,HSR Layout,Jayanagar,2023-10-28 00:09:00,2023-10-28 00:19:00,2023-10-28 01:38:00,23.5,492,Completed,
T2240,D119,R4680,Delhi,Saket,Connaught Place,2023-10-23 23:15:00,2023-10-23 23:20:00,2023-10-24 00:24:00,23.4,563,Completed,
T2241,D228,R4779,Delhi,Dwarka,Connaught Place,2023-10-26 16:07:00,2023-10-26 16:21:00,2023-10-26 17:42:00,24.8,550,Completed,
T2242,D182,R1501,Bangalore,Indiranagar,Whitefield,2023-10-27 21:23:00,2023-10-27 21:28:00,2023-10-27 22:15:00,13.6,384,Completed,
T2243,D147,R2764,Delhi,Dwarka,Rohini,2023-10-01 16:57:00,2023-10-01 17:12:00,2023-10-01 17:21:00,3.1,111,Completed,
T2244,D176,R2534,Bangalore,Koramangala,Indiranagar,2023-10-05 10:35:00,2023-10-05 10:47:00,2023-10-05 12:00:00,23.4,598,Completed,
T2245,D311,R1250,Mumbai,Bandra,Colaba,2023-10-20 00:12:00,2023-10-20 00:20:00,2023-10-20 01:10:00,14.8,369,Completed,
T2246,D116,R2076,Mumbai,Andheri,Bandra,2023-10-21 16:42:00,,,0.0,0.0,Cancelled,Other
T2247,D106,R1019,Mumbai,Colaba,Bandra,2023-10-15 08:25:00,2023-10-15 08:36:00,2023-10-15 09:28:00,13.4,353,Completed,
T2248,D262,R1077,Bangalore,Whitefield,Jayanagar,2023-10-05 22:05:00,2023-10-05 22:08:00,2023-10-05 22:33:00,6.8,191,Completed,
T2249,D113,R3786,Delhi,Rohini,Dwarka,2023-10-27 18:55:00,2023-10-27 19:10:00,2023-10-27 20:04:00,20.4,555,Completed,
T2250,D149,R4936,Bangalore,Koramangala,HSR Layout,2023-10-30 16:13:00,,2023-10-30 17:13:00,19.0,438,Completed,
T2251,D149,R1172,Bangalore,Jayanagar,Whitefield,2023-10-23 02:21:00,,,0.0,0.0,Cancelled,Rider Cancelled
T2252,D248,R2777,Mumbai,Andheri,Juhu,2023-10-16 05:00:00,2023-10-16 05:14:00,2023-10-16 06:31:00,23.8,631,Completed,
T2253,D152,R4577,Bangalore,Whitefield,Koramangala,2023-10-25 03:48:00,2023-10-25 03:54:00,2023-10-25 04:54:00,19.2,383,Completed,
T2254,D330,R4256,Delhi,Saket,Rohini,2023-10-15 03:00:00,2023-10-15 03:04:00,2023-10-15 04:00:00,15.0,390,Completed,
T2255,D119,R2343,Delhi,Saket,Vasant Kunj,2023-10-10 19:54:00,,,0.0,0.0,Cancelled,Other
T2256,D298,R4802,Delhi,Connaught Place,Saket,2023-10-12 00:14:00,2023-10-12 00:19:00,2023-10-12 00:44:00,8.0,200,Completed,
T2257,D317,R4428,Bangalore,Indiranagar,Jayanagar,2023-10-28 23:57:00,2023-10-29 00:09:00,2023-10-29 01:09:00,21.7,590,Completed,
T2258,D124,R2730,Bangalore,HSR Layout,Whitefield,2023-10-12 08:40:00,,,0.0,0.0,Cancelled,Rider Cancelled
T2259,D165,R3115,Delhi,Connaught Place,Rohini,2023-10-28 03:51:00,2023-10-28 04:05:00,2023-10-28 04:29:00,6.5,175,Completed,
T2260,D246,R2142,Delhi,Rohini,Connaught Place,2023-10-05 01:39:00,2023-10-05 01:47:00,2023-10-05 02:29:00,13.3,258,Completed,
T2261,D126,R4106,Delhi,Connaught Place,Dwarka,2023-10-09 09:43:00,2023-10-09 09:52:00,2023-10-09 10:05:00,3.3,106,Completed,
T2262,D260,R1949,Bangalore,HSR Layout,Jayanagar,2023-10-21 19:46:00,2023-10-21 19:57:00,2023-10-21 20:40:00,13.1,304,Completed,
T2263,D216,R1198,Mumbai,Juhu,Bandra,2023-10-24 09:23:00,2023-10-24 09:36:00,2023-10-24 10:07:00,11.2,324,Completed,
T2264,D170,R2060,Bangalore,Whitefield,Jayanagar,2023-10-20 07:46:00,2023-10-20 07:57:00,2023-10-20 08:13:00,5.7,163,Completed,
T2265,D107,R4510,Bangalore,Indiranagar,Jayanagar,2023-10-30 19:31:00,2023-10-30 19:44:00,2023-10-30 20:03:00,7.6,212,Completed,
T2266,D279,R2804,Mumbai,Andheri,Colaba,2023-10-12 06:30:00,2023-10-12 06:43:00,2023-10-12 07:13:00,8.7,227,Completed,
T2267,D285,R2649,Delhi,Connaught Place,Vasant Kunj,2023-10-26 02:10:00,2023-10-26 02:23:00,2023-10-26 03:11:00,16.0,325,Completed,
T2268,D152,R2205,Bangalore,Whitefield,Jayanagar,2023-10-12 14:01:00,2023-10-12 14:14:00,2023-10-12 14:41:00,10.3,245,Completed,
T2269,D202,R2428,Delhi,Saket,Vasant Kunj,2023-10-16 18:29:00,2023-10-16 18:38:00,2023-10-16 18:54:00,5.1,133,Completed,
T2270,D296,R4227,Mumbai,Juhu,Bandra,2023-10-18 08:10:00,2023-10-18 08:22:00,2023-10-18 09:14:00,16.6,428,Completed,
T2271,D235,R1926,Bangalore,Jayanagar,Koramangala,2023-10-15 20:42:00,,,0.0,0.0,Cancelled,Other
T2272,D239,R3375,Bangalore,HSR Layout,Indiranagar,2023-10-07 14:18:00,,,0.0,0.0,Cancelled,Other
T2273,D285,R1648,Delhi,Saket,Connaught Place,2023-10-06 13:34:00,2023-10-06 13:40:00,2023-10-06 13:53:00,3.4,116,Completed,
T2274,D156,R3699,Delhi,Vasant Kunj,Saket,2023-10-08 23:25:00,2023-10-08 23:28:00,2023-10-09 00:13:00,13.9,363,Completed,
T2275,D326,R4070,Delhi,Saket,Vasant Kunj,2023-10-02 19:53:00,2023-10-02 20:01:00,2023-10-02 20:20:00,6.1,192,Completed,
T2276,D116,R2683,Mumbai,Colaba,Powai,2023-10-01 02:48:00,,,0.0,0.0,Cancelled,Driver Not Found
T2277,D295,R4140,Bangalore,HSR Layout,Whitefield,2023-10-10 10:27:00,2023-10-10 10:40:00,2023-10-10 11:31:00,13.1,377,Completed,
T2278,D215,R3015,Mumbai,Colaba,Andheri,2023-10-26 06:47:00,2023-10-26 06:56:00,2023-10-26 07:31:00,12.3,344,Completed,
T2279,D209,R3304,Bangalore,Koramangala,Jayanagar,2023-10-15 10:49:00,,,0.0,0.0,Cancelled,Driver Cancelled
T2280,D249,R3399,Delhi,Rohini,Saket,2023-10-24 14:06:00,2023-10-24 14:18:00,2023-10-24 14:54:00,11.7,328,Completed,
T2281,D129,R2140,Bangalore,Whitefield,Koramangala,2023-10-22 06:57:00,2023-10-22 07:02:00,2023-10-22 07:08:00,2.1,92,Completed,
T2282,D300,R3674,Delhi,Saket,Dwarka,2023-10-05 12:20:00,2023-10-05 12:27:00,2023-10-05 13:22:00,20.2,473,Completed,
T2283,D315,R3852,Mumbai,Powai,Colaba,2023-10-09 19:02:00,2023-10-09 19:05:00,2023-10-09 20:06:00,17.9,431,Completed,
T2284,D176,R1281,Bangalore,Jayanagar,Whitefield,2023-10-19 23:04:00,2023-10-19 23:11:00,2023-10-20 00:10:00,16.0,299,Completed,
T2285,D326,R3300,Delhi,Rohini,Connaught Place,2023-10-12 00:12:00,,,0.0,0.0,Cancelled,Driver Cancelled
T2286,D226,R4849,Bangalore,Whitefield,HSR Layout,2023-10-01 23:04:00,2023-10-01 23:17:00,2023-10-01 23:31:00,5.5,179,Completed,
T2287,D117,R4486,Delhi,Rohini,Connaught Place,2023-10-07 11:00:00,2023-10-07 11:04:00,2023-10-07 12:12:00,18.1,396,Completed,
T2288,D210,R2125,Mumbai,Powai,Bandra,2023-10-20 00:45:00,2023-10-20 00:59:00,2023-10-20 01:29:00,10.6,311,Completed,
T2289,D210,R3141,Mumbai,Andheri,Juhu,2023-10-16 00:11:00,2023-10-16 00:22:00,2023-10-16 01:00:00,13.6,378,Completed,
T2290,D347,R1600,Bangalore,Indiranagar,Jayanagar,2023-10-28 15:35:00,2023-10-28 15:42:00,2023-10-28 16:07:00,9.9,217,Completed,
T2291,D157,R2912,Mumbai,Juhu,Powai,2023-10-17 13:42:00,2023-10-17 13:53:00,2023-10-17 14:31:00,11.2,285,Completed,
T2292,D222,R3806,Bangalore,Jayanagar,Whitefield,2023-10-18 20:20:00,2023-10-18 20:24:00,2023-10-18 20:32:00,2.6,99,Completed,
T2293,D349,R4523,Delhi,Dwarka,Rohini,2023-10-29 20:24:00,2023-10-29 20:38:00,2023-10-29 21:44:00,22.3,547,Completed,
T2294,D164,R3055,Bangalore,Jayanagar,Indiranagar,2023-10-03 14:02:00,2023-10-03 14:08:00,2023-10-03 15:16:00,24.9,523,Completed,
T2295,D220,R2448,Mumbai,Juhu,Powai,2023-10-21 14:29:00,2023-10-21 14:34:00,2023-10-21 15:16:00,14.1,398,Completed,
T2296,D265,R2660,Bangalore,HSR Layout,Whitefield,2023-10-10 18:16:00,2023-10-10 18:21:00,2023-10-10 18:52:00,8.3,206,Completed,
T2297,D322,R4155,Bangalore,Jayanagar,Indiranagar,2023-10-21 10:42:00,2023-10-21 10:44:00,2023-10-21 11:03:00,5.2,152,Completed,
T2298,D324,R1433,Mumbai,Powai,Bandra,2023-10-15 07:02:00,2023-10-15 07:08:00,2023-10-15 08:03:00,14.3,265,Completed,
T2299,D253,R2292,Delhi,Connaught Place,Vasant Kunj,2023-10-06 18:35:00,2023-10-06 18:47:00,2023-10-06 19:22:00,12.1,316,Completed,
T2300,D221,R1574,Bangalore,Jayanagar,Indiranagar,2023-10-03 15:03:00,2023-10-03 15:17:00,2023-10-03 16:32:00,21.4,410,Completed,
T2301,D154,R3106,Mumbai,Juhu,Colaba,2023-10-16 10:43:00,2023-10-16 10:56:00,2023-10-16 11:12:00,5.4,156,Completed,
T2302,D332,R1354,Delhi,Vasant Kunj,Rohini,2023-10-11 17:17:00,2023-10-11 17:19:00,2023-10-11 18:27:00,21.9,420,Completed,
T2303,D138,R3163,Mumbai,Andheri,Juhu,2023-10-09 07:32:00,2023-10-09 07:47:00,2023-10-09 08:18:00,8.0,185,Completed,
T2304,D285,R1032,Delhi,Dwarka,Connaught Place,2023-10-06 17:37:00,2023-10-06 17:51:00,2023-10-06 19:08:00,24.7,507,Completed,
T2305,D324,R1291,Mumbai,Bandra,Juhu,2023-10-12 14:15:00,2023-10-12 14:22:00,2023-10-12 15:25:00,18.8,448,Completed,
T2306,D319,R4628,Bangalore,HSR Layout,Koramangala,2023-10-19 18:10:00,2023-10-19 18:25:00,2023-10-19 19:40:00,19.0,336,Completed,
T2307,D292,R4382,Bangalore,Jayanagar,Whitefield,2023-10-28 15:44:00,2023-10-28 15:57:00,2023-10-28 17:21:00,21.7,586,Completed,
T2308,D254,R2072,Bangalore,Whitefield,Koramangala,2023-10-10 18:55:00,2023-10-10 18:58:00,2023-10-10 19:41:00,15.5,411,Completed,
T2309,D209,R1521,Bangalore,HSR Layout,Indiranagar,2023-10-24 07:18:00,2023-10-24 07:31:00,2023-10-24 08:32:00,19.1,466,Completed,
T2310,D109,R3982,Bangalore,Indiranagar,Koramangala,2023-10-06 06:50:00,,,0.0,0.0,Cancelled,Rider Cancelled
T2311,D189,R1237,Mumbai,Powai,Andheri,2023-10-12 20:47:00,2023-10-12 21:02:00,2023-10-12 21:58:00,19.1,502,Completed,
T2312,D260,R3878,Bangalore,Jayanagar,Whitefield,2023-10-27 13:07:00,,,0.0,0.0,Cancelled,Driver Not Found
T2313,D179,R4701,Delhi,Saket,Dwarka,2023-10-10 15:59:00,2023-10-10 16:02:00,2023-10-10 16:29:00,8.4,243,Completed,
T2314,D270,R4053,Delhi,Vasant Kunj,Connaught Place,2023-10-27 05:23:00,2023-10-27 05:31:00,2023-10-27 05:45:00,3.7,123,Completed,
T2315,D198,R2731,Delhi,Rohini,Dwarka,2023-10-26 04:35:00,2023-10-26 04:40:00,2023-10-26 04:52:00,3.6,115,Completed,
T2316,D227,R2341,Mumbai,Colaba,Andheri,2023-10-25 20:14:00,2023-10-25 20:20:00,2023-10-25 20:38:00,6.1,180,Completed,
T2317,D303,R2728,Mumbai,Juhu,Andheri,2023-10-29 17:22:00,2023-10-29 17:24:00,2023-10-29 18:32:00,17.7,450,Completed,
T2318,D338,R4097,Mumbai,Bandra,Andheri,2023-10-03 21:28:00,2023-10-03 21:37:00,2023-10-03 22:11:00,9.7,201,Completed,
T2319,D311,R1096,Mumbai,Bandra,Andheri,2023-10-01 06:27:00,2023-10-01 06:32:00,2023-10-01 06:45:00,5.1,137,Completed,
T2320,D189,R2743,Mumbai,Bandra,Juhu,2023-10-02 01:22:00,2023-10-02 01:26:00,2023-10-02 02:42:00,23.0,476,Completed,
T2321,D279,R4655,Mumbai,Bandra,Juhu,2023-10-22 01:23:00,2023-10-22 01:33:00,2023-10-22 02:31:00,18.7,494,Completed,
T2322,D225,R2194,Mumbai,Andheri,Powai,2023-10-26 03:47:00,2023-10-26 03:50:00,2023-10-26 04:23:00,9.1,272,Completed,
T2323,D323,R2358,Delhi,Dwarka,Vasant Kunj,2023-10-02 19:29:00,2023-10-02 19:38:00,2023-10-02 19:45:00,2.3,90,Completed,
T2324,D343,R3240,Bangalore,HSR Layout,Indiranagar,2023-10-05 22:08:00,2023-10-05 22:11:00,2023-10-05 22:30:00,5.6,152,Completed,
T2325,D320,R1037,Bangalore,Jayanagar,Koramangala,2023-10-02 22:39:00,,,0.0,0.0,Cancelled,Driver Cancelled
T2326,D288,R2221,Mumbai,Colaba,Powai,2023-10-15 12:36:00,2023-10-15 12:44:00,2023-10-15 13:39:00,15.1,421,Completed,
T2327,D191,R2995,Bangalore,Whitefield,Koramangala,2023-10-27 11:22:00,2023-10-27 11:32:00,2023-10-27 12:24:00,15.9,437,Completed,
T2328,D234,R1007,Mumbai,Powai,Colaba,2023-10-03 09:24:00,,,0.0,0.0,Cancelled,Driver Cancelled
T2329,D267,R4398,Mumbai,Andheri,Colaba,2023-10-22 20:44:00,2023-10-22 20:59:00,2023-10-22 21:33:00,11.8,241,Completed,
T2330,D123,R1459,Bangalore,Whitefield,Indiranagar,2023-10-11 22:20:00,2023-10-11 22:24:00,2023-10-11 22:58:00,10.6,226,Completed,
T2331,D126,R4353,Delhi,Saket,Vasant Kunj,2023-10-03 16:10:00,2023-10-03 16:20:00,2023-10-03 16:40:00,7.9,221,Completed,
T2332,D191,R4486,Bangalore,Indiranagar,Koramangala,2023-10-04 12:59:00,2023-10-04 13:12:00,2023-10-04 13:27:00,3.8,144,Completed,
T2333,D110,R2485,Mumbai,Powai,Juhu,2023-10-19 19:24:00,2023-10-19 19:36:00,2023-10-19 21:07:00,23.6,637,Completed,
T2334,D202,R4748,Delhi,Dwarka,Rohini,2023-10-12 14:17:00,2023-10-12 14:19:00,2023-10-12 15:28:00,18.7,472,Completed,
T2335,D213,R1001,Bangalore,HSR Layout,Indiranagar,2023-10-17 22:47:00,2023-10-17 22:50:00,2023-10-17 23:36:00,12.8,339,Completed,
T2336,D165,R3738,Delhi,Vasant Kunj,Connaught Place,2023-10-15 01:35:00,2023-10-15 01:42:00,2023-10-15 02:42:00,19.2,492,Completed,
T2337,D160,R4960,Mumbai,Juhu,Powai,2023-10-09 09:47:00,2023-10-09 09:50:00,2023-10-09 10:30:00,12.3,245,Completed,
T2338,D273,R2364,Mumbai,Andheri,Bandra,2023-10-22 10:56:00,,,0.0,0.0,Cancelled,Driver Cancelled
T2339,D339,R3241,Bangalore,HSR Layout,Koramangala,2023-10-10 22:59:00,2023-10-10 23:08:00,2023-10-11 00:11:00,18.6,417,Completed,
T2340,D318,R2980,Bangalore,HSR Layout,Indiranagar,2023-10-12 14:46:00,2023-10-12 14:49:00,2023-10-12 15:59:00,20.0,443,Completed,
T2341,D213,R2433,Bangalore,HSR Layout,Jayanagar,2023-10-25 08:08:00,2023-10-25 08:12:00,2023-10-25 09:11:00,19.6,458,Completed,
T2342,D139,R1939,Bangalore,HSR Layout,Whitefield,2023-10-11 07:58:00,2023-10-11 08:08:00,2023-10-11 08:15:00,2.3,98,Completed,
T2343,D208,R4585,Bangalore,Indiranagar,Koramangala,2023-10-17 05:04:00,2023-10-17 05:19:00,2023-10-17 05:30:00,3.8,140,Completed,
T2344,D269,R2513,Delhi,Saket,Connaught Place,2023-10-27 17:31:00,2023-10-27 17:34:00,2023-10-27 18:22:00,15.1,404,Completed,
T2345,D232,R3352,Bangalore,Koramangala,Whitefield,2023-10-15 06:39:00,,,0.0,0.0,Cancelled,Driver Cancelled
T2346,D203,R4946,Mumbai,Juhu,Powai,2023-10-02 07:56:00,2023-10-02 07:58:00,2023-10-02 09:26:00,23.7,595,Completed,
T2347,D125,R3078,Delhi,Vasant Kunj,Rohini,2023-10-08 13:04:00,2023-10-08 13:08:00,2023-10-08 13:32:00,9.2,232,Completed,
T2348,D205,R2585,Delhi,Rohini,Vasant Kunj,2023-10-30 20:03:00,2023-10-30 20:08:00,2023-10-30 21:14:00,16.9,325,Completed,
T2349,D306,R4110,Mumbai,Bandra,Powai,2023-10-12 10:34:00,2023-10-12 10:47:00,2023-10-12 11:00:00,4.3,122,Completed,
T2350,D307,R2314,Mumbai,Powai,Andheri,2023-10-21 12:54:00,2023-10-21 13:09:00,2023-10-21 13:25:00,5.0,169,Completed,
T2351,D155,R3595,Delhi,Vasant Kunj,Dwarka,2023-10-01 09:28:00,2023-10-01 09:42:00,2023-10-01 10:34:00,18.2,420,Completed,
T2352,D225,R4889,Mumbai,Juhu,Andheri,2023-10-03 17:17:00,2023-10-03 17:24:00,2023-10-03 17:55:00,11.9,319,Completed,
T2353,D233,R2731,Delhi,Vasant Kunj,Rohini,2023-10-09 07:37:00,,,0.0,0.0,Cancelled,Driver Not Found
T2354,D182,R3005,Bangalore,Koramangala,Whitefield,2023-10-16 12:42:00,2023-10-16 12:57:00,2023-10-16 14:07:00,24.4,452,Completed,
T2355,D138,R3560,Mumbai,Colaba,Powai,2023-10-06 07:42:00,2023-10-06 07:53:00,2023-10-06 08:47:00,14.8,405,Completed,
T2356,D347,R3499,Bangalore,Indiranagar,Koramangala,2023-10-01 08:11:00,2023-10-01 08:17:00,2023-10-01 08:43:00,7.6,221,Completed,
T2357,D318,R4930,Bangalore,Koramangala,HSR Layout,2023-10-08 03:28:00,2023-10-08 03:36:00,2023-10-08 04:29:00,15.0,406,Completed,
T2358,D284,R2931,Mumbai,Juhu,Andheri,2023-10-04 17:04:00,2023-10-04 17:08:00,2023-10-04 17:28:00,7.9,191,Completed,
T2359,D248,R2957,Mumbai,Juhu,Bandra,2023-10-04 01:25:00,2023-10-04 01:30:00,2023-10-04 02:49:00,21.3,423,Completed,
T2360,D169,R4018,Bangalore,Koramangala,Indiranagar,2023-10-06 15:03:00,2023-10-06 15:11:00,2023-10-06 16:40:00,24.1,523,Completed,
T2361,D223,R3219,Bangalore,Koramangala,Whitefield,2023-10-08 17:28:00,2023-10-08 17:34:00,2023-10-08 18:11:00,9.8,205,Completed,
T2362,D219,R1594,Bangalore,Jayanagar,Indiranagar,2023-10-25 23:57:00,2023-10-26 00:10:00,2023-10-26 00:49:00,10.9,287,Completed,
T2363,D138,R3475,Mumbai,Powai,Colaba,2023-10-02 20:24:00,2023-10-02 20:36:00,2023-10-02 22:00:00,21.7,486,Completed,
T2364,D185,R3778,Delhi,Rohini,Dwarka,2023-10-28 14:25:00,2023-10-28 14:36:00,2023-10-28 15:33:00,19.8,382,Completed,
T2365,D232,R4000,Bangalore,Indiranagar,Koramangala,2023-10-18 06:16:00,2023-10-18 06:28:00,2023-10-18 07:34:00,19.0,381,Completed,
T2366,D137,R3804,Mumbai,Bandra,Andheri,2023-10-17 21:51:00,2023-10-17 22:06:00,2023-10-17 23:15:00,21.8,380,Completed,
T2367,D159,R3271,Delhi,Connaught Place,Saket,2023-10-18 18:08:00,2023-10-18 18:13:00,2023-10-18 18:57:00,11.3,237,Completed,
T2368,D187,R3112,Mumbai,Powai,Bandra,2023-10-04 07:43:00,2023-10-04 07:46:00,2023-10-04 08:52:00,20.1,402,Completed,
T2369,D159,R4736,Delhi,Saket,Dwarka,2023-10-28 13:45:00,,,0.0,0.0,Cancelled,Driver Not Found
T2370,D278,R4615,Bangalore,Koramangala,Whitefield,2023-10-16 20:24:00,2023-10-16 20:27:00,2023-10-16 21:53:00,22.4,443,Completed,
T2371,D222,R3597,Bangalore,Jayanagar,Koramangala,2023-10-22 09:07:00,2023-10-22 09:11:00,2023-10-22 10:07:00,19.6,421,Completed,
T2372,D188,R4082,Mumbai,Colaba,Powai,2023-10-28 11:40:00,2023-10-28 11:53:00,2023-10-28 12:13:00,6.9,208,Completed,
T2373,D302,R1461,Bangalore,Whitefield,Koramangala,2023-10-11 20:48:00,2023-10-11 20:51:00,2023-10-11 22:19:00,22.5,492,Completed,
T2374,D179,R4098,Delhi,Dwarka,Connaught Place,2023-10-15 07:57:00,2023-10-15 08:09:00,2023-10-15 08:28:00,6.7,203,Completed,
T2375,D200,R1649,Delhi,Rohini,Vasant Kunj,2023-10-16 08:21:00,2023-10-16 08:26:00,2023-10-16 08:43:00,7.0,158,Completed,
T2376,D117,R3521,Delhi,Connaught Place,Saket,2023-10-04 06:15:00,2023-10-04 06:25:00,2023-10-04 07:01:00,11.8,267,Completed,
T2377,D103,R1333,Delhi,Vasant Kunj,Saket,2023-10-08 16:04:00,2023-10-08 16:13:00,2023-10-08 17:33:00,21.7,406,Completed,
T2378,D332,R4365,Delhi,Vasant Kunj,Connaught Place,2023-10-23 05:02:00,2023-10-23 05:07:00,2023-10-23 06:30:00,22.4,413,Completed,
T2379,D169,R3944,Bangalore,HSR Layout,Koramangala,2023-10-13 17:36:00,,,0.0,0.0,Cancelled,Payment Issue
T2380,D181,R2590,Bangalore,Whitefield,Koramangala,2023-10-30 09:52:00,2023-10-30 10:04:00,2023-10-30 11:15:00,18.6,460,Completed,
T2381,D316,R3599,Bangalore,Koramangala,Whitefield,2023-10-03 10:32:00,2023-10-03 10:38:00,2023-10-03 11:39:00,22.2,457,Completed,
T2382,D333,R1876,Mumbai,Bandra,Colaba,2023-10-22 16:33:00,,,0.0,0.0,Cancelled,Rider Cancelled
T2383,D264,R3705,Delhi,Dwarka,Rohini,2023-10-18 07:07:00,2023-10-18 07:14:00,2023-10-18 08:13:00,16.7,358,Completed,
T2384,D171,R4778,Delhi,Dwarka,Vasant Kunj,2023-10-13 09:50:00,2023-10-13 09:54:00,2023-10-13 10:04:00,3.3,126,Completed,
T2385,D279,R2713,Mumbai,Powai,Andheri,2023-10-13 15:24:00,2023-10-13 15:29:00,2023-10-13 16:11:00,14.7,414,Completed,
T2386,D221,R3683,Bangalore,Whitefield,Indiranagar,2023-10-14 05:14:00,2023-10-14 05:20:00,2023-10-14 06:33:00,24.3,491,Completed,
T2387,D104,R1513,Delhi,Dwarka,Connaught Place,2023-10-25 06:46:00,,,0.0,0.0,Cancelled,Driver Cancelled
T2388,D185,R3882,Delhi,Connaught Place,Rohini,2023-10-19 08:05:00,2023-10-19 08:14:00,2023-10-19 08:22:00,2.2,98,Completed,
T2389,D319,R3318,Bangalore,Koramangala,Indiranagar,2023-10-13 16:46:00,2023-10-13 17:01:00,2023-10-13 17:17:00,5.5,171,Completed,
T2390,D163,R2723,Mumbai,Juhu,Andheri,2023-10-05 20:28:00,,,0.0,0.0,Cancelled,Other
T2391,D349,R3003,Delhi,Rohini,Saket,2023-10-12 10:37:00,2023-10-12 10:48:00,2023-10-12 11:21:00,9.9,239,Completed,
T2392,D309,R4624,Mumbai,Colaba,Powai,2023-10-22 19:51:00,,,0.0,0.0,Cancelled,Payment Issue
T2393,D234,R4771,Mumbai,Andheri,Powai,2023-10-15 11:30:00,2023-10-15 11:39:00,2023-10-15 12:13:00,10.6,218,Completed,
T2394,D154,R4007,Mumbai,Powai,Andheri,2023-10-25 15:49:00,2023-10-25 15:58:00,2023-10-25 16:10:00,4.6,142,Completed,
T2395,D255,R2375,Mumbai,Powai,Andheri,2023-10-10 00:24:00,2023-10-10 00:38:00,2023-10-10 01:08:00,12.2,318,Completed,
T2396,D221,R4930,Bangalore,Koramangala,Whitefield,2023-10-30 10:43:00,2023-10-30 10:47:00,2023-10-30 11:57:00,22.9,409,Completed,
T2397,D297,R4051,Bangalore,Koramangala,Whitefield,2023-10-03 19:02:00,2023-10-03 19:15:00,2023-10-03 19:26:00,4.1,143,Completed,
T2398,D265,R1319,Bangalore,Whitefield,Jayanagar,2023-10-02 07:31:00,,,0.0,0.0,Cancelled,Driver Cancelled
T2399,D312,R2508,Delhi,Saket,Vasant Kunj,2023-10-16 02:32:00,2023-10-16 02:47:00,2023-10-16 03:34:00,15.9,317,Completed,
T2400,D333,R2377,Mumbai,Powai,Andheri,2023-10-10 23:20:00,2023-10-10 23:25:00,2023-10-11 00:46:00,21.4,449,Completed,
T2401,D347,R3905,Bangalore,Jayanagar,Whitefield,2023-10-20 11:45:00,2023-10-20 11:52:00,2023-10-20 12:01:00,2.9,117,Completed,
T2402,D148,R1723,Bangalore,Koramangala,HSR Layout,2023-10-17 19:32:00,2023-10-17 19:45:00,2023-10-17 20:17:00,9.7,215,Completed,
T2403,D226,R4377,Bangalore,HSR Layout,Indiranagar,2023-10-18 10:45:00,,,0.0,0.0,Cancelled,Payment Issue
T2404,D165,R4846,Delhi,Saket,Connaught Place,2023-10-14 09:47:00,2023-10-14 09:59:00,2023-10-14 10:50:00,14.5,336,Completed,
T2405,D200,R4041,Delhi,Rohini,Connaught Place,2023-10-13 05:36:00,2023-10-13 05:43:00,2023-10-13 06:04:00,7.7,174,Completed,
T2406,D191,R4974,Bangalore,Indiranagar,HSR Layout,2023-10-15 07:38:00,2023-10-15 07:42:00,2023-10-15 08:00:00,5.3,179,Completed,
T2407,D174,R3145,Bangalore,Koramangala,Indiranagar,2023-10-06 02:05:00,2023-10-06 02:15:00,2023-10-06 03:44:00,23.5,524,Completed,
T2408,D123,R4749,Bangalore,Jayanagar,HSR Layout,2023-10-18 04:43:00,2023-10-18 04:49:00,2023-10-18 05:53:00,23.3,628,Completed,
T2409,D335,R1856,Delhi,Dwarka,Saket,2023-10-21 00:02:00,2023-10-21 00:11:00,2023-10-21 00:59:00,13.4,347,Completed,
T2410,D289,R1773,Bangalore,Jayanagar,Indiranagar,2023-10-05 11:57:00,2023-10-05 12:11:00,2023-10-05 13:10:00,16.7,409,Completed,
T2411,D247,R2619,Bangalore,Indiranagar,Jayanagar,2023-10-04 18:00:00,2023-10-04 18:15:00,2023-10-04 18:40:00,9.9,255,Completed,
T2412,D229,R1460,Mumbai,Andheri,Powai,2023-10-20 03:03:00,2023-10-20 03:10:00,2023-10-20 04:13:00,18.7,429,Completed,
T2413,D308,R2728,Mumbai,Powai,Colaba,2023-10-01 13:01:00,,,0.0,0.0,Cancelled,Other
T2414,D335,R1087,Delhi,Connaught Place,Saket,2023-10-04 12:27:00,2023-10-04 12:38:00,2023-10-04 13:46:00,23.7,575,Completed,
T2415,D251,R2037,Bangalore,HSR Layout,Koramangala,2023-10-09 02:58:00,2023-10-09 03:12:00,2023-10-09 04:40:00,23.1,504,Completed,
T2416,D198,R2975,Delhi,Rohini,Connaught Place,2023-10-12 06:12:00,2023-10-12 06:22:00,2023-10-12 07:25:00,18.3,430,Completed,
T2417,D124,R1749,Bangalore,Indiranagar,Whitefield,2023-10-13 10:46:00,2023-10-13 10:58:00,2023-10-13 12:14:00,23.5,551,Completed,
T2418,D337,R2014,Mumbai,Powai,Juhu,2023-10-21 04:45:00,2023-10-21 04:59:00,2023-10-21 06:07:00,19.5,531,Completed,
T2419,D346,R4698,Mumbai,Bandra,Juhu,2023-10-14 22:32:00,2023-10-14 22:39:00,2023-10-14 22:58:00,7.3,168,Completed,
T2420,D258,R2249,Mumbai,Powai,Andheri,2023-10-29 06:18:00,,,0.0,0.0,Cancelled,Driver Cancelled
T2421,D205,R3677,Delhi,Connaught Place,Vasant Kunj,2023-10-17 08:43:00,2023-10-17 08:46:00,2023-10-17 09:28:00,10.8,234,Completed,
T2422,D277,R4882,Mumbai,Andheri,Juhu,2023-10-22 23:52:00,2023-10-22 23:55:00,2023-10-23 00:28:00,11.1,320,Completed,
T2423,D162,R1922,Delhi,Rohini,Dwarka,2023-10-29 04:31:00,2023-10-29 04:39:00,2023-10-29 05:35:00,16.6,396,Completed,
T2424,D131,R1986,Mumbai,Andheri,Bandra,2023-10-12 19:07:00,,,0.0,0.0,Cancelled,Payment Issue
T2425,D128,R1306,Delhi,Saket,Rohini,2023-10-23 22:19:00,2023-10-23 22:31:00,2023-10-23 23:35:00,21.2,572,Completed,
T2426,D162,R4484,Delhi,Dwarka,Saket,2023-10-11 03:46:00,2023-10-11 03:49:00,2023-10-11 04:10:00,6.9,206,Completed,
T2427,D202,R4124,Delhi,Connaught Place,Rohini,2023-10-25 04:44:00,2023-10-25 04:48:00,2023-10-25 05:40:00,20.7,527,Completed,
T2428,D247,R3613,Bangalore,HSR Layout,Koramangala,2023-10-03 13:06:00,2023-10-03 13:20:00,2023-10-03 13:39:00,7.4,193,Completed,
T2429,D128,R4215,Delhi,Connaught Place,Vasant Kunj,2023-10-02 02:53:00,2023-10-02 02:55:00,2023-10-02 03:32:00,14.1,322,Completed,
T2430,D200,R2344,Delhi,Saket,Vasant Kunj,2023-10-25 17:01:00,2023-10-25 17:04:00,2023-10-25 17:49:00,15.1,375,Completed,
T2431,D178,R2640,Bangalore,HSR Layout,Whitefield,2023-10-07 01:25:00,2023-10-07 01:30:00,2023-10-07 01:43:00,3.4,121,Completed,
T2432,D298,R3239,Delhi,Rohini,Vasant Kunj,2023-10-17 15:28:00,2023-10-17 15:37:00,2023-10-17 15:52:00,5.1,135,Completed,
T2433,D248,R2882,Mumbai,Bandra,Powai,2023-10-16 11:32:00,2023-10-16 11:36:00,2023-10-16 12:00:00,8.0,233,Completed,
T2434,D134,R4628,Mumbai,Bandra,Juhu,2023-10-24 12:43:00,2023-10-24 12:50:00,2023-10-24 13:08:00,5.7,169,Completed,
T2435,D223,R2533,Bangalore,Indiranagar,Jayanagar,2023-10-02 19:52:00,2023-10-02 19:55:00,2023-10-02 20:21:00,6.8,170,Completed,
T2436,D186,R1834,Bangalore,Koramangala,Jayanagar,2023-10-04 16:23:00,2023-10-04 16:34:00,2023-10-04 17:10:00,14.3,318,Completed,
T2437,D124,R4109,Bangalore,Jayanagar,HSR Layout,2023-10-22 06:04:00,2023-10-22 06:08:00,2023-10-22 06:47:00,13.2,256,Completed,
T2438,D202,R1980,Delhi,Connaught Place,Saket,2023-10-09 16:08:00,,,0.0,0.0,Cancelled,Payment Issue
T2439,D233,R3099,Delhi,Dwarka,Saket,2023-10-06 03:20:00,2023-10-06 03:28:00,2023-10-06 04:49:00,22.1,481,Completed,
T2440,D268,R1426,Delhi,Vasant Kunj,Rohini,2023-10-10 11:11:00,2023-10-10 11:19:00,2023-10-10 11:45:00,9.4,270,Completed,
T2441,D245,R1037,Delhi,Dwarka,Rohini,2023-10-03 17:27:00,2023-10-03 17:32:00,2023-10-03 17:40:00,3.0,114,Completed,
T2442,D287,R2224,Mumbai,Juhu,Powai,2023-10-29 05:39:00,2023-10-29 05:46:00,2023-10-29 06:36:00,14.7,294,Completed,
T2443,D141,R1715,Mumbai,Colaba,Bandra,2023-10-18 11:14:00,2023-10-18 11:16:00,2023-10-18 11:46:00,10.3,208,Completed,
T2444,D267,R4281,Mumbai,Juhu,Bandra,2023-10-10 18:41:00,2023-10-10 18:53:00,2023-10-10 19:32:00,11.3,239,Completed,
T2445,D137,R4751,Mumbai,Colaba,Bandra,2023-10-21 03:47:00,2023-10-21 04:02:00,2023-10-21 05:17:00,18.8,367,Completed,
T2446,D255,R1252,Mumbai,Powai,Juhu,2023-10-14 13:29:00,,,0.0,0.0,Cancelled,Driver Cancelled
T2447,D269,R3695,Delhi,Connaught Place,Dwarka,2023-10-16 17:14:00,2023-10-16 17:17:00,2023-10-16 17:43:00,10.4,230,Completed,
T2448,D219,R2218,Bangalore,Jayanagar,HSR Layout,2023-10-24 06:24:00,2023-10-24 06:26:00,2023-10-24 07:06:00,13.4,325,Completed,
T2449,D221,R3023,Bangalore,HSR Layout,Koramangala,2023-10-05 14:05:00,2023-10-05 14:07:00,2023-10-05 14:17:00,4.2,137,Completed,
T2450,D328,R2952,Mumbai,Colaba,Powai,2023-10-15 07:54:00,,,0.0,0.0,Cancelled,Rider Cancelled
T2451,D268,R2063,Delhi,Connaught Place,Dwarka,2023-10-11 05:30:00,2023-10-11 05:32:00,2023-10-11 06:10:00,14.3,313,Completed,
T2452,D317,R4550,Bangalore,Whitefield,Koramangala,2023-10-15 03:43:00,2023-10-15 03:45:00,2023-10-15 04:46:00,20.0,518,Completed,
T2453,D198,R2066,Delhi,Saket,Vasant Kunj,2023-10-24 22:29:00,2023-10-24 22:44:00,2023-10-24 23:31:00,12.6,353,Completed,
T2454,D145,R2238,Bangalore,HSR Layout,Indiranagar,2023-10-21 00:41:00,,,0.0,0.0,Cancelled,Rider Cancelled
T2455,D311,R1278,Mumbai,Juhu,Andheri,2023-10-08 02:58:00,2023-10-08 03:09:00,2023-10-08 03:32:00,8.9,269,Completed,
T2456,D211,R4935,Mumbai,Andheri,Colaba,2023-10-09 11:28:00,2023-10-09 11:30:00,2023-10-09 11:55:00,6.7,158,Completed,
T2457,D236,R4929,Delhi,Dwarka,Rohini,2023-10-19 06:46:00,2023-10-19 06:58:00,2023-10-19 07:58:00,21.2,395,Completed,
T2458,D124,R4958,Bangalore,Indiranagar,Whitefield,2023-10-27 05:49:00,,,0.0,0.0,Cancelled,Driver Cancelled
T2459,D270,R1519,Delhi,Connaught Place,Dwarka,2023-10-14 11:24:00,2023-10-14 11:37:00,2023-10-14 12:43:00,21.8,451,Completed,
T2460,D164,R4899,Bangalore,Koramangala,HSR Layout,2023-10-08 06:27:00,2023-10-08 06:36:00,2023-10-08 07:04:00,7.8,172,Completed,
T2461,D246,R4821,Delhi,Dwarka,Vasant Kunj,2023-10-17 21:17:00,,,0.0,0.0,Cancelled,Driver Cancelled
T2462,D149,R2392,Bangalore,Whitefield,Koramangala,2023-10-19 23:37:00,2023-10-19 23:41:00,2023-10-19 23:52:00,3.4,126,Completed,
T2463,D201,R1761,Delhi,Connaught Place,Rohini,2023-10-16 18:15:00,2023-10-16 18:19:00,2023-10-16 18:47:00,9.9,222,Completed,
T2464,D242,R1901,Delhi,Dwarka,Rohini,2023-10-28 23:18:00,2023-10-28 23:20:00,2023-10-29 00:40:00,23.3,530,Completed,
T2465,D239,R1151,Bangalore,Indiranagar,Jayanagar,2023-10-05 14:07:00,2023-10-05 14:21:00,2023-10-05 15:17:00,19.1,360,Completed,
T2466,D329,R1085,Bangalore,Whitefield,Indiranagar,2023-10-23 13:09:00,2023-10-23 13:13:00,2023-10-23 14:03:00,15.9,294,Completed,
T2467,D292,R2798,Bangalore,Whitefield,Jayanagar,2023-10-25 20:15:00,2023-10-25 20:17:00,2023-10-25 21:10:00,19.6,510,Completed,
T2468,D150,R2979,Mumbai,Bandra,Juhu,2023-10-25 00:43:00,,,0.0,0.0,Cancelled,Driver Not Found
T2469,D329,R4128,Bangalore,Indiranagar,Whitefield,2023-10-16 15:43:00,2023-10-16 15:49:00,2023-10-16 16:11:00,8.5,216,Completed,
T2470,D165,R1706,Delhi,Connaught Place,Dwarka,2023-10-07 02:05:00,2023-10-07 02:20:00,2023-10-07 02:56:00,13.9,364,Completed,
T2471,D146,R1555,Delhi,Saket,Dwarka,2023-10-23 05:04:00,,,0.0,0.0,Cancelled,Driver Cancelled
T2472,D144,R3911,Mumbai,Powai,Colaba,2023-10-15 09:59:00,2023-10-15 10:01:00,2023-10-15 11:01:00,15.2,349,Completed,
T2473,D157,R3856,Mumbai,Bandra,Andheri,2023-10-06 20:07:00,2023-10-06 20:22:00,2023-10-06 20:31:00,3.4,117,Completed,
T2474,D131,R2733,Mumbai,Andheri,Colaba,2023-10-05 08:35:00,2023-10-05 08:44:00,2023-10-05 09:16:00,8.4,251,Completed,
T2475,D132,R3655,Mumbai,Bandra,Colaba,2023-10-29 06:54:00,,,0.0,0.0,Cancelled,Other
T2476,D222,R1511,Bangalore,Jayanagar,HSR Layout,2023-10-24 18:23:00,,,0.0,0.0,Cancelled,Driver Cancelled
T2477,D153,R2750,Mumbai,Bandra,Powai,2023-10-26 16:27:00,2023-10-26 16:32:00,2023-10-26 17:50:00,20.4,518,Completed,
T2478,D174,R1037,Bangalore,Koramangala,HSR Layout,2023-10-03 03:43:00,2023-10-03 03:56:00,2023-10-03 04:34:00,15.0,359,Completed,
T2479,D268,R3013,Delhi,Connaught Place,Vasant Kunj,2023-10-19 14:57:00,2023-10-19 15:05:00,2023-10-19 16:03:00,16.6,395,Completed,
T2480,D286,R3456,Mumbai,Powai,Andheri,2023-10-24 15:57:00,2023-10-24 16:10:00,2023-10-24 17:15:00,16.5,332,Completed,
T2481,D338,R2111,Mumbai,Colaba,Juhu,2023-10-07 17:20:00,2023-10-07 17:29:00,2023-10-07 18:14:00,12.1,247,Completed,
T2482,D114,R4529,Bangalore,Whitefield,Indiranagar,2023-10-06 01:04:00,2023-10-06 01:10:00,2023-10-06 01:39:00,9.3,213,Completed,
T2483,D263,R3958,Bangalore,Indiranagar,Whitefield,2023-10-05 21:04:00,,,0.0,0.0,Cancelled,Rider Cancelled
T2484,D127,R4142,Delhi,Connaught Place,Rohini,2023-10-25 22:57:00,2023-10-25 23:09:00,2023-10-26 00:17:00,18.7,400,Completed,
T2485,D168,R3356,Bangalore,Whitefield,Indiranagar,2023-10-04 19:33:00,2023-10-04 19:36:00,2023-10-04 19:46:00,3.1,116,Completed,
T2486,D341,R4466,Bangalore,Indiranagar,Koramangala,2023-10-20 02:47:00,2023-10-20 02:54:00,2023-10-20 04:07:00,24.8,640,Completed,
T2487,D295,R3909,Bangalore,HSR Layout,Indiranagar,2023-10-04 14:09:00,2023-10-04 14:19:00,2023-10-04 15:45:00,24.7,599,Completed,
T2488,D337,R1733,Mumbai,Bandra,Powai,2023-10-07 18:54:00,2023-10-07 19:07:00,2023-10-07 19:56:00,16.5,415,Completed,
T2489,D198,R2621,Delhi,Connaught Place,Vasant Kunj,2023-10-18 00:16:00,2023-10-18 00:25:00,2023-10-18 00:37:00,3.1,108,Completed,
T2490,D292,R4821,Bangalore,Indiranagar,HSR Layout,2023-10-13 05:25:00,2023-10-13 05:27:00,2023-10-13 06:20:00,18.3,398,Completed,
T2491,D263,R3363,Bangalore,HSR Layout,Koramangala,2023-10-13 11:22:00,2023-10-13 11:32:00,2023-10-13 12:00:00,10.4,260,Completed,
T2492,D285,R2501,Delhi,Vasant Kunj,Dwarka,2023-10-04 05:02:00,2023-10-04 05:10:00,2023-10-04 05:33:00,8.4,252,Completed,
T2493,D305,R2044,Bangalore,HSR Layout,Indiranagar,2023-10-07 05:44:00,2023-10-07 05:59:00,2023-10-07 06:39:00,12.5,346,Completed,
T2494,D237,R1670,Bangalore,Whitefield,Indiranagar,2023-10-16 05:39:00,2023-10-16 05:48:00,2023-10-16 06:44:00,14.9,356,Completed,
T2495,D120,R1702,Bangalore,HSR Layout,Koramangala,2023-10-17 17:22:00,,,0.0,0.0,Cancelled,Rider Cancelled
T2496,D250,R4545,Delhi,Dwarka,Rohini,2023-10-18 14:00:00,2023-10-18 14:10:00,2023-10-18 14:59:00,16.0,332,Completed,
T2497,D338,R1004,Mumbai,Juhu,Bandra,2023-10-21 19:10:00,2023-10-21 19:16:00,2023-10-21 19:47:00,9.3,218,Completed,
T2498,D119,R2875,Delhi,Rohini,Connaught Place,2023-10-16 06:16:00,2023-10-16 06:23:00,2023-10-16 07:12:00,17.7,417,Completed,
T2499,D315,R4068,Mumbai,Powai,Bandra,2023-10-22 23:28:00,2023-10-22 23:32:00,2023-10-22 23:42:00,3.5,114,Completed,
T2500,D151,R1223,Delhi,Connaught Place,Rohini,2023-10-20 10:42:00,,2023-10-20 11:58:00,22.7,484,Completed,
T2501,D276,R2208,Bangalore,Whitefield,Jayanagar,2023-10-12 00:37:00,2023-10-12 00:48:00,2023-10-12 01:31:00,11.0,262,Completed,
T2502,D228,R3579,Delhi,Saket,Rohini,2023-10-05 19:37:00,2023-10-05 19:48:00,2023-10-05 20:08:00,7.4,184,Completed,
T2503,D255,R3037,Mumbai,Powai,Colaba,2023-10-18 11:54:00,2023-10-18 12:04:00,2023-10-18 12:26:00,6.2,154,Completed,
T2504,D133,R2072,Delhi,Vasant Kunj,Rohini,2023-10-26 06:44:00,2023-10-26 06:49:00,2023-10-26 07:45:00,22.3,420,Completed,
T2505,D233,R2928,Delhi,Dwarka,Vasant Kunj,2023-10-08 21:08:00,2023-10-08 21:16:00,2023-10-08 21:29:00,4.8,137,Completed,
T2506,D108,R3091,Delhi,Saket,Connaught Place,2023-10-06 13:17:00,2023-10-06 13:28:00,2023-10-06 14:08:00,11.0,250,Completed,
T2507,D192,R2806,Bangalore,Whitefield,Indiranagar,2023-10-19 21:44:00,2023-10-19 21:48:00,2023-10-19 22:35:00,16.0,382,Completed,
T2508,D184,R4257,Bangalore,Indiranagar,Koramangala,2023-10-02 13:49:00,2023-10-02 13:52:00,2023-10-02 15:12:00,23.1,449,Completed,
T2509,D316,R4850,Bangalore,Whitefield,Koramangala,2023-10-18 14:25:00,2023-10-18 14:36:00,2023-10-18 15:08:00,8.2,217,Completed,
T2510,D208,R1950,Bangalore,Koramangala,Indiranagar,2023-10-23 10:26:00,2023-10-23 10:40:00,2023-10-23 11:38:00,18.4,454,Completed,
T2511,D190,R2843,Bangalore,Jayanagar,Koramangala,2023-10-12 11:44:00,2023-10-12 11:52:00,2023-10-12 12:49:00,17.2,313,Completed,
T2512,D286,R2162,Mumbai,Andheri,Colaba,2023-10-17 16:13:00,2023-10-17 16:16:00,2023-10-17 16:45:00,8.5,200,Completed,
T2513,D271,R1478,Bangalore,Indiranagar,Jayanagar,2023-10-07 03:24:00,2023-10-07 03:26:00,2023-10-07 04:21:00,19.6,404,Completed,
T2514,D184,R4832,Bangalore,Indiranagar,Whitefield,2023-10-25 13:18:00,2023-10-25 13:20:00,2023-10-25 14:00:00,12.8,252,Completed,
T2515,D223,R2057,Bangalore,Koramangala,HSR Layout,2023-10-05 11:12:00,2023-10-05 11:21:00,2023-10-05 11:51:00,9.4,281,Completed,
T2516,D202,R3841,Delhi,Vasant Kunj,Rohini,2023-10-20 17:36:00,2023-10-20 17:51:00,2023-10-20 18:10:00,7.6,196,Completed,
T2517,D338,R3884,Mumbai,Bandra,Juhu,2023-10-25 07:24:00,2023-10-25 07:31:00,2023-10-25 07:47:00,5.3,141,Completed,
T2518,D301,R3014,Bangalore,HSR Layout,Jayanagar,2023-10-02 14:55:00,2023-10-02 15:01:00,2023-10-02 15:57:00,20.5,380,Completed,
T2519,D127,R3067,Delhi,Vasant Kunj,Rohini,2023-10-12 07:14:00,2023-10-12 07:26:00,2023-10-12 07:58:00,12.6,239,Completed,
T2520,D120,R4474,Bangalore,HSR Layout,Jayanagar,2023-10-28 05:37:00,,,0.0,0.0,Cancelled,Driver Not Found
T2521,D184,R1543,Bangalore,Indiranagar,Koramangala,2023-10-22 13:34:00,2023-10-22 13:36:00,2023-10-22 13:44:00,2.6,92,Completed,
T2522,D292,R4406,Bangalore,Koramangala,Jayanagar,2023-10-05 04:30:00,2023-10-05 04:40:00,2023-10-05 05:05:00,6.5,167,Completed,
T2523,D204,R1637,Bangalore,Whitefield,Indiranagar,2023-10-12 07:06:00,2023-10-12 07:20:00,2023-10-12 07:54:00,12.7,336,Completed,
T2524,D105,R2213,Bangalore,Jayanagar,HSR Layout,2023-10-18 11:00:00,2023-10-18 11:04:00,2023-10-18 11:40:00,11.1,277,Completed,
T2525,D142,R4168,Mumbai,Andheri,Bandra,2023-10-15 10:23:00,2023-10-15 10:32:00,2023-10-15 10:41:00,3.4,128,Completed,
T2526,D226,R3456,Bangalore,Indiranagar,HSR Layout,2023-10-13 18:10:00,2023-10-13 18:24:00,2023-10-13 19:16:00,13.6,368,Completed,
T2527,D128,R3448,Delhi,Dwarka,Connaught Place,2023-10-12 13:46:00,2023-10-12 13:52:00,2023-10-12 14:01:00,3.2,121,Completed,
T2528,D247,R2787,Bangalore,Indiranagar,Jayanagar,2023-10-23 04:22:00,2023-10-23 04:24:00,2023-10-23 05:05:00,13.3,330,Completed,
T2529,D315,R3788,Mumbai,Andheri,Colaba,2023-10-11 04:47:00,2023-10-11 05:02:00,2023-10-11 05:45:00,17.1,326,Completed,
T2530,D277,R4599,Mumbai,Juhu,Powai,2023-10-19 07:09:00,2023-10-19 07:22:00,2023-10-19 08:46:00,22.4,571,Completed,
T2531,D266,R2881,Bangalore,Indiranagar,Whitefield,2023-10-17 07:17:00,2023-10-17 07:25:00,2023-10-17 08:03:00,13.3,334,Completed,
T2532,D162,R1268,Delhi,Vasant Kunj,Connaught Place,2023-10-23 06:04:00,2023-10-23 06:11:00,2023-10-23 07:30:00,21.0,376,Completed,
T2533,D211,R4357,Mumbai,Powai,Colaba,2023-10-04 10:05:00,2023-10-04 10:08:00,2023-10-04 11:40:00,23.9,452,Completed,
T2534,D116,R1863,Mumbai,Andheri,Juhu,2023-10-20 11:01:00,2023-10-20 11:05:00,2023-10-20 11:47:00,13.9,275,Completed,
T2535,D131,R3811,Mumbai,Andheri,Juhu,2023-10-05 00:04:00,2023-10-05 00:09:00,2023-10-05 01:22:00,20.8,568,Completed,
T2536,D333,R2726,Mumbai,Juhu,Colaba,2023-10-18 05:50:00,2023-10-18 06:03:00,2023-10-18 07:22:00,22.7,493,Completed,
T2537,D235,R2371,Bangalore,Indiranagar,Koramangala,2023-10-02 00:08:00,,,0.0,0.0,Cancelled,Payment Issue
T2538,D314,R2248,Mumbai,Bandra,Powai,2023-10-14 06:39:00,2023-10-14 06:53:00,2023-10-14 07:06:00,3.8,114,Completed,
T2539,D280,R3762,Delhi,Dwarka,Saket,2023-10-28 21:41:00,2023-10-28 21:53:00,2023-10-28 22:11:00,5.9,173,Completed,
T2540,D118,R3960,Delhi,Connaught Place,Dwarka,2023-10-11 15:58:00,2023-10-11 16:06:00,2023-10-11 17:00:00,17.0,338,Completed,
T2541,D256,R1492,Delhi,Connaught Place,Saket,2023-10-09 18:06:00,2023-10-09 18:17:00,2023-10-09 18:37:00,7.3,202,Completed,
T2542,D169,R4692,Bangalore,Jayanagar,Koramangala,2023-10-23 03:23:00,2023-10-23 03:31:00,2023-10-23 04:34:00,17.0,427,Completed,
T2543,D136,R3436,Delhi,Rohini,Connaught Place,2023-10-05 14:47:00,2023-10-05 14:53:00,2023-10-05 15:30:00,12.0,316,Completed,
T2544,D271,R1414,Bangalore,Koramangala,Whitefield,2023-10-04 05:46:00,2023-10-04 06:01:00,2023-10-04 06:24:00,9.0,213,Completed,
T2545,D183,R1424,Mumbai,Andheri,Colaba,2023-10-13 16:23:00,2023-10-13 16:30:00,2023-10-13 17:27:00,22.6,569,Completed,
T2546,D238,R4213,Mumbai,Bandra,Andheri,2023-10-14 19:57:00,2023-10-14 20:07:00,2023-10-14 20:38:00,9.2,244,Completed,
T2547,D298,R2608,Delhi,Dwarka,Saket,2023-10-05 15:24:00,2023-10-05 15:38:00,2023-10-05 15:55:00,6.5,176,Completed,
T2548,D257,R1046,Mumbai,Juhu,Colaba,2023-10-03 15:24:00,2023-10-03 15:39:00,2023-10-03 16:55:00,22.9,543,Completed,
T2549,D114,R4212,Bangalore,HSR Layout,Indiranagar,2023-10-26 21:02:00,2023-10-26 21:09:00,2023-10-26 22:19:00,22.3,452,Completed,
T2550,D292,R1280,Bangalore,Indiranagar,Jayanagar,2023-10-27 03:53:00,2023-10-27 03:55:00,2023-10-27 05:07:00,21.9,488,Completed,
T2551,D208,R1935,Bangalore,Jayanagar,Indiranagar,2023-10-30 21:13:00,2023-10-30 21:19:00,2023-10-30 22:25:00,18.0,344,Completed,
T2552,D347,R4973,Bangalore,HSR Layout,Koramangala,2023-10-26 14:20:00,2023-10-26 14:33:00,2023-10-26 15:22:00,16.7,459,Completed,
T2553,D321,R3534,Mumbai,Juhu,Powai,2023-10-19 14:53:00,2023-10-19 14:55:00,2023-10-19 15:32:00,10.1,255,Completed,
T2554,D198,R2792,Delhi,Saket,Rohini,2023-10-28 00:56:00,2023-10-28 01:03:00,2023-10-28 02:27:00,23.4,449,Completed,
T2555,D151,R1178,Delhi,Vasant Kunj,Connaught Place,2023-10-28 08:10:00,,,0.0,0.0,Cancelled,Other
T2556,D121,R4198,Mumbai,Colaba,Bandra,2023-10-20 07:21:00,,,0.0,0.0,Cancelled,Driver Cancelled
T2557,D193,R1174,Mumbai,Andheri,Colaba,2023-10-19 16:44:00,2023-10-19 16:50:00,2023-10-19 17:54:00,22.2,469,Completed,
T2558,D156,R1950,Delhi,Connaught Place,Saket,2023-10-27 21:02:00,2023-10-27 21:11:00,2023-10-27 21:31:00,6.6,153,Completed,
T2559,D270,R2813,Delhi,Dwarka,Connaught Place,2023-10-23 17:48:00,2023-10-23 17:52:00,2023-10-23 18:19:00,8.0,206,Completed,
T2560,D331,R4205,Delhi,Dwarka,Connaught Place,2023-10-23 03:14:00,2023-10-23 03:28:00,2023-10-23 03:46:00,7.1,210,Completed,
T2561,D219,R2312,Bangalore,Jayanagar,HSR Layout,2023-10-09 06:13:00,2023-10-09 06:25:00,2023-10-09 07:02:00,10.9,229,Completed,
T2562,D299,R3456,Delhi,Vasant Kunj,Rohini,2023-10-01 02:16:00,2023-10-01 02:24:00,2023-10-01 03:05:00,12.5,278,Completed,
T2563,D285,R2690,Delhi,Vasant Kunj,Dwarka,2023-10-23 16:21:00,2023-10-23 16:32:00,2023-10-23 17:19:00,18.2,403,Completed,
T2564,D151,R3386,Delhi,Dwarka,Rohini,2023-10-19 13:51:00,2023-10-19 14:02:00,2023-10-19 15:10:00,22.9,496,Completed,
T2565,D274,R1066,Mumbai,Powai,Colaba,2023-10-16 23:52:00,2023-10-16 23:58:00,2023-10-17 00:30:00,11.5,293,Completed,
T2566,D115,R2936,Delhi,Connaught Place,Vasant Kunj,2023-10-06 20:43:00,2023-10-06 20:55:00,2023-10-06 21:57:00,22.5,464,Completed,
T2567,D247,R3487,Bangalore,HSR Layout,Jayanagar,2023-10-21 03:05:00,,,0.0,0.0,Cancelled,Driver Cancelled
T2568,D325,R4593,Bangalore,Jayanagar,Whitefield,2023-10-02 22:01:00,,,0.0,0.0,Cancelled,Driver Not Found
T2569,D182,R2523,Bangalore,HSR Layout,Indiranagar,2023-10-04 04:49:00,2023-10-04 04:58:00,2023-10-04 05:15:00,6.0,184,Completed,
T2570,D308,R1588,Mumbai,Andheri,Powai,2023-10-05 09:43:00,2023-10-05 09:47:00,2023-10-05 09:55:00,2.4,101,Completed,
T2571,D178,R1549,Bangalore,Whitefield,Indiranagar,2023-10-23 19:34:00,2023-10-23 19:39:00,2023-10-23 19:46:00,2.5,101,Completed,
T2572,D132,R1361,Mumbai,Juhu,Andheri,2023-10-08 09:34:00,2023-10-08 09:48:00,2023-10-08 10:17:00,11.1,303,Completed,
T2573,D294,R3111,Delhi,Connaught Place,Saket,2023-10-24 11:38:00,2023-10-24 11:48:00,2023-10-24 12:41:00,14.2,298,Completed,
T2574,D195,R1356,Bangalore,Koramangala,HSR Layout,2023-10-05 14:40:00,2023-10-05 14:53:00,2023-10-05 16:07:00,20.4,438,Completed,
T2575,D245,R4898,Delhi,Rohini,Saket,2023-10-06 23:50:00,,,0.0,0.0,Cancelled,Driver Cancelled
T2576,D307,R3652,Mumbai,Colaba,Andheri,2023-10-21 21:25:00,2023-10-21 21:38:00,2023-10-21 22:54:00,19.4,390,Completed,
T2577,D234,R2605,Mumbai,Juhu,Bandra,2023-10-17 02:04:00,2023-10-17 02:13:00,2023-10-17 03:35:00,22.0,453,Completed,
T2578,D347,R4811,Bangalore,Indiranagar,Koramangala,2023-10-20 18:37:00,2023-10-20 18:50:00,2023-10-20 19:25:00,9.2,235,Completed,
T2579,D309,R1452,Mumbai,Colaba,Andheri,2023-10-17 10:02:00,2023-10-17 10:17:00,2023-10-17 11:26:00,21.0,520,Completed,
T2580,D210,R3972,Mumbai,Andheri,Powai,2023-10-07 09:53:00,,,0.0,0.0,Cancelled,Rider Cancelled
T2581,D312,R2581,Delhi,Connaught Place,Saket,2023-10-15 16:32:00,2023-10-15 16:46:00,2023-10-15 17:07:00,6.5,168,Completed,
T2582,D305,R4023,Bangalore,Indiranagar,Jayanagar,2023-10-04 22:02:00,2023-10-04 22:17:00,2023-10-04 22:37:00,6.1,170,Completed,
T2583,D294,R4425,Delhi,Saket,Vasant Kunj,2023-10-09 00:33:00,2023-10-09 00:38:00,2023-10-09 01:06:00,8.3,256,Completed,
T2584,D108,R3240,Delhi,Vasant Kunj,Dwarka,2023-10-01 07:26:00,2023-10-01 07:32:00,2023-10-01 07:43:00,4.5,143,Completed,
T2585,D345,R1995,Delhi,Dwarka,Saket,2023-10-04 03:30:00,2023-10-04 03:38:00,2023-10-04 03:49:00,3.9,123,Completed,
T2586,D103,R4289,Delhi,Dwarka,Rohini,2023-10-29 15:18:00,2023-10-29 15:23:00,2023-10-29 16:12:00,19.3,490,Completed,
T2587,D256,R2713,Delhi,Rohini,Connaught Place,2023-10-06 08:01:00,2023-10-06 08:06:00,2023-10-06 08:55:00,17.0,374,Completed,
T2588,D171,R4251,Delhi,Saket,Connaught Place,2023-10-30 14:03:00,2023-10-30 14:07:00,2023-10-30 14:54:00,18.6,382,Completed,
T2589,D330,R3021,Delhi,Rohini,Connaught Place,2023-10-30 17:34:00,2023-10-30 17:41:00,2023-10-30 17:51:00,2.8,120,Completed,
T2590,D141,R3310,Mumbai,Juhu,Colaba,2023-10-25 13:38:00,2023-10-25 13:43:00,2023-10-25 13:49:00,2.2,93,Completed,
T2591,D312,R3040,Delhi,Dwarka,Saket,2023-10-27 04:04:00,2023-10-27 04:08:00,2023-10-27 05:29:00,24.4,472,Completed,
T2592,D250,R3335,Delhi,Connaught Place,Saket,2023-10-02 23:24:00,,,0.0,0.0,Cancelled,Rider Cancelled
T2593,D270,R2067,Delhi,Rohini,Connaught Place,2023-10-16 04:18:00,2023-10-16 04:31:00,2023-10-16 05:45:00,24.2,496,Completed,
T2594,D125,R3941,Delhi,Dwarka,Vasant Kunj,2023-10-19 08:23:00,,,0.0,0.0,Cancelled,Rider Cancelled
T2595,D251,R2954,Bangalore,Whitefield,Jayanagar,2023-10-09 00:49:00,,,0.0,0.0,Cancelled,Rider Cancelled
T2596,D326,R2456,Delhi,Vasant Kunj,Connaught Place,2023-10-23 23:56:00,2023-10-24 00:09:00,2023-10-24 00:25:00,4.9,138,Completed,
T2597,D174,R2149,Bangalore,Indiranagar,HSR Layout,2023-10-15 16:02:00,,,0.0,0.0,Cancelled,Driver Not Found
T2598,D263,R2573,Bangalore,Koramangala,Jayanagar,2023-10-14 20:05:00,2023-10-14 20:07:00,2023-10-14 20:23:00,5.2,152,Completed,
T2599,D305,R1071,Bangalore,Whitefield,HSR Layout,2023-10-30 23:19:00,2023-10-30 23:26:00,2023-10-30 23:51:00,7.7,205,Completed,
T2600,D293,R1548,Bangalore,Whitefield,HSR Layout,2023-10-30 06:13:00,2023-10-30 06:23:00,2023-10-30 07:45:00,21.6,502,Completed,
T2601,D196,R4508,Delhi,Connaught Place,Vasant Kunj,2023-10-04 10:56:00,2023-10-04 11:07:00,2023-10-04 11:53:00,15.0,354,Completed,
T2602,D324,R2051,Mumbai,Juhu,Colaba,2023-10-28 07:49:00,2023-10-28 08:02:00,2023-10-28 09:08:00,16.9,383,Completed,
T2603,D225,R2613,Mumbai,Powai,Juhu,2023-10-28 15:01:00,2023-10-28 15:13:00,2023-10-28 16:16:00,19.9,406,Completed,
T2604,D299,R2149,Delhi,Connaught Place,Dwarka,2023-10-29 11:32:00,2023-10-29 11:42:00,2023-10-29 12:36:00,17.3,325,Completed,
T2605,D273,R1041,Mumbai,Colaba,Andheri,2023-10-26 11:27:00,2023-10-26 11:41:00,2023-10-26 12:19:00,13.4,304,Completed,
T2606,D212,R1834,Bangalore,Koramangala,HSR Layout,2023-10-10 06:55:00,2023-10-10 06:59:00,2023-10-10 07:23:00,7.0,203,Completed,
T2607,D344,R3608,Delhi,Vasant Kunj,Dwarka,2023-10-05 03:05:00,,,0.0,0.0,Cancelled,Payment Issue
T2608,D204,R1485,Bangalore,HSR Layout,Koramangala,2023-10-14 08:34:00,2023-10-14 08:44:00,2023-10-14 09:40:00,20.4,514,Completed,
T2609,D338,R4730,Mumbai,Andheri,Colaba,2023-10-22 22:29:00,2023-10-22 22:34:00,2023-10-22 22:44:00,3.0,118,Completed,
T2610,D176,R4528,Bangalore,Koramangala,HSR Layout,2023-10-15 02:36:00,2023-10-15 02:38:00,2023-10-15 03:20:00,11.8,239,Completed,
T2611,D212,R3372,Bangalore,Koramangala,HSR Layout,2023-10-02 21:23:00,2023-10-02 21:26:00,2023-10-02 22:17:00,14.6,333,Completed,
T2612,D289,R2135,Bangalore,Indiranagar,HSR Layout,2023-10-02 23:24:00,2023-10-02 23:31:00,2023-10-03 00:12:00,13.0,269,Completed,
T2613,D194,R1701,Mumbai,Juhu,Andheri,2023-10-16 11:57:00,2023-10-16 12:05:00,2023-10-16 12:50:00,11.5,239,Completed,
T2614,D185,R3071,Delhi,Dwarka,Connaught Place,2023-10-02 07:25:00,2023-10-02 07:32:00,2023-10-02 08:44:00,23.5,563,Completed,
T2615,D197,R2847,Mumbai,Powai,Colaba,2023-10-24 20:00:00,2023-10-24 20:09:00,2023-10-24 20:29:00,6.3,149,Completed,
T2616,D113,R2826,Delhi,Saket,Dwarka,2023-10-02 11:07:00,2023-10-02 11:13:00,2023-10-02 12:25:00,18.6,379,Completed,
T2617,D204,R2010,Bangalore,Whitefield,Koramangala,2023-10-22 06:02:00,2023-10-22 06:10:00,2023-10-22 07:29:00,24.5,533,Completed,
T2618,D299,R3547,Delhi,Saket,Vasant Kunj,2023-10-03 17:20:00,2023-10-03 17:25:00,2023-10-03 17:45:00,7.2,202,Completed,
T2619,D242,R1648,Delhi,Saket,Rohini,2023-10-25 23:09:00,,,0.0,0.0,Cancelled,Driver Cancelled
T2620,D316,R1390,Bangalore,Whitefield,HSR Layout,2023-10-21 08:22:00,2023-10-21 08:31:00,2023-10-21 09:56:00,21.9,597,Completed,
T2621,D173,R3080,Delhi,Vasant Kunj,Connaught Place,2023-10-30 00:24:00,2023-10-30 00:38:00,2023-10-30 01:32:00,18.6,496,Completed,
T2622,D239,R2503,Bangalore,Indiranagar,Whitefield,2023-10-28 13:23:00,2023-10-28 13:37:00,2023-10-28 14:14:00,10.1,241,Completed,
T2623,D316,R4682,Bangalore,Whitefield,Indiranagar,2023-10-30 15:55:00,,,0.0,0.0,Cancelled,Driver Not Found
T2624,D212,R2288,Bangalore,Whitefield,Jayanagar,2023-10-10 05:21:00,,,0.0,0.0,Cancelled,Driver Cancelled
T2625,D191,R4523,Bangalore,Jayanagar,Koramangala,2023-10-05 07:42:00,2023-10-05 07:44:00,2023-10-05 08:39:00,17.5,444,Completed,
T2626,D295,R2278,Bangalore,Indiranagar,Koramangala,2023-10-27 04:19:00,,,0.0,0.0,Cancelled,Driver Cancelled
T2627,D225,R3265,Mumbai,Andheri,Colaba,2023-10-20 03:18:00,2023-10-20 03:28:00,2023-10-20 04:28:00,20.1,460,Completed,
T2628,D200,R4352,Delhi,Saket,Vasant Kunj,2023-10-12 21:20:00,2023-10-12 21:26:00,2023-10-12 22:34:00,22.6,472,Completed,
T2629,D320,R1689,Bangalore,HSR Layout,Whitefield,2023-10-17 03:36:00,2023-10-17 03:39:00,2023-10-17 03:59:00,5.7,179,Completed,
T2630,D252,R3456,Bangalore,Indiranagar,HSR Layout,2023-10-26 21:12:00,2023-10-26 21:16:00,2023-10-26 21:36:00,7.0,158,Completed,
T2631,D235,R2650,Bangalore,Jayanagar,Koramangala,2023-10-21 14:08:00,2023-10-21 14:21:00,2023-10-21 14:34:00,3.8,115,Completed,
T2632,D142,R1070,Mumbai,Powai,Colaba,2023-10-10 05:24:00,2023-10-10 05:30:00,2023-10-10 06:33:00,16.2,347,Completed,
T2633,D251,R4704,Bangalore,HSR Layout,Whitefield,2023-10-27 09:55:00,2023-10-27 10:03:00,2023-10-27 10:28:00,8.9,230,Completed,
T2634,D226,R2112,Bangalore,Koramangala,Jayanagar,2023-10-09 22:49:00,2023-10-09 23:01:00,2023-10-09 23:08:00,2.1,90,Completed,
T2635,D194,R1145,Mumbai,Juhu,Bandra,2023-10-26 21:39:00,,,0.0,0.0,Cancelled,Payment Issue
T2636,D332,R1429,Delhi,Connaught Place,Saket,2023-10-20 03:29:00,2023-10-20 03:41:00,2023-10-20 04:42:00,19.4,448,Completed,
T2637,D236,R2610,Delhi,Rohini,Vasant Kunj,2023-10-29 03:38:00,2023-10-29 03:52:00,2023-10-29 04:08:00,6.7,171,Completed,
T2638,D250,R4560,Delhi,Connaught Place,Saket,2023-10-08 04:37:00,2023-10-08 04:51:00,2023-10-08 05:47:00,21.7,572,Completed,
T2639,D322,R3941,Bangalore,Whitefield,Koramangala,2023-10-09 12:03:00,2023-10-09 12:11:00,2023-10-09 12:48:00,13.1,267,Completed,
T2640,D108,R2709,Delhi,Connaught Place,Dwarka,2023-10-15 14:47:00,2023-10-15 14:54:00,2023-10-15 15:44:00,15.5,296,Completed,
T2641,D339,R2457,Bangalore,Whitefield,Jayanagar,2023-10-09 04:52:00,2023-10-09 04:57:00,2023-10-09 06:02:00,20.6,498,Completed,
T2642,D164,R3152,Bangalore,HSR Layout,Indiranagar,2023-10-26 18:13:00,,,0.0,0.0,Cancelled,Driver Cancelled
T2643,D259,R2307,Delhi,Vasant Kunj,Dwarka,2023-10-07 00:28:00,2023-10-07 00:31:00,2023-10-07 01:03:00,11.3,266,Completed,
T2644,D167,R4339,Delhi,Vasant Kunj,Rohini,2023-10-03 23:46:00,2023-10-04 00:00:00,2023-10-04 01:26:00,23.0,409,Completed,
T2645,D210,R3097,Mumbai,Juhu,Andheri,2023-10-08 15:51:00,2023-10-08 16:03:00,2023-10-08 16:14:00,4.5,151,Completed,
T2646,D241,R3438,Mumbai,Colaba,Bandra,2023-10-17 05:39:00,2023-10-17 05:42:00,2023-10-17 05:56:00,3.7,140,Completed,
T2647,D343,R2631,Bangalore,HSR Layout,Koramangala,2023-10-16 17:57:00,2023-10-16 18:11:00,2023-10-16 18:18:00,2.4,106,Completed,
T2648,D140,R3423,Bangalore,Whitefield,Jayanagar,2023-10-20 07:44:00,2023-10-20 07:52:00,2023-10-20 08:25:00,11.3,229,Completed,
T2649,D118,R4763,Delhi,Rohini,Connaught Place,2023-10-03 06:39:00,2023-10-03 06:42:00,2023-10-03 07:34:00,16.6,356,Completed,
T2650,D254,R1963,Bangalore,Koramangala,Jayanagar,2023-10-15 07:45:00,2023-10-15 07:48:00,2023-10-15 07:55:00,2.1,100,Completed,
T2651,D257,R2995,Mumbai,Andheri,Bandra,2023-10-09 10:10:00,2023-10-09 10:12:00,2023-10-09 10:26:00,5.0,147,Completed,
T2652,D233,R4322,Delhi,Vasant Kunj,Dwarka,2023-10-23 00:04:00,2023-10-23 00:07:00,2023-10-23 00:25:00,7.3,164,Completed,
T2653,D287,R3088,Mumbai,Andheri,Powai,2023-10-28 11:19:00,2023-10-28 11:26:00,2023-10-28 12:49:00,24.2,517,Completed,
T2654,D123,R3053,Bangalore,Jayanagar,HSR Layout,2023-10-01 07:48:00,2023-10-01 08:01:00,2023-10-01 09:12:00,18.9,382,Completed,
T2655,D199,R1130,Bangalore,Indiranagar,Koramangala,2023-10-28 02:35:00,2023-10-28 02:44:00,2023-10-28 03:51:00,18.6,477,Completed,
T2656,D205,R2766,Delhi,Dwarka,Connaught Place,2023-10-04 00:49:00,2023-10-04 00:58:00,2023-10-04 01:51:00,18.2,390,Completed,
T2657,D251,R4169,Bangalore,Jayanagar,Whitefield,2023-10-22 06:07:00,,,0.0,0.0,Cancelled,Driver Cancelled
T2658,D138,R2490,Mumbai,Colaba,Juhu,2023-10-27 15:21:00,2023-10-27 15:26:00,2023-10-27 16:00:00,9.6,202,Completed,
T2659,D321,R3443,Mumbai,Powai,Andheri,2023-10-15 08:42:00,2023-10-15 08:44:00,2023-10-15 09:55:00,21.2,426,Completed,
T2660,D306,R4487,Mumbai,Juhu,Andheri,2023-10-02 14:26:00,,,0.0,0.0,Cancelled,Payment Issue
T2661,D179,R1829,Delhi,Saket,Dwarka,2023-10-07 19:03:00,2023-10-07 19:09:00,2023-10-07 20:09:00,15.7,346,Completed,
T2662,D325,R2889,Bangalore,Jayanagar,Indiranagar,2023-10-20 22:56:00,2023-10-20 23:08:00,2023-10-20 23:26:00,5.9,156,Completed,
T2663,D181,R4800,Bangalore,HSR Layout,Jayanagar,2023-10-07 21:02:00,2023-10-07 21:16:00,2023-10-07 21:25:00,2.8,101,Completed,
T2664,D114,R4813,Bangalore,Whitefield,Koramangala,2023-10-15 03:35:00,,,0.0,0.0,Cancelled,Driver Not Found
T2665,D174,R3951,Bangalore,HSR Layout,Whitefield,2023-10-30 01:50:00,2023-10-30 01:54:00,2023-10-30 02:52:00,17.6,404,Completed,
T2666,D119,R4548,Delhi,Connaught Place,Dwarka,2023-10-23 19:24:00,2023-10-23 19:32:00,2023-10-23 20:15:00,11.3,315,Completed,
T2667,D293,R4054,Bangalore,Jayanagar,HSR Layout,2023-10-05 09:49:00,2023-10-05 09:59:00,2023-10-05 11:13:00,20.9,500,Completed,
T2668,D224,R2900,Bangalore,Koramangala,Indiranagar,2023-10-13 08:25:00,2023-10-13 08:30:00,2023-10-13 09:09:00,11.2,218,Completed,
T2669,D165,R3696,Delhi,Dwarka,Connaught Place,2023-10-20 06:06:00,2023-10-20 06:09:00,2023-10-20 07:07:00,22.3,501,Completed,
T2670,D125,R1408,Delhi,Rohini,Connaught Place,2023-10-25 06:05:00,,,0.0,0.0,Cancelled,Driver Cancelled
T2671,D173,R4260,Delhi,Connaught Place,Dwarka,2023-10-05 01:16:00,2023-10-05 01:22:00,2023-10-05 02:44:00,21.4,545,Completed,
T2672,D155,R4479,Delhi,Saket,Dwarka,2023-10-07 23:32:00,2023-10-07 23:39:00,2023-10-08 00:16:00,13.5,282,Completed,
T2673,D183,R3170,Mumbai,Andheri,Juhu,2023-10-28 16:28:00,2023-10-28 16:31:00,2023-10-28 17:05:00,11.4,221,Completed,
T2674,D236,R1945,Delhi,Rohini,Connaught Place,2023-10-04 13:49:00,2023-10-04 13:53:00,2023-10-04 14:26:00,10.5,257,Completed,
T2675,D103,R2580,Delhi,Vasant Kunj,Saket,2023-10-13 19:10:00,2023-10-13 19:22:00,2023-10-13 19:34:00,4.5,133,Completed,
T2676,D244,R2185,Mumbai,Bandra,Andheri,2023-10-23 02:33:00,2023-10-23 02:41:00,2023-10-23 03:00:00,5.8,169,Completed,
T2677,D192,R2215,Bangalore,Whitefield,Koramangala,2023-10-18 23:05:00,2023-10-18 23:11:00,2023-10-18 23:17:00,2.1,93,Completed,
T2678,D304,R2661,Delhi,Connaught Place,Dwarka,2023-10-04 04:46:00,2023-10-04 04:55:00,2023-10-04 05:23:00,8.8,268,Completed,
T2679,D234,R4873,Mumbai,Juhu,Bandra,2023-10-02 08:00:00,2023-10-02 08:02:00,2023-10-02 09:02:00,22.0,387,Completed,
T2680,D274,R3734,Mumbai,Powai,Juhu,2023-10-12 07:29:00,2023-10-12 07:38:00,2023-10-12 08:26:00,15.3,380,Completed,
T2681,D214,R3221,Delhi,Dwarka,Saket,2023-10-23 01:54:00,2023-10-23 01:56:00,2023-10-23 02:40:00,13.6,315,Completed,
T2682,D144,R3004,Mumbai,Andheri,Bandra,2023-10-25 12:15:00,2023-10-25 12:26:00,2023-10-25 13:05:00,13.9,266,Completed,
T2683,D171,R2977,Delhi,Rohini,Vasant Kunj,2023-10-09 02:05:00,2023-10-09 02:14:00,2023-10-09 02:58:00,12.0,235,Completed,
T2684,D119,R1370,Delhi,Saket,Rohini,2023-10-20 06:32:00,2023-10-20 06:36:00,2023-10-20 07:12:00,14.0,390,Completed,
T2685,D277,R3260,Mumbai,Andheri,Powai,2023-10-21 05:55:00,2023-10-21 05:57:00,2023-10-21 06:39:00,11.7,316,Completed,
T2686,D193,R4812,Mumbai,Powai,Andheri,2023-10-23 00:32:00,2023-10-23 00:40:00,2023-10-23 01:42:00,19.2,522,Completed,
T2687,D117,R1619,Delhi,Rohini,Dwarka,2023-10-12 22:26:00,2023-10-12 22:33:00,2023-10-12 23:32:00,16.6,453,Completed,
T2688,D336,R1334,Bangalore,Koramangala,HSR Layout,2023-10-04 23:59:00,2023-10-05 00:05:00,2023-10-05 01:39:00,24.5,634,Completed,
T2689,D129,R1544,Bangalore,Whitefield,Indiranagar,2023-10-18 14:54:00,2023-10-18 15:03:00,2023-10-18 15:24:00,7.9,217,Completed,
T2690,D207,R4144,Bangalore,Whitefield,HSR Layout,2023-10-17 04:12:00,2023-10-17 04:21:00,2023-10-17 05:21:00,20.8,531,Completed,
T2691,D168,R3381,Bangalore,Indiranagar,Whitefield,2023-10-04 23:56:00,2023-10-05 00:00:00,2023-10-05 01:18:00,21.5,556,Completed,
T2692,D181,R2316,Bangalore,Koramangala,Jayanagar,2023-10-29 14:11:00,2023-10-29 14:26:00,2023-10-29 15:19:00,20.0,417,Completed,
T2693,D209,R1324,Bangalore,Indiranagar,Koramangala,2023-10-21 13:52:00,2023-10-21 13:57:00,2023-10-21 14:28:00,11.2,285,Completed,
T2694,D205,R3195,Delhi,Connaught Place,Vasant Kunj,2023-10-10 11:41:00,2023-10-10 11:51:00,2023-10-10 12:03:00,4.6,147,Completed,
T2695,D101,R2259,Mumbai,Colaba,Juhu,2023-10-20 20:23:00,2023-10-20 20:26:00,2023-10-20 21:17:00,16.2,449,Completed,
T2696,D182,R4301,Bangalore,HSR Layout,Indiranagar,2023-10-04 02:58:00,2023-10-04 03:12:00,2023-10-04 04:37:00,22.3,525,Completed,
T2697,D178,R4876,Bangalore,Jayanagar,Indiranagar,2023-10-27 17:52:00,,,0.0,0.0,Cancelled,Driver Cancelled
T2698,D205,R2695,Delhi,Dwarka,Rohini,2023-10-28 21:53:00,2023-10-28 22:03:00,2023-10-28 22:49:00,17.7,337,Completed,
T2699,D265,R3571,Bangalore,Whitefield,Indiranagar,2023-10-01 08:29:00,2023-10-01 08:31:00,2023-10-01 09:20:00,16.4,305,Completed,
T2700,D247,R3745,Bangalore,Whitefield,Koramangala,2023-10-26 04:01:00,2023-10-26 04:14:00,2023-10-26 04:51:00,9.6,233,Completed,
T2701,D241,R4784,Mumbai,Bandra,Colaba,2023-10-10 00:01:00,,,0.0,0.0,Cancelled,Driver Not Found
T2702,D305,R1966,Bangalore,HSR Layout,Koramangala,2023-10-21 05:26:00,2023-10-21 05:37:00,2023-10-21 06:10:00,9.6,254,Completed,
T2703,D216,R3563,Mumbai,Colaba,Andheri,2023-10-21 15:03:00,2023-10-21 15:11:00,2023-10-21 15:40:00,7.5,226,Completed,
T2704,D241,R1611,Mumbai,Powai,Juhu,2023-10-12 11:11:00,2023-10-12 11:21:00,2023-10-12 11:32:00,4.1,113,Completed,
T2705,D338,R3882,Mumbai,Juhu,Powai,2023-10-27 21:32:00,2023-10-27 21:45:00,2023-10-27 21:55:00,2.8,102,Completed,
T2706,D334,R1916,Bangalore,Whitefield,Koramangala,2023-10-21 14:52:00,,,0.0,0.0,Cancelled,Driver Cancelled
T2707,D160,R3053,Mumbai,Colaba,Andheri,2023-10-17 00:28:00,2023-10-17 00:36:00,2023-10-17 01:30:00,20.3,383,Completed,
T2708,D138,R4872,Mumbai,Bandra,Colaba,2023-10-30 09:00:00,2023-10-30 09:10:00,2023-10-30 09:54:00,12.0,311,Completed,
T2709,D104,R3851,Delhi,Vasant Kunj,Rohini,2023-10-30 08:11:00,2023-10-30 08:21:00,2023-10-30 09:14:00,18.6,507,Completed,
T2710,D141,R2733,Mumbai,Colaba,Andheri,2023-10-12 21:58:00,2023-10-12 22:08:00,2023-10-12 22:31:00,6.1,160,Completed,
T2711,D173,R1027,Delhi,Connaught Place,Rohini,2023-10-02 21:59:00,2023-10-02 22:08:00,2023-10-02 22:47:00,11.3,223,Completed,
T2712,D200,R3816,Delhi,Dwarka,Saket,2023-10-21 21:35:00,,,0.0,0.0,Cancelled,Payment Issue
T2713,D306,R2104,Mumbai,Powai,Juhu,2023-10-27 15:53:00,2023-10-27 16:08:00,2023-10-27 17:27:00,21.4,476,Completed,
T2714,D276,R4444,Bangalore,Jayanagar,Indiranagar,2023-10-26 01:54:00,2023-10-26 02:01:00,2023-10-26 02:31:00,8.0,176,Completed,
T2715,D171,R3499,Delhi,Connaught Place,Rohini,2023-10-13 19:46:00,,,0.0,0.0,Cancelled,Driver Not Found
T2716,D195,R2833,Bangalore,Jayanagar,Indiranagar,2023-10-07 09:55:00,2023-10-07 09:58:00,2023-10-07 11:17:00,23.5,519,Completed,
T2717,D273,R4574,Mumbai,Bandra,Juhu,2023-10-19 10:21:00,2023-10-19 10:36:00,2023-10-19 11:53:00,23.6,514,Completed,
T2718,D324,R2586,Mumbai,Colaba,Andheri,2023-10-14 10:21:00,2023-10-14 10:29:00,2023-10-14 11:09:00,11.3,252,Completed,
T2719,D156,R2774,Delhi,Dwarka,Saket,2023-10-10 22:13:00,2023-10-10 22:22:00,2023-10-10 23:47:00,24.0,624,Completed,
T2720,D214,R2032,Delhi,Vasant Kunj,Saket,2023-10-14 20:50:00,,,0.0,0.0,Cancelled,Driver Cancelled
T2721,D339,R4988,Bangalore,Koramangala,Indiranagar,2023-10-06 05:57:00,2023-10-06 06:06:00,2023-10-06 06:54:00,16.6,314,Completed,
T2722,D302,R4214,Bangalore,Koramangala,HSR Layout,2023-10-02 04:41:00,2023-10-02 04:48:00,2023-10-02 05:50:00,20.6,532,Completed,
T2723,D146,R2350,Delhi,Rohini,Vasant Kunj,2023-10-01 22:30:00,2023-10-01 22:39:00,2023-10-01 22:48:00,3.6,118,Completed,
T2724,D315,R1209,Mumbai,Juhu,Andheri,2023-10-20 14:49:00,2023-10-20 15:03:00,2023-10-20 15:36:00,13.4,347,Completed,
T2725,D140,R4638,Bangalore,Jayanagar,Indiranagar,2023-10-28 05:50:00,2023-10-28 06:05:00,2023-10-28 06:29:00,7.7,232,Completed,
T2726,D287,R1984,Mumbai,Bandra,Juhu,2023-10-11 06:06:00,2023-10-11 06:14:00,2023-10-11 06:21:00,2.1,98,Completed,
T2727,D186,R2812,Bangalore,Jayanagar,Koramangala,2023-10-16 17:57:00,2023-10-16 18:02:00,2023-10-16 18:54:00,16.4,450,Completed,
T2728,D259,R3392,Delhi,Connaught Place,Saket,2023-10-11 06:45:00,2023-10-11 06:51:00,2023-10-11 07:15:00,6.6,152,Completed,
T2729,D206,R4310,Bangalore,Koramangala,Whitefield,2023-10-22 23:34:00,2023-10-22 23:44:00,2023-10-23 00:47:00,24.3,486,Completed,
T2730,D290,R3734,Mumbai,Andheri,Colaba,2023-10-13 08:47:00,2023-10-13 09:00:00,2023-10-13 10:14:00,22.8,447,Completed,
T2731,D201,R2575,Delhi,Rohini,Connaught Place,2023-10-28 16:55:00,2023-10-28 17:10:00,2023-10-28 18:18:00,18.0,491,Completed,
T2732,D216,R4086,Mumbai,Powai,Juhu,2023-10-22 03:48:00,2023-10-22 03:56:00,2023-10-22 04:06:00,3.5,120,Completed,
T2733,D291,R4918,Delhi,Connaught Place,Rohini,2023-10-07 09:53:00,2023-10-07 10:06:00,2023-10-07 10:46:00,13.0,323,Completed,
T2734,D123,R2334,Bangalore,Whitefield,Indiranagar,2023-10-24 08:41:00,,,0.0,0.0,Cancelled,Payment Issue
T2735,D266,R3997,Bangalore,HSR Layout,Jayanagar,2023-10-10 08:06:00,2023-10-10 08:08:00,2023-10-10 08:58:00,15.7,330,Completed,
T2736,D218,R3749,Bangalore,Jayanagar,Koramangala,2023-10-11 02:45:00,2023-10-11 02:59:00,2023-10-11 03:20:00,5.8,190,Completed,
T2737,D145,R3738,Bangalore,HSR Layout,Whitefield,2023-10-19 08:40:00,2023-10-19 08:51:00,2023-10-19 09:03:00,3.9,139,Completed,
T2738,D223,R2576,Bangalore,Koramangala,Whitefield,2023-10-20 23:00:00,2023-10-20 23:05:00,2023-10-20 23:19:00,3.7,117,Completed,
T2739,D114,R2233,Bangalore,Indiranagar,Koramangala,2023-10-18 15:17:00,2023-10-18 15:23:00,2023-10-18 16:30:00,23.3,544,Completed,
T2740,D196,R4668,Delhi,Vasant Kunj,Connaught Place,2023-10-03 00:42:00,2023-10-03 00:45:00,2023-10-03 02:01:00,23.1,492,Completed,
T2741,D213,R1458,Bangalore,Indiranagar,HSR Layout,2023-10-02 09:22:00,2023-10-02 09:37:00,2023-10-02 09:48:00,3.4,117,Completed,
T2742,D193,R3588,Mumbai,Powai,Bandra,2023-10-01 23:05:00,2023-10-01 23:07:00,2023-10-01 23:54:00,18.1,397,Completed,
T2743,D207,R4167,Bangalore,Jayanagar,Indiranagar,2023-10-14 07:00:00,2023-10-14 07:11:00,2023-10-14 07:44:00,9.1,275,Completed,
T2744,D108,R4567,Delhi,Dwarka,Connaught Place,2023-10-11 15:20:00,2023-10-11 15:27:00,2023-10-11 16:02:00,9.8,263,Completed,
T2745,D177,R1077,Bangalore,Whitefield,Koramangala,2023-10-28 08:01:00,2023-10-28 08:14:00,2023-10-28 08:58:00,12.2,258,Completed,
T2746,D131,R3818,Mumbai,Andheri,Juhu,2023-10-28 10:19:00,2023-10-28 10:33:00,2023-10-28 11:37:00,19.0,443,Completed,
T2747,D338,R3448,Mumbai,Juhu,Bandra,2023-10-26 01:48:00,,,0.0,0.0,Cancelled,Driver Cancelled
T2748,D278,R4992,Bangalore,Whitefield,HSR Layout,2023-10-01 15:44:00,2023-10-01 15:59:00,2023-10-01 16:22:00,6.1,173,Completed,
T2749,D168,R3069,Bangalore,Koramangala,Whitefield,2023-10-02 23:20:00,2023-10-02 23:32:00,2023-10-02 23:49:00,6.6,165,Completed,
T2750,D192,R4665,Bangalore,Jayanagar,Indiranagar,2023-10-11 08:18:00,,2023-10-11 08:35:00,2.5,91,Completed,
T2751,D213,R3183,Bangalore,Koramangala,Whitefield,2023-10-15 04:01:00,2023-10-15 04:16:00,2023-10-15 05:14:00,15.3,423,Completed,
T2752,D186,R2371,Bangalore,Whitefield,HSR Layout,2023-10-16 17:54:00,2023-10-16 18:03:00,2023-10-16 18:50:00,16.1,417,Completed,
T2753,D262,R2354,Bangalore,HSR Layout,Indiranagar,2023-10-01 20:59:00,2023-10-01 21:06:00,2023-10-01 21:58:00,14.9,397,Completed,
T2754,D234,R4759,Mumbai,Juhu,Bandra,2023-10-11 12:34:00,2023-10-11 12:44:00,2023-10-11 13:51:00,22.7,537,Completed,
T2755,D294,R1417,Delhi,Dwarka,Vasant Kunj,2023-10-23 13:45:00,2023-10-23 14:00:00,2023-10-23 14:06:00,2.1,84,Completed,
T2756,D117,R1331,Delhi,Dwarka,Saket,2023-10-05 21:12:00,2023-10-05 21:24:00,2023-10-05 21:55:00,11.9,318,Completed,
T2757,D350,R2426,Delhi,Connaught Place,Rohini,2023-10-28 02:02:00,2023-10-28 02:11:00,2023-10-28 02:49:00,14.8,337,Completed,
T2758,D329,R4028,Bangalore,Jayanagar,Whitefield,2023-10-17 00:29:00,2023-10-17 00:39:00,2023-10-17 01:27:00,18.2,383,Completed,
T2759,D201,R2774,Delhi,Connaught Place,Vasant Kunj,2023-10-16 17:45:00,2023-10-16 17:58:00,2023-10-16 18:18:00,7.7,180,Completed,
T2760,D116,R5000,Mumbai,Andheri,Powai,2023-10-28 00:22:00,2023-10-28 00:31:00,2023-10-28 00:38:00,2.7,91,Completed,
T2761,D108,R2046,Delhi,Rohini,Vasant Kunj,2023-10-30 12:54:00,2023-10-30 13:08:00,2023-10-30 13:28:00,6.2,184,Completed,
T2762,D282,R4680,Mumbai,Colaba,Juhu,2023-10-03 23:06:00,2023-10-03 23:14:00,2023-10-04 00:24:00,17.8,430,Completed,
T2763,D199,R3146,Bangalore,Whitefield,HSR Layout,2023-10-04 15:15:00,2023-10-04 15:20:00,2023-10-04 15:40:00,6.7,183,Completed,
T2764,D241,R1235,Mumbai,Andheri,Bandra,2023-10-19 23:18:00,2023-10-19 23:27:00,2023-10-20 00:07:00,16.1,428,Completed,
T2765,D336,R4137,Bangalore,Indiranagar,Whitefield,2023-10-18 04:14:00,,,0.0,0.0,Cancelled,Other
T2766,D248,R4567,Mumbai,Andheri,Bandra,2023-10-20 12:39:00,,,0.0,0.0,Cancelled,Driver Not Found
T2767,D120,R3356,Bangalore,Jayanagar,Indiranagar,2023-10-10 11:15:00,,,0.0,0.0,Cancelled,Other
T2768,D121,R4478,Mumbai,Bandra,Andheri,2023-10-11 02:49:00,,,0.0,0.0,Cancelled,Driver Cancelled
T2769,D123,R4004,Bangalore,Whitefield,Indiranagar,2023-10-15 02:31:00,2023-10-15 02:45:00,2023-10-15 03:34:00,15.9,413,Completed,
T2770,D106,R1578,Mumbai,Colaba,Bandra,2023-10-07 10:06:00,2023-10-07 10:17:00,2023-10-07 10:48:00,10.0,245,Completed,
T2771,D185,R4237,Delhi,Rohini,Saket,2023-10-27 17:52:00,2023-10-27 18:07:00,2023-10-27 18:35:00,9.3,227,Completed,
T2772,D298,R2807,Delhi,Rohini,Saket,2023-10-20 09:02:00,2023-10-20 09:05:00,2023-10-20 09:14:00,2.8,95,Completed,
T2773,D168,R4117,Bangalore,Indiranagar,Jayanagar,2023-10-28 15:08:00,2023-10-28 15:23:00,2023-10-28 15:50:00,9.5,252,Completed,
T2774,D279,R2920,Mumbai,Bandra,Powai,2023-10-05 08:46:00,2023-10-05 08:49:00,2023-10-05 10:00:00,19.4,365,Completed,
T2775,D214,R2636,Delhi,Vasant Kunj,Saket,2023-10-30 01:34:00,2023-10-30 01:38:00,2023-10-30 03:07:00,24.1,545,Completed,
T2776,D344,R2458,Delhi,Dwarka,Rohini,2023-10-14 19:49:00,2023-10-14 20:03:00,2023-10-14 21:03:00,19.8,416,Completed,
T2777,D200,R2067,Delhi,Dwarka,Connaught Place,2023-10-22 03:40:00,2023-10-22 03:49:00,2023-10-22 04:56:00,19.7,512,Completed,
T2778,D275,R2797,Delhi,Saket,Rohini,2023-10-21 22:50:00,2023-10-21 23:03:00,2023-10-21 23:56:00,19.4,410,Completed,
T2779,D184,R3500,Bangalore,Jayanagar,Indiranagar,2023-10-01 04:39:00,2023-10-01 04:51:00,2023-10-01 05:32:00,11.1,325,Completed,
T2780,D292,R1647,Bangalore,Indiranagar,Whitefield,2023-10-26 13:05:00,2023-10-26 13:10:00,2023-10-26 13:22:00,5.1,142,Completed,
T2781,D264,R1747,Delhi,Connaught Place,Vasant Kunj,2023-10-04 23:23:00,2023-10-04 23:38:00,2023-10-05 00:26:00,12.8,346,Completed,
T2782,D275,R1965,Delhi,Connaught Place,Dwarka,2023-10-08 14:37:00,,,0.0,0.0,Cancelled,Driver Not Found
T2783,D328,R4365,Mumbai,Juhu,Andheri,2023-10-05 05:33:00,2023-10-05 05:46:00,2023-10-05 06:53:00,24.3,627,Completed,
T2784,D142,R2630,Mumbai,Bandra,Powai,2023-10-18 04:26:00,,,0.0,0.0,Cancelled,Driver Cancelled
T2785,D168,R4610,Bangalore,Koramangala,Jayanagar,2023-10-22 04:27:00,2023-10-22 04:37:00,2023-10-22 05:33:00,19.6,371,Completed,
T2786,D349,R1563,Delhi,Dwarka,Rohini,2023-10-04 16:28:00,2023-10-04 16:36:00,2023-10-04 17:03:00,7.2,163,Completed,
T2787,D102,R4738,Delhi,Saket,Vasant Kunj,2023-10-27 08:23:00,2023-10-27 08:25:00,2023-10-27 09:46:00,24.5,439,Completed,
T2788,D236,R2397,Delhi,Rohini,Saket,2023-10-17 18:33:00,2023-10-17 18:40:00,2023-10-17 19:31:00,18.2,370,Completed,
T2789,D155,R3989,Delhi,Dwarka,Rohini,2023-10-20 14:27:00,2023-10-20 14:33:00,2023-10-20 15:25:00,13.6,265,Completed,
T2790,D262,R3480,Bangalore,Whitefield,HSR Layout,2023-10-07 10:34:00,2023-10-07 10:49:00,2023-10-07 10:59:00,3.7,139,Completed,
T2791,D334,R4952,Bangalore,HSR Layout,Koramangala,2023-10-09 10:51:00,2023-10-09 10:56:00,2023-10-09 11:52:00,18.0,329,Completed,
T2792,D311,R4086,Mumbai,Bandra,Juhu,2023-10-01 00:14:00,2023-10-01 00:27:00,2023-10-01 01:28:00,16.6,317,Completed,
T2793,D199,R1390,Bangalore,Whitefield,HSR Layout,2023-10-01 13:18:00,2023-10-01 13:32:00,2023-10-01 13:53:00,8.1,233,Completed,
T2794,D306,R2699,Mumbai,Powai,Andheri,2023-10-21 15:18:00,,,0.0,0.0,Cancelled,Other
T2795,D345,R1507,Delhi,Rohini,Dwarka,2023-10-11 00:55:00,2023-10-11 00:57:00,2023-10-11 01:10:00,4.9,146,Completed,
T2796,D305,R2289,Bangalore,Indiranagar,Whitefield,2023-10-11 05:07:00,2023-10-11 05:15:00,2023-10-11 05:22:00,3.0,106,Completed,
T2797,D214,R3408,Delhi,Vasant Kunj,Saket,2023-10-23 02:15:00,2023-10-23 02:18:00,2023-10-23 02:43:00,8.8,233,Completed,
T2798,D108,R3985,Delhi,Saket,Dwarka,2023-10-08 14:35:00,2023-10-08 14:42:00,2023-10-08 15:34:00,15.1,342,Completed,
T2799,D205,R1933,Delhi,Rohini,Vasant Kunj,2023-10-19 03:13:00,2023-10-19 03:27:00,2023-10-19 03:54:00,8.0,189,Completed,
T2800,D189,R1455,Mumbai,Colaba,Bandra,2023-10-05 06:37:00,2023-10-05 06:44:00,2023-10-05 07:15:00,10.2,266,Completed,
T2801,D239,R4187,Bangalore,Koramangala,Indiranagar,2023-10-19 10:34:00,2023-10-19 10:37:00,2023-10-19 11:19:00,17.0,366,Completed,
T2802,D279,R2631,Mumbai,Juhu,Bandra,2023-10-15 00:30:00,2023-10-15 00:37:00,2023-10-15 00:57:00,6.7,188,Completed,
T2803,D144,R2867,Mumbai,Powai,Colaba,2023-10-25 06:22:00,2023-10-25 06:24:00,2023-10-25 06:37:00,4.1,120,Completed,
T2804,D211,R4450,Mumbai,Powai,Juhu,2023-10-24 05:34:00,2023-10-24 05:41:00,2023-10-24 06:09:00,8.5,255,Completed,
T2805,D291,R3260,Delhi,Dwarka,Vasant Kunj,2023-10-17 00:37:00,2023-10-17 00:50:00,2023-10-17 01:19:00,10.7,263,Completed,
T2806,D231,R4672,Bangalore,Jayanagar,Koramangala,2023-10-16 06:14:00,2023-10-16 06:24:00,2023-10-16 06:59:00,14.0,332,Completed,
T2807,D248,R4169,Mumbai,Colaba,Bandra,2023-10-09 13:27:00,,,0.0,0.0,Cancelled,Rider Cancelled
T2808,D192,R2072,Bangalore,Indiranagar,Koramangala,2023-10-05 07:55:00,,,0.0,0.0,Cancelled,Driver Cancelled
T2809,D323,R4510,Delhi,Vasant Kunj,Connaught Place,2023-10-26 08:01:00,2023-10-26 08:06:00,2023-10-26 09:29:00,24.4,441,Completed,
T2810,D169,R1418,Bangalore,HSR Layout,Koramangala,2023-10-04 08:36:00,2023-10-04 08:51:00,2023-10-04 09:25:00,9.9,276,Completed,
T2811,D285,R3014,Delhi,Rohini,Saket,2023-10-15 15:39:00,2023-10-15 15:49:00,2023-10-15 17:09:00,22.2,502,Completed,
T2812,D138,R4790,Mumbai,Colaba,Powai,2023-10-29 02:39:00,2023-10-29 02:44:00,2023-10-29 03:20:00,10.0,221,Completed,
T2813,D137,R1803,Mumbai,Bandra,Juhu,2023-10-13 23:04:00,2023-10-13 23:07:00,2023-10-14 00:04:00,17.9,431,Completed,
T2814,D342,R2090,Delhi,Saket,Connaught Place,2023-10-28 21:15:00,2023-10-28 21:29:00,2023-10-28 21:40:00,3.8,138,Completed,
T2815,D139,R1371,Bangalore,HSR Layout,Koramangala,2023-10-04 11:25:00,2023-10-04 11:28:00,2023-10-04 12:43:00,24.8,654,Completed,
T2816,D130,R4881,Bangalore,HSR Layout,Jayanagar,2023-10-28 13:55:00,2023-10-28 14:06:00,2023-10-28 14:18:00,3.4,125,Completed,
T2817,D305,R2076,Bangalore,Indiranagar,HSR Layout,2023-10-10 07:46:00,,,0.0,0.0,Cancelled,Payment Issue
T2818,D296,R2186,Mumbai,Juhu,Colaba,2023-10-25 21:39:00,2023-10-25 21:51:00,2023-10-25 22:24:00,10.7,237,Completed,
T2819,D252,R1695,Bangalore,Whitefield,Jayanagar,2023-10-13 03:33:00,2023-10-13 03:39:00,2023-10-13 04:16:00,12.3,258,Completed,
T2820,D204,R4795,Bangalore,Whitefield,Jayanagar,2023-10-10 09:21:00,2023-10-10 09:34:00,2023-10-10 09:42:00,2.4,109,Completed,
T2821,D332,R4583,Delhi,Saket,Dwarka,2023-10-04 10:52:00,2023-10-04 11:01:00,2023-10-04 11:26:00,6.8,212,Completed,
T2822,D228,R2687,Delhi,Saket,Vasant Kunj,2023-10-10 00:09:00,2023-10-10 00:20:00,2023-10-10 00:39:00,4.8,165,Completed,
T2823,D239,R2992,Bangalore,Whitefield,Indiranagar,2023-10-09 02:50:00,2023-10-09 03:04:00,2023-10-09 03:21:00,4.7,166,Completed,
T2824,D320,R4922,Bangalore,Whitefield,Jayanagar,2023-10-24 00:10:00,2023-10-24 00:14:00,2023-10-24 01:30:00,20.5,440,Completed,
T2825,D237,R1563,Bangalore,Whitefield,Koramangala,2023-10-08 11:01:00,2023-10-08 11:09:00,2023-10-08 12:30:00,24.4,494,Completed,
T2826,D215,R1048,Mumbai,Bandra,Powai,2023-10-10 05:55:00,,,0.0,0.0,Cancelled,Driver Cancelled
T2827,D212,R3642,Bangalore,Jayanagar,Koramangala,2023-10-12 17:25:00,2023-10-12 17:39:00,2023-10-12 18:27:00,12.6,292,Completed,
T2828,D235,R3974,Bangalore,Indiranagar,Koramangala,2023-10-25 13:07:00,2023-10-25 13:15:00,2023-10-25 13:30:00,5.5,170,Completed,
T2829,D229,R4218,Mumbai,Bandra,Colaba,2023-10-06 09:56:00,2023-10-06 10:03:00,2023-10-06 11:14:00,22.8,445,Completed,
T2830,D241,R2210,Mumbai,Bandra,Colaba,2023-10-29 02:33:00,2023-10-29 02:48:00,2023-10-29 03:21:00,9.9,246,Completed,
T2831,D202,R3186,Delhi,Rohini,Dwarka,2023-10-14 03:17:00,2023-10-14 03:26:00,2023-10-14 04:13:00,16.8,379,Completed,
T2832,D176,R4740,Bangalore,Whitefield,Indiranagar,2023-10-29 06:13:00,2023-10-29 06:21:00,2023-10-29 06:35:00,5.5,133,Completed,
T2833,D268,R3276,Delhi,Connaught Place,Saket,2023-10-11 20:25:00,2023-10-11 20:27:00,2023-10-11 21:42:00,22.3,420,Completed,
T2834,D202,R3445,Delhi,Vasant Kunj,Dwarka,2023-10-20 17:02:00,,,0.0,0.0,Cancelled,Driver Cancelled
T2835,D247,R2952,Bangalore,Koramangala,Indiranagar,2023-10-05 11:37:00,2023-10-05 11:51:00,2023-10-05 12:19:00,8.0,236,Completed,
T2836,D213,R2367,Bangalore,Koramangala,Indiranagar,2023-10-12 14:38:00,2023-10-12 14:53:00,2023-10-12 15:19:00,6.8,184,Completed,
T2837,D223,R4786,Bangalore,Jayanagar,Whitefield,2023-10-07 06:33:00,,,0.0,0.0,Cancelled,Payment Issue
T2838,D177,R2566,Bangalore,Indiranagar,Whitefield,2023-10-04 07:06:00,,,0.0,0.0,Cancelled,Driver Not Found
T2839,D304,R4069,Delhi,Dwarka,Connaught Place,2023-10-28 20:10:00,,,0.0,0.0,Cancelled,Rider Cancelled
T2840,D335,R2578,Delhi,Vasant Kunj,Connaught Place,2023-10-20 13:04:00,2023-10-20 13:13:00,2023-10-20 13:47:00,11.8,299,Completed,
T2841,D227,R4602,Mumbai,Juhu,Powai,2023-10-03 14:07:00,2023-10-03 14:13:00,2023-10-03 15:15:00,15.8,334,Completed,
T2842,D106,R4665,Mumbai,Juhu,Andheri,2023-10-28 11:18:00,,,0.0,0.0,Cancelled,Driver Cancelled
T2843,D158,R1193,Mumbai,Colaba,Powai,2023-10-22 01:37:00,2023-10-22 01:40:00,2023-10-22 03:09:00,23.9,447,Completed,
T2844,D159,R4038,Delhi,Rohini,Dwarka,2023-10-27 18:01:00,2023-10-27 18:16:00,2023-10-27 19:10:00,15.5,302,Completed,
T2845,D224,R1293,Bangalore,Koramangala,Indiranagar,2023-10-13 06:04:00,2023-10-13 06:11:00,2023-10-13 07:39:00,22.8,593,Completed,
T2846,D242,R3906,Delhi,Dwarka,Rohini,2023-10-29 05:06:00,2023-10-29 05:10:00,2023-10-29 06:20:00,18.6,369,Completed,
T2847,D299,R2935,Delhi,Vasant Kunj,Connaught Place,2023-10-16 17:50:00,2023-10-16 17:54:00,2023-10-16 18:36:00,11.5,325,Completed,
T2848,D218,R2244,Bangalore,HSR Layout,Jayanagar,2023-10-20 05:53:00,2023-10-20 05:58:00,2023-10-20 06:17:00,6.6,151,Completed,
T2849,D262,R2311,Bangalore,Jayanagar,Koramangala,2023-10-11 21:11:00,,,0.0,0.0,Cancelled,Rider Cancelled
T2850,D186,R4527,Bangalore,Koramangala,Indiranagar,2023-10-15 13:46:00,2023-10-15 13:54:00,2023-10-15 15:17:00,22.6,549,Completed,
T2851,D229,R4576,Mumbai,Powai,Colaba,2023-10-30 23:38:00,2023-10-30 23:50:00,2023-10-31 00:08:00,4.7,164,Completed,
T2852,D266,R1022,Bangalore,Jayanagar,Koramangala,2023-10-04 17:22:00,2023-10-04 17:32:00,2023-10-04 18:19:00,13.6,368,Completed,
T2853,D346,R1530,Mumbai,Juhu,Colaba,2023-10-24 05:19:00,,,0.0,0.0,Cancelled,Rider Cancelled
T2854,D303,R1244,Mumbai,Powai,Juhu,2023-10-12 09:32:00,2023-10-12 09:38:00,2023-10-12 10:24:00,17.0,451,Completed,
T2855,D298,R4738,Delhi,Rohini,Dwarka,2023-10-03 05:22:00,,,0.0,0.0,Cancelled,Driver Cancelled
T2856,D325,R3919,Bangalore,Koramangala,HSR Layout,2023-10-15 15:58:00,2023-10-15 16:05:00,2023-10-15 16:18:00,3.8,115,Completed,
T2857,D172,R3076,Delhi,Dwarka,Vasant Kunj,2023-10-07 09:58:00,2023-10-07 10:09:00,2023-10-07 10:33:00,7.2,205,Completed,
T2858,D290,R4367,Mumbai,Colaba,Juhu,2023-10-04 06:20:00,2023-10-04 06:32:00,2023-10-04 06:55:00,6.6,201,Completed,
T2859,D162,R2886,Delhi,Dwarka,Connaught Place,2023-10-19 14:48:00,2023-10-19 14:54:00,2023-10-19 15:20:00,10.3,262,Completed,
T2860,D108,R4130,Delhi,Vasant Kunj,Connaught Place,2023-10-27 12:46:00,2023-10-27 12:54:00,2023-10-27 13:11:00,4.9,148,Completed,
T2861,D172,R4742,Delhi,Dwarka,Saket,2023-10-14 03:50:00,2023-10-14 04:01:00,2023-10-14 05:21:00,24.6,615,Completed,
T2862,D308,R1809,Mumbai,Juhu,Powai,2023-10-14 11:05:00,2023-10-14 11:09:00,2023-10-14 12:00:00,19.1,432,Completed,
T2863,D329,R4286,Bangalore,Indiranagar,Jayanagar,2023-10-23 01:00:00,2023-10-23 01:05:00,2023-10-23 02:10:00,24.4,539,Completed,
T2864,D133,R4473,Delhi,Saket,Dwarka,2023-10-17 07:00:00,2023-10-17 07:09:00,2023-10-17 07:29:00,6.8,175,Completed,
T2865,D308,R1842,Mumbai,Juhu,Powai,2023-10-14 06:05:00,2023-10-14 06:10:00,2023-10-14 07:04:00,14.5,296,Completed,
T2866,D144,R1815,Mumbai,Bandra,Colaba,2023-10-10 09:23:00,2023-10-10 09:32:00,2023-10-10 09:47:00,4.1,113,Completed,
T2867,D298,R3643,Delhi,Rohini,Dwarka,2023-10-07 07:47:00,2023-10-07 08:02:00,2023-10-07 09:35:00,24.7,563,Completed,
T2868,D149,R3131,Bangalore,HSR Layout,Whitefield,2023-10-14 17:19:00,2023-10-14 17:27:00,2023-10-14 18:18:00,17.2,469,Completed,
T2869,D293,R4768,Bangalore,HSR Layout,Koramangala,2023-10-25 23:47:00,2023-10-25 23:49:00,2023-10-26 00:38:00,16.9,420,Completed,
T2870,D189,R1785,Mumbai,Colaba,Bandra,2023-10-02 15:22:00,2023-10-02 15:27:00,2023-10-02 15:55:00,8.1,192,Completed,
T2871,D345,R2244,Delhi,Saket,Connaught Place,2023-10-11 10:42:00,2023-10-11 10:50:00,2023-10-11 10:57:00,2.5,91,Completed,
T2872,D224,R1567,Bangalore,Jayanagar,Koramangala,2023-10-25 06:17:00,2023-10-25 06:32:00,2023-10-25 07:34:00,18.0,438,Completed,
T2873,D270,R4892,Delhi,Dwarka,Vasant Kunj,2023-10-24 02:55:00,2023-10-24 03:04:00,2023-10-24 03:09:00,2.2,104,Completed,
T2874,D269,R2637,Delhi,Vasant Kunj,Saket,2023-10-30 14:15:00,2023-10-30 14:26:00,2023-10-30 15:28:00,20.4,426,Completed,
T2875,D167,R1344,Delhi,Rohini,Dwarka,2023-10-05 10:29:00,2023-10-05 10:40:00,2023-10-05 11:33:00,17.5,466,Completed,
T2876,D207,R3774,Bangalore,Indiranagar,HSR Layout,2023-10-12 04:14:00,,,0.0,0.0,Cancelled,Payment Issue
T2877,D199,R1975,Bangalore,Koramangala,Indiranagar,2023-10-22 13:17:00,2023-10-22 13:23:00,2023-10-22 13:54:00,10.5,288,Completed,
T2878,D268,R4951,Delhi,Saket,Vasant Kunj,2023-10-18 16:32:00,2023-10-18 16:35:00,2023-10-18 17:04:00,7.6,225,Completed,
T2879,D345,R2266,Delhi,Vasant Kunj,Connaught Place,2023-10-19 02:05:00,2023-10-19 02:11:00,2023-10-19 02:28:00,5.7,160,Completed,
T2880,D204,R1201,Bangalore,Whitefield,Jayanagar,2023-10-01 18:52:00,2023-10-01 19:02:00,2023-10-01 19:11:00,3.2,123,Completed,
T2881,D254,R2484,Bangalore,Jayanagar,HSR Layout,2023-10-21 19:04:00,2023-10-21 19:18:00,2023-10-21 20:28:00,18.4,497,Completed,
T2882,D194,R1180,Mumbai,Andheri,Bandra,2023-10-09 19:10:00,,,0.0,0.0,Cancelled,Driver Not Found
T2883,D139,R4123,Bangalore,HSR Layout,Whitefield,2023-10-05 18:44:00,2023-10-05 18:50:00,2023-10-05 19:34:00,17.6,440,Completed,
T2884,D122,R1607,Mumbai,Bandra,Colaba,2023-10-22 08:03:00,2023-10-22 08:14:00,2023-10-22 08:32:00,6.7,213,Completed,
T2885,D321,R2293,Mumbai,Colaba,Andheri,2023-10-15 17:46:00,2023-10-15 17:53:00,2023-10-15 18:41:00,12.9,346,Completed,
T2886,D256,R3602,Delhi,Vasant Kunj,Saket,2023-10-05 11:11:00,2023-10-05 11:16:00,2023-10-05 11:31:00,6.0,144,Completed,
T2887,D283,R3808,Mumbai,Powai,Colaba,2023-10-01 14:29:00,,,0.0,0.0,Cancelled,Rider Cancelled
T2888,D204,R1386,Bangalore,Whitefield,HSR Layout,2023-10-22 18:28:00,2023-10-22 18:38:00,2023-10-22 19:50:00,20.8,424,Completed,
T2889,D133,R3296,Delhi,Saket,Connaught Place,2023-10-24 01:43:00,2023-10-24 01:52:00,2023-10-24 02:35:00,12.1,337,Completed,
T2890,D155,R1667,Delhi,Vasant Kunj,Connaught Place,2023-10-03 02:33:00,2023-10-03 02:35:00,2023-10-03 03:23:00,13.9,288,Completed,
T2891,D333,R4675,Mumbai,Juhu,Colaba,2023-10-25 17:34:00,2023-10-25 17:38:00,2023-10-25 18:38:00,20.1,428,Completed,
T2892,D158,R4640,Mumbai,Andheri,Juhu,2023-10-12 00:15:00,2023-10-12 00:29:00,2023-10-12 01:01:00,8.7,236,Completed,
T2893,D342,R1225,Delhi,Saket,Connaught Place,2023-10-05 04:27:00,2023-10-05 04:31:00,2023-10-05 05:51:00,23.5,430,Completed,
T2894,D128,R4767,Delhi,Connaught Place,Saket,2023-10-15 13:32:00,2023-10-15 13:45:00,2023-10-15 14:12:00,9.5,241,Completed,
T2895,D332,R1626,Delhi,Saket,Rohini,2023-10-01 05:30:00,2023-10-01 05:38:00,2023-10-01 06:01:00,6.8,187,Completed,
T2896,D264,R3361,Delhi,Rohini,Connaught Place,2023-10-02 15:21:00,,,0.0,0.0,Cancelled,Rider Cancelled
T2897,D105,R3806,Bangalore,Jayanagar,HSR Layout,2023-10-04 12:37:00,2023-10-04 12:49:00,2023-10-04 13:15:00,10.5,287,Completed,
T2898,D236,R4648,Delhi,Dwarka,Connaught Place,2023-10-24 18:52:00,2023-10-24 19:02:00,2023-10-24 20:17:00,21.0,553,Completed,
T2899,D223,R1083,Bangalore,Indiranagar,Whitefield,2023-10-05 09:54:00,2023-10-05 09:58:00,2023-10-05 11:00:00,18.6,459,Completed,
T2900,D153,R2342,Mumbai,Bandra,Andheri,2023-10-26 07:40:00,2023-10-26 07:51:00,2023-10-26 08:52:00,17.9,479,Completed,
T2901,D203,R4364,Mumbai,Juhu,Powai,2023-10-23 15:11:00,2023-10-23 15:16:00,2023-10-23 15:26:00,3.9,119,Completed,
T2902,D179,R1375,Delhi,Dwarka,Rohini,2023-10-28 20:00:00,2023-10-28 20:12:00,2023-10-28 20:45:00,10.8,214,Completed,
T2903,D227,R1404,Mumbai,Powai,Bandra,2023-10-08 07:28:00,2023-10-08 07:36:00,2023-10-08 07:50:00,3.9,112,Completed,
T2904,D318,R2970,Bangalore,Jayanagar,Whitefield,2023-10-01 09:42:00,2023-10-01 09:54:00,2023-10-01 10:33:00,11.7,329,Completed,
T2905,D105,R2963,Bangalore,Whitefield,Indiranagar,2023-10-18 12:46:00,2023-10-18 12:57:00,2023-10-18 13:52:00,16.8,456,Completed,
T2906,D198,R2652,Delhi,Saket,Rohini,2023-10-10 21:10:00,2023-10-10 21:16:00,2023-10-10 22:08:00,13.9,394,Completed,
T2907,D270,R3986,Delhi,Saket,Connaught Place,2023-10-08 18:19:00,2023-10-08 18:21:00,2023-10-08 18:35:00,4.9,148,Completed,
T2908,D158,R1394,Mumbai,Juhu,Bandra,2023-10-26 15:31:00,2023-10-26 15:46:00,2023-10-26 16:48:00,20.2,529,Completed,
T2909,D242,R1866,Delhi,Rohini,Dwarka,2023-10-21 23:50:00,2023-10-21 23:52:00,2023-10-22 00:51:00,15.3,286,Completed,
T2910,D348,R4477,Bangalore,Indiranagar,Jayanagar,2023-10-07 21:39:00,2023-10-07 21:44:00,2023-10-07 22:02:00,6.5,207,Completed,
T2911,D271,R1444,Bangalore,Indiranagar,Jayanagar,2023-10-20 16:33:00,2023-10-20 16:41:00,2023-10-20 17:44:00,23.0,529,Completed,
T2912,D164,R1100,Bangalore,Koramangala,Indiranagar,2023-10-04 12:46:00,,,0.0,0.0,Cancelled,Driver Cancelled
T2913,D171,R1098,Delhi,Saket,Vasant Kunj,2023-10-13 13:27:00,2023-10-13 13:32:00,2023-10-13 13:51:00,5.3,174,Completed,
T2914,D200,R2537,Delhi,Dwarka,Saket,2023-10-09 14:41:00,2023-10-09 14:50:00,2023-10-09 15:55:00,23.2,419,Completed,
T2915,D150,R2485,Mumbai,Colaba,Powai,2023-10-28 19:59:00,2023-10-28 20:14:00,2023-10-28 20:45:00,10.2,242,Completed,
T2916,D253,R2305,Delhi,Dwarka,Connaught Place,2023-10-15 13:47:00,,,0.0,0.0,Cancelled,Rider Cancelled
T2917,D289,R1678,Bangalore,Whitefield,Koramangala,2023-10-16 16:34:00,2023-10-16 16:37:00,2023-10-16 16:56:00,5.0,150,Completed,
T2918,D262,R1736,Bangalore,Koramangala,Indiranagar,2023-10-01 14:25:00,2023-10-01 14:37:00,2023-10-01 15:15:00,13.9,263,Completed,
T2919,D168,R2034,Bangalore,Jayanagar,Whitefield,2023-10-24 23:41:00,2023-10-24 23:47:00,2023-10-25 00:31:00,14.2,379,Completed,
T2920,D298,R3238,Delhi,Vasant Kunj,Saket,2023-10-28 13:19:00,2023-10-28 13:33:00,2023-10-28 14:21:00,18.0,376,Completed,
T2921,D308,R4651,Mumbai,Bandra,Powai,2023-10-22 04:55:00,2023-10-22 05:10:00,2023-10-22 06:22:00,20.0,360,Completed,
T2922,D219,R4864,Bangalore,HSR Layout,Whitefield,2023-10-26 12:57:00,2023-10-26 13:00:00,2023-10-26 14:03:00,18.0,392,Completed,
T2923,D106,R1580,Mumbai,Colaba,Andheri,2023-10-14 00:41:00,2023-10-14 00:50:00,2023-10-14 02:00:00,19.2,385,Completed,
T2924,D226,R3650,Bangalore,HSR Layout,Whitefield,2023-10-23 04:45:00,2023-10-23 04:53:00,2023-10-23 05:32:00,11.6,295,Completed,
T2925,D124,R3447,Bangalore,Indiranagar,Whitefield,2023-10-14 14:05:00,2023-10-14 14:11:00,2023-10-14 14:47:00,10.5,305,Completed,
T2926,D106,R4971,Mumbai,Juhu,Colaba,2023-10-23 01:43:00,2023-10-23 01:50:00,2023-10-23 02:09:00,6.4,151,Completed,
T2927,D236,R4273,Delhi,Rohini,Saket,2023-10-24 01:54:00,2023-10-24 02:04:00,2023-10-24 03:12:00,17.9,333,Completed,
T2928,D184,R1346,Bangalore,Indiranagar,Jayanagar,2023-10-12 08:08:00,2023-10-12 08:12:00,2023-10-12 09:17:00,20.6,379,Completed,
T2929,D154,R2590,Mumbai,Colaba,Andheri,2023-10-02 12:09:00,2023-10-02 12:17:00,2023-10-02 13:00:00,13.6,304,Completed,
T2930,D119,R3669,Delhi,Saket,Rohini,2023-10-27 04:28:00,2023-10-27 04:38:00,2023-10-27 05:10:00,11.4,333,Completed,
T2931,D330,R2394,Delhi,Saket,Vasant Kunj,2023-10-13 03:20:00,2023-10-13 03:29:00,2023-10-13 04:03:00,13.1,303,Completed,
T2932,D198,R1737,Delhi,Rohini,Connaught Place,2023-10-08 13:44:00,2023-10-08 13:47:00,2023-10-08 15:01:00,22.3,496,Completed,
T2933,D292,R4225,Bangalore,Jayanagar,HSR Layout,2023-10-22 13:53:00,2023-10-22 14:00:00,2023-10-22 15:06:00,24.0,601,Completed,
T2934,D137,R2678,Mumbai,Juhu,Powai,2023-10-25 19:24:00,2023-10-25 19:36:00,2023-10-25 19:55:00,4.9,136,Completed,
T2935,D319,R3775,Bangalore,Jayanagar,Koramangala,2023-10-30 01:58:00,2023-10-30 02:04:00,2023-10-30 02:58:00,14.7,320,Completed,
T2936,D256,R2291,Delhi,Connaught Place,Vasant Kunj,2023-10-25 14:11:00,2023-10-25 14:21:00,2023-10-25 15:00:00,12.0,264,Completed,
T2937,D236,R2520,Delhi,Vasant Kunj,Rohini,2023-10-15 10:40:00,2023-10-15 10:45:00,2023-10-15 11:29:00,14.9,355,Completed,
T2938,D182,R1950,Bangalore,Koramangala,Jayanagar,2023-10-05 00:28:00,2023-10-05 00:36:00,2023-10-05 00:54:00,7.5,209,Completed,
T2939,D266,R4960,Bangalore,Indiranagar,Jayanagar,2023-10-13 11:13:00,2023-10-13 11:16:00,2023-10-13 11:47:00,11.7,271,Completed,
T2940,D187,R3247,Mumbai,Juhu,Powai,2023-10-28 09:12:00,2023-10-28 09:21:00,2023-10-28 09:52:00,7.8,213,Completed,
T2941,D249,R2348,Delhi,Connaught Place,Rohini,2023-10-25 03:28:00,2023-10-25 03:40:00,2023-10-25 04:22:00,11.6,316,Completed,
T2942,D256,R3830,Delhi,Rohini,Connaught Place,2023-10-29 06:20:00,2023-10-29 06:33:00,2023-10-29 06:56:00,5.9,153,Completed,
T2943,D318,R2279,Bangalore,Jayanagar,Indiranagar,2023-10-03 14:06:00,2023-10-03 14:09:00,2023-10-03 14:21:00,4.0,146,Completed,
T2944,D111,R4542,Mumbai,Powai,Juhu,2023-10-17 21:39:00,2023-10-17 21:42:00,2023-10-17 22:57:00,22.4,530,Completed,
T2945,D200,R2621,Delhi,Vasant Kunj,Connaught Place,2023-10-26 06:44:00,2023-10-26 06:50:00,2023-10-26 07:37:00,13.4,334,Completed,
T2946,D258,R1696,Mumbai,Andheri,Bandra,2023-10-11 14:07:00,2023-10-11 14:14:00,2023-10-11 15:08:00,21.7,421,Completed,
T2947,D200,R4339,Delhi,Vasant Kunj,Saket,2023-10-07 13:48:00,2023-10-07 13:59:00,2023-10-07 14:30:00,10.6,271,Completed,
T2948,D268,R1680,Delhi,Connaught Place,Rohini,2023-10-15 16:38:00,2023-10-15 16:49:00,2023-10-15 17:37:00,16.1,340,Completed,
T2949,D284,R1937,Mumbai,Powai,Bandra,2023-10-16 05:59:00,2023-10-16 06:10:00,2023-10-16 06:26:00,6.6,162,Completed,
T2950,D298,R3902,Delhi,Dwarka,Vasant Kunj,2023-10-22 15:22:00,2023-10-22 15:27:00,2023-10-22 16:32:00,21.6,458,Completed,
T2951,D289,R4611,Bangalore,Koramangala,HSR Layout,2023-10-18 16:04:00,2023-10-18 16:14:00,2023-10-18 17:38:00,22.1,582,Completed,
T2952,D108,R3827,Delhi,Vasant Kunj,Saket,2023-10-18 22:34:00,2023-10-18 22:42:00,2023-10-18 23:42:00,22.0,460,Completed,
T2953,D170,R1963,Bangalore,Indiranagar,HSR Layout,2023-10-18 04:22:00,2023-10-18 04:32:00,2023-10-18 04:59:00,9.1,193,Completed,
T2954,D226,R3199,Bangalore,Jayanagar,Whitefield,2023-10-27 08:04:00,2023-10-27 08:06:00,2023-10-27 08:18:00,4.0,124,Completed,
T2955,D346,R3847,Mumbai,Colaba,Juhu,2023-10-21 10:04:00,2023-10-21 10:06:00,2023-10-21 10:49:00,13.3,266,Completed,
T2956,D152,R3688,Bangalore,Koramangala,Whitefield,2023-10-17 23:34:00,2023-10-17 23:44:00,2023-10-18 01:07:00,21.2,531,Completed,
T2957,D114,R3084,Bangalore,Whitefield,Koramangala,2023-10-22 03:49:00,2023-10-22 03:58:00,2023-10-22 04:33:00,12.4,272,Completed,
T2958,D182,R1998,Bangalore,Whitefield,Jayanagar,2023-10-02 20:42:00,2023-10-02 20:48:00,2023-10-02 21:33:00,12.4,304,Completed,
T2959,D234,R3018,Mumbai,Andheri,Juhu,2023-10-04 15:05:00,2023-10-04 15:15:00,2023-10-04 15:55:00,14.6,400,Completed,
T2960,D119,R2015,Delhi,Dwarka,Connaught Place,2023-10-29 14:17:00,2023-10-29 14:20:00,2023-10-29 14:46:00,9.1,276,Completed,
T2961,D179,R1884,Delhi,Saket,Connaught Place,2023-10-23 05:42:00,,,0.0,0.0,Cancelled,Driver Not Found
T2962,D260,R2718,Bangalore,Whitefield,Jayanagar,2023-10-04 12:16:00,2023-10-04 12:20:00,2023-10-04 13:43:00,23.1,439,Completed,
T2963,D270,R2590,Delhi,Connaught Place,Vasant Kunj,2023-10-08 17:08:00,2023-10-08 17:14:00,2023-10-08 18:43:00,24.6,615,Completed,
T2964,D158,R4669,Mumbai,Bandra,Andheri,2023-10-19 22:05:00,2023-10-19 22:07:00,2023-10-19 23:33:00,24.4,556,Completed,
T2965,D290,R4554,Mumbai,Colaba,Andheri,2023-10-05 07:35:00,2023-10-05 07:49:00,2023-10-05 08:05:00,5.7,189,Completed,
T2966,D295,R1150,Bangalore,HSR Layout,Indiranagar,2023-10-24 20:41:00,2023-10-24 20:51:00,2023-10-24 21:07:00,4.8,138,Completed,
T2967,D310,R4802,Bangalore,Koramangala,HSR Layout,2023-10-24 21:14:00,2023-10-24 21:23:00,2023-10-24 22:30:00,20.3,408,Completed,
T2968,D203,R2844,Mumbai,Powai,Juhu,2023-10-25 00:59:00,,,0.0,0.0,Cancelled,Driver Cancelled
T2969,D234,R3155,Mumbai,Powai,Colaba,2023-10-18 22:02:00,2023-10-18 22:07:00,2023-10-18 22:28:00,6.5,163,Completed,
T2970,D274,R2113,Mumbai,Andheri,Juhu,2023-10-04 05:45:00,2023-10-04 05:58:00,2023-10-04 07:11:00,19.8,511,Completed,
T2971,D328,R3918,Mumbai,Juhu,Bandra,2023-10-19 22:53:00,2023-10-19 23:05:00,2023-10-20 00:18:00,18.5,403,Completed,
T2972,D276,R2038,Bangalore,Whitefield,HSR Layout,2023-10-03 14:38:00,2023-10-03 14:43:00,2023-10-03 15:32:00,18.7,357,Completed,
T2973,D325,R4060,Bangalore,Koramangala,Whitefield,2023-10-24 12:22:00,2023-10-24 12:36:00,2023-10-24 12:57:00,8.3,224,Completed,
T2974,D209,R3459,Bangalore,Indiranagar,Jayanagar,2023-10-15 07:55:00,2023-10-15 08:03:00,2023-10-15 09:03:00,23.7,452,Completed,
T2975,D114,R3782,Bangalore,HSR Layout,Koramangala,2023-10-12 21:00:00,2023-10-12 21:02:00,2023-10-12 21:39:00,14.2,398,Completed,
T2976,D208,R4929,Bangalore,Whitefield,HSR Layout,2023-10-16 07:38:00,2023-10-16 07:53:00,2023-10-16 08:11:00,6.4,152,Completed,
T2977,D282,R2714,Mumbai,Andheri,Juhu,2023-10-09 13:37:00,,,0.0,0.0,Cancelled,Driver Not Found
T2978,D143,R4394,Bangalore,Koramangala,HSR Layout,2023-10-03 05:21:00,2023-10-03 05:26:00,2023-10-03 06:52:00,24.8,496,Completed,
T2979,D197,R4422,Mumbai,Bandra,Colaba,2023-10-04 17:17:00,2023-10-04 17:24:00,2023-10-04 18:13:00,15.6,309,Completed,
T2980,D236,R2843,Delhi,Vasant Kunj,Dwarka,2023-10-25 10:32:00,2023-10-25 10:38:00,2023-10-25 11:23:00,18.1,467,Completed,
T2981,D300,R2326,Delhi,Saket,Rohini,2023-10-24 12:45:00,2023-10-24 12:51:00,2023-10-24 13:40:00,16.5,443,Completed,
T2982,D318,R4295,Bangalore,Whitefield,Koramangala,2023-10-21 09:33:00,2023-10-21 09:45:00,2023-10-21 10:16:00,10.9,276,Completed,
T2983,D144,R4511,Mumbai,Juhu,Andheri,2023-10-10 02:19:00,2023-10-10 02:27:00,2023-10-10 02:55:00,10.7,292,Completed,
T2984,D245,R3250,Delhi,Connaught Place,Rohini,2023-10-07 20:41:00,2023-10-07 20:53:00,2023-10-07 20:58:00,2.0,87,Completed,
T2985,D276,R2306,Bangalore,Whitefield,Jayanagar,2023-10-08 06:21:00,2023-10-08 06:35:00,2023-10-08 07:03:00,8.2,225,Completed,
T2986,D317,R4072,Bangalore,Jayanagar,HSR Layout,2023-10-10 02:03:00,2023-10-10 02:08:00,2023-10-10 03:33:00,24.5,458,Completed,
T2987,D162,R1284,Delhi,Dwarka,Connaught Place,2023-10-08 16:40:00,2023-10-08 16:53:00,2023-10-08 17:59:00,21.7,413,Completed,
T2988,D193,R2047,Mumbai,Colaba,Bandra,2023-10-25 06:10:00,2023-10-25 06:14:00,2023-10-25 07:11:00,18.8,419,Completed,
T2989,D105,R2602,Bangalore,Koramangala,Indiranagar,2023-10-25 05:26:00,,,0.0,0.0,Cancelled,Driver Cancelled
T2990,D244,R1775,Mumbai,Bandra,Juhu,2023-10-21 10:52:00,2023-10-21 11:02:00,2023-10-21 11:34:00,9.7,276,Completed,
T2991,D247,R4436,Bangalore,Whitefield,Koramangala,2023-10-24 16:15:00,2023-10-24 16:18:00,2023-10-24 16:43:00,6.5,158,Completed,
T2992,D233,R4628,Delhi,Saket,Vasant Kunj,2023-10-15 09:31:00,2023-10-15 09:44:00,2023-10-15 10:44:00,22.6,480,Completed,
T2993,D220,R4417,Mumbai,Bandra,Juhu,2023-10-30 13:23:00,2023-10-30 13:35:00,2023-10-30 13:53:00,6.0,196,Completed,
T2994,D217,R3190,Delhi,Rohini,Connaught Place,2023-10-18 20:26:00,2023-10-18 20:29:00,2023-10-18 21:32:00,21.6,455,Completed,
T2995,D160,R1717,Mumbai,Juhu,Bandra,2023-10-22 17:56:00,2023-10-22 18:09:00,2023-10-22 18:54:00,14.4,271,Completed,
T2996,D224,R4548,Bangalore,Indiranagar,Whitefield,2023-10-29 17:36:00,,,0.0,0.0,Cancelled,Driver Cancelled
T2997,D158,R2046,Mumbai,Powai,Andheri,2023-10-27 11:31:00,,,0.0,0.0,Cancelled,Driver Cancelled
T2998,D266,R3938,Bangalore,Indiranagar,Koramangala,2023-10-28 22:05:00,2023-10-28 22:07:00,2023-10-28 22:34:00,9.1,193,Completed,
T2999,D331,R4758,Delhi,Vasant Kunj,Connaught Place,2023-10-06 14:13:00,2023-10-06 14:21:00,2023-10-06 14:27:00,2.1,82,Completed,
T3000,D124,R3327,Bangalore,HSR Layout,Whitefield,2023-10-05 05:24:00,,2023-10-05 05:59:00,7.5,5000.0,Completed,
T3001,D217,R4014,Delhi,Connaught Place,Saket,2023-10-15 00:28:00,,,0.0,0.0,Cancelled,Rider Cancelled
T3002,D185,R2344,Delhi,Saket,Vasant Kunj,2023-10-12 01:50:00,,,0.0,0.0,Cancelled,Rider Cancelled
T3003,D239,R4147,Bangalore,Koramangala,Indiranagar,2023-10-19 04:41:00,2023-10-19 04:51:00,2023-10-19 05:33:00,16.1,387,Completed,
T3004,D347,R3942,Bangalore,Whitefield,Jayanagar,2023-10-03 08:11:00,2023-10-03 08:21:00,2023-10-03 09:23:00,20.6,537,Completed,
T3005,D254,R2255,Bangalore,Whitefield,Koramangala,2023-10-04 22:11:00,2023-10-04 22:18:00,2023-10-04 22:31:00,4.9,143,Completed,
T3006,D249,R3488,Delhi,Rohini,Connaught Place,2023-10-16 20:27:00,2023-10-16 20:39:00,2023-10-16 21:44:00,17.8,355,Completed,
T3007,D239,R2812,Bangalore,Whitefield,Koramangala,2023-10-09 13:20:00,2023-10-09 13:33:00,2023-10-09 14:38:00,21.1,368,Completed,
T3008,D110,R4432,Mumbai,Andheri,Powai,2023-10-16 12:11:00,,,0.0,0.0,Cancelled,Driver Cancelled
T3009,D223,R3564,Bangalore,Whitefield,Jayanagar,2023-10-11 03:57:00,2023-10-11 04:00:00,2023-10-11 04:08:00,3.0,105,Completed,
T3010,D202,R3984,Delhi,Vasant Kunj,Connaught Place,2023-10-22 05:35:00,2023-10-22 05:49:00,2023-10-22 07:00:00,23.4,570,Completed,
T3011,D213,R4590,Bangalore,Koramangala,Whitefield,2023-10-20 04:51:00,2023-10-20 05:00:00,2023-10-20 05:26:00,7.6,181,Completed,
T3012,D328,R2858,Mumbai,Andheri,Powai,2023-10-18 15:17:00,2023-10-18 15:22:00,2023-10-18 16:42:00,23.2,569,Completed,
T3013,D335,R3239,Delhi,Vasant Kunj,Dwarka,2023-10-24 17:42:00,2023-10-24 17:44:00,2023-10-24 18:00:00,4.2,128,Completed,
T3014,D305,R1099,Bangalore,Whitefield,Koramangala,2023-10-06 04:25:00,2023-10-06 04:33:00,2023-10-06 05:48:00,19.0,373,Completed,
T3015,D319,R3507,Bangalore,Koramangala,Whitefield,2023-10-13 14:32:00,2023-10-13 14:41:00,2023-10-13 14:54:00,3.7,114,Completed,
T3016,D177,R2689,Bangalore,HSR Layout,Indiranagar,2023-10-25 13:45:00,2023-10-25 13:50:00,2023-10-25 15:15:00,24.5,459,Completed,
T3017,D234,R2821,Mumbai,Colaba,Powai,2023-10-06 05:27:00,2023-10-06 05:32:00,2023-10-06 05:40:00,2.8,116,Completed,
T3018,D240,R2965,Bangalore,Indiranagar,Whitefield,2023-10-16 23:34:00,2023-10-16 23:49:00,2023-10-17 00:11:00,8.5,255,Completed,
T3019,D223,R1711,Bangalore,Koramangala,Indiranagar,2023-10-30 10:43:00,2023-10-30 10:49:00,2023-10-30 12:08:00,21.2,430,Completed,
T3020,D242,R4730,Delhi,Connaught Place,Saket,2023-10-21 01:36:00,2023-10-21 01:46:00,2023-10-21 02:33:00,13.0,285,Completed,
T3021,D325,R3193,Bangalore,Koramangala,Whitefield,2023-10-11 07:50:00,2023-10-11 07:56:00,2023-10-11 09:02:00,23.7,630,Completed,
T3022,D325,R4724,Bangalore,Indiranagar,Koramangala,2023-10-21 14:11:00,2023-10-21 14:18:00,2023-10-21 14:55:00,11.1,241,Completed,
T3023,D330,R1052,Delhi,Dwarka,Connaught Place,2023-10-18 03:17:00,2023-10-18 03:23:00,2023-10-18 04:18:00,16.2,305,Completed,
T3024,D315,R3154,Mumbai,Juhu,Powai,2023-10-26 21:46:00,2023-10-26 21:56:00,2023-10-26 22:22:00,7.8,203,Completed,
T3025,D159,R2846,Delhi,Dwarka,Connaught Place,2023-10-30 01:47:00,,,0.0,0.0,Cancelled,Driver Cancelled
T3026,D290,R4526,Mumbai,Bandra,Juhu,2023-10-28 19:18:00,,,0.0,0.0,Cancelled,Driver Cancelled
T3027,D222,R2717,Bangalore,Whitefield,Koramangala,2023-10-22 15:17:00,2023-10-22 15:31:00,2023-10-22 16:09:00,11.4,288,Completed,
T3028,D294,R2507,Delhi,Vasant Kunj,Dwarka,2023-10-17 00:25:00,2023-10-17 00:39:00,2023-10-17 00:44:00,2.3,86,Completed,
T3029,D203,R3834,Mumbai,Colaba,Juhu,2023-10-15 22:08:00,2023-10-15 22:13:00,2023-10-15 23:02:00,19.6,483,Completed,
T3030,D331,R1237,Delhi,Rohini,Dwarka,2023-10-08 08:45:00,2023-10-08 08:57:00,2023-10-08 10:02:00,24.1,429,Completed,
T3031,D108,R2427,Delhi,Saket,Vasant Kunj,2023-10-25 23:16:00,2023-10-25 23:22:00,2023-10-26 00:01:00,13.5,327,Completed,
T3032,D134,R2726,Mumbai,Juhu,Bandra,2023-10-28 14:14:00,2023-10-28 14:18:00,2023-10-28 15:39:00,24.3,630,Completed,
T3033,D156,R2982,Delhi,Saket,Connaught Place,2023-10-10 07:03:00,2023-10-10 07:16:00,2023-10-10 08:46:00,23.6,438,Completed,
T3034,D286,R4862,Mumbai,Colaba,Andheri,2023-10-18 10:19:00,,,0.0,0.0,Cancelled,Driver Cancelled
T3035,D122,R1444,Mumbai,Juhu,Bandra,2023-10-14 15:01:00,2023-10-14 15:04:00,2023-10-14 16:13:00,24.1,631,Completed,
T3036,D112,R2722,Delhi,Connaught Place,Saket,2023-10-26 04:21:00,2023-10-26 04:34:00,2023-10-26 05:26:00,16.0,416,Completed,
T3037,D227,R4775,Mumbai,Juhu,Colaba,2023-10-07 00:38:00,2023-10-07 00:47:00,2023-10-07 01:19:00,10.1,272,Completed,
T3038,D325,R1793,Bangalore,Whitefield,Indiranagar,2023-10-17 11:47:00,2023-10-17 11:55:00,2023-10-17 13:11:00,23.2,532,Completed,
T3039,D233,R2779,Delhi,Connaught Place,Dwarka,2023-10-16 20:42:00,2023-10-16 20:46:00,2023-10-16 21:36:00,16.4,386,Completed,
T3040,D106,R2849,Mumbai,Juhu,Powai,2023-10-22 19:02:00,2023-10-22 19:14:00,2023-10-22 19:51:00,14.5,339,Completed,
T3041,D272,R3285,Mumbai,Juhu,Powai,2023-10-07 11:21:00,2023-10-07 11:25:00,2023-10-07 12:47:00,21.8,550,Completed,
T3042,D221,R2473,Bangalore,Whitefield,Jayanagar,2023-10-07 04:10:00,2023-10-07 04:19:00,2023-10-07 04:50:00,11.6,303,Completed,
T3043,D183,R4286,Mumbai,Juhu,Bandra,2023-10-12 19:09:00,2023-10-12 19:23:00,2023-10-12 19:45:00,6.2,192,Completed,
T3044,D316,R2015,Bangalore,Jayanagar,Koramangala,2023-10-24 16:31:00,,,0.0,0.0,Cancelled,Driver Cancelled
T3045,D320,R4117,Bangalore,Jayanagar,Koramangala,2023-10-18 18:18:00,2023-10-18 18:33:00,2023-10-18 18:42:00,2.5,96,Completed,
T3046,D235,R4872,Bangalore,Jayanagar,HSR Layout,2023-10-10 13:08:00,2023-10-10 13:10:00,2023-10-10 13:43:00,9.1,193,Completed,
T3047,D326,R3899,Delhi,Vasant Kunj,Connaught Place,2023-10-01 17:09:00,2023-10-01 17:14:00,2023-10-01 17:28:00,4.5,125,Completed,
T3048,D243,R4171,Bangalore,Koramangala,Whitefield,2023-10-12 01:29:00,2023-10-12 01:43:00,2023-10-12 02:38:00,14.4,377,Completed,
T3049,D317,R1703,Bangalore,Indiranagar,HSR Layout,2023-10-10 10:07:00,2023-10-10 10:15:00,2023-10-10 11:39:00,21.3,400,Completed,
T3050,D286,R2117,Mumbai,Powai,Juhu,2023-10-07 15:42:00,2023-10-07 15:49:00,2023-10-07 16:54:00,24.6,493,Completed,
T3051,D348,R2675,Bangalore,HSR Layout,Whitefield,2023-10-19 19:01:00,2023-10-19 19:08:00,2023-10-19 20:06:00,22.7,455,Completed,
T3052,D235,R3242,Bangalore,Whitefield,Jayanagar,2023-10-13 03:08:00,2023-10-13 03:18:00,2023-10-13 03:50:00,10.2,266,Completed,
T3053,D195,R2972,Bangalore,HSR Layout,Koramangala,2023-10-14 00:10:00,2023-10-14 00:14:00,2023-10-14 00:28:00,4.4,116,Completed,
T3054,D293,R3718,Bangalore,Jayanagar,HSR Layout,2023-10-02 20:11:00,2023-10-02 20:16:00,2023-10-02 20:34:00,6.6,172,Completed,
T3055,D133,R4263,Delhi,Saket,Connaught Place,2023-10-02 19:55:00,2023-10-02 20:06:00,2023-10-02 20:46:00,13.5,281,Completed,
T3056,D219,R2653,Bangalore,Koramangala,Jayanagar,2023-10-26 18:09:00,2023-10-26 18:16:00,2023-10-26 19:53:00,25.0,464,Completed,
T3057,D160,R3443,Mumbai,Colaba,Andheri,2023-10-20 03:34:00,2023-10-20 03:39:00,2023-10-20 04:14:00,12.9,321,Completed,
T3058,D350,R2052,Delhi,Saket,Rohini,2023-10-09 02:57:00,2023-10-09 03:10:00,2023-10-09 04:12:00,20.3,533,Completed,
T3059,D295,R1371,Bangalore,Indiranagar,Koramangala,2023-10-05 17:31:00,2023-10-05 17:46:00,2023-10-05 18:26:00,14.0,279,Completed,
T3060,D308,R1725,Mumbai,Colaba,Juhu,2023-10-22 12:42:00,2023-10-22 12:47:00,2023-10-22 13:43:00,19.1,345,Completed,
T3061,D311,R1070,Mumbai,Bandra,Andheri,2023-10-24 22:06:00,2023-10-24 22:10:00,2023-10-24 23:26:00,24.8,468,Completed,
T3062,D232,R4167,Bangalore,Whitefield,Jayanagar,2023-10-01 13:48:00,2023-10-01 14:01:00,2023-10-01 14:21:00,6.2,182,Completed,
T3063,D275,R2079,Delhi,Rohini,Connaught Place,2023-10-23 16:22:00,2023-10-23 16:30:00,2023-10-23 17:35:00,16.7,416,Completed,
T3064,D337,R2599,Mumbai,Bandra,Juhu,2023-10-11 19:27:00,2023-10-11 19:35:00,2023-10-11 20:44:00,18.6,450,Completed,
T3065,D170,R1179,Bangalore,Indiranagar,Jayanagar,2023-10-27 09:16:00,,,0.0,0.0,Cancelled,Driver Cancelled
T3066,D154,R4131,Mumbai,Powai,Bandra,2023-10-01 14:50:00,2023-10-01 14:52:00,2023-10-01 15:11:00,7.5,218,Completed,
T3067,D282,R4966,Mumbai,Andheri,Juhu,2023-10-11 20:26:00,2023-10-11 20:39:00,2023-10-11 21:36:00,20.8,487,Completed,
T3068,D247,R4296,Bangalore,Whitefield,Koramangala,2023-10-11 00:16:00,2023-10-11 00:27:00,2023-10-11 00:46:00,5.8,142,Completed,
T3069,D280,R1871,Delhi,Rohini,Connaught Place,2023-10-21 23:31:00,2023-10-21 23:45:00,2023-10-22 00:55:00,19.9,529,Completed,
T3070,D244,R2151,Mumbai,Powai,Bandra,2023-10-02 13:02:00,2023-10-02 13:17:00,2023-10-02 13:37:00,6.8,190,Completed,
T3071,D224,R1756,Bangalore,Koramangala,HSR Layout,2023-10-22 21:37:00,2023-10-22 21:46:00,2023-10-22 22:39:00,20.1,470,Completed,
T3072,D271,R3069,Bangalore,Koramangala,Indiranagar,2023-10-19 20:47:00,2023-10-19 20:56:00,2023-10-19 21:45:00,18.7,442,Completed,
T3073,D276,R4273,Bangalore,Whitefield,Koramangala,2023-10-30 12:15:00,2023-10-30 12:25:00,2023-10-30 13:45:00,23.4,607,Completed,
T3074,D135,R2871,Mumbai,Andheri,Colaba,2023-10-10 07:05:00,2023-10-10 07:19:00,2023-10-10 07:43:00,6.8,218,Completed,
T3075,D124,R2131,Bangalore,Koramangala,Indiranagar,2023-10-17 21:06:00,2023-10-17 21:11:00,2023-10-17 22:24:00,24.4,656,Completed,
T3076,D212,R3860,Bangalore,Indiranagar,Whitefield,2023-10-01 02:25:00,2023-10-01 02:38:00,2023-10-01 03:11:00,12.3,331,Completed,
T3077,D194,R3727,Mumbai,Andheri,Juhu,2023-10-29 18:49:00,2023-10-29 18:57:00,2023-10-29 20:01:00,23.4,570,Completed,
T3078,D330,R4509,Delhi,Rohini,Saket,2023-10-02 04:51:00,2023-10-02 05:00:00,2023-10-02 05:57:00,20.2,513,Completed,
T3079,D192,R1792,Bangalore,Whitefield,Indiranagar,2023-10-23 01:59:00,2023-10-23 02:08:00,2023-10-23 02:46:00,12.0,285,Completed,
T3080,D159,R1060,Delhi,Dwarka,Vasant Kunj,2023-10-14 12:42:00,2023-10-14 12:56:00,2023-10-14 13:06:00,3.3,104,Completed,
T3081,D177,R4186,Bangalore,Whitefield,Koramangala,2023-10-02 21:13:00,2023-10-02 21:23:00,2023-10-02 22:02:00,11.6,230,Completed,
T3082,D294,R1625,Delhi,Saket,Connaught Place,2023-10-24 21:49:00,2023-10-24 22:00:00,2023-10-24 22:38:00,14.6,397,Completed,
T3083,D268,R1423,Delhi,Rohini,Vasant Kunj,2023-10-17 23:47:00,2023-10-17 23:49:00,2023-10-18 00:00:00,4.4,155,Completed,
T3084,D212,R3571,Bangalore,Indiranagar,Koramangala,2023-10-28 20:53:00,2023-10-28 21:03:00,2023-10-28 21:57:00,19.4,475,Completed,
T3085,D294,R1534,Delhi,Vasant Kunj,Connaught Place,2023-10-15 08:03:00,2023-10-15 08:05:00,2023-10-15 08:22:00,5.1,131,Completed,
T3086,D318,R3202,Bangalore,Whitefield,HSR Layout,2023-10-14 15:34:00,2023-10-14 15:48:00,2023-10-14 16:03:00,3.9,120,Completed,
T3087,D220,R4852,Mumbai,Bandra,Juhu,2023-10-07 22:26:00,2023-10-07 22:37:00,2023-10-07 23:27:00,19.2,387,Completed,
T3088,D163,R2660,Mumbai,Juhu,Colaba,2023-10-06 20:16:00,2023-10-06 20:22:00,2023-10-06 21:31:00,23.1,519,Completed,
T3089,D287,R1971,Mumbai,Powai,Andheri,2023-10-21 00:19:00,2023-10-21 00:29:00,2023-10-21 00:42:00,4.7,138,Completed,
T3090,D104,R1852,Delhi,Saket,Connaught Place,2023-10-09 05:08:00,2023-10-09 05:10:00,2023-10-09 06:24:00,22.7,426,Completed,
T3091,D262,R3705,Bangalore,Indiranagar,HSR Layout,2023-10-17 17:31:00,2023-10-17 17:36:00,2023-10-17 18:22:00,11.8,284,Completed,
T3092,D235,R4415,Bangalore,Whitefield,Indiranagar,2023-10-23 15:17:00,2023-10-23 15:31:00,2023-10-23 16:15:00,15.6,350,Completed,
T3093,D260,R2057,Bangalore,HSR Layout,Indiranagar,2023-10-09 21:26:00,2023-10-09 21:29:00,2023-10-09 22:04:00,9.4,231,Completed,
T3094,D256,R3506,Delhi,Rohini,Vasant Kunj,2023-10-12 05:49:00,2023-10-12 06:01:00,2023-10-12 06:08:00,2.1,97,Completed,
T3095,D317,R3016,Bangalore,HSR Layout,Koramangala,2023-10-22 04:02:00,,,0.0,0.0,Cancelled,Driver Cancelled
T3096,D205,R1805,Delhi,Rohini,Saket,2023-10-03 01:25:00,2023-10-03 01:33:00,2023-10-03 01:53:00,5.4,172,Completed,
T3097,D136,R1649,Delhi,Dwarka,Vasant Kunj,2023-10-28 06:01:00,,,0.0,0.0,Cancelled,Driver Not Found
T3098,D129,R3372,Bangalore,Indiranagar,HSR Layout,2023-10-30 20:54:00,2023-10-30 21:02:00,2023-10-30 22:06:00,16.9,325,Completed,
T3099,D348,R2820,Bangalore,Indiranagar,Koramangala,2023-10-28 08:29:00,2023-10-28 08:40:00,2023-10-28 09:02:00,8.0,231,Completed,
T3100,D280,R3250,Delhi,Dwarka,Connaught Place,2023-10-24 04:48:00,2023-10-24 05:03:00,2023-10-24 05:36:00,10.4,298,Completed,
T3101,D178,R1481,Bangalore,Koramangala,HSR Layout,2023-10-01 07:13:00,2023-10-01 07:22:00,2023-10-01 07:37:00,3.9,121,Completed,
T3102,D130,R4554,Bangalore,Whitefield,Jayanagar,2023-10-05 11:26:00,2023-10-05 11:28:00,2023-10-05 12:27:00,14.9,416,Completed,
T3103,D306,R3640,Mumbai,Colaba,Andheri,2023-10-12 23:36:00,2023-10-12 23:41:00,2023-10-13 00:33:00,15.2,323,Completed,
T3104,D272,R4049,Mumbai,Colaba,Bandra,2023-10-30 16:11:00,2023-10-30 16:14:00,2023-10-30 17:02:00,18.2,425,Completed,
T3105,D279,R2846,Mumbai,Andheri,Bandra,2023-10-22 06:50:00,2023-10-22 07:01:00,2023-10-22 08:28:00,23.3,491,Completed,
T3106,D243,R4515,Bangalore,Jayanagar,Koramangala,2023-10-04 10:59:00,2023-10-04 11:08:00,2023-10-04 12:31:00,24.2,647,Completed,
T3107,D184,R1290,Bangalore,Koramangala,Whitefield,2023-10-29 18:10:00,2023-10-29 18:24:00,2023-10-29 18:46:00,6.4,206,Completed,
T3108,D151,R4508,Delhi,Saket,Connaught Place,2023-10-13 19:56:00,2023-10-13 20:06:00,2023-10-13 21:03:00,16.0,327,Completed,
T3109,D311,R2023,Mumbai,Andheri,Colaba,2023-10-17 07:05:00,2023-10-17 07:19:00,2023-10-17 08:20:00,21.2,443,Completed,
T3110,D339,R4229,Bangalore,Indiranagar,Jayanagar,2023-10-07 08:27:00,,,0.0,0.0,Cancelled,Driver Cancelled
T3111,D102,R1808,Delhi,Saket,Vasant Kunj,2023-10-03 06:16:00,2023-10-03 06:26:00,2023-10-03 06:45:00,6.4,200,Completed,
T3112,D209,R1838,Bangalore,Indiranagar,Jayanagar,2023-10-06 02:53:00,2023-10-06 03:08:00,2023-10-06 03:44:00,11.0,285,Completed,
T3113,D154,R1494,Mumbai,Andheri,Juhu,2023-10-17 21:37:00,2023-10-17 21:39:00,2023-10-17 22:30:00,20.6,372,Completed,
T3114,D165,R1892,Delhi,Rohini,Saket,2023-10-22 15:43:00,2023-10-22 15:51:00,2023-10-22 17:08:00,23.7,471,Completed,
T3115,D193,R3971,Mumbai,Juhu,Bandra,2023-10-22 12:02:00,,,0.0,0.0,Cancelled,Driver Cancelled
T3116,D227,R2404,Mumbai,Juhu,Bandra,2023-10-03 09:14:00,2023-10-03 09:23:00,2023-10-03 10:35:00,21.8,455,Completed,
T3117,D116,R3172,Mumbai,Andheri,Juhu,2023-10-27 19:24:00,2023-10-27 19:33:00,2023-10-27 20:14:00,14.0,350,Completed,
T3118,D161,R4938,Bangalore,HSR Layout,Indiranagar,2023-10-10 09:14:00,2023-10-10 09:29:00,2023-10-10 09:57:00,11.0,220,Completed,
T3119,D133,R4477,Delhi,Vasant Kunj,Saket,2023-10-14 21:20:00,2023-10-14 21:31:00,2023-10-14 22:26:00,20.5,377,Completed,
T3120,D290,R3622,Mumbai,Juhu,Bandra,2023-10-10 11:39:00,2023-10-10 11:42:00,2023-10-10 11:58:00,5.2,162,Completed,
T3121,D107,R4059,Bangalore,Koramangala,Indiranagar,2023-10-08 00:25:00,2023-10-08 00:30:00,2023-10-08 01:14:00,16.5,336,Completed,
T3122,D112,R1544,Delhi,Saket,Rohini,2023-10-06 11:49:00,2023-10-06 12:00:00,2023-10-06 12:25:00,10.1,299,Completed,
T3123,D227,R4154,Mumbai,Bandra,Andheri,2023-10-10 01:33:00,2023-10-10 01:44:00,2023-10-10 02:30:00,13.0,297,Completed,
T3124,D126,R3324,Delhi,Connaught Place,Saket,2023-10-30 23:59:00,2023-10-31 00:08:00,2023-10-31 01:16:00,17.3,482,Completed,
T3125,D283,R1223,Mumbai,Andheri,Colaba,2023-10-08 22:02:00,2023-10-08 22:14:00,2023-10-08 22:24:00,3.9,123,Completed,
T3126,D198,R4273,Delhi,Rohini,Vasant Kunj,2023-10-03 10:30:00,2023-10-03 10:34:00,2023-10-03 11:12:00,14.9,386,Completed,
T3127,D164,R4950,Bangalore,Whitefield,Indiranagar,2023-10-16 23:19:00,2023-10-16 23:26:00,2023-10-17 00:17:00,13.8,365,Completed,
T3128,D176,R1731,Bangalore,Jayanagar,Whitefield,2023-10-28 19:56:00,2023-10-28 20:03:00,2023-10-28 21:13:00,21.1,430,Completed,
T3129,D177,R3421,Bangalore,Indiranagar,HSR Layout,2023-10-05 03:48:00,2023-10-05 04:02:00,2023-10-05 04:18:00,5.3,159,Completed,
T3130,D242,R4062,Delhi,Dwarka,Rohini,2023-10-13 11:57:00,2023-10-13 11:59:00,2023-10-13 12:06:00,2.4,101,Completed,
T3131,D284,R4517,Mumbai,Andheri,Juhu,2023-10-07 05:22:00,2023-10-07 05:32:00,2023-10-07 06:38:00,18.2,442,Completed,
T3132,D259,R1964,Delhi,Vasant Kunj,Saket,2023-10-15 22:47:00,,,0.0,0.0,Cancelled,Driver Cancelled
T3133,D203,R4730,Mumbai,Juhu,Colaba,2023-10-07 18:00:00,,,0.0,0.0,Cancelled,Payment Issue
T3134,D254,R2524,Bangalore,Indiranagar,HSR Layout,2023-10-20 02:31:00,2023-10-20 02:41:00,2023-10-20 03:14:00,12.4,286,Completed,
T3135,D308,R4332,Mumbai,Andheri,Juhu,2023-10-19 01:11:00,,,0.0,0.0,Cancelled,Driver Cancelled
T3136,D128,R4314,Delhi,Saket,Dwarka,2023-10-18 15:02:00,2023-10-18 15:14:00,2023-10-18 15:30:00,4.3,125,Completed,
T3137,D236,R1929,Delhi,Rohini,Vasant Kunj,2023-10-13 21:11:00,2023-10-13 21:17:00,2023-10-13 22:07:00,18.7,361,Completed,
T3138,D314,R3263,Mumbai,Colaba,Juhu,2023-10-12 20:21:00,,,0.0,0.0,Cancelled,Driver Not Found
T3139,D288,R3210,Mumbai,Bandra,Juhu,2023-10-06 13:41:00,2023-10-06 13:49:00,2023-10-06 14:19:00,12.0,336,Completed,
T3140,D313,R2828,Delhi,Vasant Kunj,Rohini,2023-10-01 23:19:00,2023-10-01 23:24:00,2023-10-01 23:54:00,11.9,314,Completed,
T3141,D138,R2438,Mumbai,Andheri,Colaba,2023-10-04 06:57:00,2023-10-04 07:06:00,2023-10-04 08:06:00,19.3,432,Completed,
T3142,D178,R1170,Bangalore,Koramangala,Indiranagar,2023-10-02 00:48:00,2023-10-02 00:56:00,2023-10-02 01:37:00,13.3,361,Completed,
T3143,D338,R2850,Mumbai,Juhu,Andheri,2023-10-07 22:33:00,2023-10-07 22:39:00,2023-10-07 23:38:00,19.9,493,Completed,
T3144,D308,R1133,Mumbai,Colaba,Juhu,2023-10-18 07:53:00,2023-10-18 08:00:00,2023-10-18 09:18:00,24.1,462,Completed,
T3145,D289,R1798,Bangalore,Whitefield,Indiranagar,2023-10-26 08:12:00,2023-10-26 08:20:00,2023-10-26 08:38:00,6.1,170,Completed,
T3146,D188,R3172,Mumbai,Colaba,Bandra,2023-10-15 13:24:00,2023-10-15 13:31:00,2023-10-15 14:13:00,11.8,319,Completed,
T3147,D305,R4193,Bangalore,Indiranagar,HSR Layout,2023-10-13 08:04:00,2023-10-13 08:11:00,2023-10-13 09:06:00,17.4,360,Completed,
T3148,D280,R1843,Delhi,Connaught Place,Saket,2023-10-27 03:12:00,2023-10-27 03:26:00,2023-10-27 03:43:00,4.6,147,Completed,
T3149,D340,R1858,Delhi,Saket,Rohini,2023-10-08 15:22:00,,,0.0,0.0,Cancelled,Driver Not Found
T3150,D336,R1891,Bangalore,HSR Layout,Koramangala,2023-10-26 16:41:00,2023-10-26 16:45:00,2023-10-26 17:30:00,11.7,294,Completed,
T3151,D136,R4605,Delhi,Dwarka,Vasant Kunj,2023-10-23 09:08:00,2023-10-23 09:22:00,2023-10-23 10:02:00,14.8,360,Completed,
T3152,D237,R3468,Bangalore,Koramangala,HSR Layout,2023-10-22 13:54:00,2023-10-22 14:02:00,2023-10-22 15:02:00,24.2,648,Completed,
T3153,D304,R4721,Delhi,Dwarka,Saket,2023-10-10 08:54:00,2023-10-10 09:01:00,2023-10-10 09:09:00,3.3,125,Completed,
T3154,D225,R1686,Mumbai,Powai,Andheri,2023-10-08 06:53:00,,,0.0,0.0,Cancelled,Driver Not Found
T3155,D276,R4887,Bangalore,Koramangala,HSR Layout,2023-10-16 22:57:00,2023-10-16 23:08:00,2023-10-16 23:17:00,2.5,90,Completed,
T3156,D335,R1519,Delhi,Dwarka,Saket,2023-10-04 08:22:00,2023-10-04 08:31:00,2023-10-04 09:46:00,19.0,421,Completed,
T3157,D291,R1084,Delhi,Vasant Kunj,Connaught Place,2023-10-15 10:14:00,2023-10-15 10:17:00,2023-10-15 11:53:00,24.8,604,Completed,
T3158,D134,R1397,Mumbai,Bandra,Powai,2023-10-30 14:18:00,2023-10-30 14:24:00,2023-10-30 15:35:00,18.7,453,Completed,
T3159,D245,R1108,Delhi,Connaught Place,Saket,2023-10-13 23:21:00,2023-10-13 23:29:00,2023-10-13 23:58:00,7.7,212,Completed,
T3160,D264,R1978,Delhi,Saket,Connaught Place,2023-10-26 20:44:00,2023-10-26 20:48:00,2023-10-26 22:13:00,22.3,519,Completed,
T3161,D158,R2388,Mumbai,Juhu,Bandra,2023-10-12 15:39:00,2023-10-12 15:43:00,2023-10-12 16:37:00,20.5,491,Completed,
T3162,D237,R1697,Bangalore,Indiranagar,Jayanagar,2023-10-10 02:13:00,2023-10-10 02:24:00,2023-10-10 03:11:00,17.9,493,Completed,
T3163,D149,R3139,Bangalore,HSR Layout,Whitefield,2023-10-12 00:20:00,2023-10-12 00:29:00,2023-10-12 01:06:00,9.6,285,Completed,
T3164,D310,R2791,Bangalore,HSR Layout,Whitefield,2023-10-05 15:18:00,2023-10-05 15:20:00,2023-10-05 16:09:00,19.6,504,Completed,
T3165,D134,R1126,Mumbai,Andheri,Bandra,2023-10-21 05:12:00,2023-10-21 05:23:00,2023-10-21 05:56:00,10.6,287,Completed,
T3166,D234,R2080,Mumbai,Andheri,Colaba,2023-10-04 07:39:00,2023-10-04 07:45:00,2023-10-04 07:53:00,3.1,122,Completed,
T3167,D140,R4840,Bangalore,Whitefield,Indiranagar,2023-10-20 02:15:00,2023-10-20 02:29:00,2023-10-20 03:30:00,19.3,528,Completed,
T3168,D261,R2985,Mumbai,Powai,Colaba,2023-10-24 20:55:00,2023-10-24 21:08:00,2023-10-24 22:33:00,21.8,462,Completed,
T3169,D347,R4119,Bangalore,Indiranagar,HSR Layout,2023-10-21 09:43:00,2023-10-21 09:52:00,2023-10-21 11:03:00,23.5,449,Completed,
T3170,D290,R1854,Mumbai,Colaba,Bandra,2023-10-22 09:53:00,,,0.0,0.0,Cancelled,Other
T3171,D310,R4357,Bangalore,HSR Layout,Indiranagar,2023-10-17 18:45:00,,,0.0,0.0,Cancelled,Payment Issue
T3172,D348,R2130,Bangalore,Jayanagar,HSR Layout,2023-10-06 16:29:00,2023-10-06 16:40:00,2023-10-06 16:53:00,4.3,123,Completed,
T3173,D159,R2436,Delhi,Dwarka,Connaught Place,2023-10-04 23:18:00,,,0.0,0.0,Cancelled,Driver Not Found
T3174,D276,R2633,Bangalore,HSR Layout,Jayanagar,2023-10-09 18:10:00,2023-10-09 18:17:00,2023-10-09 18:52:00,10.2,222,Completed,
T3175,D308,R4437,Mumbai,Powai,Andheri,2023-10-23 06:53:00,2023-10-23 07:07:00,2023-10-23 08:38:00,24.5,482,Completed,
T3176,D135,R1862,Mumbai,Colaba,Powai,2023-10-25 03:24:00,2023-10-25 03:33:00,2023-10-25 03:54:00,6.2,160,Completed,
T3177,D303,R3081,Mumbai,Juhu,Bandra,2023-10-05 21:51:00,,,0.0,0.0,Cancelled,Driver Not Found
T3178,D301,R3677,Bangalore,Jayanagar,HSR Layout,2023-10-11 07:51:00,2023-10-11 07:54:00,2023-10-11 08:32:00,10.6,265,Completed,
T3179,D220,R2721,Mumbai,Andheri,Powai,2023-10-10 21:00:00,2023-10-10 21:08:00,2023-10-10 21:40:00,8.7,238,Completed,
T3180,D313,R3791,Delhi,Dwarka,Rohini,2023-10-02 01:41:00,2023-10-02 01:44:00,2023-10-02 01:55:00,3.3,126,Completed,
T3181,D270,R3573,Delhi,Rohini,Connaught Place,2023-10-21 17:03:00,2023-10-21 17:12:00,2023-10-21 17:34:00,7.8,213,Completed,
T3182,D153,R2004,Mumbai,Bandra,Andheri,2023-10-04 11:08:00,2023-10-04 11:16:00,2023-10-04 11:58:00,12.0,304,Completed,
T3183,D201,R2339,Delhi,Connaught Place,Saket,2023-10-01 20:34:00,2023-10-01 20:45:00,2023-10-01 21:56:00,18.8,416,Completed,
T3184,D144,R1316,Mumbai,Powai,Juhu,2023-10-27 19:03:00,2023-10-27 19:05:00,2023-10-27 20:13:00,21.2,446,Completed,
T3185,D176,R1868,Bangalore,Whitefield,Koramangala,2023-10-26 17:15:00,2023-10-26 17:17:00,2023-10-26 17:54:00,13.3,287,Completed,
T3186,D292,R2954,Bangalore,Indiranagar,HSR Layout,2023-10-20 20:40:00,,,0.0,0.0,Cancelled,Driver Cancelled
T3187,D178,R2753,Bangalore,HSR Layout,Jayanagar,2023-10-28 08:46:00,2023-10-28 08:49:00,2023-10-28 09:50:00,22.5,425,Completed,
T3188,D319,R2899,Bangalore,Indiranagar,HSR Layout,2023-10-21 06:39:00,2023-10-21 06:48:00,2023-10-21 07:00:00,4.7,132,Completed,
T3189,D322,R1825,Bangalore,Indiranagar,Koramangala,2023-10-17 06:26:00,2023-10-17 06:35:00,2023-10-17 07:09:00,8.9,246,Completed,
T3190,D314,R2609,Mumbai,Juhu,Bandra,2023-10-26 06:13:00,2023-10-26 06:28:00,2023-10-26 07:48:00,22.1,509,Completed,
T3191,D108,R1364,Delhi,Rohini,Saket,2023-10-27 07:46:00,2023-10-27 07:59:00,2023-10-27 08:20:00,6.0,196,Completed,
T3192,D154,R3977,Mumbai,Andheri,Juhu,2023-10-09 01:25:00,2023-10-09 01:28:00,2023-10-09 02:15:00,15.3,326,Completed,
T3193,D248,R3005,Mumbai,Powai,Andheri,2023-10-16 18:02:00,2023-10-16 18:13:00,2023-10-16 18:26:00,4.8,131,Completed,
T3194,D219,R1121,Bangalore,Indiranagar,Koramangala,2023-10-20 07:13:00,2023-10-20 07:23:00,2023-10-20 08:19:00,14.2,354,Completed,
T3195,D102,R1603,Delhi,Rohini,Saket,2023-10-21 23:35:00,2023-10-21 23:49:00,2023-10-22 00:24:00,9.3,232,Completed,
T3196,D108,R2264,Delhi,Rohini,Connaught Place,2023-10-19 09:58:00,2023-10-19 10:05:00,2023-10-19 10:59:00,19.8,476,Completed,
T3197,D272,R1633,Mumbai,Juhu,Bandra,2023-10-24 06:59:00,2023-10-24 07:11:00,2023-10-24 07:34:00,7.8,190,Completed,
T3198,D138,R4862,Mumbai,Colaba,Juhu,2023-10-06 09:19:00,2023-10-06 09:30:00,2023-10-06 09:45:00,4.3,117,Completed,
T3199,D161,R2546,Bangalore,Whitefield,Koramangala,2023-10-30 08:47:00,2023-10-30 08:54:00,2023-10-30 10:20:00,23.0,602,Completed,
T3200,D329,R1164,Bangalore,Indiranagar,Whitefield,2023-10-30 11:26:00,2023-10-30 11:37:00,2023-10-30 12:06:00,9.9,213,Completed,
T3201,D319,R1513,Bangalore,Jayanagar,Koramangala,2023-10-25 06:40:00,2023-10-25 06:50:00,2023-10-25 07:02:00,3.7,106,Completed,
T3202,D249,R4246,Delhi,Vasant Kunj,Saket,2023-10-01 16:25:00,2023-10-01 16:35:00,2023-10-01 17:02:00,10.3,287,Completed,
T3203,D153,R4581,Mumbai,Bandra,Colaba,2023-10-22 09:11:00,2023-10-22 09:24:00,2023-10-22 10:38:00,20.6,409,Completed,
T3204,D245,R4650,Delhi,Vasant Kunj,Connaught Place,2023-10-12 20:11:00,2023-10-12 20:20:00,2023-10-12 21:00:00,12.7,306,Completed,
T3205,D197,R1041,Mumbai,Powai,Juhu,2023-10-11 16:50:00,2023-10-11 16:56:00,2023-10-11 17:40:00,16.5,378,Completed,
T3206,D140,R3476,Bangalore,Jayanagar,HSR Layout,2023-10-17 07:02:00,2023-10-17 07:11:00,2023-10-17 08:12:00,20.7,413,Completed,
T3207,D189,R3212,Mumbai,Powai,Colaba,2023-10-21 04:07:00,2023-10-21 04:10:00,2023-10-21 04:39:00,8.3,227,Completed,
T3208,D246,R1860,Delhi,Vasant Kunj,Dwarka,2023-10-07 19:06:00,2023-10-07 19:18:00,2023-10-07 19:31:00,5.3,148,Completed,
T3209,D256,R3112,Delhi,Rohini,Dwarka,2023-10-01 23:51:00,2023-10-01 23:57:00,2023-10-02 00:46:00,13.8,373,Completed,
T3210,D318,R3788,Bangalore,Jayanagar,Whitefield,2023-10-16 03:20:00,2023-10-16 03:27:00,2023-10-16 04:55:00,24.2,469,Completed,
T3211,D287,R1085,Mumbai,Andheri,Bandra,2023-10-27 13:25:00,2023-10-27 13:30:00,2023-10-27 13:46:00,4.2,136,Completed,
T3212,D273,R3211,Mumbai,Colaba,Juhu,2023-10-02 04:01:00,,,0.0,0.0,Cancelled,Rider Cancelled
T3213,D347,R1349,Bangalore,Jayanagar,Whitefield,2023-10-24 01:08:00,2023-10-24 01:10:00,2023-10-24 02:10:00,15.8,402,Completed,
T3214,D277,R2649,Mumbai,Juhu,Powai,2023-10-06 11:16:00,2023-10-06 11:22:00,2023-10-06 11:46:00,8.1,195,Completed,
T3215,D114,R4502,Bangalore,Whitefield,Jayanagar,2023-10-01 21:24:00,,,0.0,0.0,Cancelled,Driver Cancelled
T3216,D103,R2659,Delhi,Dwarka,Saket,2023-10-03 17:16:00,2023-10-03 17:24:00,2023-10-03 18:19:00,21.0,535,Completed,
T3217,D262,R4157,Bangalore,Whitefield,Koramangala,2023-10-26 02:51:00,2023-10-26 02:53:00,2023-10-26 03:14:00,8.1,208,Completed,
T3218,D160,R4954,Mumbai,Juhu,Powai,2023-10-12 08:32:00,2023-10-12 08:39:00,2023-10-12 08:58:00,5.0,136,Completed,
T3219,D237,R2455,Bangalore,Indiranagar,Whitefield,2023-10-03 07:16:00,2023-10-03 07:20:00,2023-10-03 08:03:00,15.2,289,Completed,
T3220,D237,R4079,Bangalore,HSR Layout,Indiranagar,2023-10-22 20:23:00,2023-10-22 20:25:00,2023-10-22 21:22:00,20.3,498,Completed,
T3221,D286,R4962,Mumbai,Bandra,Andheri,2023-10-22 16:35:00,2023-10-22 16:47:00,2023-10-22 17:46:00,18.5,420,Completed,
T3222,D152,R1317,Bangalore,Koramangala,HSR Layout,2023-10-29 05:44:00,2023-10-29 05:54:00,2023-10-29 07:07:00,19.2,390,Completed,
T3223,D150,R3719,Mumbai,Juhu,Andheri,2023-10-06 00:52:00,2023-10-06 01:06:00,2023-10-06 01:14:00,3.0,122,Completed,
T3224,D145,R4139,Bangalore,HSR Layout,Indiranagar,2023-10-12 03:00:00,2023-10-12 03:06:00,2023-10-12 04:38:00,23.7,434,Completed,
T3225,D153,R2540,Mumbai,Powai,Colaba,2023-10-12 14:43:00,2023-10-12 14:46:00,2023-10-12 15:43:00,15.7,383,Completed,
T3226,D131,R2555,Mumbai,Andheri,Powai,2023-10-06 00:42:00,2023-10-06 00:51:00,2023-10-06 01:54:00,21.0,369,Completed,
T3227,D228,R2334,Delhi,Vasant Kunj,Connaught Place,2023-10-20 15:12:00,2023-10-20 15:15:00,2023-10-20 15:57:00,14.3,305,Completed,
T3228,D303,R3557,Mumbai,Juhu,Bandra,2023-10-07 02:28:00,2023-10-07 02:41:00,2023-10-07 02:52:00,4.0,148,Completed,
T3229,D138,R3289,Mumbai,Powai,Colaba,2023-10-30 00:32:00,2023-10-30 00:46:00,2023-10-30 02:04:00,22.6,553,Completed,
T3230,D169,R1090,Bangalore,Koramangala,HSR Layout,2023-10-27 07:17:00,2023-10-27 07:29:00,2023-10-27 07:54:00,6.5,182,Completed,
T3231,D287,R3986,Mumbai,Colaba,Bandra,2023-10-06 00:23:00,2023-10-06 00:28:00,2023-10-06 01:15:00,15.0,369,Completed,
T3232,D137,R2174,Mumbai,Andheri,Powai,2023-10-28 12:29:00,2023-10-28 12:41:00,2023-10-28 13:15:00,11.8,296,Completed,
T3233,D137,R2026,Mumbai,Bandra,Powai,2023-10-10 19:16:00,2023-10-10 19:27:00,2023-10-10 20:35:00,20.8,528,Completed,
T3234,D241,R3728,Mumbai,Andheri,Colaba,2023-10-27 19:37:00,2023-10-27 19:42:00,2023-10-27 20:26:00,15.3,412,Completed,
T3235,D183,R2006,Mumbai,Powai,Colaba,2023-10-25 08:56:00,2023-10-25 09:04:00,2023-10-25 09:21:00,4.7,159,Completed,
T3236,D292,R1324,Bangalore,Indiranagar,Whitefield,2023-10-02 13:12:00,2023-10-02 13:19:00,2023-10-02 14:31:00,20.8,519,Completed,
T3237,D338,R1194,Mumbai,Juhu,Andheri,2023-10-19 08:55:00,2023-10-19 09:04:00,2023-10-19 09:20:00,5.0,152,Completed,
T3238,D237,R1604,Bangalore,Indiranagar,Whitefield,2023-10-30 15:56:00,2023-10-30 16:06:00,2023-10-30 16:29:00,8.5,237,Completed,
T3239,D329,R3973,Bangalore,Jayanagar,Indiranagar,2023-10-20 22:50:00,2023-10-20 22:54:00,2023-10-20 23:53:00,16.7,370,Completed,
T3240,D289,R3957,Bangalore,Whitefield,Indiranagar,2023-10-25 19:47:00,,,0.0,0.0,Cancelled,Payment Issue
T3241,D124,R4490,Bangalore,Koramangala,HSR Layout,2023-10-16 16:25:00,2023-10-16 16:40:00,2023-10-16 17:34:00,20.1,352,Completed,
T3242,D303,R2472,Mumbai,Colaba,Juhu,2023-10-28 11:24:00,2023-10-28 11:38:00,2023-10-28 12:26:00,16.7,421,Completed,
T3243,D212,R4724,Bangalore,Whitefield,Jayanagar,2023-10-23 13:06:00,2023-10-23 13:13:00,2023-10-23 14:03:00,19.6,450,Completed,
T3244,D133,R4113,Delhi,Vasant Kunj,Saket,2023-10-08 23:11:00,2023-10-08 23:25:00,2023-10-09 00:37:00,20.5,478,Completed,
T3245,D322,R2058,Bangalore,Indiranagar,HSR Layout,2023-10-17 05:50:00,2023-10-17 05:54:00,2023-10-17 07:01:00,21.9,386,Completed,
T3246,D174,R1092,Bangalore,Jayanagar,Koramangala,2023-10-17 09:30:00,2023-10-17 09:34:00,2023-10-17 10:39:00,23.7,642,Completed,
T3247,D183,R4770,Mumbai,Andheri,Colaba,2023-10-03 01:54:00,2023-10-03 02:02:00,2023-10-03 02:58:00,15.1,407,Completed,
T3248,D169,R4557,Bangalore,Whitefield,Koramangala,2023-10-30 14:34:00,2023-10-30 14:37:00,2023-10-30 15:23:00,12.4,319,Completed,
T3249,D219,R3116,Bangalore,Koramangala,HSR Layout,2023-10-24 23:03:00,2023-10-24 23:11:00,2023-10-25 00:16:00,19.8,499,Completed,
T3250,D248,R4300,Mumbai,Juhu,Powai,2023-10-28 12:27:00,,2023-10-28 13:36:00,19.5,466,Completed,
T3251,D113,R1462,Delhi,Connaught Place,Vasant Kunj,2023-10-19 01:52:00,2023-10-19 02:05:00,2023-10-19 02:57:00,19.7,417,Completed,
T3252,D234,R3212,Mumbai,Powai,Juhu,2023-10-22 17:26:00,2023-10-22 17:30:00,2023-10-22 18:12:00,11.6,293,Completed,
T3253,D296,R1874,Mumbai,Juhu,Andheri,2023-10-02 21:17:00,2023-10-02 21:29:00,2023-10-02 22:16:00,12.3,312,Completed,
T3254,D189,R3524,Mumbai,Bandra,Powai,2023-10-28 05:18:00,2023-10-28 05:32:00,2023-10-28 07:05:00,24.5,483,Completed,
T3255,D272,R4829,Mumbai,Colaba,Bandra,2023-10-03 02:14:00,2023-10-03 02:25:00,2023-10-03 03:39:00,19.0,376,Completed,
T3256,D302,R3902,Bangalore,Whitefield,Koramangala,2023-10-03 02:58:00,2023-10-03 03:06:00,2023-10-03 03:39:00,11.2,300,Completed,
T3257,D275,R4547,Delhi,Rohini,Saket,2023-10-24 05:46:00,2023-10-24 05:59:00,2023-10-24 06:53:00,14.4,329,Completed,
T3258,D128,R1012,Delhi,Rohini,Dwarka,2023-10-20 12:03:00,2023-10-20 12:18:00,2023-10-20 13:06:00,16.7,371,Completed,
T3259,D238,R3903,Mumbai,Colaba,Powai,2023-10-25 19:21:00,2023-10-25 19:34:00,2023-10-25 19:45:00,3.5,109,Completed,
T3260,D288,R2829,Mumbai,Bandra,Powai,2023-10-16 04:49:00,2023-10-16 04:57:00,2023-10-16 05:45:00,15.0,322,Completed,
T3261,D295,R4872,Bangalore,HSR Layout,Jayanagar,2023-10-20 03:47:00,2023-10-20 03:51:00,2023-10-20 03:57:00,2.0,95,Completed,
T3262,D218,R1847,Bangalore,Indiranagar,Koramangala,2023-10-12 01:46:00,2023-10-12 02:01:00,2023-10-12 03:06:00,22.4,473,Completed,
T3263,D155,R2977,Delhi,Dwarka,Connaught Place,2023-10-10 21:01:00,2023-10-10 21:09:00,2023-10-10 22:21:00,23.4,456,Completed,
T3264,D330,R2224,Delhi,Vasant Kunj,Connaught Place,2023-10-12 00:43:00,,,0.0,0.0,Cancelled,Driver Cancelled
T3265,D130,R2511,Bangalore,Indiranagar,Whitefield,2023-10-15 01:26:00,2023-10-15 01:33:00,2023-10-15 02:35:00,21.6,536,Completed,
T3266,D267,R1100,Mumbai,Bandra,Juhu,2023-10-01 16:25:00,2023-10-01 16:35:00,2023-10-01 17:01:00,9.3,262,Completed,
T3267,D229,R3428,Mumbai,Juhu,Colaba,2023-10-30 22:11:00,2023-10-30 22:16:00,2023-10-30 22:26:00,2.9,95,Completed,
T3268,D235,R2564,Bangalore,Whitefield,Koramangala,2023-10-29 11:27:00,2023-10-29 11:38:00,2023-10-29 12:21:00,11.6,337,Completed,
T3269,D148,R4401,Bangalore,Jayanagar,HSR Layout,2023-10-13 06:30:00,2023-10-13 06:45:00,2023-10-13 07:01:00,5.8,162,Completed,
T3270,D136,R4023,Delhi,Vasant Kunj,Rohini,2023-10-17 09:42:00,2023-10-17 09:46:00,2023-10-17 10:41:00,19.7,365,Completed,
T3271,D325,R4669,Bangalore,Koramangala,Indiranagar,2023-10-15 06:45:00,2023-10-15 06:50:00,2023-10-15 07:36:00,18.5,461,Completed,
T3272,D276,R1778,Bangalore,Whitefield,Jayanagar,2023-10-16 19:30:00,2023-10-16 19:38:00,2023-10-16 20:28:00,17.6,401,Completed,
T3273,D102,R1053,Delhi,Saket,Dwarka,2023-10-13 05:50:00,2023-10-13 05:55:00,2023-10-13 06:15:00,8.1,210,Completed,
T3274,D118,R2644,Delhi,Vasant Kunj,Dwarka,2023-10-07 06:37:00,2023-10-07 06:42:00,2023-10-07 07:13:00,9.7,279,Completed,
T3275,D118,R3189,Delhi,Vasant Kunj,Rohini,2023-10-17 10:45:00,2023-10-17 10:51:00,2023-10-17 11:15:00,9.1,193,Completed,
T3276,D199,R2301,Bangalore,HSR Layout,Whitefield,2023-10-08 22:53:00,2023-10-08 23:07:00,2023-10-08 23:47:00,11.1,311,Completed,
T3277,D233,R4348,Delhi,Vasant Kunj,Saket,2023-10-04 00:37:00,2023-10-04 00:48:00,2023-10-04 00:58:00,2.7,117,Completed,
T3278,D310,R4038,Bangalore,Indiranagar,Jayanagar,2023-10-02 06:14:00,2023-10-02 06:27:00,2023-10-02 06:39:00,3.7,141,Completed,
T3279,D225,R2750,Mumbai,Andheri,Juhu,2023-10-26 20:47:00,2023-10-26 21:00:00,2023-10-26 21:17:00,5.4,172,Completed,
T3280,D340,R2039,Delhi,Saket,Connaught Place,2023-10-27 04:15:00,2023-10-27 04:18:00,2023-10-27 04:43:00,8.3,205,Completed,
T3281,D315,R2676,Mumbai,Juhu,Powai,2023-10-04 18:19:00,2023-10-04 18:28:00,2023-10-04 19:38:00,22.8,501,Completed,
T3282,D261,R3290,Mumbai,Colaba,Juhu,2023-10-13 20:20:00,2023-10-13 20:32:00,2023-10-13 20:52:00,5.8,139,Completed,
T3283,D167,R3975,Delhi,Vasant Kunj,Connaught Place,2023-10-25 10:48:00,,,0.0,0.0,Cancelled,Driver Not Found
T3284,D194,R4495,Mumbai,Bandra,Juhu,2023-10-12 12:29:00,2023-10-12 12:44:00,2023-10-12 13:01:00,5.6,158,Completed,
T3285,D176,R4933,Bangalore,Jayanagar,Koramangala,2023-10-20 17:00:00,2023-10-20 17:11:00,2023-10-20 17:39:00,10.0,274,Completed,
T3286,D132,R4996,Mumbai,Powai,Colaba,2023-10-19 14:36:00,2023-10-19 14:42:00,2023-10-19 15:04:00,8.3,215,Completed,
T3287,D175,R3415,Mumbai,Andheri,Powai,2023-10-17 03:09:00,2023-10-17 03:12:00,2023-10-17 04:01:00,15.7,396,Completed,
T3288,D218,R4121,Bangalore,HSR Layout,Koramangala,2023-10-18 13:13:00,2023-10-18 13:28:00,2023-10-18 14:27:00,16.7,445,Completed,
T3289,D228,R3524,Delhi,Rohini,Saket,2023-10-15 02:00:00,2023-10-15 02:08:00,2023-10-15 02:52:00,17.5,400,Completed,
T3290,D182,R2438,Bangalore,Whitefield,Koramangala,2023-10-05 20:09:00,2023-10-05 20:19:00,2023-10-05 21:05:00,17.1,464,Completed,
T3291,D346,R2661,Mumbai,Powai,Bandra,2023-10-06 10:32:00,2023-10-06 10:41:00,2023-10-06 11:01:00,5.3,161,Completed,
T3292,D182,R2261,Bangalore,Koramangala,Indiranagar,2023-10-29 18:36:00,2023-10-29 18:50:00,2023-10-29 19:25:00,12.7,286,Completed,
T3293,D216,R4591,Mumbai,Colaba,Bandra,2023-10-03 03:02:00,2023-10-03 03:06:00,2023-10-03 03:46:00,13.6,324,Completed,
T3294,D291,R1301,Delhi,Connaught Place,Dwarka,2023-10-22 22:10:00,2023-10-22 22:13:00,2023-10-22 22:41:00,8.0,250,Completed,
T3295,D123,R1561,Bangalore,Jayanagar,HSR Layout,2023-10-27 22:15:00,2023-10-27 22:30:00,2023-10-27 23:54:00,22.8,416,Completed,
T3296,D240,R2893,Bangalore,Whitefield,HSR Layout,2023-10-12 22:25:00,2023-10-12 22:27:00,2023-10-12 23:30:00,22.9,596,Completed,
T3297,D274,R2574,Mumbai,Juhu,Colaba,2023-10-13 09:33:00,,,0.0,0.0,Cancelled,Rider Cancelled
T3298,D190,R4034,Bangalore,Whitefield,Jayanagar,2023-10-11 18:18:00,2023-10-11 18:22:00,2023-10-11 18:34:00,4.5,134,Completed,
T3299,D128,R4649,Delhi,Connaught Place,Saket,2023-10-30 09:32:00,,,0.0,0.0,Cancelled,Driver Cancelled
T3300,D222,R2071,Bangalore,Whitefield,HSR Layout,2023-10-06 16:26:00,2023-10-06 16:33:00,2023-10-06 17:23:00,17.2,318,Completed,
T3301,D116,R3147,Mumbai,Juhu,Andheri,2023-10-15 20:14:00,2023-10-15 20:18:00,2023-10-15 21:12:00,18.0,333,Completed,
T3302,D314,R2103,Mumbai,Bandra,Andheri,2023-10-21 21:37:00,,,0.0,0.0,Cancelled,Payment Issue
T3303,D120,R3123,Bangalore,Indiranagar,Koramangala,2023-10-22 00:25:00,,,0.0,0.0,Cancelled,Other
T3304,D154,R3722,Mumbai,Powai,Andheri,2023-10-30 17:31:00,2023-10-30 17:42:00,2023-10-30 18:16:00,11.5,269,Completed,
T3305,D176,R1859,Bangalore,Indiranagar,Jayanagar,2023-10-24 23:47:00,2023-10-24 23:51:00,2023-10-25 00:56:00,23.3,413,Completed,
T3306,D183,R2227,Mumbai,Juhu,Bandra,2023-10-02 23:08:00,2023-10-02 23:10:00,2023-10-02 23:55:00,16.7,454,Completed,
T3307,D234,R1017,Mumbai,Juhu,Colaba,2023-10-10 01:52:00,2023-10-10 02:01:00,2023-10-10 03:07:00,22.1,388,Completed,
T3308,D259,R2135,Delhi,Saket,Vasant Kunj,2023-10-23 01:10:00,,,0.0,0.0,Cancelled,Payment Issue
T3309,D193,R1108,Mumbai,Powai,Colaba,2023-10-10 15:27:00,2023-10-10 15:30:00,2023-10-10 16:04:00,11.1,255,Completed,
T3310,D333,R2261,Mumbai,Juhu,Andheri,2023-10-13 23:54:00,2023-10-14 00:08:00,2023-10-14 00:28:00,7.4,181,Completed,
T3311,D322,R2406,Bangalore,HSR Layout,Jayanagar,2023-10-16 13:43:00,2023-10-16 13:53:00,2023-10-16 14:38:00,13.4,375,Completed,
T3312,D141,R1043,Mumbai,Juhu,Andheri,2023-10-28 15:21:00,2023-10-28 15:31:00,2023-10-28 16:27:00,15.0,355,Completed,
T3313,D246,R2575,Delhi,Dwarka,Vasant Kunj,2023-10-16 05:01:00,2023-10-16 05:03:00,2023-10-16 05:08:00,2.3,92,Completed,
T3314,D166,R4226,Mumbai,Powai,Andheri,2023-10-02 13:12:00,2023-10-02 13:20:00,2023-10-02 14:25:00,16.5,421,Completed,
T3315,D177,R1584,Bangalore,Jayanagar,Whitefield,2023-10-09 15:40:00,,,0.0,0.0,Cancelled,Driver Cancelled
T3316,D149,R3023,Bangalore,Whitefield,Jayanagar,2023-10-06 23:06:00,2023-10-06 23:20:00,2023-10-06 23:58:00,13.1,302,Completed,
T3317,D346,R2472,Mumbai,Andheri,Bandra,2023-10-27 14:10:00,2023-10-27 14:15:00,2023-10-27 14:58:00,15.1,283,Completed,
T3318,D207,R1151,Bangalore,Indiranagar,HSR Layout,2023-10-30 19:58:00,,,0.0,0.0,Cancelled,Driver Cancelled
T3319,D162,R2173,Delhi,Dwarka,Rohini,2023-10-01 00:48:00,2023-10-01 00:53:00,2023-10-01 01:10:00,5.5,186,Completed,
T3320,D205,R2463,Delhi,Saket,Rohini,2023-10-25 14:07:00,2023-10-25 14:22:00,2023-10-25 14:38:00,6.2,182,Completed,
T3321,D333,R3837,Mumbai,Juhu,Powai,2023-10-16 15:24:00,,,0.0,0.0,Cancelled,Rider Cancelled
T3322,D285,R4940,Delhi,Dwarka,Vasant Kunj,2023-10-02 02:54:00,2023-10-02 02:58:00,2023-10-02 03:27:00,11.3,321,Completed,
T3323,D131,R3200,Mumbai,Bandra,Juhu,2023-10-25 23:55:00,2023-10-26 00:04:00,2023-10-26 00:59:00,15.9,355,Completed,
T3324,D194,R3781,Mumbai,Colaba,Andheri,2023-10-13 01:05:00,2023-10-13 01:19:00,2023-10-13 02:34:00,24.7,616,Completed,
T3325,D294,R4227,Delhi,Vasant Kunj,Saket,2023-10-23 09:38:00,2023-10-23 09:52:00,2023-10-23 10:51:00,20.3,508,Completed,
T3326,D227,R1239,Mumbai,Juhu,Powai,2023-10-19 16:10:00,2023-10-19 16:25:00,2023-10-19 17:02:00,11.4,329,Completed,
T3327,D251,R1119,Bangalore,Whitefield,Jayanagar,2023-10-21 20:39:00,2023-10-21 20:51:00,2023-10-21 21:47:00,15.5,388,Completed,
T3328,D207,R3823,Bangalore,Whitefield,Jayanagar,2023-10-15 18:12:00,2023-10-15 18:23:00,2023-10-15 19:26:00,20.5,541,Completed,
T3329,D292,R3318,Bangalore,HSR Layout,Koramangala,2023-10-20 05:23:00,2023-10-20 05:26:00,2023-10-20 05:35:00,2.6,112,Completed,
T3330,D119,R2531,Delhi,Dwarka,Vasant Kunj,2023-10-06 15:47:00,2023-10-06 16:00:00,2023-10-06 17:14:00,19.8,512,Completed,
T3331,D180,R4156,Bangalore,Indiranagar,Koramangala,2023-10-27 05:20:00,2023-10-27 05:22:00,2023-10-27 06:47:00,22.2,480,Completed,
T3332,D186,R4961,Bangalore,Whitefield,Jayanagar,2023-10-15 20:13:00,,,0.0,0.0,Cancelled,Rider Cancelled
T3333,D141,R3866,Mumbai,Andheri,Juhu,2023-10-13 07:03:00,2023-10-13 07:12:00,2023-10-13 08:06:00,18.9,362,Completed,
T3334,D195,R2980,Bangalore,Koramangala,Jayanagar,2023-10-20 06:12:00,,,0.0,0.0,Cancelled,Driver Cancelled
T3335,D293,R2168,Bangalore,Whitefield,Indiranagar,2023-10-22 20:14:00,,,0.0,0.0,Cancelled,Payment Issue
T3336,D151,R2090,Delhi,Connaught Place,Dwarka,2023-10-26 17:35:00,2023-10-26 17:41:00,2023-10-26 17:52:00,2.9,100,Completed,
T3337,D189,R4447,Mumbai,Powai,Juhu,2023-10-03 15:23:00,2023-10-03 15:36:00,2023-10-03 16:22:00,12.3,327,Completed,
T3338,D310,R3780,Bangalore,HSR Layout,Koramangala,2023-10-16 18:25:00,2023-10-16 18:40:00,2023-10-16 18:57:00,6.5,198,Completed,
T3339,D266,R2073,Bangalore,Koramangala,Indiranagar,2023-10-11 02:30:00,2023-10-11 02:44:00,2023-10-11 03:50:00,23.6,579,Completed,
T3340,D254,R1295,Bangalore,Koramangala,Jayanagar,2023-10-26 10:27:00,2023-10-26 10:37:00,2023-10-26 12:02:00,22.1,486,Completed,
T3341,D320,R3508,Bangalore,Koramangala,Indiranagar,2023-10-28 18:29:00,2023-10-28 18:36:00,2023-10-28 19:08:00,12.6,289,Completed,
T3342,D324,R3835,Mumbai,Powai,Juhu,2023-10-03 21:35:00,,,0.0,0.0,Cancelled,Driver Cancelled
T3343,D104,R3279,Delhi,Dwarka,Rohini,2023-10-14 14:22:00,2023-10-14 14:31:00,2023-10-14 15:00:00,9.2,261,Completed,
T3344,D139,R2627,Bangalore,HSR Layout,Indiranagar,2023-10-30 05:08:00,2023-10-30 05:11:00,2023-10-30 05:47:00,9.6,208,Completed,
T3345,D336,R2294,Bangalore,HSR Layout,Koramangala,2023-10-21 03:17:00,,,0.0,0.0,Cancelled,Driver Cancelled
T3346,D257,R3033,Mumbai,Bandra,Colaba,2023-10-24 21:08:00,2023-10-24 21:15:00,2023-10-24 22:12:00,23.0,454,Completed,
T3347,D327,R3522,Mumbai,Colaba,Andheri,2023-10-07 05:58:00,2023-10-07 06:01:00,2023-10-07 07:08:00,21.9,401,Completed,
T3348,D308,R3358,Mumbai,Powai,Colaba,2023-10-16 01:02:00,2023-10-16 01:09:00,2023-10-16 02:22:00,21.8,389,Completed,
T3349,D243,R2840,Bangalore,Jayanagar,Whitefield,2023-10-29 03:31:00,2023-10-29 03:38:00,2023-10-29 03:57:00,5.4,155,Completed,
T3350,D205,R4215,Delhi,Rohini,Connaught Place,2023-10-24 19:11:00,2023-10-24 19:22:00,2023-10-24 19:31:00,3.2,117,Completed,
T3351,D186,R3693,Bangalore,Indiranagar,Whitefield,2023-10-10 09:34:00,2023-10-10 09:48:00,2023-10-10 11:18:00,25.0,466,Completed,
T3352,D154,R1089,Mumbai,Andheri,Bandra,2023-10-25 04:20:00,2023-10-25 04:34:00,2023-10-25 05:57:00,22.7,526,Completed,
T3353,D157,R4080,Mumbai,Andheri,Juhu,2023-10-09 10:08:00,2023-10-09 10:23:00,2023-10-09 11:18:00,15.2,368,Completed,
T3354,D159,R2880,Delhi,Rohini,Connaught Place,2023-10-25 07:09:00,2023-10-25 07:20:00,2023-10-25 08:06:00,11.9,280,Completed,
T3355,D141,R3728,Mumbai,Andheri,Powai,2023-10-07 13:59:00,2023-10-07 14:03:00,2023-10-07 15:04:00,15.5,437,Completed,
T3356,D204,R4476,Bangalore,HSR Layout,Koramangala,2023-10-22 23:31:00,2023-10-22 23:38:00,2023-10-22 23:54:00,4.7,146,Completed,
T3357,D154,R2023,Mumbai,Colaba,Bandra,2023-10-30 18:24:00,,,0.0,0.0,Cancelled,Rider Cancelled
T3358,D139,R3085,Bangalore,Indiranagar,HSR Layout,2023-10-16 16:32:00,2023-10-16 16:40:00,2023-10-16 17:29:00,19.7,500,Completed,
T3359,D314,R1954,Mumbai,Powai,Colaba,2023-10-08 00:34:00,2023-10-08 00:40:00,2023-10-08 00:54:00,4.4,133,Completed,
T3360,D146,R1949,Delhi,Saket,Connaught Place,2023-10-03 23:52:00,2023-10-04 00:01:00,2023-10-04 01:04:00,18.8,438,Completed,
T3361,D339,R1827,Bangalore,HSR Layout,Koramangala,2023-10-08 10:07:00,2023-10-08 10:17:00,2023-10-08 10:44:00,9.0,203,Completed,
T3362,D121,R1916,Mumbai,Powai,Juhu,2023-10-09 12:35:00,2023-10-09 12:39:00,2023-10-09 13:48:00,18.6,480,Completed,
T3363,D299,R4802,Delhi,Saket,Rohini,2023-10-30 17:22:00,2023-10-30 17:28:00,2023-10-30 17:37:00,3.4,110,Completed,
T3364,D287,R2741,Mumbai,Juhu,Powai,2023-10-15 10:32:00,2023-10-15 10:36:00,2023-10-15 11:12:00,14.1,285,Completed,
T3365,D295,R2467,Bangalore,Jayanagar,Koramangala,2023-10-12 09:25:00,2023-10-12 09:35:00,2023-10-12 10:03:00,11.1,311,Completed,
T3366,D321,R1129,Mumbai,Bandra,Juhu,2023-10-28 20:55:00,2023-10-28 21:02:00,2023-10-28 21:27:00,8.6,207,Completed,
T3367,D325,R1838,Bangalore,HSR Layout,Whitefield,2023-10-16 22:52:00,2023-10-16 22:57:00,2023-10-16 23:39:00,13.3,371,Completed,
T3368,D295,R3072,Bangalore,Whitefield,HSR Layout,2023-10-30 02:56:00,2023-10-30 03:05:00,2023-10-30 03:23:00,5.2,135,Completed,
T3369,D105,R3376,Bangalore,Indiranagar,Whitefield,2023-10-15 13:50:00,2023-10-15 14:04:00,2023-10-15 15:11:00,22.6,444,Completed,
T3370,D141,R2702,Mumbai,Andheri,Colaba,2023-10-30 05:31:00,2023-10-30 05:37:00,2023-10-30 06:08:00,8.8,244,Completed,
T3371,D210,R4244,Mumbai,Bandra,Powai,2023-10-23 02:43:00,2023-10-23 02:50:00,2023-10-23 03:05:00,4.8,140,Completed,
T3372,D291,R2017,Delhi,Saket,Connaught Place,2023-10-12 11:48:00,,,0.0,0.0,Cancelled,Driver Cancelled
T3373,D280,R1846,Delhi,Saket,Vasant Kunj,2023-10-21 20:01:00,2023-10-21 20:16:00,2023-10-21 21:21:00,21.4,579,Completed,
T3374,D138,R4459,Mumbai,Juhu,Powai,2023-10-26 20:04:00,2023-10-26 20:06:00,2023-10-26 20:19:00,4.0,133,Completed,
T3375,D256,R2723,Delhi,Connaught Place,Vasant Kunj,2023-10-13 10:39:00,2023-10-13 10:52:00,2023-10-13 11:05:00,3.9,123,Completed,
T3376,D334,R2260,Bangalore,Koramangala,HSR Layout,2023-10-26 10:26:00,2023-10-26 10:30:00,2023-10-26 10:45:00,4.3,132,Completed,
T3377,D219,R3075,Bangalore,Whitefield,Jayanagar,2023-10-08 08:16:00,2023-10-08 08:29:00,2023-10-08 09:44:00,19.0,418,Completed,
T3378,D161,R3729,Bangalore,Whitefield,HSR Layout,2023-10-07 11:06:00,,,0.0,0.0,Cancelled,Driver Not Found
T3379,D114,R2402,Bangalore,Whitefield,Jayanagar,2023-10-21 12:37:00,2023-10-21 12:43:00,2023-10-21 13:25:00,13.8,388,Completed,
T3380,D233,R4157,Delhi,Dwarka,Saket,2023-10-20 11:07:00,,,0.0,0.0,Cancelled,Driver Cancelled
T3381,D208,R1333,Bangalore,Jayanagar,HSR Layout,2023-10-12 14:26:00,2023-10-12 14:38:00,2023-10-12 15:25:00,14.2,288,Completed,
T3382,D258,R3632,Mumbai,Bandra,Juhu,2023-10-09 17:56:00,2023-10-09 18:03:00,2023-10-09 18:23:00,7.4,221,Completed,
T3383,D157,R1598,Mumbai,Andheri,Colaba,2023-10-30 06:51:00,2023-10-30 07:06:00,2023-10-30 08:29:00,23.8,568,Completed,
T3384,D295,R4648,Bangalore,HSR Layout,Indiranagar,2023-10-06 15:20:00,,,0.0,0.0,Cancelled,Driver Not Found
T3385,D255,R1502,Mumbai,Andheri,Bandra,2023-10-12 16:51:00,2023-10-12 17:03:00,2023-10-12 18:11:00,20.1,392,Completed,
T3386,D315,R4034,Mumbai,Powai,Bandra,2023-10-02 21:22:00,2023-10-02 21:33:00,2023-10-02 22:30:00,17.8,478,Completed,
T3387,D310,R3986,Bangalore,Koramangala,Whitefield,2023-10-17 05:11:00,2023-10-17 05:24:00,2023-10-17 06:08:00,14.8,373,Completed,
T3388,D115,R4756,Delhi,Saket,Connaught Place,2023-10-30 14:01:00,2023-10-30 14:15:00,2023-10-30 14:40:00,6.8,183,Completed,
T3389,D113,R1229,Delhi,Dwarka,Connaught Place,2023-10-05 06:40:00,2023-10-05 06:55:00,2023-10-05 07:23:00,9.1,218,Completed,
T3390,D201,R2631,Delhi,Vasant Kunj,Saket,2023-10-14 04:28:00,2023-10-14 04:38:00,2023-10-14 05:36:00,15.0,330,Completed,
T3391,D311,R3415,Mumbai,Powai,Bandra,2023-10-07 03:21:00,2023-10-07 03:24:00,2023-10-07 04:11:00,12.5,265,Completed,
T3392,D175,R4551,Mumbai,Powai,Andheri,2023-10-21 01:08:00,2023-10-21 01:15:00,2023-10-21 02:34:00,21.3,519,Completed,
T3393,D144,R1654,Mumbai,Colaba,Juhu,2023-10-28 05:59:00,2023-10-28 06:06:00,2023-10-28 06:34:00,7.4,211,Completed,
T3394,D330,R2465,Delhi,Rohini,Dwarka,2023-10-29 14:47:00,2023-10-29 15:02:00,2023-10-29 16:08:00,19.8,395,Completed,
T3395,D327,R3953,Mumbai,Bandra,Andheri,2023-10-09 05:27:00,2023-10-09 05:30:00,2023-10-09 06:52:00,22.5,555,Completed,
T3396,D309,R3177,Mumbai,Juhu,Andheri,2023-10-20 23:12:00,2023-10-20 23:18:00,2023-10-20 23:30:00,3.7,136,Completed,
T3397,D222,R1283,Bangalore,Jayanagar,Koramangala,2023-10-04 00:40:00,2023-10-04 00:49:00,2023-10-04 01:17:00,8.7,243,Completed,
T3398,D263,R1627,Bangalore,Jayanagar,Koramangala,2023-10-17 11:20:00,2023-10-17 11:26:00,2023-10-17 11:33:00,2.1,90,Completed,
T3399,D116,R1121,Mumbai,Colaba,Bandra,2023-10-15 11:16:00,2023-10-15 11:21:00,2023-10-15 11:41:00,7.6,238,Completed,
T3400,D337,R1138,Mumbai,Colaba,Bandra,2023-10-22 22:48:00,2023-10-22 22:57:00,2023-10-22 23:54:00,21.2,548,Completed,
T3401,D221,R4181,Bangalore,HSR Layout,Indiranagar,2023-10-30 01:00:00,,,0.0,0.0,Cancelled,Payment Issue
T3402,D283,R4701,Mumbai,Colaba,Juhu,2023-10-29 05:56:00,2023-10-29 06:00:00,2023-10-29 06:39:00,15.6,291,Completed,
T3403,D261,R3075,Mumbai,Juhu,Andheri,2023-10-15 08:44:00,2023-10-15 08:52:00,2023-10-15 09:58:00,19.1,393,Completed,
T3404,D332,R2920,Delhi,Vasant Kunj,Connaught Place,2023-10-11 13:07:00,2023-10-11 13:10:00,2023-10-11 14:38:00,22.2,530,Completed,
T3405,D269,R1621,Delhi,Dwarka,Saket,2023-10-09 04:15:00,2023-10-09 04:24:00,2023-10-09 05:32:00,19.6,440,Completed,
T3406,D166,R3082,Mumbai,Bandra,Colaba,2023-10-20 12:39:00,2023-10-20 12:43:00,2023-10-20 13:11:00,9.9,202,Completed,
T3407,D180,R2028,Bangalore,Indiranagar,Whitefield,2023-10-12 02:40:00,2023-10-12 02:53:00,2023-10-12 03:09:00,6.4,180,Completed,
T3408,D280,R4522,Delhi,Saket,Vasant Kunj,2023-10-06 11:08:00,2023-10-06 11:17:00,2023-10-06 11:43:00,10.4,225,Completed,
T3409,D106,R4343,Mumbai,Juhu,Powai,2023-10-15 10:36:00,2023-10-15 10:51:00,2023-10-15 11:30:00,13.4,274,Completed,
T3410,D167,R2368,Delhi,Rohini,Vasant Kunj,2023-10-01 21:17:00,,,0.0,0.0,Cancelled,Other
T3411,D193,R4465,Mumbai,Juhu,Andheri,2023-10-26 17:26:00,2023-10-26 17:40:00,2023-10-26 18:46:00,22.9,579,Completed,
T3412,D185,R1757,Delhi,Saket,Vasant Kunj,2023-10-15 09:10:00,2023-10-15 09:19:00,2023-10-15 09:33:00,4.0,133,Completed,
T3413,D207,R4872,Bangalore,Indiranagar,Jayanagar,2023-10-20 18:28:00,2023-10-20 18:41:00,2023-10-20 19:47:00,19.3,392,Completed,
T3414,D223,R4769,Bangalore,Jayanagar,Indiranagar,2023-10-09 03:59:00,2023-10-09 04:10:00,2023-10-09 04:39:00,11.0,251,Completed,
T3415,D141,R3597,Mumbai,Colaba,Powai,2023-10-24 01:15:00,2023-10-24 01:26:00,2023-10-24 02:48:00,21.5,386,Completed,
T3416,D102,R3219,Delhi,Connaught Place,Vasant Kunj,2023-10-15 05:12:00,2023-10-15 05:16:00,2023-10-15 06:05:00,16.6,411,Completed,
T3417,D175,R4343,Mumbai,Bandra,Juhu,2023-10-01 11:45:00,2023-10-01 11:54:00,2023-10-01 12:21:00,8.6,189,Completed,
T3418,D226,R2207,Bangalore,Koramangala,HSR Layout,2023-10-02 09:31:00,2023-10-02 09:41:00,2023-10-02 10:35:00,21.1,447,Completed,
T3419,D311,R4648,Mumbai,Bandra,Colaba,2023-10-16 11:50:00,2023-10-16 11:59:00,2023-10-16 12:20:00,6.9,157,Completed,
T3420,D163,R4514,Mumbai,Juhu,Bandra,2023-10-27 00:04:00,2023-10-27 00:07:00,2023-10-27 00:34:00,8.7,248,Completed,
T3421,D258,R4891,Mumbai,Andheri,Colaba,2023-10-14 10:08:00,,,0.0,0.0,Cancelled,Rider Cancelled
T3422,D132,R3635,Mumbai,Colaba,Powai,2023-10-08 10:36:00,2023-10-08 10:40:00,2023-10-08 11:40:00,17.4,440,Completed,
T3423,D270,R3163,Delhi,Saket,Vasant Kunj,2023-10-03 22:30:00,2023-10-03 22:38:00,2023-10-03 23:56:00,23.0,443,Completed,
T3424,D165,R1568,Delhi,Dwarka,Connaught Place,2023-10-12 08:07:00,,,0.0,0.0,Cancelled,Payment Issue
T3425,D196,R4692,Delhi,Vasant Kunj,Dwarka,2023-10-01 11:10:00,2023-10-01 11:25:00,2023-10-01 11:56:00,11.8,234,Completed,
T3426,D195,R1163,Bangalore,Koramangala,Jayanagar,2023-10-25 13:40:00,2023-10-25 13:50:00,2023-10-25 14:56:00,21.9,560,Completed,
T3427,D211,R3844,Mumbai,Powai,Bandra,2023-10-05 12:56:00,2023-10-05 13:02:00,2023-10-05 13:59:00,17.4,469,Completed,
T3428,D164,R3918,Bangalore,Jayanagar,Whitefield,2023-10-29 01:06:00,2023-10-29 01:10:00,2023-10-29 01:57:00,14.4,390,Completed,
T3429,D169,R2501,Bangalore,Koramangala,Indiranagar,2023-10-15 14:36:00,2023-10-15 14:51:00,2023-10-15 16:00:00,19.1,464,Completed,
T3430,D323,R1155,Delhi,Dwarka,Vasant Kunj,2023-10-01 23:33:00,2023-10-01 23:41:00,2023-10-01 23:54:00,4.3,119,Completed,
T3431,D328,R3467,Mumbai,Andheri,Powai,2023-10-09 03:54:00,2023-10-09 03:56:00,2023-10-09 05:15:00,24.2,450,Completed,
T3432,D282,R3111,Mumbai,Bandra,Powai,2023-10-26 15:07:00,2023-10-26 15:16:00,2023-10-26 15:35:00,6.3,158,Completed,
T3433,D326,R1215,Delhi,Vasant Kunj,Rohini,2023-10-16 00:14:00,2023-10-16 00:17:00,2023-10-16 00:53:00,9.1,250,Completed,
T3434,D316,R1335,Bangalore,Koramangala,Indiranagar,2023-10-05 01:16:00,,,0.0,0.0,Cancelled,Driver Not Found
T3435,D187,R4190,Mumbai,Juhu,Powai,2023-10-16 19:17:00,2023-10-16 19:21:00,2023-10-16 20:34:00,19.1,372,Completed,
T3436,D270,R2590,Delhi,Rohini,Saket,2023-10-07 22:55:00,2023-10-07 23:10:00,2023-10-07 23:44:00,13.6,364,Completed,
T3437,D112,R4470,Delhi,Saket,Dwarka,2023-10-16 19:52:00,2023-10-16 19:57:00,2023-10-16 21:09:00,20.7,564,Completed,
T3438,D172,R1266,Delhi,Connaught Place,Vasant Kunj,2023-10-01 09:58:00,2023-10-01 10:08:00,2023-10-01 10:26:00,4.9,132,Completed,
T3439,D320,R1522,Bangalore,Indiranagar,Koramangala,2023-10-17 21:39:00,2023-10-17 21:53:00,2023-10-17 22:08:00,4.0,117,Completed,
T3440,D248,R3806,Mumbai,Powai,Juhu,2023-10-20 04:56:00,2023-10-20 05:03:00,2023-10-20 06:08:00,21.1,525,Completed,
T3441,D137,R3591,Mumbai,Juhu,Bandra,2023-10-14 08:47:00,2023-10-14 08:57:00,2023-10-14 09:17:00,7.9,231,Completed,
T3442,D176,R2658,Bangalore,Whitefield,HSR Layout,2023-10-01 18:12:00,2023-10-01 18:24:00,2023-10-01 19:34:00,24.3,623,Completed,
T3443,D268,R1262,Delhi,Dwarka,Saket,2023-10-19 03:03:00,2023-10-19 03:07:00,2023-10-19 04:01:00,16.4,311,Completed,
T3444,D325,R2474,Bangalore,HSR Layout,Indiranagar,2023-10-11 00:41:00,2023-10-11 00:51:00,2023-10-11 01:14:00,6.2,201,Completed,
T3445,D299,R2475,Delhi,Rohini,Saket,2023-10-29 21:08:00,2023-10-29 21:15:00,2023-10-29 22:07:00,13.2,278,Completed,
T3446,D343,R4788,Bangalore,Whitefield,Jayanagar,2023-10-03 07:07:00,2023-10-03 07:17:00,2023-10-03 07:35:00,4.8,155,Completed,
T3447,D315,R4926,Mumbai,Bandra,Andheri,2023-10-13 15:50:00,2023-10-13 16:01:00,2023-10-13 16:56:00,21.8,399,Completed,
T3448,D277,R2894,Mumbai,Powai,Colaba,2023-10-23 17:07:00,2023-10-23 17:11:00,2023-10-23 17:27:00,5.0,132,Completed,
T3449,D189,R1414,Mumbai,Juhu,Andheri,2023-10-20 19:54:00,2023-10-20 19:57:00,2023-10-20 20:45:00,17.5,458,Completed,
T3450,D117,R3258,Delhi,Vasant Kunj,Connaught Place,2023-10-07 03:00:00,2023-10-07 03:05:00,2023-10-07 04:26:00,22.2,385,Completed,
T3451,D176,R1433,Bangalore,Jayanagar,Indiranagar,2023-10-01 17:03:00,2023-10-01 17:11:00,2023-10-01 18:13:00,19.3,441,Completed,
T3452,D341,R1784,Bangalore,Jayanagar,Koramangala,2023-10-09 14:46:00,2023-10-09 14:55:00,2023-10-09 15:24:00,10.7,219,Completed,
T3453,D306,R4764,Mumbai,Andheri,Colaba,2023-10-19 13:08:00,2023-10-19 13:16:00,2023-10-19 14:18:00,21.2,439,Completed,
T3454,D252,R1834,Bangalore,Indiranagar,Jayanagar,2023-10-02 22:32:00,2023-10-02 22:37:00,2023-10-02 23:38:00,16.0,350,Completed,
T3455,D278,R1045,Bangalore,Jayanagar,Whitefield,2023-10-08 02:27:00,2023-10-08 02:32:00,2023-10-08 03:04:00,10.2,256,Completed,
T3456,D332,R1923,Delhi,Vasant Kunj,Connaught Place,2023-10-28 22:10:00,2023-10-28 22:22:00,2023-10-28 23:26:00,16.3,437,Completed,
T3457,D101,R4151,Mumbai,Andheri,Bandra,2023-10-21 02:39:00,,,0.0,0.0,Cancelled,Other
T3458,D187,R1571,Mumbai,Colaba,Andheri,2023-10-02 00:16:00,2023-10-02 00:25:00,2023-10-02 01:36:00,24.2,562,Completed,
T3459,D294,R2985,Delhi,Rohini,Connaught Place,2023-10-08 01:52:00,2023-10-08 02:01:00,2023-10-08 03:06:00,19.7,529,Completed,
T3460,D104,R2518,Delhi,Rohini,Vasant Kunj,2023-10-18 07:27:00,2023-10-18 07:39:00,2023-10-18 07:47:00,2.8,109,Completed,
T3461,D120,R2220,Bangalore,Whitefield,Koramangala,2023-10-20 22:08:00,2023-10-20 22:15:00,2023-10-20 23:10:00,19.4,360,Completed,
T3462,D262,R4047,Bangalore,Jayanagar,HSR Layout,2023-10-03 16:25:00,2023-10-03 16:40:00,2023-10-03 17:41:00,20.6,505,Completed,
T3463,D188,R2481,Mumbai,Juhu,Powai,2023-10-28 11:38:00,2023-10-28 11:45:00,2023-10-28 11:56:00,4.1,140,Completed,
T3464,D188,R4955,Mumbai,Colaba,Juhu,2023-10-10 11:13:00,2023-10-10 11:16:00,2023-10-10 11:37:00,5.9,181,Completed,
T3465,D308,R4902,Mumbai,Colaba,Powai,2023-10-21 01:54:00,2023-10-21 01:57:00,2023-10-21 02:21:00,9.4,262,Completed,
T3466,D260,R1564,Bangalore,Koramangala,Whitefield,2023-10-12 20:47:00,2023-10-12 21:00:00,2023-10-12 21:13:00,4.3,128,Completed,
T3467,D280,R4451,Delhi,Saket,Connaught Place,2023-10-12 21:08:00,2023-10-12 21:11:00,2023-10-12 21:35:00,6.4,160,Completed,
T3468,D241,R4538,Mumbai,Powai,Bandra,2023-10-16 07:42:00,2023-10-16 07:45:00,2023-10-16 07:59:00,5.7,168,Completed,
T3469,D113,R3639,Delhi,Rohini,Dwarka,2023-10-21 07:32:00,2023-10-21 07:40:00,2023-10-21 08:18:00,9.9,258,Completed,
T3470,D313,R4700,Delhi,Rohini,Connaught Place,2023-10-11 01:34:00,2023-10-11 01:43:00,2023-10-11 02:14:00,12.2,284,Completed,
T3471,D232,R2648,Bangalore,HSR Layout,Indiranagar,2023-10-29 16:12:00,2023-10-29 16:20:00,2023-10-29 16:27:00,3.1,111,Completed,
T3472,D239,R4713,Bangalore,Jayanagar,HSR Layout,2023-10-22 03:51:00,2023-10-22 03:56:00,2023-10-22 04:16:00,7.1,166,Completed,
T3473,D284,R3862,Mumbai,Powai,Juhu,2023-10-26 13:18:00,2023-10-26 13:21:00,2023-10-26 14:07:00,17.4,481,Completed,
T3474,D271,R3511,Bangalore,Whitefield,HSR Layout,2023-10-04 23:57:00,2023-10-05 00:11:00,2023-10-05 01:28:00,24.7,530,Completed,
T3475,D286,R2363,Mumbai,Bandra,Juhu,2023-10-10 01:22:00,2023-10-10 01:30:00,2023-10-10 01:50:00,5.3,134,Completed,
T3476,D103,R2890,Delhi,Vasant Kunj,Dwarka,2023-10-29 03:51:00,2023-10-29 03:59:00,2023-10-29 04:25:00,8.3,219,Completed,
T3477,D301,R2249,Bangalore,Indiranagar,Koramangala,2023-10-20 06:42:00,2023-10-20 06:53:00,2023-10-20 07:11:00,6.3,168,Completed,
T3478,D283,R2627,Mumbai,Colaba,Andheri,2023-10-12 22:17:00,2023-10-12 22:21:00,2023-10-12 23:27:00,23.1,403,Completed,
T3479,D331,R4707,Delhi,Dwarka,Saket,2023-10-16 22:35:00,2023-10-16 22:49:00,2023-10-16 23:31:00,13.8,319,Completed,
T3480,D214,R4259,Delhi,Saket,Connaught Place,2023-10-01 17:33:00,2023-10-01 17:46:00,2023-10-01 18:54:00,23.5,513,Completed,
T3481,D146,R1107,Delhi,Connaught Place,Saket,2023-10-23 05:19:00,2023-10-23 05:33:00,2023-10-23 06:32:00,20.0,415,Completed,
T3482,D201,R1292,Delhi,Rohini,Vasant Kunj,2023-10-06 17:37:00,,,0.0,0.0,Cancelled,Driver Cancelled
T3483,D221,R2810,Bangalore,Koramangala,Whitefield,2023-10-13 03:32:00,2023-10-13 03:42:00,2023-10-13 04:45:00,20.5,544,Completed,
T3484,D157,R2371,Mumbai,Powai,Andheri,2023-10-23 09:46:00,2023-10-23 09:59:00,2023-10-23 10:54:00,17.3,435,Completed,
T3485,D148,R2342,Bangalore,Jayanagar,HSR Layout,2023-10-05 20:12:00,2023-10-05 20:26:00,2023-10-05 20:50:00,7.2,159,Completed,
T3486,D302,R3670,Bangalore,HSR Layout,Jayanagar,2023-10-19 10:49:00,,,0.0,0.0,Cancelled,Driver Cancelled
T3487,D246,R2080,Delhi,Rohini,Saket,2023-10-05 14:56:00,2023-10-05 15:06:00,2023-10-05 16:19:00,23.8,468,Completed,
T3488,D211,R4983,Mumbai,Bandra,Powai,2023-10-14 10:46:00,2023-10-14 11:00:00,2023-10-14 12:14:00,20.5,426,Completed,
T3489,D174,R3561,Bangalore,Indiranagar,Whitefield,2023-10-17 06:01:00,2023-10-17 06:04:00,2023-10-17 06:44:00,16.2,363,Completed,
T3490,D185,R2250,Delhi,Vasant Kunj,Saket,2023-10-24 03:16:00,2023-10-24 03:30:00,2023-10-24 03:50:00,7.6,191,Completed,
T3491,D262,R1089,Bangalore,Whitefield,Jayanagar,2023-10-23 12:53:00,2023-10-23 13:02:00,2023-10-23 13:31:00,10.5,282,Completed,
T3492,D269,R4958,Delhi,Rohini,Vasant Kunj,2023-10-19 00:02:00,,,0.0,0.0,Cancelled,Rider Cancelled
T3493,D195,R1814,Bangalore,Jayanagar,Koramangala,2023-10-22 00:23:00,2023-10-22 00:26:00,2023-10-22 01:43:00,23.8,536,Completed,
T3494,D166,R4225,Mumbai,Andheri,Powai,2023-10-02 06:11:00,2023-10-02 06:18:00,2023-10-02 07:16:00,16.9,336,Completed,
T3495,D159,R3986,Delhi,Dwarka,Connaught Place,2023-10-13 09:02:00,2023-10-13 09:07:00,2023-10-13 10:32:00,24.2,515,Completed,
T3496,D349,R1442,Delhi,Vasant Kunj,Rohini,2023-10-19 21:23:00,2023-10-19 21:25:00,2023-10-19 21:35:00,3.7,139,Completed,
T3497,D150,R4909,Mumbai,Andheri,Colaba,2023-10-30 20:31:00,2023-10-30 20:46:00,2023-10-30 21:45:00,18.1,421,Completed,
T3498,D200,R3500,Delhi,Rohini,Vasant Kunj,2023-10-02 21:02:00,2023-10-02 21:09:00,2023-10-02 21:59:00,16.1,447,Completed,
T3499,D173,R4106,Delhi,Rohini,Vasant Kunj,2023-10-30 20:55:00,,,0.0,0.0,Cancelled,Other
T3500,D286,R1385,Mumbai,Andheri,Powai,2023-10-28 08:44:00,,2023-10-28 10:06:00,18.7,406,Completed,
T3501,D199,R4930,Bangalore,HSR Layout,Jayanagar,2023-10-04 15:29:00,2023-10-04 15:38:00,2023-10-04 16:33:00,20.6,446,Completed,
T3502,D240,R3008,Bangalore,Jayanagar,Indiranagar,2023-10-03 00:03:00,2023-10-03 00:09:00,2023-10-03 00:20:00,4.0,122,Completed,
T3503,D115,R4085,Delhi,Saket,Rohini,2023-10-08 13:17:00,2023-10-08 13:28:00,2023-10-08 13:53:00,9.4,273,Completed,
T3504,D204,R2921,Bangalore,Indiranagar,Koramangala,2023-10-30 14:12:00,2023-10-30 14:24:00,2023-10-30 14:59:00,9.0,241,Completed,
T3505,D343,R3799,Bangalore,Indiranagar,Koramangala,2023-10-30 08:51:00,,,0.0,0.0,Cancelled,Payment Issue
T3506,D333,R2176,Mumbai,Andheri,Juhu,2023-10-24 06:59:00,2023-10-24 07:05:00,2023-10-24 07:35:00,9.2,221,Completed,
T3507,D301,R3858,Bangalore,Indiranagar,Jayanagar,2023-10-08 15:46:00,2023-10-08 15:58:00,2023-10-08 16:20:00,6.0,153,Completed,
T3508,D343,R1650,Bangalore,Whitefield,HSR Layout,2023-10-29 23:21:00,2023-10-29 23:36:00,2023-10-29 23:42:00,2.6,98,Completed,
T3509,D180,R1801,Bangalore,Jayanagar,HSR Layout,2023-10-09 01:36:00,2023-10-09 01:41:00,2023-10-09 02:15:00,8.8,264,Completed,
T3510,D283,R2393,Mumbai,Powai,Andheri,2023-10-03 14:16:00,2023-10-03 14:21:00,2023-10-03 14:39:00,6.7,177,Completed,
T3511,D220,R3833,Mumbai,Powai,Bandra,2023-10-30 07:57:00,2023-10-30 08:05:00,2023-10-30 09:03:00,19.8,383,Completed,
T3512,D225,R2642,Mumbai,Juhu,Colaba,2023-10-08 09:47:00,2023-10-08 09:57:00,2023-10-08 10:51:00,13.9,331,Completed,
T3513,D287,R3165,Mumbai,Powai,Andheri,2023-10-16 04:49:00,,,0.0,0.0,Cancelled,Driver Cancelled
T3514,D110,R1003,Mumbai,Colaba,Bandra,2023-10-27 08:15:00,2023-10-27 08:26:00,2023-10-27 09:17:00,13.9,336,Completed,
T3515,D178,R3686,Bangalore,Jayanagar,HSR Layout,2023-10-01 17:09:00,2023-10-01 17:24:00,2023-10-01 18:47:00,21.0,522,Completed,
T3516,D242,R3508,Delhi,Saket,Rohini,2023-10-10 10:40:00,2023-10-10 10:54:00,2023-10-10 12:12:00,19.9,469,Completed,
T3517,D102,R2927,Delhi,Saket,Rohini,2023-10-05 01:02:00,2023-10-05 01:12:00,2023-10-05 02:12:00,22.7,551,Completed,
T3518,D214,R1508,Delhi,Rohini,Vasant Kunj,2023-10-13 15:21:00,2023-10-13 15:34:00,2023-10-13 15:48:00,5.6,135,Completed,
T3519,D146,R2069,Delhi,Rohini,Dwarka,2023-10-27 00:41:00,2023-10-27 00:51:00,2023-10-27 01:31:00,11.7,228,Completed,
T3520,D219,R4373,Bangalore,Whitefield,Indiranagar,2023-10-10 07:30:00,2023-10-10 07:42:00,2023-10-10 08:26:00,11.5,259,Completed,
T3521,D102,R2308,Delhi,Dwarka,Saket,2023-10-29 16:53:00,2023-10-29 17:03:00,2023-10-29 18:17:00,20.7,522,Completed,
T3522,D337,R4083,Mumbai,Colaba,Powai,2023-10-22 13:56:00,2023-10-22 14:06:00,2023-10-22 14:26:00,5.3,180,Completed,
T3523,D224,R3647,Bangalore,Jayanagar,HSR Layout,2023-10-27 22:07:00,2023-10-27 22:22:00,2023-10-27 22:38:00,4.8,164,Completed,
T3524,D274,R1226,Mumbai,Colaba,Bandra,2023-10-29 21:27:00,2023-10-29 21:34:00,2023-10-29 22:37:00,24.9,567,Completed,
T3525,D118,R3443,Delhi,Dwarka,Rohini,2023-10-04 10:27:00,2023-10-04 10:34:00,2023-10-04 11:55:00,24.0,586,Completed,
T3526,D231,R4736,Bangalore,Jayanagar,Whitefield,2023-10-18 00:20:00,2023-10-18 00:29:00,2023-10-18 01:40:00,21.0,479,Completed,
T3527,D326,R2885,Delhi,Rohini,Connaught Place,2023-10-01 18:56:00,2023-10-01 19:02:00,2023-10-01 20:29:00,24.1,573,Completed,
T3528,D181,R4968,Bangalore,HSR Layout,Jayanagar,2023-10-03 17:33:00,2023-10-03 17:35:00,2023-10-03 18:27:00,15.2,400,Completed,
T3529,D290,R2243,Mumbai,Colaba,Powai,2023-10-17 02:50:00,2023-10-17 03:04:00,2023-10-17 03:33:00,11.1,276,Completed,
T3530,D260,R2767,Bangalore,Whitefield,Jayanagar,2023-10-24 06:40:00,2023-10-24 06:52:00,2023-10-24 07:24:00,12.4,269,Completed,
T3531,D262,R2968,Bangalore,Whitefield,Indiranagar,2023-10-09 10:04:00,2023-10-09 10:16:00,2023-10-09 11:15:00,19.6,427,Completed,
T3532,D330,R1272,Delhi,Vasant Kunj,Saket,2023-10-21 21:54:00,2023-10-21 22:05:00,2023-10-21 23:07:00,21.1,532,Completed,
T3533,D294,R1332,Delhi,Rohini,Vasant Kunj,2023-10-13 16:40:00,2023-10-13 16:45:00,2023-10-13 17:11:00,8.2,241,Completed,
T3534,D308,R2006,Mumbai,Powai,Andheri,2023-10-02 17:54:00,2023-10-02 18:06:00,2023-10-02 18:35:00,7.4,217,Completed,
T3535,D181,R1667,Bangalore,Koramangala,Jayanagar,2023-10-29 23:18:00,,,0.0,0.0,Cancelled,Driver Cancelled
T3536,D188,R4894,Mumbai,Powai,Juhu,2023-10-26 05:42:00,2023-10-26 05:52:00,2023-10-26 06:34:00,16.5,382,Completed,
T3537,D326,R2925,Delhi,Vasant Kunj,Connaught Place,2023-10-15 07:05:00,2023-10-15 07:11:00,2023-10-15 07:24:00,4.4,122,Completed,
T3538,D241,R4729,Mumbai,Bandra,Powai,2023-10-17 08:53:00,2023-10-17 09:06:00,2023-10-17 09:26:00,6.1,159,Completed,
T3539,D275,R4542,Delhi,Saket,Dwarka,2023-10-09 04:14:00,2023-10-09 04:19:00,2023-10-09 05:30:00,20.3,453,Completed,
T3540,D205,R1613,Delhi,Dwarka,Connaught Place,2023-10-08 15:23:00,2023-10-08 15:28:00,2023-10-08 15:54:00,10.0,274,Completed,
T3541,D320,R4174,Bangalore,HSR Layout,Whitefield,2023-10-28 19:40:00,2023-10-28 19:43:00,2023-10-28 20:19:00,10.0,221,Completed,
T3542,D334,R3278,Bangalore,Koramangala,HSR Layout,2023-10-25 05:12:00,2023-10-25 05:27:00,2023-10-25 06:09:00,13.7,350,Completed,
T3543,D189,R3104,Mumbai,Bandra,Juhu,2023-10-19 14:26:00,2023-10-19 14:28:00,2023-10-19 14:58:00,9.4,246,Completed,
T3544,D163,R3824,Mumbai,Juhu,Bandra,2023-10-30 02:54:00,2023-10-30 03:07:00,2023-10-30 03:22:00,4.3,126,Completed,
T3545,D290,R2791,Mumbai,Colaba,Juhu,2023-10-16 13:18:00,2023-10-16 13:27:00,2023-10-16 14:17:00,19.5,465,Completed,
T3546,D324,R1128,Mumbai,Bandra,Andheri,2023-10-08 16:51:00,2023-10-08 16:55:00,2023-10-08 17:21:00,10.1,297,Completed,
T3547,D161,R4974,Bangalore,Koramangala,HSR Layout,2023-10-19 18:46:00,,,0.0,0.0,Cancelled,Driver Not Found
T3548,D293,R2770,Bangalore,Koramangala,HSR Layout,2023-10-02 12:46:00,,,0.0,0.0,Cancelled,Rider Cancelled
T3549,D121,R2131,Mumbai,Powai,Bandra,2023-10-13 03:49:00,2023-10-13 04:04:00,2023-10-13 04:19:00,5.4,184,Completed,
T3550,D252,R4317,Bangalore,Koramangala,Indiranagar,2023-10-02 11:19:00,2023-10-02 11:23:00,2023-10-02 12:08:00,14.5,311,Completed,
T3551,D122,R2804,Mumbai,Andheri,Juhu,2023-10-29 09:00:00,2023-10-29 09:13:00,2023-10-29 10:19:00,21.7,545,Completed,
T3552,D309,R1526,Mumbai,Colaba,Andheri,2023-10-17 00:47:00,2023-10-17 00:53:00,2023-10-17 01:18:00,8.7,253,Completed,
T3553,D122,R2349,Mumbai,Juhu,Andheri,2023-10-20 07:10:00,2023-10-20 07:17:00,2023-10-20 08:07:00,16.5,387,Completed,
T3554,D136,R1129,Delhi,Dwarka,Vasant Kunj,2023-10-07 02:07:00,2023-10-07 02:09:00,2023-10-07 02:42:00,11.7,256,Completed,
T3555,D311,R3938,Mumbai,Andheri,Juhu,2023-10-18 01:12:00,2023-10-18 01:24:00,2023-10-18 02:14:00,18.7,421,Completed,
T3556,D326,R1568,Delhi,Connaught Place,Vasant Kunj,2023-10-28 17:51:00,2023-10-28 18:01:00,2023-10-28 18:47:00,12.9,347,Completed,
T3557,D335,R3986,Delhi,Saket,Rohini,2023-10-12 22:05:00,2023-10-12 22:15:00,2023-10-12 22:46:00,8.0,178,Completed,
T3558,D196,R2421,Delhi,Rohini,Dwarka,2023-10-23 00:20:00,2023-10-23 00:23:00,2023-10-23 01:53:00,23.8,548,Completed,
T3559,D249,R4330,Delhi,Rohini,Dwarka,2023-10-01 03:44:00,2023-10-01 03:55:00,2023-10-01 04:45:00,19.3,459,Completed,
T3560,D174,R1018,Bangalore,Whitefield,Jayanagar,2023-10-01 23:06:00,,,0.0,0.0,Cancelled,Other
T3561,D311,R1245,Mumbai,Powai,Bandra,2023-10-05 00:09:00,2023-10-05 00:14:00,2023-10-05 00:52:00,10.2,286,Completed,
T3562,D252,R2514,Bangalore,Jayanagar,HSR Layout,2023-10-08 22:40:00,2023-10-08 22:45:00,2023-10-09 00:02:00,21.2,416,Completed,
T3563,D262,R4097,Bangalore,Indiranagar,Whitefield,2023-10-17 18:57:00,2023-10-17 19:04:00,2023-10-17 19:58:00,16.6,393,Completed,
T3564,D226,R3418,Bangalore,Koramangala,Indiranagar,2023-10-02 09:33:00,,,0.0,0.0,Cancelled,Driver Cancelled
T3565,D108,R4713,Delhi,Saket,Rohini,2023-10-29 20:04:00,2023-10-29 20:08:00,2023-10-29 21:08:00,15.8,398,Completed,
T3566,D339,R4754,Bangalore,Koramangala,HSR Layout,2023-10-28 21:10:00,2023-10-28 21:18:00,2023-10-28 21:26:00,2.3,102,Completed,
T3567,D337,R3930,Mumbai,Bandra,Powai,2023-10-19 18:02:00,2023-10-19 18:05:00,2023-10-19 18:31:00,9.7,217,Completed,
T3568,D282,R4096,Mumbai,Juhu,Colaba,2023-10-30 12:25:00,2023-10-30 12:38:00,2023-10-30 13:57:00,20.2,468,Completed,
T3569,D330,R3962,Delhi,Dwarka,Rohini,2023-10-13 18:09:00,2023-10-13 18:22:00,2023-10-13 19:09:00,12.4,287,Completed,
T3570,D192,R4714,Bangalore,Whitefield,Koramangala,2023-10-18 14:43:00,,,0.0,0.0,Cancelled,Driver Cancelled
T3571,D301,R4538,Bangalore,Whitefield,HSR Layout,2023-10-08 15:13:00,2023-10-08 15:24:00,2023-10-08 16:55:00,23.5,550,Completed,
T3572,D196,R4400,Delhi,Dwarka,Rohini,2023-10-26 14:30:00,,,0.0,0.0,Cancelled,Rider Cancelled
T3573,D233,R1561,Delhi,Rohini,Dwarka,2023-10-22 12:14:00,2023-10-22 12:28:00,2023-10-22 12:54:00,7.5,182,Completed,
T3574,D340,R1672,Delhi,Saket,Dwarka,2023-10-06 17:26:00,2023-10-06 17:38:00,2023-10-06 17:48:00,3.2,114,Completed,
T3575,D231,R2013,Bangalore,Whitefield,Jayanagar,2023-10-03 12:28:00,,,0.0,0.0,Cancelled,Rider Cancelled
T3576,D105,R1364,Bangalore,Jayanagar,HSR Layout,2023-10-08 00:20:00,2023-10-08 00:27:00,2023-10-08 01:28:00,21.2,480,Completed,
T3577,D229,R3897,Mumbai,Bandra,Colaba,2023-10-29 03:45:00,2023-10-29 03:58:00,2023-10-29 04:15:00,5.9,177,Completed,
T3578,D157,R4254,Mumbai,Juhu,Bandra,2023-10-10 20:26:00,2023-10-10 20:34:00,2023-10-10 21:51:00,20.6,376,Completed,
T3579,D339,R1422,Bangalore,Jayanagar,HSR Layout,2023-10-08 01:18:00,2023-10-08 01:25:00,2023-10-08 01:48:00,7.4,183,Completed,
T3580,D246,R3893,Delhi,Dwarka,Saket,2023-10-23 18:13:00,2023-10-23 18:18:00,2023-10-23 18:48:00,11.6,256,Completed,
T3581,D321,R2254,Mumbai,Juhu,Bandra,2023-10-19 11:00:00,2023-10-19 11:02:00,2023-10-19 12:13:00,23.4,499,Completed,
T3582,D206,R4473,Bangalore,HSR Layout,Indiranagar,2023-10-05 14:59:00,,,0.0,0.0,Cancelled,Driver Cancelled
T3583,D250,R2675,Delhi,Dwarka,Saket,2023-10-09 05:45:00,,,0.0,0.0,Cancelled,Payment Issue
T3584,D161,R4616,Bangalore,Koramangala,Jayanagar,2023-10-07 04:34:00,2023-10-07 04:41:00,2023-10-07 05:44:00,22.8,425,Completed,
T3585,D218,R1888,Bangalore,Indiranagar,Koramangala,2023-10-03 18:29:00,2023-10-03 18:42:00,2023-10-03 19:12:00,11.3,319,Completed,
T3586,D208,R4646,Bangalore,Koramangala,Whitefield,2023-10-13 17:48:00,2023-10-13 18:03:00,2023-10-13 19:00:00,19.5,419,Completed,
T3587,D324,R4316,Mumbai,Powai,Juhu,2023-10-18 04:45:00,2023-10-18 04:56:00,2023-10-18 05:38:00,16.5,324,Completed,
T3588,D187,R4955,Mumbai,Powai,Bandra,2023-10-09 14:07:00,2023-10-09 14:20:00,2023-10-09 14:29:00,2.3,103,Completed,
T3589,D155,R1042,Delhi,Rohini,Vasant Kunj,2023-10-29 08:05:00,,,0.0,0.0,Cancelled,Rider Cancelled
T3590,D304,R1463,Delhi,Connaught Place,Saket,2023-10-23 09:31:00,,,0.0,0.0,Cancelled,Driver Cancelled
T3591,D112,R1882,Delhi,Vasant Kunj,Saket,2023-10-12 09:05:00,2023-10-12 09:14:00,2023-10-12 09:36:00,8.7,201,Completed,
T3592,D349,R1985,Delhi,Dwarka,Saket,2023-10-15 19:48:00,2023-10-15 19:59:00,2023-10-15 21:06:00,22.3,386,Completed,
T3593,D191,R3070,Bangalore,Jayanagar,Koramangala,2023-10-06 03:27:00,2023-10-06 03:36:00,2023-10-06 05:04:00,23.2,602,Completed,
T3594,D190,R2051,Bangalore,Koramangala,Indiranagar,2023-10-25 06:15:00,2023-10-25 06:19:00,2023-10-25 06:26:00,2.4,95,Completed,
T3595,D350,R4216,Delhi,Dwarka,Rohini,2023-10-01 15:34:00,2023-10-01 15:48:00,2023-10-01 16:42:00,15.3,340,Completed,
T3596,D214,R3133,Delhi,Dwarka,Saket,2023-10-06 23:10:00,2023-10-06 23:19:00,2023-10-07 00:11:00,13.3,327,Completed,
T3597,D279,R4592,Mumbai,Powai,Juhu,2023-10-13 03:21:00,2023-10-13 03:34:00,2023-10-13 03:42:00,2.1,98,Completed,
T3598,D145,R4216,Bangalore,HSR Layout,Whitefield,2023-10-10 18:19:00,,,0.0,0.0,Cancelled,Payment Issue
T3599,D230,R1108,Bangalore,HSR Layout,Koramangala,2023-10-30 03:36:00,2023-10-30 03:49:00,2023-10-30 04:59:00,19.2,440,Completed,
T3600,D284,R2030,Mumbai,Juhu,Colaba,2023-10-28 23:02:00,2023-10-28 23:13:00,2023-10-29 00:02:00,12.9,306,Completed,
T3601,D120,R2849,Bangalore,HSR Layout,Whitefield,2023-10-19 01:02:00,,,0.0,0.0,Cancelled,Rider Cancelled
T3602,D296,R2677,Mumbai,Powai,Juhu,2023-10-18 06:55:00,2023-10-18 07:06:00,2023-10-18 07:34:00,11.2,297,Completed,
T3603,D237,R3727,Bangalore,HSR Layout,Whitefield,2023-10-01 04:58:00,2023-10-01 05:07:00,2023-10-01 05:30:00,6.0,142,Completed,
T3604,D201,R2714,Delhi,Saket,Dwarka,2023-10-12 23:24:00,2023-10-12 23:29:00,2023-10-13 00:06:00,13.3,276,Completed,
T3605,D266,R1300,Bangalore,Koramangala,Whitefield,2023-10-28 00:48:00,,,0.0,0.0,Cancelled,Driver Not Found
T3606,D286,R4307,Mumbai,Bandra,Powai,2023-10-18 23:35:00,2023-10-18 23:42:00,2023-10-19 00:23:00,11.9,321,Completed,
T3607,D316,R1084,Bangalore,Jayanagar,HSR Layout,2023-10-17 18:48:00,,,0.0,0.0,Cancelled,Driver Not Found
T3608,D343,R1720,Bangalore,HSR Layout,Jayanagar,2023-10-04 16:02:00,2023-10-04 16:11:00,2023-10-04 17:31:00,20.8,400,Completed,
T3609,D208,R2445,Bangalore,Whitefield,HSR Layout,2023-10-06 05:53:00,,,0.0,0.0,Cancelled,Payment Issue
T3610,D346,R2035,Mumbai,Andheri,Powai,2023-10-17 16:16:00,2023-10-17 16:24:00,2023-10-17 17:27:00,22.7,440,Completed,
T3611,D333,R4554,Mumbai,Bandra,Colaba,2023-10-19 10:05:00,2023-10-19 10:12:00,2023-10-19 11:06:00,16.0,381,Completed,
T3612,D298,R3645,Delhi,Vasant Kunj,Connaught Place,2023-10-09 18:05:00,,,0.0,0.0,Cancelled,Rider Cancelled
T3613,D273,R4739,Mumbai,Bandra,Juhu,2023-10-26 18:11:00,,,0.0,0.0,Cancelled,Other
T3614,D152,R2610,Bangalore,Indiranagar,Whitefield,2023-10-07 19:45:00,2023-10-07 19:53:00,2023-10-07 20:23:00,11.5,264,Completed,
T3615,D293,R4346,Bangalore,Koramangala,Indiranagar,2023-10-25 09:18:00,2023-10-25 09:28:00,2023-10-25 10:34:00,22.5,448,Completed,
T3616,D108,R2665,Delhi,Rohini,Saket,2023-10-26 13:50:00,2023-10-26 13:55:00,2023-10-26 14:42:00,18.4,432,Completed,
T3617,D109,R3934,Bangalore,Indiranagar,Whitefield,2023-10-11 16:55:00,2023-10-11 16:59:00,2023-10-11 17:59:00,22.5,566,Completed,
T3618,D135,R1555,Mumbai,Bandra,Juhu,2023-10-05 08:39:00,2023-10-05 08:50:00,2023-10-05 09:49:00,22.9,610,Completed,
T3619,D234,R3386,Mumbai,Bandra,Colaba,2023-10-09 16:04:00,2023-10-09 16:18:00,2023-10-09 17:01:00,12.8,302,Completed,
T3620,D254,R1428,Bangalore,Jayanagar,Koramangala,2023-10-07 15:37:00,,,0.0,0.0,Cancelled,Payment Issue
T3621,D113,R1847,Delhi,Connaught Place,Dwarka,2023-10-16 22:03:00,2023-10-16 22:10:00,2023-10-16 22:54:00,11.2,314,Completed,
T3622,D164,R2332,Bangalore,Jayanagar,Koramangala,2023-10-20 13:05:00,2023-10-20 13:12:00,2023-10-20 13:55:00,11.8,286,Completed,
T3623,D304,R2986,Delhi,Vasant Kunj,Dwarka,2023-10-14 16:31:00,2023-10-14 16:34:00,2023-10-14 17:16:00,14.9,336,Completed,
T3624,D315,R3268,Mumbai,Juhu,Powai,2023-10-23 04:53:00,2023-10-23 04:57:00,2023-10-23 05:36:00,10.1,296,Completed,
T3625,D269,R3203,Delhi,Saket,Vasant Kunj,2023-10-22 04:29:00,2023-10-22 04:36:00,2023-10-22 04:46:00,2.9,113,Completed,
T3626,D338,R4134,Mumbai,Bandra,Juhu,2023-10-11 20:08:00,2023-10-11 20:10:00,2023-10-11 21:15:00,20.9,418,Completed,
T3627,D131,R3253,Mumbai,Colaba,Bandra,2023-10-26 02:29:00,2023-10-26 02:34:00,2023-10-26 03:19:00,13.1,310,Completed,
T3628,D217,R2070,Delhi,Dwarka,Connaught Place,2023-10-12 21:32:00,2023-10-12 21:35:00,2023-10-12 22:51:00,23.6,453,Completed,
T3629,D209,R1923,Bangalore,HSR Layout,Koramangala,2023-10-29 05:04:00,2023-10-29 05:16:00,2023-10-29 05:25:00,3.4,127,Completed,
T3630,D155,R1722,Delhi,Connaught Place,Rohini,2023-10-28 19:35:00,2023-10-28 19:37:00,2023-10-28 20:57:00,23.1,444,Completed,
T3631,D265,R3997,Bangalore,Jayanagar,Indiranagar,2023-10-09 16:23:00,2023-10-09 16:28:00,2023-10-09 17:17:00,16.4,441,Completed,
T3632,D129,R4616,Bangalore,Koramangala,HSR Layout,2023-10-17 19:16:00,2023-10-17 19:25:00,2023-10-17 20:21:00,19.9,507,Completed,
T3633,D177,R3802,Bangalore,HSR Layout,Jayanagar,2023-10-04 05:26:00,2023-10-04 05:37:00,2023-10-04 05:55:00,6.9,184,Completed,
T3634,D312,R3416,Delhi,Saket,Vasant Kunj,2023-10-17 11:13:00,,,0.0,0.0,Cancelled,Driver Not Found
T3635,D310,R3998,Bangalore,Indiranagar,HSR Layout,2023-10-07 21:08:00,2023-10-07 21:21:00,2023-10-07 21:41:00,7.2,205,Completed,
T3636,D347,R3266,Bangalore,Jayanagar,HSR Layout,2023-10-07 13:08:00,2023-10-07 13:14:00,2023-10-07 14:30:00,19.6,532,Completed,
T3637,D328,R1220,Mumbai,Bandra,Andheri,2023-10-20 07:14:00,2023-10-20 07:17:00,2023-10-20 07:28:00,4.4,151,Completed,
T3638,D105,R1747,Bangalore,Whitefield,HSR Layout,2023-10-08 07:22:00,2023-10-08 07:30:00,2023-10-08 09:04:00,24.4,531,Completed,
T3639,D156,R2550,Delhi,Saket,Rohini,2023-10-17 13:52:00,2023-10-17 13:54:00,2023-10-17 14:12:00,5.7,139,Completed,
T3640,D318,R2020,Bangalore,Koramangala,Jayanagar,2023-10-17 20:05:00,,,0.0,0.0,Cancelled,Payment Issue
T3641,D180,R1668,Bangalore,Koramangala,HSR Layout,2023-10-09 13:43:00,2023-10-09 13:49:00,2023-10-09 14:04:00,4.0,117,Completed,
T3642,D217,R4819,Delhi,Rohini,Saket,2023-10-12 08:12:00,2023-10-12 08:19:00,2023-10-12 09:22:00,23.6,478,Completed,
T3643,D317,R2379,Bangalore,Indiranagar,Koramangala,2023-10-11 12:56:00,2023-10-11 13:09:00,2023-10-11 13:27:00,5.6,181,Completed,
T3644,D183,R3725,Mumbai,Colaba,Bandra,2023-10-05 05:19:00,2023-10-05 05:27:00,2023-10-05 06:53:00,24.8,480,Completed,
T3645,D185,R4012,Delhi,Dwarka,Rohini,2023-10-23 14:23:00,2023-10-23 14:35:00,2023-10-23 15:34:00,21.5,422,Completed,
T3646,D142,R1187,Mumbai,Andheri,Bandra,2023-10-07 00:50:00,2023-10-07 00:57:00,2023-10-07 02:02:00,22.6,600,Completed,
T3647,D130,R2342,Bangalore,Jayanagar,Indiranagar,2023-10-06 07:10:00,2023-10-06 07:22:00,2023-10-06 08:20:00,19.2,492,Completed,
T3648,D258,R1955,Mumbai,Bandra,Powai,2023-10-07 02:22:00,2023-10-07 02:32:00,2023-10-07 03:31:00,15.0,309,Completed,
T3649,D239,R3066,Bangalore,Jayanagar,HSR Layout,2023-10-27 21:51:00,2023-10-27 21:57:00,2023-10-27 22:54:00,15.8,369,Completed,
T3650,D205,R2252,Delhi,Rohini,Dwarka,2023-10-02 16:55:00,2023-10-02 17:04:00,2023-10-02 18:32:00,24.4,440,Completed,
T3651,D224,R1673,Bangalore,Koramangala,Whitefield,2023-10-05 09:32:00,2023-10-05 09:37:00,2023-10-05 10:25:00,15.2,309,Completed,
T3652,D251,R3847,Bangalore,Whitefield,HSR Layout,2023-10-29 10:10:00,2023-10-29 10:24:00,2023-10-29 10:58:00,10.9,256,Completed,
T3653,D114,R4121,Bangalore,HSR Layout,Jayanagar,2023-10-02 16:33:00,2023-10-02 16:43:00,2023-10-02 17:07:00,6.6,151,Completed,
T3654,D304,R1898,Delhi,Vasant Kunj,Saket,2023-10-18 14:54:00,2023-10-18 15:00:00,2023-10-18 15:49:00,18.9,474,Completed,
T3655,D280,R4436,Delhi,Vasant Kunj,Rohini,2023-10-16 12:22:00,,,0.0,0.0,Cancelled,Rider Cancelled
T3656,D328,R1802,Mumbai,Colaba,Andheri,2023-10-23 09:31:00,2023-10-23 09:38:00,2023-10-23 10:21:00,12.1,244,Completed,
T3657,D170,R3506,Bangalore,Jayanagar,HSR Layout,2023-10-23 05:41:00,2023-10-23 05:54:00,2023-10-23 06:42:00,18.6,509,Completed,
T3658,D250,R4771,Delhi,Dwarka,Vasant Kunj,2023-10-18 17:07:00,2023-10-18 17:15:00,2023-10-18 18:26:00,19.8,357,Completed,
T3659,D307,R3650,Mumbai,Powai,Andheri,2023-10-30 17:47:00,2023-10-30 17:57:00,2023-10-30 19:17:00,20.4,356,Completed,
T3660,D297,R1981,Bangalore,Koramangala,HSR Layout,2023-10-19 09:26:00,2023-10-19 09:34:00,2023-10-19 09:47:00,3.4,113,Completed,
T3661,D112,R2484,Delhi,Rohini,Vasant Kunj,2023-10-12 18:21:00,2023-10-12 18:28:00,2023-10-12 19:39:00,22.8,506,Completed,
T3662,D285,R2553,Delhi,Vasant Kunj,Rohini,2023-10-21 09:25:00,2023-10-21 09:29:00,2023-10-21 10:38:00,24.1,425,Completed,
T3663,D311,R2321,Mumbai,Powai,Bandra,2023-10-29 20:02:00,2023-10-29 20:15:00,2023-10-29 21:19:00,20.6,561,Completed,
T3664,D335,R1268,Delhi,Vasant Kunj,Rohini,2023-10-19 05:40:00,2023-10-19 05:53:00,2023-10-19 06:26:00,9.4,276,Completed,
T3665,D315,R2449,Mumbai,Colaba,Powai,2023-10-16 23:29:00,2023-10-16 23:37:00,2023-10-17 00:17:00,14.0,359,Completed,
T3666,D118,R2978,Delhi,Vasant Kunj,Connaught Place,2023-10-11 14:26:00,2023-10-11 14:32:00,2023-10-11 15:23:00,19.9,412,Completed,
T3667,D158,R3274,Mumbai,Andheri,Powai,2023-10-12 00:56:00,2023-10-12 01:08:00,2023-10-12 02:21:00,19.5,445,Completed,
T3668,D328,R2531,Mumbai,Powai,Colaba,2023-10-20 19:49:00,2023-10-20 20:02:00,2023-10-20 20:58:00,21.9,466,Completed,
T3669,D112,R1715,Delhi,Connaught Place,Vasant Kunj,2023-10-25 00:58:00,2023-10-25 01:00:00,2023-10-25 01:37:00,11.2,299,Completed,
T3670,D317,R2987,Bangalore,Whitefield,Indiranagar,2023-10-16 05:20:00,2023-10-16 05:33:00,2023-10-16 05:51:00,4.8,150,Completed,
T3671,D334,R4636,Bangalore,HSR Layout,Whitefield,2023-10-01 17:38:00,2023-10-01 17:50:00,2023-10-01 19:28:00,24.9,606,Completed,
T3672,D146,R4400,Delhi,Dwarka,Rohini,2023-10-26 14:19:00,2023-10-26 14:34:00,2023-10-26 15:44:00,17.9,410,Completed,
T3673,D348,R1768,Bangalore,HSR Layout,Jayanagar,2023-10-30 21:46:00,2023-10-30 21:51:00,2023-10-30 22:21:00,9.9,229,Completed,
T3674,D104,R2999,Delhi,Vasant Kunj,Rohini,2023-10-12 17:29:00,2023-10-12 17:40:00,2023-10-12 18:07:00,8.3,224,Completed,
T3675,D190,R3833,Bangalore,Jayanagar,Koramangala,2023-10-12 03:15:00,2023-10-12 03:27:00,2023-10-12 04:00:00,11.6,272,Completed,
T3676,D333,R4348,Mumbai,Bandra,Juhu,2023-10-09 03:52:00,,,0.0,0.0,Cancelled,Payment Issue
T3677,D166,R4438,Mumbai,Bandra,Andheri,2023-10-29 07:02:00,2023-10-29 07:17:00,2023-10-29 07:46:00,10.2,281,Completed,
T3678,D321,R1958,Mumbai,Andheri,Powai,2023-10-04 09:29:00,2023-10-04 09:37:00,2023-10-04 10:31:00,17.5,361,Completed,
T3679,D165,R1607,Delhi,Saket,Rohini,2023-10-13 09:15:00,2023-10-13 09:29:00,2023-10-13 10:11:00,11.1,273,Completed,
T3680,D174,R4916,Bangalore,Whitefield,Jayanagar,2023-10-16 14:50:00,,,0.0,0.0,Cancelled,Driver Cancelled
T3681,D134,R2131,Mumbai,Powai,Juhu,2023-10-12 23:41:00,2023-10-12 23:49:00,2023-10-13 00:53:00,20.0,449,Completed,
T3682,D229,R1265,Mumbai,Bandra,Colaba,2023-10-27 11:02:00,2023-10-27 11:13:00,2023-10-27 11:34:00,7.0,209,Completed,
T3683,D181,R2798,Bangalore,HSR Layout,Whitefield,2023-10-19 23:34:00,2023-10-19 23:36:00,2023-10-20 00:13:00,9.5,278,Completed,
T3684,D128,R4066,Delhi,Dwarka,Saket,2023-10-19 07:05:00,2023-10-19 07:16:00,2023-10-19 08:22:00,20.3,383,Completed,
T3685,D264,R3361,Delhi,Vasant Kunj,Dwarka,2023-10-01 11:02:00,2023-10-01 11:12:00,2023-10-01 11:37:00,7.2,207,Completed,
T3686,D289,R4878,Bangalore,Koramangala,Jayanagar,2023-10-13 11:40:00,2023-10-13 11:53:00,2023-10-13 12:24:00,7.9,233,Completed,
T3687,D107,R2548,Bangalore,Jayanagar,Indiranagar,2023-10-16 18:08:00,2023-10-16 18:19:00,2023-10-16 18:36:00,6.9,216,Completed,
T3688,D332,R4196,Delhi,Rohini,Connaught Place,2023-10-01 16:03:00,2023-10-01 16:06:00,2023-10-01 16:49:00,15.3,403,Completed,
T3689,D206,R1426,Bangalore,Indiranagar,Koramangala,2023-10-18 11:41:00,2023-10-18 11:52:00,2023-10-18 12:36:00,14.1,333,Completed,
T3690,D106,R2430,Mumbai,Juhu,Powai,2023-10-30 23:09:00,2023-10-30 23:15:00,2023-10-31 00:24:00,18.1,470,Completed,
T3691,D162,R4270,Delhi,Saket,Rohini,2023-10-17 01:23:00,,,0.0,0.0,Cancelled,Driver Cancelled
T3692,D205,R3676,Delhi,Saket,Connaught Place,2023-10-27 11:36:00,2023-10-27 11:38:00,2023-10-27 12:57:00,22.1,436,Completed,
T3693,D127,R3206,Delhi,Vasant Kunj,Connaught Place,2023-10-23 13:58:00,,,0.0,0.0,Cancelled,Payment Issue
T3694,D256,R1204,Delhi,Dwarka,Connaught Place,2023-10-07 10:11:00,2023-10-07 10:14:00,2023-10-07 10:42:00,10.0,267,Completed,
T3695,D312,R3384,Delhi,Rohini,Dwarka,2023-10-30 17:41:00,2023-10-30 17:48:00,2023-10-30 19:19:00,24.5,497,Completed,
T3696,D252,R2936,Bangalore,HSR Layout,Whitefield,2023-10-15 04:19:00,2023-10-15 04:24:00,2023-10-15 04:47:00,8.7,211,Completed,
T3697,D179,R3934,Delhi,Dwarka,Rohini,2023-10-01 12:44:00,2023-10-01 12:48:00,2023-10-01 12:57:00,2.5,91,Completed,
T3698,D136,R4365,Delhi,Saket,Dwarka,2023-10-26 03:54:00,2023-10-26 04:06:00,2023-10-26 05:12:00,24.7,627,Completed,
T3699,D294,R1180,Delhi,Dwarka,Saket,2023-10-07 18:36:00,2023-10-07 18:44:00,2023-10-07 19:05:00,7.7,228,Completed,
T3700,D257,R4853,Mumbai,Colaba,Andheri,2023-10-20 04:50:00,2023-10-20 04:58:00,2023-10-20 05:37:00,13.7,285,Completed,
T3701,D331,R1268,Delhi,Connaught Place,Dwarka,2023-10-01 13:03:00,2023-10-01 13:14:00,2023-10-01 13:24:00,3.1,112,Completed,
T3702,D314,R1178,Mumbai,Bandra,Andheri,2023-10-17 12:10:00,2023-10-17 12:16:00,2023-10-17 12:28:00,3.7,140,Completed,
T3703,D229,R3434,Mumbai,Powai,Juhu,2023-10-29 20:46:00,2023-10-29 20:53:00,2023-10-29 21:55:00,20.8,373,Completed,
T3704,D259,R1320,Delhi,Vasant Kunj,Dwarka,2023-10-19 07:04:00,2023-10-19 07:08:00,2023-10-19 08:03:00,19.1,345,Completed,
T3705,D185,R4659,Delhi,Saket,Vasant Kunj,2023-10-14 02:39:00,2023-10-14 02:42:00,2023-10-14 03:33:00,17.7,443,Completed,
T3706,D151,R2862,Delhi,Saket,Rohini,2023-10-17 05:24:00,2023-10-17 05:39:00,2023-10-17 06:24:00,12.8,282,Completed,
T3707,D169,R3404,Bangalore,Koramangala,Jayanagar,2023-10-15 10:37:00,2023-10-15 10:43:00,2023-10-15 11:43:00,18.5,365,Completed,
T3708,D153,R4801,Mumbai,Juhu,Powai,2023-10-09 03:54:00,2023-10-09 04:02:00,2023-10-09 04:56:00,17.4,355,Completed,
T3709,D194,R4820,Mumbai,Juhu,Powai,2023-10-01 03:03:00,2023-10-01 03:13:00,2023-10-01 03:35:00,7.9,230,Completed,
T3710,D260,R2433,Bangalore,HSR Layout,Indiranagar,2023-10-06 10:59:00,2023-10-06 11:11:00,2023-10-06 12:15:00,20.3,380,Completed,
T3711,D342,R2910,Delhi,Rohini,Saket,2023-10-05 06:44:00,2023-10-05 06:50:00,2023-10-05 07:35:00,14.3,292,Completed,
T3712,D217,R1341,Delhi,Rohini,Vasant Kunj,2023-10-25 08:16:00,,,0.0,0.0,Cancelled,Driver Cancelled
T3713,D298,R1613,Delhi,Saket,Dwarka,2023-10-21 05:30:00,2023-10-21 05:33:00,2023-10-21 05:57:00,6.3,203,Completed,
T3714,D118,R2787,Delhi,Vasant Kunj,Rohini,2023-10-23 12:04:00,2023-10-23 12:10:00,2023-10-23 12:43:00,11.1,297,Completed,
T3715,D239,R2545,Bangalore,Jayanagar,Whitefield,2023-10-05 15:51:00,,,0.0,0.0,Cancelled,Payment Issue
T3716,D272,R1344,Mumbai,Andheri,Powai,2023-10-19 02:29:00,2023-10-19 02:34:00,2023-10-19 04:06:00,24.8,559,Completed,
T3717,D267,R3269,Mumbai,Colaba,Bandra,2023-10-21 15:31:00,2023-10-21 15:36:00,2023-10-21 16:27:00,13.6,304,Completed,
T3718,D192,R3724,Bangalore,Whitefield,Koramangala,2023-10-24 14:33:00,2023-10-24 14:42:00,2023-10-24 14:55:00,3.9,133,Completed,
T3719,D141,R1939,Mumbai,Andheri,Colaba,2023-10-12 18:52:00,2023-10-12 18:56:00,2023-10-12 19:04:00,2.3,96,Completed,
T3720,D291,R4704,Delhi,Dwarka,Vasant Kunj,2023-10-02 13:33:00,2023-10-02 13:39:00,2023-10-02 14:15:00,12.5,291,Completed,
T3721,D217,R4384,Delhi,Rohini,Dwarka,2023-10-10 20:49:00,2023-10-10 21:02:00,2023-10-10 21:49:00,15.7,410,Completed,
T3722,D287,R2890,Mumbai,Powai,Andheri,2023-10-21 02:59:00,2023-10-21 03:01:00,2023-10-21 03:41:00,12.2,272,Completed,
T3723,D190,R3713,Bangalore,Jayanagar,Indiranagar,2023-10-28 03:01:00,2023-10-28 03:12:00,2023-10-28 03:32:00,5.9,196,Completed,
T3724,D114,R2617,Bangalore,Whitefield,Koramangala,2023-10-01 16:47:00,2023-10-01 16:55:00,2023-10-01 17:20:00,6.4,170,Completed,
T3725,D314,R1151,Mumbai,Colaba,Powai,2023-10-21 17:49:00,2023-10-21 17:59:00,2023-10-21 19:01:00,17.6,480,Completed,
T3726,D290,R1420,Mumbai,Colaba,Bandra,2023-10-09 16:35:00,2023-10-09 16:39:00,2023-10-09 17:41:00,17.2,412,Completed,
T3727,D128,R2968,Delhi,Vasant Kunj,Connaught Place,2023-10-15 19:59:00,2023-10-15 20:07:00,2023-10-15 20:16:00,2.9,94,Completed,
T3728,D192,R4344,Bangalore,Koramangala,Jayanagar,2023-10-11 05:03:00,2023-10-11 05:08:00,2023-10-11 05:43:00,12.8,274,Completed,
T3729,D270,R1705,Delhi,Connaught Place,Dwarka,2023-10-24 21:14:00,2023-10-24 21:23:00,2023-10-24 22:31:00,24.5,601,Completed,
T3730,D309,R2318,Mumbai,Bandra,Colaba,2023-10-12 06:36:00,,,0.0,0.0,Cancelled,Driver Not Found
T3731,D287,R3784,Mumbai,Colaba,Juhu,2023-10-12 05:44:00,2023-10-12 05:55:00,2023-10-12 06:49:00,19.0,521,Completed,
T3732,D236,R2267,Delhi,Vasant Kunj,Dwarka,2023-10-28 18:12:00,2023-10-28 18:27:00,2023-10-28 19:09:00,16.5,376,Completed,
T3733,D173,R3037,Delhi,Vasant Kunj,Saket,2023-10-23 08:34:00,,,0.0,0.0,Cancelled,Rider Cancelled
T3734,D327,R4163,Mumbai,Bandra,Andheri,2023-10-21 01:31:00,2023-10-21 01:40:00,2023-10-21 02:44:00,24.0,555,Completed,
T3735,D290,R4931,Mumbai,Andheri,Juhu,2023-10-18 18:39:00,,,0.0,0.0,Cancelled,Driver Not Found
T3736,D105,R2226,Bangalore,Whitefield,Jayanagar,2023-10-11 05:16:00,2023-10-11 05:28:00,2023-10-11 06:40:00,22.3,506,Completed,
T3737,D267,R3169,Mumbai,Colaba,Juhu,2023-10-25 20:28:00,,,0.0,0.0,Cancelled,Driver Not Found
T3738,D260,R2598,Bangalore,Jayanagar,Koramangala,2023-10-03 22:02:00,2023-10-03 22:17:00,2023-10-03 22:41:00,8.1,247,Completed,
T3739,D279,R2237,Mumbai,Colaba,Juhu,2023-10-28 01:09:00,2023-10-28 01:19:00,2023-10-28 02:27:00,23.2,434,Completed,
T3740,D201,R1061,Delhi,Rohini,Connaught Place,2023-10-25 07:16:00,2023-10-25 07:23:00,2023-10-25 08:14:00,16.0,420,Completed,
T3741,D232,R1440,Bangalore,HSR Layout,Jayanagar,2023-10-26 14:40:00,2023-10-26 14:51:00,2023-10-26 15:29:00,11.0,230,Completed,
T3742,D140,R2136,Bangalore,Jayanagar,Indiranagar,2023-10-11 12:26:00,,,0.0,0.0,Cancelled,Rider Cancelled
T3743,D132,R4255,Mumbai,Colaba,Bandra,2023-10-23 12:23:00,2023-10-23 12:34:00,2023-10-23 13:37:00,16.7,447,Completed,
T3744,D138,R4013,Mumbai,Andheri,Colaba,2023-10-09 12:23:00,2023-10-09 12:32:00,2023-10-09 12:42:00,3.2,114,Completed,
T3745,D312,R3759,Delhi,Vasant Kunj,Rohini,2023-10-15 08:18:00,2023-10-15 08:32:00,2023-10-15 09:12:00,11.1,325,Completed,
T3746,D317,R4298,Bangalore,Whitefield,Indiranagar,2023-10-25 23:23:00,2023-10-25 23:31:00,2023-10-26 00:00:00,10.6,263,Completed,
T3747,D254,R1109,Bangalore,Koramangala,Jayanagar,2023-10-05 12:05:00,,,0.0,0.0,Cancelled,Driver Cancelled
T3748,D141,R4559,Mumbai,Juhu,Colaba,2023-10-13 21:23:00,2023-10-13 21:37:00,2023-10-13 22:47:00,22.0,468,Completed,
T3749,D278,R1588,Bangalore,Koramangala,Whitefield,2023-10-24 04:47:00,2023-10-24 05:02:00,2023-10-24 05:54:00,18.6,344,Completed,
T3750,D170,R2026,Bangalore,Koramangala,HSR Layout,2023-10-17 19:10:00,,2023-10-17 20:01:00,14.7,346,Completed,
T3751,D242,R2507,Delhi,Saket,Vasant Kunj,2023-10-20 04:28:00,,,0.0,0.0,Cancelled,Driver Cancelled
T3752,D296,R3822,Mumbai,Bandra,Powai,2023-10-18 16:24:00,2023-10-18 16:31:00,2023-10-18 17:22:00,18.1,501,Completed,
T3753,D257,R3067,Mumbai,Bandra,Andheri,2023-10-30 19:25:00,2023-10-30 19:37:00,2023-10-30 21:10:00,24.1,548,Completed,
T3754,D204,R2877,Bangalore,Koramangala,Jayanagar,2023-10-30 04:11:00,2023-10-30 04:22:00,2023-10-30 04:57:00,13.8,338,Completed,
T3755,D159,R3815,Delhi,Vasant Kunj,Dwarka,2023-10-20 17:59:00,2023-10-20 18:09:00,2023-10-20 19:07:00,18.1,447,Completed,
T3756,D279,R1593,Mumbai,Bandra,Colaba,2023-10-16 14:56:00,2023-10-16 14:59:00,2023-10-16 16:16:00,23.8,542,Completed,
T3757,D119,R4996,Delhi,Rohini,Connaught Place,2023-10-03 18:52:00,2023-10-03 19:02:00,2023-10-03 19:15:00,4.2,134,Completed,
T3758,D337,R1328,Mumbai,Powai,Juhu,2023-10-24 10:07:00,2023-10-24 10:21:00,2023-10-24 10:36:00,4.7,154,Completed,
T3759,D190,R2712,Bangalore,Jayanagar,HSR Layout,2023-10-29 06:58:00,2023-10-29 07:03:00,2023-10-29 07:40:00,14.7,408,Completed,
T3760,D277,R2668,Mumbai,Powai,Juhu,2023-10-25 10:06:00,2023-10-25 10:11:00,2023-10-25 10:33:00,5.9,180,Completed,
T3761,D151,R4991,Delhi,Dwarka,Vasant Kunj,2023-10-01 08:45:00,2023-10-01 08:50:00,2023-10-01 10:05:00,23.7,519,Completed,
T3762,D237,R3585,Bangalore,Indiranagar,Whitefield,2023-10-02 15:39:00,2023-10-02 15:42:00,2023-10-02 15:56:00,3.8,109,Completed,
T3763,D322,R1570,Bangalore,Jayanagar,Whitefield,2023-10-09 14:12:00,2023-10-09 14:27:00,2023-10-09 14:47:00,5.6,174,Completed,
T3764,D105,R1511,Bangalore,Jayanagar,Indiranagar,2023-10-01 07:47:00,2023-10-01 07:53:00,2023-10-01 08:14:00,7.6,174,Completed,
T3765,D332,R2945,Delhi,Rohini,Vasant Kunj,2023-10-16 02:54:00,2023-10-16 03:05:00,2023-10-16 03:31:00,7.3,208,Completed,
T3766,D166,R2667,Mumbai,Andheri,Powai,2023-10-12 12:51:00,2023-10-12 12:56:00,2023-10-12 13:11:00,4.2,144,Completed,
T3767,D252,R2474,Bangalore,Whitefield,Jayanagar,2023-10-08 12:01:00,2023-10-08 12:16:00,2023-10-08 13:43:00,22.1,391,Completed,
T3768,D312,R3659,Delhi,Dwarka,Rohini,2023-10-21 23:50:00,2023-10-21 23:52:00,2023-10-22 01:18:00,24.7,611,Completed,
T3769,D128,R2357,Delhi,Rohini,Connaught Place,2023-10-17 14:01:00,2023-10-17 14:16:00,2023-10-17 15:32:00,19.9,478,Completed,
T3770,D327,R2841,Mumbai,Bandra,Powai,2023-10-27 14:23:00,2023-10-27 14:31:00,2023-10-27 14:51:00,5.2,172,Completed,
T3771,D233,R2025,Delhi,Vasant Kunj,Dwarka,2023-10-03 22:14:00,2023-10-03 22:22:00,2023-10-03 22:43:00,6.3,200,Completed,
T3772,D287,R2975,Mumbai,Bandra,Powai,2023-10-10 14:08:00,2023-10-10 14:19:00,2023-10-10 15:09:00,12.8,345,Completed,
T3773,D208,R4033,Bangalore,Jayanagar,Indiranagar,2023-10-07 11:51:00,2023-10-07 11:58:00,2023-10-07 12:06:00,3.2,103,Completed,
T3774,D240,R1502,Bangalore,Whitefield,Koramangala,2023-10-05 09:16:00,2023-10-05 09:31:00,2023-10-05 10:06:00,10.7,281,Completed,
T3775,D101,R1148,Mumbai,Colaba,Juhu,2023-10-26 17:33:00,2023-10-26 17:37:00,2023-10-26 18:29:00,14.8,404,Completed,
T3776,D188,R2010,Mumbai,Bandra,Andheri,2023-10-29 04:57:00,2023-10-29 05:10:00,2023-10-29 05:23:00,4.0,134,Completed,
T3777,D140,R1946,Bangalore,Whitefield,Koramangala,2023-10-20 05:13:00,2023-10-20 05:20:00,2023-10-20 05:41:00,5.9,196,Completed,
T3778,D262,R2633,Bangalore,Koramangala,HSR Layout,2023-10-02 22:32:00,2023-10-02 22:47:00,2023-10-02 23:41:00,18.2,387,Completed,
T3779,D268,R3503,Delhi,Vasant Kunj,Saket,2023-10-10 23:34:00,2023-10-10 23:47:00,2023-10-11 00:38:00,17.1,402,Completed,
T3780,D158,R4277,Mumbai,Juhu,Andheri,2023-10-01 08:42:00,2023-10-01 08:57:00,2023-10-01 10:09:00,18.4,440,Completed,
T3781,D205,R4897,Delhi,Vasant Kunj,Connaught Place,2023-10-16 12:55:00,,,0.0,0.0,Cancelled,Driver Cancelled
T3782,D139,R1863,Bangalore,Jayanagar,Indiranagar,2023-10-28 15:29:00,2023-10-28 15:36:00,2023-10-28 16:06:00,10.8,296,Completed,
T3783,D124,R4301,Bangalore,Whitefield,Indiranagar,2023-10-10 13:31:00,,,0.0,0.0,Cancelled,Driver Not Found
T3784,D156,R3383,Delhi,Rohini,Vasant Kunj,2023-10-07 22:29:00,2023-10-07 22:40:00,2023-10-08 00:11:00,24.2,485,Completed,
T3785,D150,R3501,Mumbai,Powai,Colaba,2023-10-09 07:48:00,2023-10-09 07:51:00,2023-10-09 08:08:00,4.8,139,Completed,
T3786,D203,R4312,Mumbai,Colaba,Bandra,2023-10-02 03:16:00,2023-10-02 03:27:00,2023-10-02 04:28:00,24.2,489,Completed,
T3787,D311,R3312,Mumbai,Andheri,Juhu,2023-10-08 11:58:00,,,0.0,0.0,Cancelled,Driver Cancelled
T3788,D162,R4114,Delhi,Rohini,Dwarka,2023-10-09 05:43:00,2023-10-09 05:50:00,2023-10-09 06:43:00,21.4,427,Completed,
T3789,D291,R3240,Delhi,Rohini,Connaught Place,2023-10-09 15:38:00,2023-10-09 15:41:00,2023-10-09 16:52:00,19.3,434,Completed,
T3790,D331,R1803,Delhi,Connaught Place,Dwarka,2023-10-30 11:48:00,,,0.0,0.0,Cancelled,Driver Not Found
T3791,D310,R4348,Bangalore,Koramangala,Indiranagar,2023-10-18 14:21:00,2023-10-18 14:28:00,2023-10-18 15:05:00,12.8,296,Completed,
T3792,D207,R3035,Bangalore,Whitefield,Jayanagar,2023-10-22 23:03:00,2023-10-22 23:05:00,2023-10-22 23:19:00,4.7,144,Completed,
T3793,D120,R3709,Bangalore,Whitefield,HSR Layout,2023-10-10 02:13:00,2023-10-10 02:16:00,2023-10-10 02:30:00,5.2,161,Completed,
T3794,D187,R2659,Mumbai,Powai,Bandra,2023-10-04 12:19:00,2023-10-04 12:26:00,2023-10-04 13:39:00,23.7,510,Completed,
T3795,D214,R2930,Delhi,Vasant Kunj,Saket,2023-10-05 08:50:00,2023-10-05 08:57:00,2023-10-05 10:07:00,23.9,574,Completed,
T3796,D217,R2332,Delhi,Saket,Dwarka,2023-10-05 19:21:00,2023-10-05 19:30:00,2023-10-05 20:13:00,17.0,418,Completed,
T3797,D136,R2324,Delhi,Connaught Place,Dwarka,2023-10-12 09:16:00,2023-10-12 09:23:00,2023-10-12 10:31:00,17.2,434,Completed,
T3798,D246,R1897,Delhi,Dwarka,Connaught Place,2023-10-14 04:30:00,2023-10-14 04:36:00,2023-10-14 04:54:00,7.4,215,Completed,
T3799,D101,R1196,Mumbai,Powai,Colaba,2023-10-13 00:07:00,,,0.0,0.0,Cancelled,Driver Cancelled
T3800,D145,R2250,Bangalore,Jayanagar,Koramangala,2023-10-27 07:20:00,2023-10-27 07:24:00,2023-10-27 07:43:00,5.0,132,Completed,
T3801,D273,R3978,Mumbai,Andheri,Powai,2023-10-21 17:13:00,2023-10-21 17:27:00,2023-10-21 17:41:00,3.7,112,Completed,
T3802,D292,R3028,Bangalore,HSR Layout,Jayanagar,2023-10-14 04:40:00,2023-10-14 04:47:00,2023-10-14 04:52:00,2.3,95,Completed,
T3803,D179,R2072,Delhi,Rohini,Vasant Kunj,2023-10-21 11:48:00,2023-10-21 11:55:00,2023-10-21 12:15:00,7.6,211,Completed,
T3804,D343,R1349,Bangalore,Jayanagar,Whitefield,2023-10-22 08:46:00,2023-10-22 08:59:00,2023-10-22 10:16:00,20.0,445,Completed,
T3805,D283,R2453,Mumbai,Bandra,Andheri,2023-10-07 21:38:00,2023-10-07 21:53:00,2023-10-07 22:51:00,21.2,400,Completed,
T3806,D207,R1176,Bangalore,Jayanagar,Indiranagar,2023-10-20 05:38:00,2023-10-20 05:46:00,2023-10-20 06:12:00,9.8,280,Completed,
T3807,D250,R3440,Delhi,Saket,Rohini,2023-10-04 13:46:00,2023-10-04 13:51:00,2023-10-04 15:08:00,24.4,594,Completed,
T3808,D161,R4730,Bangalore,HSR Layout,Koramangala,2023-10-25 14:08:00,2023-10-25 14:19:00,2023-10-25 15:02:00,13.7,291,Completed,
T3809,D246,R2392,Delhi,Saket,Connaught Place,2023-10-21 09:10:00,2023-10-21 09:22:00,2023-10-21 09:45:00,8.3,212,Completed,
T3810,D215,R1723,Mumbai,Juhu,Colaba,2023-10-15 06:09:00,2023-10-15 06:19:00,2023-10-15 07:12:00,20.4,487,Completed,
T3811,D306,R4152,Mumbai,Colaba,Juhu,2023-10-23 18:58:00,2023-10-23 19:06:00,2023-10-23 20:27:00,22.3,442,Completed,
T3812,D229,R2304,Mumbai,Juhu,Powai,2023-10-03 06:11:00,2023-10-03 06:22:00,2023-10-03 06:44:00,6.0,140,Completed,
T3813,D317,R3885,Bangalore,Jayanagar,Whitefield,2023-10-15 02:14:00,2023-10-15 02:20:00,2023-10-15 02:27:00,2.7,101,Completed,
T3814,D335,R3698,Delhi,Dwarka,Connaught Place,2023-10-19 14:50:00,2023-10-19 14:59:00,2023-10-19 15:36:00,14.3,269,Completed,
T3815,D194,R1057,Mumbai,Bandra,Andheri,2023-10-07 09:09:00,2023-10-07 09:14:00,2023-10-07 10:38:00,21.7,545,Completed,
T3816,D114,R4218,Bangalore,Koramangala,HSR Layout,2023-10-19 10:08:00,2023-10-19 10:12:00,2023-10-19 11:27:00,20.8,477,Completed,
T3817,D173,R4435,Delhi,Vasant Kunj,Connaught Place,2023-10-27 12:05:00,2023-10-27 12:18:00,2023-10-27 13:49:00,23.5,602,Completed,
T3818,D236,R2151,Delhi,Vasant Kunj,Rohini,2023-10-20 17:09:00,2023-10-20 17:11:00,2023-10-20 17:41:00,7.6,183,Completed,
T3819,D304,R3891,Delhi,Saket,Connaught Place,2023-10-13 19:43:00,2023-10-13 19:58:00,2023-10-13 20:56:00,22.0,404,Completed,
T3820,D349,R4235,Delhi,Rohini,Dwarka,2023-10-18 07:45:00,2023-10-18 07:55:00,2023-10-18 08:09:00,5.5,180,Completed,
T3821,D198,R4768,Delhi,Vasant Kunj,Saket,2023-10-01 00:35:00,2023-10-01 00:39:00,2023-10-01 01:47:00,19.2,433,Completed,
T3822,D118,R2898,Delhi,Vasant Kunj,Saket,2023-10-19 11:32:00,2023-10-19 11:38:00,2023-10-19 12:19:00,12.9,340,Completed,
T3823,D115,R3600,Delhi,Saket,Vasant Kunj,2023-10-24 01:37:00,2023-10-24 01:41:00,2023-10-24 02:43:00,23.9,526,Completed,
T3824,D348,R4370,Bangalore,Jayanagar,Koramangala,2023-10-29 19:58:00,2023-10-29 20:08:00,2023-10-29 21:09:00,18.7,470,Completed,
T3825,D155,R1449,Delhi,Dwarka,Connaught Place,2023-10-08 07:12:00,2023-10-08 07:16:00,2023-10-08 08:43:00,23.6,594,Completed,
T3826,D293,R4237,Bangalore,HSR Layout,Koramangala,2023-10-09 03:41:00,2023-10-09 03:54:00,2023-10-09 04:08:00,5.7,165,Completed,
T3827,D127,R1359,Delhi,Rohini,Saket,2023-10-18 00:08:00,2023-10-18 00:14:00,2023-10-18 01:12:00,22.0,435,Completed,
T3828,D339,R2021,Bangalore,Jayanagar,HSR Layout,2023-10-27 10:27:00,2023-10-27 10:38:00,2023-10-27 10:57:00,5.8,185,Completed,
T3829,D202,R1082,Delhi,Rohini,Vasant Kunj,2023-10-05 16:09:00,2023-10-05 16:16:00,2023-10-05 16:32:00,6.1,172,Completed,
T3830,D283,R1095,Mumbai,Powai,Juhu,2023-10-19 12:40:00,2023-10-19 12:46:00,2023-10-19 14:12:00,22.8,601,Completed,
T3831,D243,R4530,Bangalore,Indiranagar,HSR Layout,2023-10-16 17:02:00,2023-10-16 17:16:00,2023-10-16 18:04:00,15.7,301,Completed,
T3832,D280,R3404,Delhi,Rohini,Dwarka,2023-10-11 17:04:00,2023-10-11 17:13:00,2023-10-11 18:16:00,21.7,468,Completed,
T3833,D325,R3813,Bangalore,Koramangala,Indiranagar,2023-10-19 23:00:00,2023-10-19 23:08:00,2023-10-20 00:12:00,20.5,475,Completed,
T3834,D136,R3490,Delhi,Saket,Connaught Place,2023-10-05 15:02:00,2023-10-05 15:11:00,2023-10-05 16:05:00,14.1,269,Completed,
T3835,D182,R3409,Bangalore,Indiranagar,Jayanagar,2023-10-07 09:17:00,2023-10-07 09:32:00,2023-10-07 09:55:00,7.7,194,Completed,
T3836,D244,R3058,Mumbai,Juhu,Andheri,2023-10-27 00:59:00,,,0.0,0.0,Cancelled,Rider Cancelled
T3837,D282,R1711,Mumbai,Powai,Colaba,2023-10-28 22:44:00,2023-10-28 22:49:00,2023-10-28 23:22:00,11.7,337,Completed,
T3838,D129,R3767,Bangalore,HSR Layout,Indiranagar,2023-10-25 23:54:00,,,0.0,0.0,Cancelled,Driver Cancelled
T3839,D167,R2487,Delhi,Vasant Kunj,Saket,2023-10-03 05:01:00,2023-10-03 05:05:00,2023-10-03 05:49:00,13.4,277,Completed,
T3840,D340,R2876,Delhi,Rohini,Connaught Place,2023-10-16 13:28:00,2023-10-16 13:42:00,2023-10-16 13:50:00,2.9,113,Completed,
T3841,D269,R3577,Delhi,Saket,Connaught Place,2023-10-22 05:28:00,2023-10-22 05:32:00,2023-10-22 05:43:00,4.0,123,Completed,
T3842,D345,R1919,Delhi,Saket,Connaught Place,2023-10-13 17:16:00,2023-10-13 17:21:00,2023-10-13 18:02:00,11.9,275,Completed,
T3843,D186,R4665,Bangalore,Jayanagar,Koramangala,2023-10-07 07:30:00,2023-10-07 07:41:00,2023-10-07 09:05:00,21.8,520,Completed,
T3844,D254,R4244,Bangalore,Whitefield,HSR Layout,2023-10-24 11:49:00,2023-10-24 11:55:00,2023-10-24 12:30:00,8.9,253,Completed,
T3845,D265,R3754,Bangalore,Jayanagar,HSR Layout,2023-10-22 03:04:00,2023-10-22 03:11:00,2023-10-22 03:58:00,16.3,436,Completed,
T3846,D206,R4718,Bangalore,Whitefield,Jayanagar,2023-10-17 11:28:00,2023-10-17 11:41:00,2023-10-17 12:19:00,13.4,332,Completed,
T3847,D157,R4022,Mumbai,Juhu,Bandra,2023-10-06 14:03:00,,,0.0,0.0,Cancelled,Driver Not Found
T3848,D258,R3791,Mumbai,Andheri,Powai,2023-10-04 10:24:00,2023-10-04 10:35:00,2023-10-04 11:17:00,10.9,280,Completed,
T3849,D162,R2891,Delhi,Saket,Rohini,2023-10-02 19:31:00,2023-10-02 19:42:00,2023-10-02 20:50:00,23.1,566,Completed,
T3850,D280,R3791,Delhi,Connaught Place,Rohini,2023-10-01 14:56:00,2023-10-01 15:06:00,2023-10-01 15:25:00,7.2,226,Completed,
T3851,D281,R2112,Delhi,Vasant Kunj,Connaught Place,2023-10-25 02:00:00,2023-10-25 02:12:00,2023-10-25 03:39:00,23.7,508,Completed,
T3852,D330,R1685,Delhi,Saket,Rohini,2023-10-03 14:31:00,2023-10-03 14:39:00,2023-10-03 15:28:00,18.4,500,Completed,
T3853,D118,R1434,Delhi,Dwarka,Vasant Kunj,2023-10-03 04:04:00,2023-10-03 04:10:00,2023-10-03 04:46:00,10.3,259,Completed,
T3854,D114,R1443,Bangalore,Koramangala,Indiranagar,2023-10-23 02:55:00,2023-10-23 03:02:00,2023-10-23 03:35:00,8.7,209,Completed,
T3855,D104,R3555,Delhi,Vasant Kunj,Connaught Place,2023-10-12 15:06:00,2023-10-12 15:15:00,2023-10-12 15:23:00,2.9,101,Completed,
T3856,D151,R3875,Delhi,Dwarka,Vasant Kunj,2023-10-30 08:03:00,2023-10-30 08:12:00,2023-10-30 08:39:00,9.8,233,Completed,
T3857,D173,R2035,Delhi,Saket,Rohini,2023-10-14 10:22:00,2023-10-14 10:31:00,2023-10-14 10:50:00,5.9,176,Completed,
T3858,D146,R1962,Delhi,Rohini,Vasant Kunj,2023-10-11 07:07:00,2023-10-11 07:10:00,2023-10-11 08:33:00,24.1,632,Completed,
T3859,D237,R2543,Bangalore,Indiranagar,Jayanagar,2023-10-01 11:22:00,2023-10-01 11:33:00,2023-10-01 11:54:00,6.6,158,Completed,
T3860,D291,R3523,Delhi,Rohini,Saket,2023-10-09 15:18:00,2023-10-09 15:31:00,2023-10-09 16:15:00,16.2,335,Completed,
T3861,D196,R2171,Delhi,Dwarka,Connaught Place,2023-10-04 01:26:00,2023-10-04 01:32:00,2023-10-04 02:48:00,24.2,455,Completed,
T3862,D311,R1971,Mumbai,Andheri,Powai,2023-10-27 04:16:00,2023-10-27 04:28:00,2023-10-27 05:39:00,20.0,373,Completed,
T3863,D303,R4271,Mumbai,Bandra,Colaba,2023-10-16 08:42:00,2023-10-16 08:49:00,2023-10-16 10:08:00,21.9,576,Completed,
T3864,D179,R2614,Delhi,Vasant Kunj,Dwarka,2023-10-05 10:29:00,2023-10-05 10:36:00,2023-10-05 11:18:00,12.8,254,Completed,
T3865,D344,R3163,Delhi,Dwarka,Vasant Kunj,2023-10-13 10:15:00,,,0.0,0.0,Cancelled,Driver Not Found
T3866,D258,R1063,Mumbai,Andheri,Powai,2023-10-06 02:54:00,2023-10-06 02:59:00,2023-10-06 04:01:00,17.1,466,Completed,
T3867,D204,R4755,Bangalore,Indiranagar,Koramangala,2023-10-20 19:15:00,2023-10-20 19:29:00,2023-10-20 20:00:00,9.2,246,Completed,
T3868,D207,R1648,Bangalore,Indiranagar,Koramangala,2023-10-30 21:08:00,2023-10-30 21:13:00,2023-10-30 21:23:00,3.6,117,Completed,
T3869,D210,R4056,Mumbai,Powai,Juhu,2023-10-22 04:44:00,2023-10-22 04:56:00,2023-10-22 06:20:00,23.9,441,Completed,
T3870,D112,R2604,Delhi,Connaught Place,Saket,2023-10-17 01:51:00,2023-10-17 02:01:00,2023-10-17 02:20:00,7.6,207,Completed,
T3871,D153,R4660,Mumbai,Andheri,Bandra,2023-10-16 08:00:00,2023-10-16 08:03:00,2023-10-16 08:58:00,19.0,425,Completed,
T3872,D210,R1470,Mumbai,Bandra,Andheri,2023-10-22 05:28:00,2023-10-22 05:35:00,2023-10-22 06:23:00,18.6,488,Completed,
T3873,D150,R2619,Mumbai,Powai,Bandra,2023-10-23 18:30:00,2023-10-23 18:43:00,2023-10-23 19:11:00,8.2,200,Completed,
T3874,D230,R3153,Bangalore,Koramangala,Whitefield,2023-10-07 20:38:00,2023-10-07 20:41:00,2023-10-07 21:52:00,20.3,540,Completed,
T3875,D231,R1762,Bangalore,HSR Layout,Indiranagar,2023-10-14 06:25:00,,,0.0,0.0,Cancelled,Driver Cancelled
T3876,D186,R2927,Bangalore,Jayanagar,Koramangala,2023-10-28 16:12:00,2023-10-28 16:24:00,2023-10-28 17:20:00,15.5,369,Completed,
T3877,D300,R4113,Delhi,Vasant Kunj,Saket,2023-10-10 16:27:00,,,0.0,0.0,Cancelled,Rider Cancelled
T3878,D319,R1932,Bangalore,Koramangala,Whitefield,2023-10-27 18:48:00,2023-10-27 18:55:00,2023-10-27 19:57:00,19.7,392,Completed,
T3879,D136,R3412,Delhi,Connaught Place,Rohini,2023-10-12 12:11:00,2023-10-12 12:18:00,2023-10-12 12:40:00,7.1,180,Completed,
T3880,D273,R1120,Mumbai,Powai,Juhu,2023-10-08 16:06:00,2023-10-08 16:16:00,2023-10-08 17:21:00,18.9,359,Completed,
T3881,D344,R3448,Delhi,Vasant Kunj,Dwarka,2023-10-20 10:37:00,2023-10-20 10:43:00,2023-10-20 12:10:00,22.5,532,Completed,
T3882,D320,R1966,Bangalore,Jayanagar,Koramangala,2023-10-12 12:34:00,2023-10-12 12:41:00,2023-10-12 12:54:00,3.8,112,Completed,
T3883,D134,R4739,Mumbai,Bandra,Powai,2023-10-29 14:42:00,2023-10-29 14:45:00,2023-10-29 15:55:00,18.1,488,Completed,
T3884,D135,R1074,Mumbai,Bandra,Powai,2023-10-21 17:12:00,2023-10-21 17:15:00,2023-10-21 17:37:00,6.3,173,Completed,
T3885,D313,R3658,Delhi,Dwarka,Saket,2023-10-30 22:16:00,2023-10-30 22:25:00,2023-10-30 23:07:00,10.8,266,Completed,
T3886,D257,R4210,Mumbai,Powai,Bandra,2023-10-17 19:07:00,2023-10-17 19:14:00,2023-10-17 19:42:00,10.1,221,Completed,
T3887,D219,R3506,Bangalore,Koramangala,Indiranagar,2023-10-27 13:47:00,2023-10-27 13:56:00,2023-10-27 15:17:00,21.8,400,Completed,
T3888,D137,R3961,Mumbai,Andheri,Powai,2023-10-12 02:53:00,2023-10-12 03:08:00,2023-10-12 03:25:00,6.1,188,Completed,
T3889,D194,R4512,Mumbai,Powai,Bandra,2023-10-08 05:49:00,2023-10-08 06:02:00,2023-10-08 07:14:00,24.2,562,Completed,
T3890,D279,R1127,Mumbai,Bandra,Andheri,2023-10-19 11:00:00,,,0.0,0.0,Cancelled,Rider Cancelled
T3891,D148,R2800,Bangalore,Jayanagar,Koramangala,2023-10-05 14:07:00,,,0.0,0.0,Cancelled,Driver Not Found
T3892,D113,R3807,Delhi,Vasant Kunj,Saket,2023-10-20 08:09:00,2023-10-20 08:12:00,2023-10-20 08:49:00,13.7,384,Completed,
T3893,D295,R3596,Bangalore,Koramangala,Indiranagar,2023-10-21 04:46:00,2023-10-21 04:50:00,2023-10-21 06:10:00,20.3,456,Completed,
T3894,D161,R1832,Bangalore,Indiranagar,Jayanagar,2023-10-02 12:00:00,2023-10-02 12:08:00,2023-10-02 13:05:00,20.8,440,Completed,
T3895,D299,R2530,Delhi,Vasant Kunj,Rohini,2023-10-24 23:45:00,,,0.0,0.0,Cancelled,Rider Cancelled
T3896,D302,R1883,Bangalore,Jayanagar,Indiranagar,2023-10-24 19:08:00,2023-10-24 19:10:00,2023-10-24 19:50:00,15.1,413,Completed,
T3897,D230,R3585,Bangalore,HSR Layout,Koramangala,2023-10-04 11:38:00,2023-10-04 11:42:00,2023-10-04 11:51:00,2.6,110,Completed,
T3898,D262,R3229,Bangalore,Indiranagar,Jayanagar,2023-10-03 13:01:00,2023-10-03 13:11:00,2023-10-03 14:28:00,19.5,501,Completed,
T3899,D149,R4025,Bangalore,Indiranagar,Whitefield,2023-10-07 21:28:00,2023-10-07 21:31:00,2023-10-07 22:08:00,10.8,254,Completed,
T3900,D209,R1339,Bangalore,Indiranagar,Whitefield,2023-10-18 18:50:00,2023-10-18 19:04:00,2023-10-18 20:34:00,23.2,442,Completed,
T3901,D296,R2298,Mumbai,Bandra,Powai,2023-10-21 15:44:00,2023-10-21 15:56:00,2023-10-21 17:08:00,18.7,402,Completed,
T3902,D299,R4962,Delhi,Vasant Kunj,Connaught Place,2023-10-20 18:01:00,2023-10-20 18:06:00,2023-10-20 18:24:00,5.7,136,Completed,
T3903,D274,R4963,Mumbai,Powai,Colaba,2023-10-02 05:53:00,,,0.0,0.0,Cancelled,Driver Not Found
T3904,D198,R3909,Delhi,Dwarka,Saket,2023-10-23 20:14:00,2023-10-23 20:24:00,2023-10-23 21:22:00,18.9,484,Completed,
T3905,D224,R4316,Bangalore,Jayanagar,HSR Layout,2023-10-23 17:36:00,,,0.0,0.0,Cancelled,Driver Cancelled
T3906,D270,R3201,Delhi,Connaught Place,Vasant Kunj,2023-10-15 21:25:00,2023-10-15 21:27:00,2023-10-15 22:48:00,21.5,569,Completed,
T3907,D350,R2325,Delhi,Saket,Vasant Kunj,2023-10-30 14:30:00,2023-10-30 14:44:00,2023-10-30 15:19:00,10.1,296,Completed,
T3908,D222,R2049,Bangalore,Koramangala,HSR Layout,2023-10-10 12:04:00,2023-10-10 12:17:00,2023-10-10 13:26:00,21.7,466,Completed,
T3909,D196,R1911,Delhi,Connaught Place,Dwarka,2023-10-23 07:32:00,2023-10-23 07:37:00,2023-10-23 08:18:00,11.7,306,Completed,
T3910,D225,R3570,Mumbai,Colaba,Bandra,2023-10-01 12:22:00,2023-10-01 12:26:00,2023-10-01 13:25:00,18.6,464,Completed,
T3911,D292,R1155,Bangalore,Jayanagar,Koramangala,2023-10-30 13:04:00,,,0.0,0.0,Cancelled,Rider Cancelled
T3912,D321,R3726,Mumbai,Colaba,Juhu,2023-10-12 21:30:00,2023-10-12 21:40:00,2023-10-12 21:51:00,4.3,152,Completed,
T3913,D266,R4573,Bangalore,Whitefield,HSR Layout,2023-10-21 06:33:00,,,0.0,0.0,Cancelled,Driver Cancelled
T3914,D346,R3908,Mumbai,Andheri,Powai,2023-10-24 04:01:00,2023-10-24 04:06:00,2023-10-24 04:23:00,5.5,165,Completed,
T3915,D295,R3309,Bangalore,Jayanagar,Indiranagar,2023-10-17 16:19:00,2023-10-17 16:22:00,2023-10-17 17:24:00,18.7,397,Completed,
T3916,D247,R3571,Bangalore,Indiranagar,HSR Layout,2023-10-24 19:16:00,2023-10-24 19:20:00,2023-10-24 19:37:00,4.8,133,Completed,
T3917,D145,R1615,Bangalore,Jayanagar,Whitefield,2023-10-19 07:38:00,2023-10-19 07:43:00,2023-10-19 07:51:00,2.2,98,Completed,
T3918,D326,R4235,Delhi,Connaught Place,Vasant Kunj,2023-10-05 02:13:00,2023-10-05 02:21:00,2023-10-05 02:50:00,11.4,231,Completed,
T3919,D288,R1825,Mumbai,Andheri,Juhu,2023-10-24 12:21:00,2023-10-24 12:30:00,2023-10-24 14:00:00,24.8,566,Completed,
T3920,D189,R2332,Mumbai,Bandra,Powai,2023-10-18 16:26:00,,,0.0,0.0,Cancelled,Rider Cancelled
T3921,D347,R4209,Bangalore,HSR Layout,Koramangala,2023-10-04 05:55:00,2023-10-04 06:03:00,2023-10-04 06:31:00,10.2,294,Completed,
T3922,D108,R2659,Delhi,Vasant Kunj,Rohini,2023-10-02 12:37:00,2023-10-02 12:39:00,2023-10-02 13:45:00,17.2,442,Completed,
T3923,D251,R3001,Bangalore,Koramangala,Jayanagar,2023-10-11 10:03:00,2023-10-11 10:05:00,2023-10-11 11:06:00,15.8,398,Completed,
T3924,D235,R1498,Bangalore,Jayanagar,Indiranagar,2023-10-26 00:34:00,2023-10-26 00:43:00,2023-10-26 01:58:00,24.8,490,Completed,
T3925,D262,R3244,Bangalore,Whitefield,Jayanagar,2023-10-14 22:20:00,2023-10-14 22:22:00,2023-10-14 23:14:00,14.1,373,Completed,
T3926,D315,R1442,Mumbai,Colaba,Juhu,2023-10-25 07:45:00,2023-10-25 07:52:00,2023-10-25 08:03:00,2.9,113,Completed,
T3927,D256,R2813,Delhi,Saket,Vasant Kunj,2023-10-27 18:17:00,2023-10-27 18:31:00,2023-10-27 19:43:00,21.6,430,Completed,
T3928,D244,R1230,Mumbai,Powai,Bandra,2023-10-26 11:09:00,2023-10-26 11:24:00,2023-10-26 11:43:00,6.7,160,Completed,
T3929,D287,R3199,Mumbai,Powai,Colaba,2023-10-23 09:51:00,2023-10-23 10:04:00,2023-10-23 10:19:00,4.3,129,Completed,
T3930,D198,R2435,Delhi,Connaught Place,Rohini,2023-10-01 09:25:00,2023-10-01 09:37:00,2023-10-01 10:37:00,15.5,367,Completed,
T3931,D138,R3412,Mumbai,Powai,Andheri,2023-10-26 21:00:00,2023-10-26 21:15:00,2023-10-26 22:29:00,19.4,491,Completed,
T3932,D341,R1016,Bangalore,Koramangala,Whitefield,2023-10-22 00:08:00,2023-10-22 00:18:00,2023-10-22 00:39:00,5.8,170,Completed,
T3933,D132,R2307,Mumbai,Colaba,Bandra,2023-10-16 14:03:00,2023-10-16 14:06:00,2023-10-16 14:56:00,19.4,448,Completed,
T3934,D320,R2966,Bangalore,Whitefield,HSR Layout,2023-10-01 05:22:00,2023-10-01 05:26:00,2023-10-01 05:54:00,8.3,218,Completed,
T3935,D112,R1112,Delhi,Rohini,Vasant Kunj,2023-10-21 05:01:00,2023-10-21 05:09:00,2023-10-21 05:53:00,17.4,459,Completed,
T3936,D282,R1076,Mumbai,Powai,Bandra,2023-10-21 13:19:00,2023-10-21 13:27:00,2023-10-21 14:31:00,20.2,551,Completed,
T3937,D228,R2145,Delhi,Vasant Kunj,Rohini,2023-10-29 07:01:00,2023-10-29 07:03:00,2023-10-29 07:45:00,16.5,398,Completed,
T3938,D251,R2998,Bangalore,Whitefield,Indiranagar,2023-10-03 14:17:00,2023-10-03 14:19:00,2023-10-03 15:16:00,23.1,454,Completed,
T3939,D254,R3066,Bangalore,Jayanagar,Koramangala,2023-10-14 16:48:00,2023-10-14 16:54:00,2023-10-14 17:59:00,20.9,507,Completed,
T3940,D339,R3892,Bangalore,Indiranagar,Jayanagar,2023-10-22 22:21:00,2023-10-22 22:27:00,2023-10-22 23:02:00,9.9,235,Completed,
T3941,D163,R4459,Mumbai,Juhu,Bandra,2023-10-17 18:43:00,2023-10-17 18:47:00,2023-10-17 19:17:00,11.1,313,Completed,
T3942,D257,R3018,Mumbai,Juhu,Powai,2023-10-05 04:50:00,2023-10-05 05:02:00,2023-10-05 05:42:00,13.7,345,Completed,
T3943,D185,R2668,Delhi,Connaught Place,Rohini,2023-10-28 11:58:00,,,0.0,0.0,Cancelled,Payment Issue
T3944,D162,R4629,Delhi,Connaught Place,Vasant Kunj,2023-10-03 18:11:00,2023-10-03 18:25:00,2023-10-03 18:49:00,6.4,160,Completed,
T3945,D237,R1924,Bangalore,Whitefield,Jayanagar,2023-10-09 09:08:00,2023-10-09 09:15:00,2023-10-09 09:24:00,2.4,105,Completed,
T3946,D307,R4803,Mumbai,Juhu,Andheri,2023-10-18 19:58:00,2023-10-18 20:01:00,2023-10-18 20:47:00,16.7,312,Completed,
T3947,D219,R1778,Bangalore,Indiranagar,HSR Layout,2023-10-27 04:48:00,2023-10-27 04:50:00,2023-10-27 06:11:00,23.1,562,Completed,
T3948,D346,R1489,Mumbai,Juhu,Powai,2023-10-27 09:40:00,2023-10-27 09:46:00,2023-10-27 10:33:00,17.0,457,Completed,
T3949,D229,R2683,Mumbai,Colaba,Powai,2023-10-10 10:32:00,2023-10-10 10:34:00,2023-10-10 10:59:00,8.3,225,Completed,
T3950,D310,R1554,Bangalore,Indiranagar,HSR Layout,2023-10-14 16:54:00,2023-10-14 17:06:00,2023-10-14 17:57:00,13.6,377,Completed,
T3951,D334,R4690,Bangalore,Jayanagar,Whitefield,2023-10-10 02:58:00,,,0.0,0.0,Cancelled,Driver Not Found
T3952,D114,R1154,Bangalore,Whitefield,Koramangala,2023-10-16 22:32:00,2023-10-16 22:34:00,2023-10-16 23:02:00,11.3,272,Completed,
T3953,D177,R3372,Bangalore,Koramangala,Indiranagar,2023-10-12 14:46:00,2023-10-12 14:55:00,2023-10-12 15:27:00,8.8,215,Completed,
T3954,D196,R4761,Delhi,Saket,Vasant Kunj,2023-10-12 02:35:00,2023-10-12 02:49:00,2023-10-12 03:50:00,18.8,421,Completed,
T3955,D196,R4888,Delhi,Connaught Place,Dwarka,2023-10-12 19:21:00,2023-10-12 19:30:00,2023-10-12 19:40:00,2.6,100,Completed,
T3956,D152,R4728,Bangalore,Whitefield,Indiranagar,2023-10-04 03:06:00,2023-10-04 03:21:00,2023-10-04 03:42:00,7.3,210,Completed,
T3957,D114,R1382,Bangalore,Indiranagar,Whitefield,2023-10-30 16:37:00,2023-10-30 16:43:00,2023-10-30 17:46:00,18.2,471,Completed,
T3958,D219,R2077,Bangalore,Indiranagar,Whitefield,2023-10-07 09:52:00,2023-10-07 09:54:00,2023-10-07 10:23:00,8.6,185,Completed,
T3959,D190,R2021,Bangalore,Whitefield,HSR Layout,2023-10-08 05:36:00,2023-10-08 05:44:00,2023-10-08 06:47:00,19.9,514,Completed,
T3960,D342,R1407,Delhi,Rohini,Saket,2023-10-24 17:28:00,2023-10-24 17:35:00,2023-10-24 18:21:00,12.0,260,Completed,
T3961,D243,R3633,Bangalore,Whitefield,Jayanagar,2023-10-28 06:25:00,2023-10-28 06:35:00,2023-10-28 07:00:00,6.5,207,Completed,
T3962,D122,R3694,Mumbai,Colaba,Juhu,2023-10-02 06:15:00,2023-10-02 06:29:00,2023-10-02 07:21:00,17.1,346,Completed,
T3963,D141,R2881,Mumbai,Colaba,Juhu,2023-10-15 20:24:00,2023-10-15 20:34:00,2023-10-15 20:40:00,2.3,88,Completed,
T3964,D246,R3687,Delhi,Vasant Kunj,Connaught Place,2023-10-25 23:11:00,2023-10-25 23:24:00,2023-10-25 23:46:00,8.4,258,Completed,
T3965,D241,R3124,Mumbai,Juhu,Colaba,2023-10-08 14:58:00,2023-10-08 15:02:00,2023-10-08 15:13:00,3.9,133,Completed,
T3966,D255,R3460,Mumbai,Andheri,Colaba,2023-10-09 17:24:00,,,0.0,0.0,Cancelled,Driver Not Found
T3967,D120,R4156,Bangalore,Indiranagar,HSR Layout,2023-10-01 15:47:00,,,0.0,0.0,Cancelled,Driver Not Found
T3968,D279,R1022,Mumbai,Powai,Juhu,2023-10-11 05:34:00,2023-10-11 05:36:00,2023-10-11 06:04:00,7.9,208,Completed,
T3969,D237,R1752,Bangalore,Whitefield,Koramangala,2023-10-27 19:15:00,,,0.0,0.0,Cancelled,Driver Cancelled
T3970,D204,R1756,Bangalore,Whitefield,Jayanagar,2023-10-30 06:03:00,2023-10-30 06:10:00,2023-10-30 06:34:00,9.0,272,Completed,
T3971,D104,R2052,Delhi,Connaught Place,Dwarka,2023-10-10 03:40:00,2023-10-10 03:43:00,2023-10-10 04:10:00,6.9,162,Completed,
T3972,D348,R4497,Bangalore,Jayanagar,Whitefield,2023-10-06 16:07:00,2023-10-06 16:16:00,2023-10-06 17:18:00,15.7,425,Completed,
T3973,D218,R1323,Bangalore,HSR Layout,Koramangala,2023-10-17 17:11:00,2023-10-17 17:24:00,2023-10-17 18:19:00,17.9,422,Completed,
T3974,D142,R3375,Mumbai,Colaba,Bandra,2023-10-04 21:33:00,2023-10-04 21:45:00,2023-10-04 22:44:00,23.7,509,Completed,
T3975,D178,R3184,Bangalore,HSR Layout,Koramangala,2023-10-11 05:52:00,2023-10-11 05:59:00,2023-10-11 06:51:00,17.3,482,Completed,
T3976,D188,R3105,Mumbai,Andheri,Juhu,2023-10-09 21:56:00,2023-10-09 22:02:00,2023-10-09 22:40:00,9.6,198,Completed,
T3977,D214,R2532,Delhi,Dwarka,Saket,2023-10-12 12:19:00,2023-10-12 12:25:00,2023-10-12 13:00:00,14.0,314,Completed,
T3978,D335,R1939,Delhi,Rohini,Connaught Place,2023-10-12 15:42:00,2023-10-12 15:48:00,2023-10-12 17:15:00,24.5,458,Completed,
T3979,D133,R2250,Delhi,Connaught Place,Vasant Kunj,2023-10-17 00:32:00,2023-10-17 00:39:00,2023-10-17 01:18:00,11.2,271,Completed,
T3980,D264,R4110,Delhi,Vasant Kunj,Rohini,2023-10-03 02:03:00,2023-10-03 02:15:00,2023-10-03 03:06:00,16.4,417,Completed,
T3981,D168,R4108,Bangalore,Koramangala,HSR Layout,2023-10-18 11:55:00,2023-10-18 12:04:00,2023-10-18 12:33:00,8.0,244,Completed,
T3982,D340,R3974,Delhi,Connaught Place,Rohini,2023-10-08 05:28:00,2023-10-08 05:41:00,2023-10-08 05:52:00,3.0,99,Completed,
T3983,D220,R2064,Mumbai,Juhu,Bandra,2023-10-14 09:18:00,2023-10-14 09:26:00,2023-10-14 10:25:00,15.6,428,Completed,
T3984,D121,R4442,Mumbai,Juhu,Colaba,2023-10-06 11:14:00,2023-10-06 11:17:00,2023-10-06 12:35:00,20.7,486,Completed,
T3985,D271,R3896,Bangalore,Jayanagar,HSR Layout,2023-10-14 18:04:00,2023-10-14 18:15:00,2023-10-14 19:21:00,18.8,450,Completed,
T3986,D127,R4152,Delhi,Vasant Kunj,Dwarka,2023-10-02 12:43:00,2023-10-02 12:58:00,2023-10-02 14:09:00,20.4,449,Completed,
T3987,D326,R1577,Delhi,Dwarka,Rohini,2023-10-26 19:07:00,2023-10-26 19:13:00,2023-10-26 19:59:00,11.8,228,Completed,
T3988,D188,R2901,Mumbai,Andheri,Powai,2023-10-24 01:48:00,2023-10-24 01:57:00,2023-10-24 03:16:00,23.4,602,Completed,
T3989,D307,R2680,Mumbai,Colaba,Bandra,2023-10-21 23:07:00,2023-10-21 23:14:00,2023-10-21 23:28:00,3.8,144,Completed,
T3990,D344,R4359,Delhi,Vasant Kunj,Rohini,2023-10-22 01:43:00,2023-10-22 01:53:00,2023-10-22 03:23:00,24.8,518,Completed,
T3991,D284,R4568,Mumbai,Colaba,Powai,2023-10-01 08:17:00,2023-10-01 08:29:00,2023-10-01 08:42:00,4.5,139,Completed,
T3992,D149,R3439,Bangalore,Jayanagar,HSR Layout,2023-10-21 21:31:00,2023-10-21 21:33:00,2023-10-21 22:27:00,14.6,370,Completed,
T3993,D341,R2327,Bangalore,Koramangala,Jayanagar,2023-10-04 15:37:00,,,0.0,0.0,Cancelled,Rider Cancelled
T3994,D349,R1784,Delhi,Dwarka,Rohini,2023-10-16 18:49:00,2023-10-16 18:56:00,2023-10-16 19:07:00,4.4,153,Completed,
T3995,D296,R4464,Mumbai,Colaba,Juhu,2023-10-17 17:51:00,2023-10-17 17:56:00,2023-10-17 19:03:00,22.5,491,Completed,
T3996,D224,R4080,Bangalore,Jayanagar,Koramangala,2023-10-14 05:28:00,2023-10-14 05:37:00,2023-10-14 05:53:00,5.2,169,Completed,
T3997,D331,R4064,Delhi,Vasant Kunj,Connaught Place,2023-10-27 16:54:00,2023-10-27 17:03:00,2023-10-27 17:34:00,10.5,290,Completed,
T3998,D122,R1172,Mumbai,Andheri,Bandra,2023-10-10 10:35:00,2023-10-10 10:38:00,2023-10-10 12:02:00,24.2,579,Completed,
T3999,D216,R4736,Mumbai,Juhu,Powai,2023-10-12 09:41:00,2023-10-12 09:55:00,2023-10-12 10:37:00,11.7,284,Completed,
T4000,D227,R3026,Mumbai,Colaba,Juhu,2023-10-20 19:18:00,,2023-10-20 19:45:00,8.1,178,Completed,
T4001,D262,R2801,Bangalore,Whitefield,Indiranagar,2023-10-09 22:04:00,2023-10-09 22:11:00,2023-10-09 23:24:00,19.1,445,Completed,
T4002,D321,R2377,Mumbai,Bandra,Andheri,2023-10-19 22:23:00,2023-10-19 22:26:00,2023-10-19 23:02:00,9.9,267,Completed,
T4003,D327,R4045,Mumbai,Andheri,Colaba,2023-10-19 10:48:00,2023-10-19 11:01:00,2023-10-19 11:53:00,20.3,386,Completed,
T4004,D345,R3887,Delhi,Connaught Place,Dwarka,2023-10-17 22:02:00,,,0.0,0.0,Cancelled,Driver Cancelled
T4005,D328,R2412,Mumbai,Andheri,Colaba,2023-10-19 16:22:00,2023-10-19 16:35:00,2023-10-19 16:41:00,2.6,114,Completed,
T4006,D235,R1918,Bangalore,Indiranagar,Koramangala,2023-10-30 00:44:00,2023-10-30 00:48:00,2023-10-30 01:54:00,22.5,584,Completed,
T4007,D245,R1484,Delhi,Saket,Connaught Place,2023-10-20 02:35:00,2023-10-20 02:46:00,2023-10-20 03:43:00,22.0,574,Completed,
T4008,D161,R1438,Bangalore,Jayanagar,HSR Layout,2023-10-28 09:20:00,2023-10-28 09:25:00,2023-10-28 10:03:00,10.6,287,Completed,
T4009,D288,R1607,Mumbai,Powai,Andheri,2023-10-24 10:41:00,2023-10-24 10:44:00,2023-10-24 11:30:00,12.5,253,Completed,
T4010,D329,R4606,Bangalore,Whitefield,Jayanagar,2023-10-24 16:00:00,,,0.0,0.0,Cancelled,Payment Issue
T4011,D126,R4457,Delhi,Vasant Kunj,Connaught Place,2023-10-13 18:29:00,2023-10-13 18:33:00,2023-10-13 19:11:00,10.6,284,Completed,
T4012,D265,R3734,Bangalore,HSR Layout,Koramangala,2023-10-11 21:46:00,2023-10-11 21:54:00,2023-10-11 22:46:00,19.1,422,Completed,
T4013,D235,R1877,Bangalore,Whitefield,HSR Layout,2023-10-13 05:44:00,2023-10-13 05:51:00,2023-10-13 06:03:00,4.4,158,Completed,
T4014,D165,R1911,Delhi,Connaught Place,Vasant Kunj,2023-10-27 04:31:00,2023-10-27 04:37:00,2023-10-27 05:44:00,20.7,413,Completed,
T4015,D295,R4552,Bangalore,Jayanagar,HSR Layout,2023-10-19 14:50:00,2023-10-19 15:00:00,2023-10-19 15:14:00,5.3,148,Completed,
T4016,D296,R1557,Mumbai,Powai,Colaba,2023-10-22 15:25:00,2023-10-22 15:39:00,2023-10-22 16:43:00,16.8,399,Completed,
T4017,D148,R2442,Bangalore,Koramangala,Indiranagar,2023-10-19 02:06:00,2023-10-19 02:19:00,2023-10-19 03:19:00,19.4,518,Completed,
T4018,D184,R2588,Bangalore,Whitefield,HSR Layout,2023-10-25 18:55:00,2023-10-25 19:09:00,2023-10-25 20:22:00,19.3,509,Completed,
T4019,D221,R1256,Bangalore,Jayanagar,HSR Layout,2023-10-11 01:03:00,2023-10-11 01:14:00,2023-10-11 02:31:00,20.4,540,Completed,
T4020,D162,R2630,Delhi,Connaught Place,Saket,2023-10-12 14:32:00,2023-10-12 14:40:00,2023-10-12 15:09:00,8.2,184,Completed,
T4021,D226,R3328,Bangalore,HSR Layout,Whitefield,2023-10-29 11:44:00,2023-10-29 11:59:00,2023-10-29 12:55:00,22.1,457,Completed,
T4022,D158,R2287,Mumbai,Bandra,Colaba,2023-10-23 03:19:00,2023-10-23 03:23:00,2023-10-23 03:43:00,8.3,237,Completed,
T4023,D328,R2854,Mumbai,Bandra,Andheri,2023-10-17 05:52:00,,,0.0,0.0,Cancelled,Driver Cancelled
T4024,D102,R3717,Delhi,Vasant Kunj,Rohini,2023-10-28 06:50:00,,,0.0,0.0,Cancelled,Other
T4025,D334,R3899,Bangalore,Indiranagar,Whitefield,2023-10-11 16:33:00,2023-10-11 16:36:00,2023-10-11 16:54:00,6.4,186,Completed,
T4026,D317,R2228,Bangalore,Koramangala,HSR Layout,2023-10-12 22:22:00,2023-10-12 22:25:00,2023-10-12 22:50:00,7.0,217,Completed,
T4027,D212,R2924,Bangalore,Whitefield,Koramangala,2023-10-18 18:46:00,2023-10-18 18:48:00,2023-10-18 19:43:00,15.2,351,Completed,
T4028,D170,R1624,Bangalore,Indiranagar,Jayanagar,2023-10-21 21:45:00,2023-10-21 22:00:00,2023-10-21 22:43:00,13.2,380,Completed,
T4029,D163,R4027,Mumbai,Juhu,Powai,2023-10-19 18:08:00,2023-10-19 18:19:00,2023-10-19 18:32:00,4.8,141,Completed,
T4030,D339,R4836,Bangalore,HSR Layout,Koramangala,2023-10-24 13:03:00,,,0.0,0.0,Cancelled,Other
T4031,D336,R2572,Bangalore,Indiranagar,Whitefield,2023-10-21 18:36:00,2023-10-21 18:39:00,2023-10-21 19:34:00,14.7,373,Completed,
T4032,D181,R3851,Bangalore,Jayanagar,Whitefield,2023-10-11 14:03:00,2023-10-11 14:13:00,2023-10-11 14:42:00,11.6,265,Completed,
T4033,D344,R4459,Delhi,Dwarka,Connaught Place,2023-10-08 14:45:00,,,0.0,0.0,Cancelled,Rider Cancelled
T4034,D333,R1847,Mumbai,Powai,Bandra,2023-10-05 08:38:00,2023-10-05 08:49:00,2023-10-05 10:06:00,22.5,432,Completed,
T4035,D214,R3416,Delhi,Rohini,Saket,2023-10-24 02:17:00,2023-10-24 02:25:00,2023-10-24 03:22:00,16.5,458,Completed,
T4036,D252,R1505,Bangalore,HSR Layout,Koramangala,2023-10-15 17:52:00,2023-10-15 18:07:00,2023-10-15 18:57:00,18.0,447,Completed,
T4037,D257,R2768,Mumbai,Powai,Juhu,2023-10-10 22:37:00,2023-10-10 22:46:00,2023-10-10 23:15:00,7.5,217,Completed,
T4038,D239,R4129,Bangalore,Koramangala,Jayanagar,2023-10-02 06:21:00,2023-10-02 06:24:00,2023-10-02 07:19:00,15.4,383,Completed,
T4039,D207,R3539,Bangalore,Indiranagar,Koramangala,2023-10-10 11:27:00,2023-10-10 11:39:00,2023-10-10 11:49:00,3.1,121,Completed,
T4040,D344,R3230,Delhi,Saket,Dwarka,2023-10-14 09:17:00,2023-10-14 09:29:00,2023-10-14 09:41:00,4.6,126,Completed,
T4041,D346,R4135,Mumbai,Juhu,Colaba,2023-10-29 19:25:00,2023-10-29 19:34:00,2023-10-29 20:10:00,13.5,351,Completed,
T4042,D316,R1438,Bangalore,Koramangala,HSR Layout,2023-10-02 21:37:00,2023-10-02 21:44:00,2023-10-02 22:27:00,13.9,265,Completed,
T4043,D114,R3997,Bangalore,Jayanagar,Koramangala,2023-10-17 13:12:00,2023-10-17 13:24:00,2023-10-17 14:14:00,16.0,307,Completed,
T4044,D155,R3565,Delhi,Dwarka,Saket,2023-10-13 19:49:00,2023-10-13 19:53:00,2023-10-13 20:47:00,14.3,274,Completed,
T4045,D125,R3648,Delhi,Rohini,Saket,2023-10-21 11:38:00,2023-10-21 11:45:00,2023-10-21 12:38:00,14.7,379,Completed,
T4046,D320,R1179,Bangalore,HSR Layout,Indiranagar,2023-10-10 06:34:00,2023-10-10 06:38:00,2023-10-10 07:20:00,14.4,405,Completed,
T4047,D181,R4035,Bangalore,Indiranagar,Whitefield,2023-10-11 13:30:00,2023-10-11 13:41:00,2023-10-11 13:48:00,2.2,89,Completed,
T4048,D116,R4667,Mumbai,Juhu,Andheri,2023-10-11 19:08:00,2023-10-11 19:15:00,2023-10-11 20:28:00,21.9,386,Completed,
T4049,D132,R1537,Mumbai,Juhu,Powai,2023-10-04 13:19:00,,,0.0,0.0,Cancelled,Driver Cancelled
T4050,D267,R1078,Mumbai,Colaba,Bandra,2023-10-20 10:06:00,2023-10-20 10:09:00,2023-10-20 10:21:00,4.0,113,Completed,
T4051,D269,R1399,Delhi,Vasant Kunj,Connaught Place,2023-10-27 16:02:00,2023-10-27 16:09:00,2023-10-27 16:41:00,9.4,267,Completed,
T4052,D327,R2084,Mumbai,Andheri,Colaba,2023-10-04 22:20:00,2023-10-04 22:32:00,2023-10-04 23:23:00,13.2,327,Completed,
T4053,D323,R2283,Delhi,Saket,Dwarka,2023-10-18 08:14:00,2023-10-18 08:28:00,2023-10-18 09:08:00,10.2,272,Completed,
T4054,D157,R4486,Mumbai,Juhu,Andheri,2023-10-16 20:56:00,2023-10-16 21:06:00,2023-10-16 21:43:00,12.8,284,Completed,
T4055,D212,R4382,Bangalore,Jayanagar,Whitefield,2023-10-16 13:51:00,2023-10-16 13:56:00,2023-10-16 14:45:00,14.5,412,Completed,
T4056,D333,R2301,Mumbai,Andheri,Juhu,2023-10-13 10:18:00,2023-10-13 10:25:00,2023-10-13 10:48:00,7.6,220,Completed,
T4057,D106,R1567,Mumbai,Powai,Colaba,2023-10-19 19:56:00,2023-10-19 20:09:00,2023-10-19 20:27:00,5.1,157,Completed,
T4058,D204,R1999,Bangalore,Jayanagar,Indiranagar,2023-10-02 00:20:00,2023-10-02 00:27:00,2023-10-02 00:41:00,3.8,125,Completed,
T4059,D349,R3436,Delhi,Rohini,Dwarka,2023-10-12 05:03:00,2023-10-12 05:16:00,2023-10-12 06:01:00,12.7,336,Completed,
T4060,D262,R4058,Bangalore,Jayanagar,HSR Layout,2023-10-25 23:22:00,2023-10-25 23:31:00,2023-10-26 00:29:00,15.8,350,Completed,
T4061,D107,R2784,Bangalore,Whitefield,Koramangala,2023-10-28 03:25:00,2023-10-28 03:37:00,2023-10-28 04:40:00,17.7,381,Completed,
T4062,D237,R3284,Bangalore,Jayanagar,Whitefield,2023-10-24 07:50:00,2023-10-24 07:55:00,2023-10-24 08:34:00,13.8,278,Completed,
T4063,D251,R4410,Bangalore,Whitefield,Indiranagar,2023-10-23 01:31:00,2023-10-23 01:44:00,2023-10-23 02:33:00,15.0,320,Completed,
T4064,D207,R1268,Bangalore,Whitefield,HSR Layout,2023-10-18 16:33:00,,,0.0,0.0,Cancelled,Driver Cancelled
T4065,D212,R1924,Bangalore,Koramangala,Jayanagar,2023-10-27 05:35:00,2023-10-27 05:40:00,2023-10-27 06:42:00,21.1,385,Completed,
T4066,D175,R3441,Mumbai,Bandra,Juhu,2023-10-29 19:54:00,2023-10-29 20:01:00,2023-10-29 21:06:00,16.5,426,Completed,
T4067,D242,R2542,Delhi,Dwarka,Rohini,2023-10-20 02:50:00,2023-10-20 02:55:00,2023-10-20 04:03:00,19.2,494,Completed,
T4068,D247,R3399,Bangalore,Koramangala,Indiranagar,2023-10-13 03:35:00,2023-10-13 03:47:00,2023-10-13 04:58:00,19.2,432,Completed,
T4069,D192,R3117,Bangalore,Indiranagar,HSR Layout,2023-10-22 14:27:00,,,0.0,0.0,Cancelled,Driver Cancelled
T4070,D251,R2555,Bangalore,Koramangala,Jayanagar,2023-10-22 04:11:00,2023-10-22 04:26:00,2023-10-22 05:17:00,15.8,367,Completed,
T4071,D276,R2692,Bangalore,Jayanagar,Indiranagar,2023-10-08 11:20:00,2023-10-08 11:24:00,2023-10-08 12:20:00,18.2,437,Completed,
T4072,D323,R1774,Delhi,Saket,Rohini,2023-10-17 16:30:00,2023-10-17 16:36:00,2023-10-17 18:03:00,22.7,518,Completed,
T4073,D146,R1799,Delhi,Dwarka,Saket,2023-10-05 01:08:00,2023-10-05 01:15:00,2023-10-05 02:10:00,19.1,381,Completed,
T4074,D247,R4016,Bangalore,HSR Layout,Whitefield,2023-10-10 23:46:00,2023-10-10 23:54:00,2023-10-11 00:39:00,15.5,407,Completed,
T4075,D149,R1554,Bangalore,Jayanagar,Whitefield,2023-10-15 01:32:00,2023-10-15 01:38:00,2023-10-15 02:44:00,18.0,328,Completed,
T4076,D152,R2519,Bangalore,Jayanagar,Indiranagar,2023-10-08 02:37:00,2023-10-08 02:48:00,2023-10-08 04:02:00,20.3,408,Completed,
T4077,D144,R1923,Mumbai,Powai,Juhu,2023-10-25 07:58:00,2023-10-25 08:07:00,2023-10-25 08:25:00,5.2,170,Completed,
T4078,D104,R2373,Delhi,Rohini,Dwarka,2023-10-07 18:58:00,2023-10-07 19:09:00,2023-10-07 19:51:00,12.8,296,Completed,
T4079,D228,R4069,Delhi,Rohini,Dwarka,2023-10-25 06:15:00,2023-10-25 06:30:00,2023-10-25 07:46:00,20.5,526,Completed,
T4080,D160,R4065,Mumbai,Andheri,Powai,2023-10-23 14:42:00,2023-10-23 14:44:00,2023-10-23 15:45:00,16.9,397,Completed,
T4081,D161,R2199,Bangalore,Whitefield,HSR Layout,2023-10-14 04:15:00,2023-10-14 04:17:00,2023-10-14 04:25:00,3.1,106,Completed,
T4082,D151,R4299,Delhi,Dwarka,Vasant Kunj,2023-10-03 08:37:00,2023-10-03 08:39:00,2023-10-03 09:58:00,22.7,527,Completed,
T4083,D316,R1989,Bangalore,Koramangala,HSR Layout,2023-10-30 03:02:00,2023-10-30 03:06:00,2023-10-30 03:54:00,16.2,392,Completed,
T4084,D291,R1903,Delhi,Rohini,Connaught Place,2023-10-26 22:04:00,2023-10-26 22:10:00,2023-10-26 22:58:00,15.8,328,Completed,
T4085,D245,R4057,Delhi,Rohini,Saket,2023-10-17 00:31:00,2023-10-17 00:36:00,2023-10-17 01:10:00,12.4,341,Completed,
T4086,D178,R4386,Bangalore,HSR Layout,Indiranagar,2023-10-10 12:05:00,2023-10-10 12:20:00,2023-10-10 13:37:00,19.6,506,Completed,
T4087,D288,R4180,Mumbai,Bandra,Colaba,2023-10-11 08:55:00,2023-10-11 08:57:00,2023-10-11 09:38:00,12.5,297,Completed,
T4088,D297,R4659,Bangalore,Koramangala,HSR Layout,2023-10-12 18:08:00,2023-10-12 18:10:00,2023-10-12 18:54:00,14.0,337,Completed,
T4089,D192,R2357,Bangalore,HSR Layout,Jayanagar,2023-10-15 19:04:00,2023-10-15 19:09:00,2023-10-15 20:20:00,18.7,411,Completed,
T4090,D209,R2321,Bangalore,Whitefield,Koramangala,2023-10-01 22:49:00,2023-10-01 22:51:00,2023-10-01 23:59:00,21.4,502,Completed,
T4091,D116,R2276,Mumbai,Powai,Juhu,2023-10-13 05:17:00,,,0.0,0.0,Cancelled,Driver Cancelled
T4092,D236,R4364,Delhi,Connaught Place,Saket,2023-10-06 03:10:00,2023-10-06 03:17:00,2023-10-06 04:26:00,24.0,569,Completed,
T4093,D142,R1970,Mumbai,Juhu,Andheri,2023-10-13 01:40:00,2023-10-13 01:53:00,2023-10-13 02:03:00,3.3,131,Completed,
T4094,D126,R4387,Delhi,Vasant Kunj,Dwarka,2023-10-07 22:26:00,2023-10-07 22:34:00,2023-10-07 22:52:00,6.2,148,Completed,
T4095,D258,R2982,Mumbai,Powai,Juhu,2023-10-12 14:52:00,,,0.0,0.0,Cancelled,Driver Cancelled
T4096,D350,R2326,Delhi,Vasant Kunj,Saket,2023-10-22 18:09:00,2023-10-22 18:13:00,2023-10-22 19:29:00,23.7,637,Completed,
T4097,D123,R3368,Bangalore,HSR Layout,Indiranagar,2023-10-14 15:56:00,2023-10-14 16:04:00,2023-10-14 17:05:00,24.4,477,Completed,
T4098,D162,R2637,Delhi,Saket,Rohini,2023-10-08 18:34:00,2023-10-08 18:44:00,2023-10-08 19:02:00,7.4,222,Completed,
T4099,D276,R4128,Bangalore,Koramangala,Whitefield,2023-10-14 03:12:00,,,0.0,0.0,Cancelled,Driver Not Found
T4100,D311,R2312,Mumbai,Andheri,Colaba,2023-10-09 11:52:00,2023-10-09 12:05:00,2023-10-09 13:17:00,18.7,425,Completed,
T4101,D273,R3045,Mumbai,Andheri,Colaba,2023-10-26 10:03:00,,,0.0,0.0,Cancelled,Driver Cancelled
T4102,D142,R4591,Mumbai,Juhu,Bandra,2023-10-27 14:09:00,2023-10-27 14:15:00,2023-10-27 14:30:00,4.4,123,Completed,
T4103,D157,R2212,Mumbai,Colaba,Andheri,2023-10-21 18:07:00,2023-10-21 18:19:00,2023-10-21 18:41:00,7.1,192,Completed,
T4104,D349,R2253,Delhi,Saket,Dwarka,2023-10-23 01:48:00,2023-10-23 01:55:00,2023-10-23 02:02:00,2.9,107,Completed,
T4105,D249,R1782,Delhi,Rohini,Dwarka,2023-10-24 05:27:00,2023-10-24 05:40:00,2023-10-24 05:47:00,2.1,84,Completed,
T4106,D278,R2541,Bangalore,Jayanagar,Koramangala,2023-10-26 21:34:00,2023-10-26 21:38:00,2023-10-26 22:13:00,9.0,190,Completed,
T4107,D169,R1013,Bangalore,Indiranagar,Jayanagar,2023-10-17 00:07:00,,,0.0,0.0,Cancelled,Rider Cancelled
T4108,D266,R3574,Bangalore,HSR Layout,Whitefield,2023-10-15 11:45:00,2023-10-15 11:49:00,2023-10-15 12:33:00,11.6,276,Completed,
T4109,D306,R4553,Mumbai,Powai,Juhu,2023-10-22 05:08:00,2023-10-22 05:18:00,2023-10-22 06:29:00,21.2,548,Completed,
T4110,D211,R3406,Mumbai,Bandra,Colaba,2023-10-15 16:38:00,2023-10-15 16:45:00,2023-10-15 17:52:00,21.2,472,Completed,
T4111,D122,R3966,Mumbai,Colaba,Bandra,2023-10-25 15:46:00,2023-10-25 15:53:00,2023-10-25 16:17:00,7.3,204,Completed,
T4112,D185,R4161,Delhi,Dwarka,Rohini,2023-10-01 16:17:00,2023-10-01 16:30:00,2023-10-01 16:52:00,5.8,189,Completed,
T4113,D307,R1304,Mumbai,Colaba,Juhu,2023-10-01 04:36:00,2023-10-01 04:43:00,2023-10-01 05:42:00,19.9,414,Completed,
T4114,D185,R3160,Delhi,Connaught Place,Vasant Kunj,2023-10-04 13:07:00,2023-10-04 13:13:00,2023-10-04 14:00:00,16.2,299,Completed,
T4115,D335,R3535,Delhi,Dwarka,Connaught Place,2023-10-19 07:37:00,2023-10-19 07:46:00,2023-10-19 08:21:00,12.6,339,Completed,
T4116,D321,R4450,Mumbai,Bandra,Andheri,2023-10-16 12:14:00,2023-10-16 12:16:00,2023-10-16 12:50:00,9.7,207,Completed,
T4117,D228,R1915,Delhi,Connaught Place,Saket,2023-10-11 00:09:00,2023-10-11 00:14:00,2023-10-11 00:40:00,7.2,166,Completed,
T4118,D331,R3005,Delhi,Vasant Kunj,Dwarka,2023-10-06 20:21:00,2023-10-06 20:33:00,2023-10-06 20:47:00,4.7,161,Completed,
T4119,D199,R2511,Bangalore,Jayanagar,Indiranagar,2023-10-16 00:00:00,2023-10-16 00:03:00,2023-10-16 00:22:00,6.7,153,Completed,
T4120,D279,R4986,Mumbai,Bandra,Andheri,2023-10-04 20:32:00,,,0.0,0.0,Cancelled,Driver Not Found
T4121,D130,R2386,Bangalore,Koramangala,Indiranagar,2023-10-17 05:37:00,2023-10-17 05:50:00,2023-10-17 06:52:00,21.3,510,Completed,
T4122,D326,R1414,Delhi,Rohini,Saket,2023-10-05 09:37:00,2023-10-05 09:51:00,2023-10-05 10:19:00,7.1,190,Completed,
T4123,D256,R4598,Delhi,Vasant Kunj,Connaught Place,2023-10-30 23:42:00,2023-10-30 23:55:00,2023-10-31 00:16:00,6.7,213,Completed,
T4124,D114,R1908,Bangalore,Jayanagar,HSR Layout,2023-10-20 00:33:00,,,0.0,0.0,Cancelled,Rider Cancelled
T4125,D147,R1097,Delhi,Connaught Place,Saket,2023-10-01 11:37:00,2023-10-01 11:45:00,2023-10-01 12:40:00,15.7,304,Completed,
T4126,D278,R1809,Bangalore,Whitefield,Indiranagar,2023-10-24 08:59:00,,,0.0,0.0,Cancelled,Rider Cancelled
T4127,D274,R1977,Mumbai,Juhu,Powai,2023-10-14 01:25:00,2023-10-14 01:27:00,2023-10-14 02:38:00,23.2,614,Completed,
T4128,D316,R2291,Bangalore,Indiranagar,Koramangala,2023-10-13 16:12:00,2023-10-13 16:15:00,2023-10-13 17:19:00,18.4,393,Completed,
T4129,D289,R4161,Bangalore,HSR Layout,Whitefield,2023-10-09 17:05:00,2023-10-09 17:13:00,2023-10-09 17:22:00,3.1,120,Completed,
T4130,D320,R4403,Bangalore,Indiranagar,Koramangala,2023-10-02 04:44:00,2023-10-02 04:56:00,2023-10-02 05:10:00,5.0,168,Completed,
T4131,D332,R1984,Delhi,Rohini,Vasant Kunj,2023-10-30 07:20:00,2023-10-30 07:33:00,2023-10-30 08:02:00,11.5,226,Completed,
T4132,D316,R2009,Bangalore,HSR Layout,Indiranagar,2023-10-06 09:29:00,2023-10-06 09:33:00,2023-10-06 10:03:00,10.1,253,Completed,
T4133,D292,R1512,Bangalore,Whitefield,Jayanagar,2023-10-26 07:08:00,2023-10-26 07:13:00,2023-10-26 08:17:00,24.7,519,Completed,
T4134,D215,R4734,Mumbai,Colaba,Bandra,2023-10-23 23:21:00,,,0.0,0.0,Cancelled,Driver Not Found
T4135,D178,R3447,Bangalore,HSR Layout,Whitefield,2023-10-30 16:19:00,,,0.0,0.0,Cancelled,Payment Issue
T4136,D137,R2039,Mumbai,Powai,Colaba,2023-10-22 20:28:00,2023-10-22 20:41:00,2023-10-22 21:29:00,16.5,369,Completed,
T4137,D263,R2250,Bangalore,Jayanagar,Whitefield,2023-10-30 11:13:00,2023-10-30 11:18:00,2023-10-30 12:01:00,16.7,310,Completed,
T4138,D103,R4242,Delhi,Saket,Connaught Place,2023-10-01 08:14:00,2023-10-01 08:18:00,2023-10-01 09:08:00,17.5,478,Completed,
T4139,D303,R3745,Mumbai,Juhu,Andheri,2023-10-04 12:55:00,2023-10-04 13:07:00,2023-10-04 14:00:00,19.6,364,Completed,
T4140,D338,R3587,Mumbai,Powai,Colaba,2023-10-12 09:06:00,2023-10-12 09:17:00,2023-10-12 09:59:00,12.8,286,Completed,
T4141,D154,R4365,Mumbai,Colaba,Powai,2023-10-03 11:22:00,2023-10-03 11:26:00,2023-10-03 11:54:00,7.8,199,Completed,
T4142,D164,R2648,Bangalore,HSR Layout,Jayanagar,2023-10-10 09:14:00,2023-10-10 09:24:00,2023-10-10 09:44:00,6.1,156,Completed,
T4143,D150,R1183,Mumbai,Colaba,Bandra,2023-10-01 08:19:00,,,0.0,0.0,Cancelled,Driver Cancelled
T4144,D314,R3126,Mumbai,Andheri,Bandra,2023-10-09 12:46:00,2023-10-09 12:54:00,2023-10-09 14:01:00,22.6,488,Completed,
T4145,D345,R3969,Delhi,Rohini,Vasant Kunj,2023-10-15 06:02:00,,,0.0,0.0,Cancelled,Driver Not Found
T4146,D250,R4485,Delhi,Vasant Kunj,Dwarka,2023-10-10 21:12:00,2023-10-10 21:20:00,2023-10-10 22:37:00,21.3,401,Completed,
T4147,D231,R4552,Bangalore,Indiranagar,Jayanagar,2023-10-25 17:40:00,2023-10-25 17:51:00,2023-10-25 18:06:00,4.3,128,Completed,
T4148,D218,R3742,Bangalore,HSR Layout,Koramangala,2023-10-09 18:15:00,2023-10-09 18:19:00,2023-10-09 19:15:00,16.4,308,Completed,
T4149,D131,R3543,Mumbai,Colaba,Andheri,2023-10-11 03:41:00,2023-10-11 03:54:00,2023-10-11 05:10:00,19.3,452,Completed,
T4150,D234,R1597,Mumbai,Powai,Colaba,2023-10-10 01:48:00,2023-10-10 01:58:00,2023-10-10 02:19:00,7.2,181,Completed,
T4151,D102,R1312,Delhi,Vasant Kunj,Rohini,2023-10-29 09:31:00,,,0.0,0.0,Cancelled,Payment Issue
T4152,D218,R4681,Bangalore,Indiranagar,Whitefield,2023-10-10 13:13:00,2023-10-10 13:18:00,2023-10-10 14:07:00,12.7,351,Completed,
T4153,D184,R1591,Bangalore,Whitefield,HSR Layout,2023-10-09 07:52:00,2023-10-09 08:01:00,2023-10-09 08:44:00,15.9,361,Completed,
T4154,D285,R2400,Delhi,Vasant Kunj,Dwarka,2023-10-21 08:31:00,2023-10-21 08:44:00,2023-10-21 09:51:00,16.9,378,Completed,
T4155,D310,R2404,Bangalore,Whitefield,Koramangala,2023-10-16 05:51:00,2023-10-16 06:00:00,2023-10-16 07:12:00,21.0,410,Completed,
T4156,D313,R1459,Delhi,Rohini,Dwarka,2023-10-06 02:07:00,2023-10-06 02:15:00,2023-10-06 03:37:00,21.4,519,Completed,
T4157,D145,R4171,Bangalore,HSR Layout,Whitefield,2023-10-18 18:16:00,2023-10-18 18:18:00,2023-10-18 18:48:00,9.8,216,Completed,
T4158,D154,R2826,Mumbai,Andheri,Bandra,2023-10-29 17:04:00,,,0.0,0.0,Cancelled,Rider Cancelled
T4159,D103,R3638,Delhi,Saket,Dwarka,2023-10-28 13:18:00,,,0.0,0.0,Cancelled,Driver Cancelled
T4160,D154,R1815,Mumbai,Colaba,Powai,2023-10-09 20:19:00,2023-10-09 20:33:00,2023-10-09 21:03:00,11.0,236,Completed,
T4161,D127,R4432,Delhi,Saket,Connaught Place,2023-10-06 07:27:00,2023-10-06 07:38:00,2023-10-06 08:42:00,17.7,343,Completed,
T4162,D103,R3636,Delhi,Rohini,Saket,2023-10-18 02:22:00,,,0.0,0.0,Cancelled,Rider Cancelled
T4163,D224,R3560,Bangalore,Whitefield,Koramangala,2023-10-15 14:33:00,2023-10-15 14:39:00,2023-10-15 14:54:00,5.5,153,Completed,
T4164,D216,R2773,Mumbai,Bandra,Juhu,2023-10-15 22:14:00,2023-10-15 22:29:00,2023-10-15 23:30:00,18.7,479,Completed,
T4165,D134,R4693,Mumbai,Andheri,Juhu,2023-10-02 20:28:00,,,0.0,0.0,Cancelled,Rider Cancelled
T4166,D325,R2132,Bangalore,HSR Layout,Indiranagar,2023-10-13 19:29:00,2023-10-13 19:43:00,2023-10-13 20:15:00,11.2,249,Completed,
T4167,D139,R4004,Bangalore,Whitefield,HSR Layout,2023-10-19 08:39:00,2023-10-19 08:49:00,2023-10-19 09:40:00,14.3,349,Completed,
T4168,D102,R2674,Delhi,Saket,Connaught Place,2023-10-13 20:44:00,2023-10-13 20:52:00,2023-10-13 21:16:00,8.8,204,Completed,
T4169,D315,R2852,Mumbai,Powai,Bandra,2023-10-08 05:15:00,2023-10-08 05:20:00,2023-10-08 06:26:00,20.3,462,Completed,
T4170,D269,R3103,Delhi,Rohini,Connaught Place,2023-10-06 11:06:00,2023-10-06 11:17:00,2023-10-06 11:57:00,13.8,268,Completed,
T4171,D221,R1636,Bangalore,HSR Layout,Whitefield,2023-10-01 21:57:00,,,0.0,0.0,Cancelled,Rider Cancelled
T4172,D103,R3582,Delhi,Saket,Connaught Place,2023-10-05 06:33:00,2023-10-05 06:46:00,2023-10-05 07:00:00,5.6,138,Completed,
T4173,D219,R1593,Bangalore,Koramangala,Jayanagar,2023-10-13 06:38:00,2023-10-13 06:40:00,2023-10-13 07:42:00,24.4,425,Completed,
T4174,D121,R1225,Mumbai,Andheri,Juhu,2023-10-30 14:45:00,2023-10-30 14:57:00,2023-10-30 15:16:00,5.0,175,Completed,
T4175,D166,R3849,Mumbai,Colaba,Juhu,2023-10-19 10:20:00,2023-10-19 10:24:00,2023-10-19 10:36:00,4.5,124,Completed,
T4176,D330,R3313,Delhi,Connaught Place,Saket,2023-10-19 07:52:00,2023-10-19 08:07:00,2023-10-19 08:44:00,10.1,210,Completed,
T4177,D164,R2719,Bangalore,HSR Layout,Jayanagar,2023-10-26 02:48:00,2023-10-26 02:52:00,2023-10-26 03:26:00,10.4,222,Completed,
T4178,D349,R4970,Delhi,Dwarka,Vasant Kunj,2023-10-18 03:45:00,2023-10-18 03:52:00,2023-10-18 04:44:00,17.9,343,Completed,
T4179,D340,R4901,Delhi,Rohini,Saket,2023-10-23 12:06:00,2023-10-23 12:14:00,2023-10-23 13:37:00,24.3,477,Completed,
T4180,D350,R1556,Delhi,Saket,Dwarka,2023-10-04 04:26:00,2023-10-04 04:36:00,2023-10-04 05:14:00,11.9,263,Completed,
T4181,D302,R1544,Bangalore,Indiranagar,Whitefield,2023-10-23 02:03:00,2023-10-23 02:11:00,2023-10-23 02:44:00,8.9,191,Completed,
T4182,D267,R3096,Mumbai,Juhu,Andheri,2023-10-23 10:42:00,2023-10-23 10:51:00,2023-10-23 11:27:00,9.1,251,Completed,
T4183,D270,R1471,Delhi,Connaught Place,Dwarka,2023-10-03 20:31:00,2023-10-03 20:37:00,2023-10-03 21:12:00,10.0,206,Completed,
T4184,D339,R3488,Bangalore,Koramangala,Jayanagar,2023-10-22 12:29:00,2023-10-22 12:42:00,2023-10-22 13:50:00,19.1,352,Completed,
T4185,D136,R3202,Delhi,Dwarka,Connaught Place,2023-10-28 12:24:00,2023-10-28 12:39:00,2023-10-28 12:49:00,3.8,119,Completed,
T4186,D160,R3581,Mumbai,Andheri,Juhu,2023-10-22 20:50:00,2023-10-22 20:52:00,2023-10-22 21:54:00,19.7,353,Completed,
T4187,D318,R3191,Bangalore,Indiranagar,Koramangala,2023-10-28 18:17:00,2023-10-28 18:28:00,2023-10-28 18:53:00,8.8,246,Completed,
T4188,D125,R1036,Delhi,Rohini,Saket,2023-10-12 02:57:00,2023-10-12 03:04:00,2023-10-12 04:03:00,19.3,527,Completed,
T4189,D155,R2117,Delhi,Dwarka,Vasant Kunj,2023-10-07 22:39:00,2023-10-07 22:54:00,2023-10-08 00:14:00,23.1,475,Completed,
T4190,D257,R4233,Mumbai,Powai,Colaba,2023-10-17 23:18:00,2023-10-17 23:33:00,2023-10-17 23:48:00,5.9,179,Completed,
T4191,D109,R3655,Bangalore,Jayanagar,Koramangala,2023-10-14 15:29:00,2023-10-14 15:32:00,2023-10-14 16:29:00,21.4,378,Completed,
T4192,D245,R2514,Delhi,Connaught Place,Saket,2023-10-09 19:36:00,2023-10-09 19:48:00,2023-10-09 20:54:00,17.0,379,Completed,
T4193,D223,R3181,Bangalore,Indiranagar,Whitefield,2023-10-07 19:16:00,2023-10-07 19:24:00,2023-10-07 19:43:00,7.1,160,Completed,
T4194,D283,R4907,Mumbai,Bandra,Juhu,2023-10-23 18:17:00,2023-10-23 18:20:00,2023-10-23 18:48:00,9.9,218,Completed,
T4195,D118,R2047,Delhi,Connaught Place,Rohini,2023-10-27 12:20:00,2023-10-27 12:33:00,2023-10-27 12:56:00,6.6,183,Completed,
T4196,D229,R2406,Mumbai,Powai,Colaba,2023-10-03 19:18:00,,,0.0,0.0,Cancelled,Rider Cancelled
T4197,D222,R4603,Bangalore,HSR Layout,Koramangala,2023-10-24 12:06:00,2023-10-24 12:12:00,2023-10-24 12:22:00,3.2,114,Completed,
T4198,D270,R2142,Delhi,Connaught Place,Vasant Kunj,2023-10-23 00:03:00,2023-10-23 00:17:00,2023-10-23 00:45:00,7.9,187,Completed,
T4199,D336,R1192,Bangalore,HSR Layout,Indiranagar,2023-10-01 22:20:00,2023-10-01 22:25:00,2023-10-01 23:09:00,12.2,325,Completed,
T4200,D150,R1516,Mumbai,Colaba,Powai,2023-10-18 19:01:00,2023-10-18 19:04:00,2023-10-18 19:12:00,2.5,106,Completed,
T4201,D320,R1987,Bangalore,Koramangala,Jayanagar,2023-10-12 08:02:00,2023-10-12 08:08:00,2023-10-12 09:06:00,20.3,406,Completed,
T4202,D113,R2066,Delhi,Vasant Kunj,Connaught Place,2023-10-11 21:46:00,2023-10-11 21:59:00,2023-10-11 22:44:00,14.0,366,Completed,
T4203,D235,R1073,Bangalore,Koramangala,Whitefield,2023-10-28 22:23:00,2023-10-28 22:34:00,2023-10-28 22:40:00,2.7,109,Completed,
T4204,D226,R1595,Bangalore,Indiranagar,Whitefield,2023-10-13 05:57:00,2023-10-13 05:59:00,2023-10-13 06:09:00,2.9,101,Completed,
T4205,D183,R4978,Mumbai,Colaba,Powai,2023-10-01 12:22:00,2023-10-01 12:30:00,2023-10-01 13:35:00,24.8,561,Completed,
T4206,D105,R2301,Bangalore,Jayanagar,Koramangala,2023-10-16 01:54:00,2023-10-16 01:56:00,2023-10-16 03:00:00,19.6,405,Completed,
T4207,D299,R1848,Delhi,Saket,Rohini,2023-10-25 15:21:00,2023-10-25 15:35:00,2023-10-25 16:32:00,17.9,382,Completed,
T4208,D239,R1848,Bangalore,Jayanagar,Indiranagar,2023-10-10 18:02:00,2023-10-10 18:09:00,2023-10-10 19:29:00,22.9,573,Completed,
T4209,D113,R1483,Delhi,Connaught Place,Saket,2023-10-05 05:09:00,2023-10-05 05:21:00,2023-10-05 06:33:00,24.7,563,Completed,
T4210,D303,R4730,Mumbai,Andheri,Colaba,2023-10-07 10:46:00,2023-10-07 10:49:00,2023-10-07 11:21:00,9.4,211,Completed,
T4211,D334,R2662,Bangalore,Jayanagar,HSR Layout,2023-10-17 04:33:00,2023-10-17 04:41:00,2023-10-17 04:56:00,4.2,115,Completed,
T4212,D236,R4757,Delhi,Dwarka,Saket,2023-10-13 02:33:00,2023-10-13 02:44:00,2023-10-13 03:05:00,6.4,195,Completed,
T4213,D215,R2062,Mumbai,Juhu,Bandra,2023-10-24 00:18:00,2023-10-24 00:24:00,2023-10-24 00:30:00,2.5,97,Completed,
T4214,D154,R2101,Mumbai,Juhu,Powai,2023-10-03 22:01:00,2023-10-03 22:13:00,2023-10-03 23:08:00,15.7,382,Completed,
T4215,D319,R2651,Bangalore,HSR Layout,Whitefield,2023-10-30 11:41:00,2023-10-30 11:52:00,2023-10-30 12:54:00,21.0,503,Completed,
T4216,D185,R4536,Delhi,Rohini,Saket,2023-10-26 08:06:00,2023-10-26 08:20:00,2023-10-26 08:32:00,4.7,140,Completed,
T4217,D309,R2437,Mumbai,Andheri,Bandra,2023-10-20 00:49:00,2023-10-20 00:53:00,2023-10-20 01:05:00,3.9,144,Completed,
T4218,D320,R1373,Bangalore,Jayanagar,Whitefield,2023-10-17 10:31:00,2023-10-17 10:39:00,2023-10-17 11:52:00,20.4,361,Completed,
T4219,D114,R4462,Bangalore,Jayanagar,HSR Layout,2023-10-24 15:42:00,2023-10-24 15:49:00,2023-10-24 16:22:00,10.0,202,Completed,
T4220,D188,R1219,Mumbai,Juhu,Bandra,2023-10-13 07:52:00,2023-10-13 08:06:00,2023-10-13 08:26:00,5.2,155,Completed,
T4221,D121,R3537,Mumbai,Andheri,Powai,2023-10-24 14:26:00,2023-10-24 14:35:00,2023-10-24 15:22:00,14.2,373,Completed,
T4222,D340,R2512,Delhi,Connaught Place,Dwarka,2023-10-21 03:16:00,,,0.0,0.0,Cancelled,Rider Cancelled
T4223,D338,R3592,Mumbai,Powai,Bandra,2023-10-25 15:35:00,2023-10-25 15:46:00,2023-10-25 16:34:00,13.3,264,Completed,
T4224,D159,R1965,Delhi,Rohini,Dwarka,2023-10-02 04:01:00,2023-10-02 04:13:00,2023-10-02 05:00:00,13.3,346,Completed,
T4225,D138,R1567,Mumbai,Juhu,Bandra,2023-10-24 23:59:00,2023-10-25 00:02:00,2023-10-25 01:18:00,22.5,559,Completed,
T4226,D170,R3357,Bangalore,Jayanagar,Koramangala,2023-10-09 05:19:00,2023-10-09 05:28:00,2023-10-09 05:45:00,5.0,175,Completed,
T4227,D337,R1680,Mumbai,Colaba,Powai,2023-10-20 05:55:00,2023-10-20 06:03:00,2023-10-20 07:31:00,23.6,637,Completed,
T4228,D273,R2474,Mumbai,Powai,Bandra,2023-10-28 18:33:00,,,0.0,0.0,Cancelled,Rider Cancelled
T4229,D204,R3269,Bangalore,Jayanagar,Indiranagar,2023-10-12 11:39:00,,,0.0,0.0,Cancelled,Driver Cancelled
T4230,D149,R3153,Bangalore,Koramangala,HSR Layout,2023-10-07 01:29:00,,,0.0,0.0,Cancelled,Driver Cancelled
T4231,D157,R3873,Mumbai,Colaba,Andheri,2023-10-04 02:36:00,2023-10-04 02:51:00,2023-10-04 03:26:00,9.4,233,Completed,
T4232,D306,R3196,Mumbai,Colaba,Bandra,2023-10-01 09:15:00,2023-10-01 09:21:00,2023-10-01 09:45:00,7.2,210,Completed,
T4233,D105,R3558,Bangalore,Whitefield,Jayanagar,2023-10-11 11:47:00,2023-10-11 11:55:00,2023-10-11 12:45:00,19.5,368,Completed,
T4234,D262,R4708,Bangalore,HSR Layout,Jayanagar,2023-10-18 23:44:00,2023-10-18 23:53:00,2023-10-19 00:06:00,5.2,154,Completed,
T4235,D119,R1763,Delhi,Saket,Rohini,2023-10-22 07:00:00,2023-10-22 07:04:00,2023-10-22 07:12:00,2.4,96,Completed,
T4236,D279,R4550,Mumbai,Powai,Andheri,2023-10-05 07:30:00,2023-10-05 07:42:00,2023-10-05 08:15:00,11.9,238,Completed,
T4237,D284,R3080,Mumbai,Andheri,Juhu,2023-10-24 10:30:00,,,0.0,0.0,Cancelled,Payment Issue
T4238,D227,R3348,Mumbai,Powai,Juhu,2023-10-22 16:41:00,2023-10-22 16:47:00,2023-10-22 17:07:00,5.4,133,Completed,
T4239,D207,R3985,Bangalore,HSR Layout,Indiranagar,2023-10-12 00:38:00,2023-10-12 00:51:00,2023-10-12 01:09:00,7.0,209,Completed,
T4240,D191,R1609,Bangalore,Koramangala,Jayanagar,2023-10-19 06:03:00,2023-10-19 06:16:00,2023-10-19 06:24:00,2.4,103,Completed,
T4241,D143,R4432,Bangalore,Koramangala,Whitefield,2023-10-03 19:36:00,2023-10-03 19:45:00,2023-10-03 20:48:00,17.9,412,Completed,
T4242,D262,R3028,Bangalore,Jayanagar,Indiranagar,2023-10-18 19:59:00,,,0.0,0.0,Cancelled,Driver Cancelled
T4243,D109,R1565,Bangalore,Koramangala,HSR Layout,2023-10-03 20:09:00,,,0.0,0.0,Cancelled,Driver Cancelled
T4244,D303,R3764,Mumbai,Andheri,Colaba,2023-10-22 00:13:00,2023-10-22 00:20:00,2023-10-22 00:30:00,3.8,138,Completed,
T4245,D179,R2907,Delhi,Rohini,Dwarka,2023-10-26 00:10:00,2023-10-26 00:22:00,2023-10-26 01:37:00,19.9,534,Completed,
T4246,D151,R1325,Delhi,Rohini,Dwarka,2023-10-07 22:28:00,2023-10-07 22:31:00,2023-10-07 22:45:00,3.9,109,Completed,
T4247,D271,R1065,Bangalore,Whitefield,Jayanagar,2023-10-05 06:01:00,2023-10-05 06:12:00,2023-10-05 06:44:00,8.9,268,Completed,
T4248,D249,R4335,Delhi,Vasant Kunj,Connaught Place,2023-10-01 02:55:00,,,0.0,0.0,Cancelled,Driver Not Found
T4249,D118,R3199,Delhi,Vasant Kunj,Connaught Place,2023-10-18 02:29:00,2023-10-18 02:40:00,2023-10-18 03:17:00,9.7,280,Completed,
T4250,D116,R3022,Mumbai,Colaba,Juhu,2023-10-05 08:33:00,,,0.0,0.0,Cancelled,Driver Not Found
T4251,D326,R1470,Delhi,Rohini,Connaught Place,2023-10-05 11:27:00,2023-10-05 11:37:00,2023-10-05 11:53:00,5.9,179,Completed,
T4252,D216,R1193,Mumbai,Bandra,Juhu,2023-10-09 07:39:00,2023-10-09 07:47:00,2023-10-09 08:19:00,8.3,242,Completed,
T4253,D291,R1775,Delhi,Dwarka,Rohini,2023-10-08 07:33:00,2023-10-08 07:41:00,2023-10-08 07:58:00,5.2,130,Completed,
T4254,D161,R2777,Bangalore,Jayanagar,Whitefield,2023-10-26 15:15:00,2023-10-26 15:18:00,2023-10-26 15:43:00,6.5,168,Completed,
T4255,D192,R2414,Bangalore,Koramangala,Whitefield,2023-10-19 21:00:00,2023-10-19 21:09:00,2023-10-19 21:59:00,13.2,292,Completed,
T4256,D101,R2129,Mumbai,Andheri,Powai,2023-10-29 19:28:00,2023-10-29 19:42:00,2023-10-29 19:59:00,6.2,145,Completed,
T4257,D154,R4393,Mumbai,Bandra,Andheri,2023-10-08 03:22:00,2023-10-08 03:33:00,2023-10-08 03:48:00,4.2,145,Completed,
T4258,D255,R2375,Mumbai,Colaba,Andheri,2023-10-12 22:59:00,2023-10-12 23:04:00,2023-10-12 23:35:00,8.6,263,Completed,
T4259,D159,R3248,Delhi,Connaught Place,Vasant Kunj,2023-10-12 18:18:00,2023-10-12 18:28:00,2023-10-12 18:57:00,10.2,235,Completed,
T4260,D209,R2937,Bangalore,HSR Layout,Koramangala,2023-10-27 21:50:00,2023-10-27 21:54:00,2023-10-27 22:25:00,11.2,245,Completed,
T4261,D105,R3370,Bangalore,Whitefield,HSR Layout,2023-10-02 04:57:00,2023-10-02 05:09:00,2023-10-02 05:28:00,5.5,174,Completed,
T4262,D156,R1190,Delhi,Vasant Kunj,Dwarka,2023-10-19 05:11:00,2023-10-19 05:14:00,2023-10-19 06:15:00,17.4,350,Completed,
T4263,D188,R1700,Mumbai,Colaba,Powai,2023-10-12 04:00:00,2023-10-12 04:12:00,2023-10-12 04:49:00,14.2,350,Completed,
T4264,D194,R1436,Mumbai,Juhu,Bandra,2023-10-20 03:37:00,2023-10-20 03:50:00,2023-10-20 04:02:00,3.4,135,Completed,
T4265,D169,R1123,Bangalore,Jayanagar,HSR Layout,2023-10-06 02:43:00,2023-10-06 02:49:00,2023-10-06 03:03:00,4.6,132,Completed,
T4266,D302,R1571,Bangalore,Indiranagar,Koramangala,2023-10-08 17:32:00,2023-10-08 17:38:00,2023-10-08 18:30:00,13.7,275,Completed,
T4267,D209,R2092,Bangalore,Jayanagar,Indiranagar,2023-10-19 01:06:00,2023-10-19 01:13:00,2023-10-19 01:59:00,15.9,406,Completed,
T4268,D251,R1144,Bangalore,Whitefield,Jayanagar,2023-10-05 21:02:00,,,0.0,0.0,Cancelled,Rider Cancelled
T4269,D171,R2602,Delhi,Saket,Connaught Place,2023-10-20 20:37:00,2023-10-20 20:52:00,2023-10-20 21:16:00,7.8,176,Completed,
T4270,D101,R4868,Mumbai,Juhu,Bandra,2023-10-20 23:48:00,2023-10-20 23:53:00,2023-10-21 00:30:00,12.5,303,Completed,
T4271,D207,R3975,Bangalore,Indiranagar,HSR Layout,2023-10-07 03:12:00,2023-10-07 03:16:00,2023-10-07 03:48:00,12.2,307,Completed,
T4272,D234,R3043,Mumbai,Bandra,Colaba,2023-10-19 04:08:00,2023-10-19 04:23:00,2023-10-19 05:54:00,24.9,554,Completed,
T4273,D140,R4463,Bangalore,Indiranagar,Koramangala,2023-10-13 05:46:00,2023-10-13 05:58:00,2023-10-13 07:15:00,22.1,436,Completed,
T4274,D321,R1926,Mumbai,Colaba,Powai,2023-10-27 00:53:00,2023-10-27 00:55:00,2023-10-27 02:16:00,21.0,548,Completed,
T4275,D103,R1938,Delhi,Vasant Kunj,Dwarka,2023-10-17 20:33:00,2023-10-17 20:37:00,2023-10-17 21:42:00,17.6,339,Completed,
T4276,D135,R1338,Mumbai,Bandra,Colaba,2023-10-02 05:36:00,2023-10-02 05:39:00,2023-10-02 05:54:00,5.0,132,Completed,
T4277,D257,R3762,Mumbai,Powai,Juhu,2023-10-14 18:35:00,2023-10-14 18:46:00,2023-10-14 19:48:00,23.8,565,Completed,
T4278,D132,R2114,Mumbai,Powai,Colaba,2023-10-01 09:52:00,2023-10-01 10:03:00,2023-10-01 11:20:00,23.5,473,Completed,
T4279,D217,R1633,Delhi,Saket,Dwarka,2023-10-19 21:15:00,2023-10-19 21:24:00,2023-10-19 22:48:00,22.2,436,Completed,
T4280,D258,R4512,Mumbai,Colaba,Powai,2023-10-06 17:49:00,2023-10-06 17:57:00,2023-10-06 18:46:00,15.6,336,Completed,
T4281,D180,R3703,Bangalore,Indiranagar,Jayanagar,2023-10-19 12:47:00,2023-10-19 12:54:00,2023-10-19 13:47:00,15.5,363,Completed,
T4282,D245,R1525,Delhi,Dwarka,Rohini,2023-10-21 10:24:00,2023-10-21 10:28:00,2023-10-21 10:50:00,7.6,213,Completed,
T4283,D144,R3769,Mumbai,Powai,Colaba,2023-10-19 10:42:00,2023-10-19 10:56:00,2023-10-19 11:17:00,6.2,156,Completed,
T4284,D157,R3432,Mumbai,Colaba,Juhu,2023-10-13 15:56:00,2023-10-13 16:08:00,2023-10-13 16:59:00,16.4,408,Completed,
T4285,D155,R2023,Delhi,Saket,Dwarka,2023-10-06 14:54:00,2023-10-06 15:02:00,2023-10-06 15:22:00,7.4,206,Completed,
T4286,D157,R2081,Mumbai,Andheri,Colaba,2023-10-21 04:10:00,2023-10-21 04:25:00,2023-10-21 04:47:00,6.2,151,Completed,
T4287,D161,R1444,Bangalore,Indiranagar,Koramangala,2023-10-23 17:44:00,2023-10-23 17:52:00,2023-10-23 18:03:00,3.8,114,Completed,
T4288,D165,R1951,Delhi,Vasant Kunj,Dwarka,2023-10-08 08:40:00,2023-10-08 08:54:00,2023-10-08 10:14:00,24.2,462,Completed,
T4289,D152,R2434,Bangalore,Koramangala,Indiranagar,2023-10-30 18:00:00,2023-10-30 18:06:00,2023-10-30 18:43:00,14.6,312,Completed,
T4290,D325,R2877,Bangalore,Koramangala,Indiranagar,2023-10-16 22:08:00,2023-10-16 22:10:00,2023-10-16 22:57:00,14.9,368,Completed,
T4291,D142,R1971,Mumbai,Bandra,Powai,2023-10-16 14:56:00,2023-10-16 15:07:00,2023-10-16 15:44:00,10.9,229,Completed,
T4292,D292,R3022,Bangalore,Whitefield,Koramangala,2023-10-29 23:23:00,2023-10-29 23:38:00,2023-10-30 00:51:00,20.3,436,Completed,
T4293,D288,R4840,Mumbai,Andheri,Juhu,2023-10-25 04:49:00,,,0.0,0.0,Cancelled,Driver Cancelled
T4294,D117,R4965,Delhi,Rohini,Dwarka,2023-10-13 19:17:00,2023-10-13 19:24:00,2023-10-13 20:27:00,16.7,453,Completed,
T4295,D334,R3512,Bangalore,Whitefield,Indiranagar,2023-10-26 05:38:00,2023-10-26 05:43:00,2023-10-26 05:55:00,4.4,117,Completed,
T4296,D232,R3217,Bangalore,Indiranagar,Jayanagar,2023-10-27 20:33:00,,,0.0,0.0,Cancelled,Driver Cancelled
T4297,D246,R2446,Delhi,Dwarka,Vasant Kunj,2023-10-07 10:06:00,2023-10-07 10:21:00,2023-10-07 11:34:00,24.1,459,Completed,
T4298,D202,R3748,Delhi,Connaught Place,Rohini,2023-10-25 10:07:00,2023-10-25 10:09:00,2023-10-25 11:23:00,21.7,570,Completed,
T4299,D308,R3479,Mumbai,Bandra,Juhu,2023-10-26 14:23:00,2023-10-26 14:35:00,2023-10-26 15:44:00,21.2,500,Completed,
T4300,D318,R1146,Bangalore,Jayanagar,HSR Layout,2023-10-15 18:48:00,2023-10-15 18:55:00,2023-10-15 19:12:00,5.9,160,Completed,
T4301,D190,R2004,Bangalore,HSR Layout,Jayanagar,2023-10-11 00:32:00,,,0.0,0.0,Cancelled,Driver Cancelled
T4302,D111,R4903,Mumbai,Colaba,Powai,2023-10-26 23:24:00,2023-10-26 23:36:00,2023-10-26 23:56:00,8.0,243,Completed,
T4303,D281,R3198,Delhi,Vasant Kunj,Connaught Place,2023-10-24 16:13:00,2023-10-24 16:18:00,2023-10-24 17:14:00,14.3,394,Completed,
T4304,D183,R2642,Mumbai,Juhu,Colaba,2023-10-29 11:15:00,2023-10-29 11:29:00,2023-10-29 12:27:00,17.6,394,Completed,
T4305,D262,R3515,Bangalore,Jayanagar,Whitefield,2023-10-04 19:19:00,2023-10-04 19:23:00,2023-10-04 19:43:00,7.7,210,Completed,
T4306,D117,R3091,Delhi,Vasant Kunj,Dwarka,2023-10-16 12:02:00,2023-10-16 12:08:00,2023-10-16 13:26:00,20.3,429,Completed,
T4307,D213,R3105,Bangalore,Koramangala,HSR Layout,2023-10-03 04:05:00,2023-10-03 04:12:00,2023-10-03 04:42:00,8.1,217,Completed,
T4308,D121,R3108,Mumbai,Andheri,Powai,2023-10-17 17:52:00,,,0.0,0.0,Cancelled,Other
T4309,D135,R2998,Mumbai,Colaba,Bandra,2023-10-06 02:16:00,2023-10-06 02:28:00,2023-10-06 03:08:00,14.5,300,Completed,
T4310,D315,R2811,Mumbai,Powai,Juhu,2023-10-04 09:49:00,2023-10-04 10:01:00,2023-10-04 10:42:00,14.2,359,Completed,
T4311,D263,R1972,Bangalore,Whitefield,HSR Layout,2023-10-11 02:03:00,,,0.0,0.0,Cancelled,Rider Cancelled
T4312,D197,R2071,Mumbai,Andheri,Bandra,2023-10-11 07:13:00,2023-10-11 07:23:00,2023-10-11 08:19:00,20.2,373,Completed,
T4313,D194,R3311,Mumbai,Bandra,Colaba,2023-10-27 16:08:00,2023-10-27 16:16:00,2023-10-27 16:43:00,8.5,245,Completed,
T4314,D233,R2316,Delhi,Dwarka,Saket,2023-10-14 23:32:00,2023-10-14 23:44:00,2023-10-15 00:56:00,20.9,437,Completed,
T4315,D343,R2991,Bangalore,Koramangala,Jayanagar,2023-10-07 11:39:00,2023-10-07 11:49:00,2023-10-07 12:44:00,21.9,395,Completed,
T4316,D346,R2259,Mumbai,Bandra,Colaba,2023-10-20 10:25:00,2023-10-20 10:28:00,2023-10-20 10:46:00,4.7,146,Completed,
T4317,D162,R2895,Delhi,Connaught Place,Rohini,2023-10-08 14:01:00,2023-10-08 14:12:00,2023-10-08 14:41:00,7.4,176,Completed,
T4318,D127,R2124,Delhi,Connaught Place,Saket,2023-10-09 05:53:00,2023-10-09 05:57:00,2023-10-09 06:40:00,12.2,235,Completed,
T4319,D169,R4843,Bangalore,Koramangala,Whitefield,2023-10-07 12:48:00,2023-10-07 12:59:00,2023-10-07 13:05:00,2.2,95,Completed,
T4320,D277,R4323,Mumbai,Bandra,Colaba,2023-10-14 22:13:00,2023-10-14 22:26:00,2023-10-14 23:41:00,23.8,476,Completed,
T4321,D121,R1894,Mumbai,Andheri,Powai,2023-10-17 12:43:00,2023-10-17 12:52:00,2023-10-17 13:06:00,3.6,122,Completed,
T4322,D235,R4230,Bangalore,Jayanagar,Indiranagar,2023-10-27 12:54:00,2023-10-27 13:03:00,2023-10-27 13:53:00,19.3,506,Completed,
T4323,D345,R1154,Delhi,Saket,Connaught Place,2023-10-27 08:21:00,2023-10-27 08:23:00,2023-10-27 09:19:00,20.7,465,Completed,
T4324,D170,R4880,Bangalore,HSR Layout,Indiranagar,2023-10-01 07:13:00,2023-10-01 07:25:00,2023-10-01 08:14:00,14.8,295,Completed,
T4325,D256,R3172,Delhi,Vasant Kunj,Rohini,2023-10-16 07:02:00,2023-10-16 07:06:00,2023-10-16 07:11:00,2.3,92,Completed,
T4326,D219,R4595,Bangalore,Indiranagar,Koramangala,2023-10-07 10:42:00,,,0.0,0.0,Cancelled,Driver Not Found
T4327,D284,R4163,Mumbai,Powai,Juhu,2023-10-17 19:17:00,2023-10-17 19:26:00,2023-10-17 19:34:00,2.4,109,Completed,
T4328,D163,R2780,Mumbai,Powai,Andheri,2023-10-16 19:21:00,,,0.0,0.0,Cancelled,Rider Cancelled
T4329,D145,R2376,Bangalore,Whitefield,Jayanagar,2023-10-04 06:29:00,2023-10-04 06:39:00,2023-10-04 07:26:00,17.0,340,Completed,
T4330,D175,R3900,Mumbai,Colaba,Juhu,2023-10-20 15:43:00,,,0.0,0.0,Cancelled,Driver Cancelled
T4331,D201,R2392,Delhi,Saket,Dwarka,2023-10-06 10:29:00,2023-10-06 10:32:00,2023-10-06 10:54:00,6.6,209,Completed,
T4332,D215,R4235,Mumbai,Colaba,Bandra,2023-10-02 16:42:00,2023-10-02 16:54:00,2023-10-02 17:09:00,4.8,151,Completed,
T4333,D117,R1879,Delhi,Connaught Place,Saket,2023-10-29 09:13:00,,,0.0,0.0,Cancelled,Driver Cancelled
T4334,D216,R2889,Mumbai,Colaba,Juhu,2023-10-21 23:43:00,2023-10-21 23:55:00,2023-10-22 00:49:00,18.6,485,Completed,
T4335,D237,R1590,Bangalore,Koramangala,Indiranagar,2023-10-14 07:38:00,2023-10-14 07:40:00,2023-10-14 08:35:00,15.0,315,Completed,
T4336,D111,R4989,Mumbai,Andheri,Bandra,2023-10-13 04:07:00,2023-10-13 04:12:00,2023-10-13 04:26:00,3.7,110,Completed,
T4337,D274,R1822,Mumbai,Bandra,Juhu,2023-10-06 23:34:00,2023-10-06 23:47:00,2023-10-07 00:06:00,6.5,168,Completed,
T4338,D137,R2438,Mumbai,Bandra,Powai,2023-10-16 02:46:00,2023-10-16 02:50:00,2023-10-16 03:04:00,4.0,128,Completed,
T4339,D119,R2347,Delhi,Vasant Kunj,Rohini,2023-10-30 03:49:00,2023-10-30 04:03:00,2023-10-30 04:49:00,16.7,305,Completed,
T4340,D217,R1184,Delhi,Dwarka,Vasant Kunj,2023-10-07 09:08:00,2023-10-07 09:23:00,2023-10-07 10:02:00,10.7,234,Completed,
T4341,D273,R4517,Mumbai,Colaba,Bandra,2023-10-05 02:43:00,2023-10-05 02:53:00,2023-10-05 04:01:00,23.5,542,Completed,
T4342,D244,R3793,Mumbai,Juhu,Bandra,2023-10-16 07:39:00,2023-10-16 07:45:00,2023-10-16 08:12:00,7.8,227,Completed,
T4343,D306,R3600,Mumbai,Bandra,Andheri,2023-10-21 05:10:00,2023-10-21 05:15:00,2023-10-21 06:20:00,18.4,367,Completed,
T4344,D125,R3606,Delhi,Rohini,Saket,2023-10-25 03:53:00,2023-10-25 03:57:00,2023-10-25 04:29:00,12.4,253,Completed,
T4345,D159,R4921,Delhi,Vasant Kunj,Rohini,2023-10-30 12:13:00,2023-10-30 12:17:00,2023-10-30 13:37:00,20.6,563,Completed,
T4346,D119,R1587,Delhi,Vasant Kunj,Dwarka,2023-10-12 18:12:00,2023-10-12 18:15:00,2023-10-12 18:55:00,10.6,287,Completed,
T4347,D132,R4339,Mumbai,Juhu,Andheri,2023-10-14 20:09:00,2023-10-14 20:13:00,2023-10-14 21:26:00,18.3,461,Completed,
T4348,D294,R4624,Delhi,Saket,Vasant Kunj,2023-10-05 17:58:00,2023-10-05 18:00:00,2023-10-05 18:58:00,17.0,421,Completed,
T4349,D311,R4124,Mumbai,Juhu,Colaba,2023-10-04 13:21:00,2023-10-04 13:27:00,2023-10-04 13:50:00,9.2,234,Completed,
T4350,D268,R3291,Delhi,Dwarka,Saket,2023-10-26 19:46:00,2023-10-26 19:49:00,2023-10-26 20:52:00,23.5,507,Completed,
T4351,D119,R3189,Delhi,Rohini,Connaught Place,2023-10-24 18:59:00,2023-10-24 19:07:00,2023-10-24 19:57:00,17.5,381,Completed,
T4352,D242,R4089,Delhi,Rohini,Vasant Kunj,2023-10-06 21:06:00,2023-10-06 21:15:00,2023-10-06 21:52:00,13.6,267,Completed,
T4353,D175,R2692,Mumbai,Juhu,Colaba,2023-10-08 12:19:00,2023-10-08 12:28:00,2023-10-08 12:35:00,2.1,82,Completed,
T4354,D153,R1605,Mumbai,Juhu,Powai,2023-10-30 15:22:00,2023-10-30 15:29:00,2023-10-30 16:05:00,9.3,237,Completed,
T4355,D260,R4536,Bangalore,Whitefield,Jayanagar,2023-10-20 11:22:00,2023-10-20 11:34:00,2023-10-20 11:56:00,6.2,147,Completed,
T4356,D108,R2874,Delhi,Rohini,Connaught Place,2023-10-25 20:37:00,2023-10-25 20:49:00,2023-10-25 21:47:00,21.5,521,Completed,
T4357,D332,R4675,Delhi,Dwarka,Rohini,2023-10-09 08:17:00,2023-10-09 08:25:00,2023-10-09 09:19:00,15.7,397,Completed,
T4358,D226,R2793,Bangalore,Koramangala,HSR Layout,2023-10-08 04:38:00,2023-10-08 04:53:00,2023-10-08 05:45:00,16.0,337,Completed,
T4359,D301,R4463,Bangalore,Koramangala,Indiranagar,2023-10-14 02:21:00,2023-10-14 02:23:00,2023-10-14 02:51:00,7.9,196,Completed,
T4360,D194,R2938,Mumbai,Juhu,Andheri,2023-10-13 01:34:00,2023-10-13 01:39:00,2023-10-13 02:44:00,16.7,301,Completed,
T4361,D184,R1210,Bangalore,Jayanagar,Whitefield,2023-10-26 03:34:00,2023-10-26 03:37:00,2023-10-26 04:28:00,19.5,526,Completed,
T4362,D300,R2531,Delhi,Dwarka,Saket,2023-10-17 09:02:00,2023-10-17 09:14:00,2023-10-17 10:21:00,19.3,430,Completed,
T4363,D211,R4566,Mumbai,Andheri,Powai,2023-10-20 10:59:00,2023-10-20 11:06:00,2023-10-20 12:16:00,20.1,378,Completed,
T4364,D181,R4331,Bangalore,Whitefield,Koramangala,2023-10-25 05:33:00,2023-10-25 05:48:00,2023-10-25 06:26:00,10.5,208,Completed,
T4365,D191,R4712,Bangalore,Jayanagar,Whitefield,2023-10-15 19:18:00,2023-10-15 19:25:00,2023-10-15 20:35:00,24.0,505,Completed,
T4366,D148,R1295,Bangalore,HSR Layout,Koramangala,2023-10-09 08:47:00,2023-10-09 08:51:00,2023-10-09 09:25:00,10.8,254,Completed,
T4367,D335,R2769,Delhi,Rohini,Dwarka,2023-10-25 17:40:00,2023-10-25 17:47:00,2023-10-25 18:21:00,9.0,271,Completed,
T4368,D211,R2407,Mumbai,Andheri,Juhu,2023-10-19 13:20:00,2023-10-19 13:30:00,2023-10-19 14:17:00,12.1,323,Completed,
T4369,D137,R3032,Mumbai,Andheri,Powai,2023-10-07 09:19:00,2023-10-07 09:22:00,2023-10-07 09:28:00,2.7,99,Completed,
T4370,D214,R1460,Delhi,Vasant Kunj,Connaught Place,2023-10-20 23:20:00,2023-10-20 23:28:00,2023-10-21 00:26:00,16.7,463,Completed,
T4371,D284,R3022,Mumbai,Bandra,Juhu,2023-10-10 02:15:00,2023-10-10 02:21:00,2023-10-10 02:31:00,3.8,120,Completed,
T4372,D130,R4105,Bangalore,HSR Layout,Koramangala,2023-10-21 03:55:00,2023-10-21 04:08:00,2023-10-21 04:33:00,6.5,149,Completed,
T4373,D281,R4396,Delhi,Saket,Connaught Place,2023-10-16 00:48:00,2023-10-16 01:01:00,2023-10-16 01:11:00,3.3,118,Completed,
T4374,D120,R1157,Bangalore,Jayanagar,Whitefield,2023-10-18 10:08:00,2023-10-18 10:21:00,2023-10-18 11:48:00,22.1,534,Completed,
T4375,D259,R2023,Delhi,Dwarka,Vasant Kunj,2023-10-24 15:58:00,2023-10-24 16:10:00,2023-10-24 16:53:00,14.1,319,Completed,
T4376,D344,R3153,Delhi,Vasant Kunj,Connaught Place,2023-10-26 07:23:00,2023-10-26 07:34:00,2023-10-26 08:33:00,23.6,447,Completed,
T4377,D129,R2836,Bangalore,Whitefield,Koramangala,2023-10-25 02:47:00,2023-10-25 02:51:00,2023-10-25 03:41:00,17.8,376,Completed,
T4378,D127,R1496,Delhi,Rohini,Dwarka,2023-10-18 20:04:00,2023-10-18 20:15:00,2023-10-18 21:03:00,15.0,378,Completed,
T4379,D291,R3661,Delhi,Vasant Kunj,Connaught Place,2023-10-05 08:55:00,2023-10-05 09:10:00,2023-10-05 09:38:00,8.2,231,Completed,
T4380,D237,R4378,Bangalore,Jayanagar,Whitefield,2023-10-10 19:26:00,2023-10-10 19:35:00,2023-10-10 20:15:00,13.2,298,Completed,
T4381,D209,R4742,Bangalore,Jayanagar,Indiranagar,2023-10-30 21:21:00,2023-10-30 21:25:00,2023-10-30 22:06:00,11.4,231,Completed,
T4382,D335,R1647,Delhi,Vasant Kunj,Connaught Place,2023-10-16 16:56:00,2023-10-16 17:01:00,2023-10-16 17:17:00,5.4,133,Completed,
T4383,D266,R2364,Bangalore,Whitefield,HSR Layout,2023-10-28 05:15:00,2023-10-28 05:25:00,2023-10-28 05:55:00,8.1,233,Completed,
T4384,D332,R4323,Delhi,Vasant Kunj,Dwarka,2023-10-01 21:57:00,2023-10-01 22:01:00,2023-10-01 22:25:00,7.4,199,Completed,
T4385,D301,R3491,Bangalore,Indiranagar,Koramangala,2023-10-09 00:20:00,,,0.0,0.0,Cancelled,Driver Cancelled
T4386,D312,R3829,Delhi,Vasant Kunj,Saket,2023-10-06 08:31:00,2023-10-06 08:35:00,2023-10-06 09:48:00,18.6,460,Completed,
T4387,D224,R2868,Bangalore,Whitefield,Koramangala,2023-10-16 00:02:00,2023-10-16 00:13:00,2023-10-16 01:30:00,20.9,447,Completed,
T4388,D318,R2519,Bangalore,Indiranagar,Koramangala,2023-10-26 06:56:00,2023-10-26 07:07:00,2023-10-26 08:24:00,23.0,438,Completed,
T4389,D304,R1661,Delhi,Rohini,Saket,2023-10-07 20:14:00,2023-10-07 20:25:00,2023-10-07 21:42:00,19.8,421,Completed,
T4390,D144,R3709,Mumbai,Juhu,Bandra,2023-10-20 02:13:00,2023-10-20 02:21:00,2023-10-20 02:38:00,4.8,159,Completed,
T4391,D207,R3146,Bangalore,HSR Layout,Jayanagar,2023-10-24 06:50:00,2023-10-24 06:53:00,2023-10-24 07:29:00,10.7,269,Completed,
T4392,D173,R4502,Delhi,Saket,Rohini,2023-10-27 12:05:00,2023-10-27 12:08:00,2023-10-27 13:09:00,18.7,376,Completed,
T4393,D287,R3577,Mumbai,Andheri,Bandra,2023-10-29 13:41:00,2023-10-29 13:52:00,2023-10-29 14:25:00,11.2,302,Completed,
T4394,D261,R2562,Mumbai,Bandra,Andheri,2023-10-30 05:59:00,2023-10-30 06:01:00,2023-10-30 06:45:00,12.3,357,Completed,
T4395,D327,R3395,Mumbai,Powai,Colaba,2023-10-12 23:57:00,,,0.0,0.0,Cancelled,Payment Issue
T4396,D304,R1856,Delhi,Saket,Vasant Kunj,2023-10-08 18:55:00,,,0.0,0.0,Cancelled,Driver Cancelled
T4397,D251,R4731,Bangalore,Whitefield,HSR Layout,2023-10-03 06:21:00,2023-10-03 06:23:00,2023-10-03 06:34:00,3.4,115,Completed,
T4398,D149,R1927,Bangalore,HSR Layout,Koramangala,2023-10-14 02:07:00,2023-10-14 02:13:00,2023-10-14 03:08:00,20.1,512,Completed,
T4399,D188,R2673,Mumbai,Bandra,Andheri,2023-10-06 01:15:00,2023-10-06 01:27:00,2023-10-06 02:04:00,13.6,312,Completed,
T4400,D143,R1497,Bangalore,Indiranagar,Jayanagar,2023-10-06 04:09:00,2023-10-06 04:16:00,2023-10-06 05:44:00,24.3,524,Completed,
T4401,D285,R1475,Delhi,Rohini,Connaught Place,2023-10-23 22:01:00,2023-10-23 22:12:00,2023-10-23 23:07:00,17.1,353,Completed,
T4402,D320,R4406,Bangalore,Whitefield,Indiranagar,2023-10-15 20:14:00,2023-10-15 20:20:00,2023-10-15 21:29:00,22.8,574,Completed,
T4403,D311,R2320,Mumbai,Juhu,Bandra,2023-10-05 09:19:00,2023-10-05 09:29:00,2023-10-05 09:57:00,8.6,232,Completed,
T4404,D286,R3733,Mumbai,Juhu,Bandra,2023-10-10 00:53:00,2023-10-10 01:01:00,2023-10-10 01:09:00,3.0,96,Completed,
T4405,D243,R4815,Bangalore,Koramangala,Indiranagar,2023-10-17 13:20:00,2023-10-17 13:28:00,2023-10-17 14:02:00,11.6,272,Completed,
T4406,D267,R1036,Mumbai,Powai,Andheri,2023-10-07 04:37:00,2023-10-07 04:41:00,2023-10-07 06:00:00,23.8,609,Completed,
T4407,D220,R3767,Mumbai,Andheri,Bandra,2023-10-28 00:28:00,2023-10-28 00:31:00,2023-10-28 01:13:00,13.5,280,Completed,
T4408,D144,R1240,Mumbai,Colaba,Bandra,2023-10-11 21:18:00,2023-10-11 21:21:00,2023-10-11 21:29:00,2.3,101,Completed,
T4409,D239,R4455,Bangalore,Indiranagar,Jayanagar,2023-10-06 02:51:00,2023-10-06 03:05:00,2023-10-06 03:23:00,7.2,184,Completed,
T4410,D129,R1447,Bangalore,Koramangala,HSR Layout,2023-10-21 09:58:00,2023-10-21 10:02:00,2023-10-21 10:41:00,13.2,312,Completed,
T4411,D315,R3830,Mumbai,Bandra,Juhu,2023-10-24 19:43:00,2023-10-24 19:47:00,2023-10-24 20:50:00,19.9,498,Completed,
T4412,D301,R2184,Bangalore,Whitefield,Koramangala,2023-10-11 16:06:00,2023-10-11 16:11:00,2023-10-11 16:56:00,11.6,252,Completed,
T4413,D190,R4379,Bangalore,Indiranagar,Jayanagar,2023-10-25 14:48:00,2023-10-25 15:03:00,2023-10-25 16:21:00,21.2,574,Completed,
T4414,D335,R4098,Delhi,Rohini,Saket,2023-10-28 15:54:00,2023-10-28 15:58:00,2023-10-28 17:05:00,17.1,424,Completed,
T4415,D285,R2584,Delhi,Connaught Place,Rohini,2023-10-15 00:34:00,2023-10-15 00:41:00,2023-10-15 01:34:00,16.7,361,Completed,
T4416,D258,R1410,Mumbai,Colaba,Juhu,2023-10-25 09:52:00,2023-10-25 10:04:00,2023-10-25 10:19:00,5.3,170,Completed,
T4417,D265,R3739,Bangalore,Whitefield,HSR Layout,2023-10-10 10:01:00,2023-10-10 10:04:00,2023-10-10 10:45:00,12.6,345,Completed,
T4418,D189,R1985,Mumbai,Bandra,Juhu,2023-10-18 01:29:00,2023-10-18 01:44:00,2023-10-18 02:34:00,13.9,345,Completed,
T4419,D118,R1855,Delhi,Rohini,Dwarka,2023-10-13 11:37:00,2023-10-13 11:44:00,2023-10-13 11:59:00,4.2,151,Completed,
T4420,D173,R1135,Delhi,Connaught Place,Vasant Kunj,2023-10-15 08:22:00,,,0.0,0.0,Cancelled,Driver Not Found
T4421,D139,R3311,Bangalore,Indiranagar,Koramangala,2023-10-07 06:05:00,,,0.0,0.0,Cancelled,Rider Cancelled
T4422,D130,R2210,Bangalore,HSR Layout,Indiranagar,2023-10-06 04:36:00,,,0.0,0.0,Cancelled,Rider Cancelled
T4423,D340,R3844,Delhi,Vasant Kunj,Connaught Place,2023-10-13 18:29:00,2023-10-13 18:33:00,2023-10-13 18:50:00,6.3,185,Completed,
T4424,D311,R1201,Mumbai,Bandra,Juhu,2023-10-30 21:27:00,2023-10-30 21:29:00,2023-10-30 22:34:00,19.2,484,Completed,
T4425,D219,R3975,Bangalore,Koramangala,HSR Layout,2023-10-30 03:52:00,2023-10-30 04:03:00,2023-10-30 04:26:00,5.8,144,Completed,
T4426,D210,R3944,Mumbai,Colaba,Bandra,2023-10-20 09:37:00,2023-10-20 09:41:00,2023-10-20 10:28:00,15.1,315,Completed,
T4427,D255,R4002,Mumbai,Andheri,Bandra,2023-10-02 04:25:00,2023-10-02 04:36:00,2023-10-02 05:59:00,23.8,473,Completed,
T4428,D244,R1865,Mumbai,Juhu,Powai,2023-10-11 09:59:00,2023-10-11 10:03:00,2023-10-11 10:55:00,19.6,420,Completed,
T4429,D349,R1515,Delhi,Connaught Place,Rohini,2023-10-20 07:48:00,2023-10-20 07:52:00,2023-10-20 08:22:00,11.8,277,Completed,
T4430,D210,R2518,Mumbai,Bandra,Powai,2023-10-29 08:27:00,2023-10-29 08:29:00,2023-10-29 08:38:00,3.9,133,Completed,
T4431,D276,R2656,Bangalore,Whitefield,Koramangala,2023-10-25 16:46:00,2023-10-25 17:00:00,2023-10-25 17:11:00,2.8,117,Completed,
T4432,D155,R1513,Delhi,Saket,Dwarka,2023-10-14 13:53:00,2023-10-14 14:05:00,2023-10-14 14:25:00,7.9,225,Completed,
T4433,D349,R4207,Delhi,Dwarka,Saket,2023-10-11 01:20:00,2023-10-11 01:23:00,2023-10-11 02:32:00,21.5,586,Completed,
T4434,D343,R1964,Bangalore,Koramangala,Whitefield,2023-10-19 23:59:00,2023-10-20 00:09:00,2023-10-20 00:37:00,7.5,226,Completed,
T4435,D117,R4742,Delhi,Dwarka,Connaught Place,2023-10-02 13:11:00,2023-10-02 13:23:00,2023-10-02 13:46:00,6.4,197,Completed,
T4436,D300,R2305,Delhi,Vasant Kunj,Dwarka,2023-10-22 00:51:00,2023-10-22 00:59:00,2023-10-22 01:53:00,16.8,458,Completed,
T4437,D173,R1679,Delhi,Vasant Kunj,Connaught Place,2023-10-02 05:49:00,2023-10-02 05:57:00,2023-10-02 06:29:00,11.0,316,Completed,
T4438,D286,R1051,Mumbai,Juhu,Colaba,2023-10-25 04:04:00,,,0.0,0.0,Cancelled,Rider Cancelled
T4439,D200,R4760,Delhi,Connaught Place,Saket,2023-10-21 15:27:00,2023-10-21 15:34:00,2023-10-21 15:47:00,4.9,134,Completed,
T4440,D249,R4439,Delhi,Saket,Vasant Kunj,2023-10-21 11:15:00,,,0.0,0.0,Cancelled,Payment Issue
T4441,D106,R3150,Mumbai,Andheri,Juhu,2023-10-26 18:54:00,,,0.0,0.0,Cancelled,Payment Issue
T4442,D271,R2755,Bangalore,Indiranagar,Whitefield,2023-10-20 19:34:00,2023-10-20 19:40:00,2023-10-20 20:11:00,10.8,306,Completed,
T4443,D125,R4932,Delhi,Rohini,Dwarka,2023-10-26 16:55:00,2023-10-26 17:10:00,2023-10-26 18:04:00,17.7,418,Completed,
T4444,D303,R3655,Mumbai,Colaba,Bandra,2023-10-29 09:35:00,2023-10-29 09:46:00,2023-10-29 11:05:00,23.4,530,Completed,
T4445,D288,R2086,Mumbai,Juhu,Bandra,2023-10-09 15:04:00,,,0.0,0.0,Cancelled,Driver Cancelled
T4446,D242,R2111,Delhi,Rohini,Saket,2023-10-01 18:14:00,2023-10-01 18:18:00,2023-10-01 19:24:00,21.2,521,Completed,
T4447,D152,R4093,Bangalore,Jayanagar,Indiranagar,2023-10-26 01:49:00,,,0.0,0.0,Cancelled,Driver Cancelled
T4448,D291,R1249,Delhi,Dwarka,Vasant Kunj,2023-10-14 08:04:00,2023-10-14 08:11:00,2023-10-14 09:30:00,22.5,509,Completed,
T4449,D316,R2092,Bangalore,Jayanagar,HSR Layout,2023-10-21 13:29:00,2023-10-21 13:37:00,2023-10-21 14:01:00,7.9,185,Completed,
T4450,D179,R3833,Delhi,Vasant Kunj,Dwarka,2023-10-21 11:56:00,,,0.0,0.0,Cancelled,Payment Issue
T4451,D350,R2835,Delhi,Rohini,Connaught Place,2023-10-28 15:38:00,2023-10-28 15:40:00,2023-10-28 16:46:00,21.5,413,Completed,
T4452,D283,R3101,Mumbai,Juhu,Powai,2023-10-11 21:19:00,2023-10-11 21:30:00,2023-10-11 22:44:00,20.5,555,Completed,
T4453,D279,R1936,Mumbai,Powai,Juhu,2023-10-30 07:36:00,,,0.0,0.0,Cancelled,Driver Cancelled
T4454,D225,R2386,Mumbai,Juhu,Colaba,2023-10-23 09:45:00,2023-10-23 09:51:00,2023-10-23 10:12:00,5.9,160,Completed,
T4455,D180,R2852,Bangalore,Koramangala,HSR Layout,2023-10-30 10:31:00,,,0.0,0.0,Cancelled,Rider Cancelled
T4456,D238,R2498,Mumbai,Juhu,Bandra,2023-10-07 02:26:00,2023-10-07 02:30:00,2023-10-07 03:05:00,13.8,392,Completed,
T4457,D127,R4651,Delhi,Connaught Place,Vasant Kunj,2023-10-29 00:17:00,2023-10-29 00:31:00,2023-10-29 00:42:00,3.0,123,Completed,
T4458,D324,R2687,Mumbai,Colaba,Powai,2023-10-09 17:25:00,2023-10-09 17:35:00,2023-10-09 18:24:00,15.7,406,Completed,
T4459,D132,R4697,Mumbai,Powai,Colaba,2023-10-29 06:27:00,2023-10-29 06:32:00,2023-10-29 06:51:00,6.7,194,Completed,
T4460,D124,R3826,Bangalore,Koramangala,Whitefield,2023-10-29 02:08:00,2023-10-29 02:16:00,2023-10-29 02:39:00,8.1,211,Completed,
T4461,D180,R1044,Bangalore,HSR Layout,Indiranagar,2023-10-01 22:14:00,2023-10-01 22:23:00,2023-10-01 23:20:00,18.2,494,Completed,
T4462,D105,R1084,Bangalore,Jayanagar,HSR Layout,2023-10-29 07:04:00,2023-10-29 07:16:00,2023-10-29 07:48:00,11.4,223,Completed,
T4463,D186,R1071,Bangalore,Koramangala,Indiranagar,2023-10-03 15:13:00,2023-10-03 15:23:00,2023-10-03 15:28:00,2.2,103,Completed,
T4464,D291,R4718,Delhi,Vasant Kunj,Rohini,2023-10-17 22:55:00,2023-10-17 23:06:00,2023-10-17 23:32:00,7.3,218,Completed,
T4465,D141,R4500,Mumbai,Juhu,Powai,2023-10-11 04:50:00,,,0.0,0.0,Cancelled,Payment Issue
T4466,D194,R3696,Mumbai,Powai,Andheri,2023-10-11 19:18:00,2023-10-11 19:27:00,2023-10-11 20:06:00,14.6,340,Completed,
T4467,D301,R1886,Bangalore,HSR Layout,Koramangala,2023-10-11 12:17:00,2023-10-11 12:26:00,2023-10-11 12:57:00,9.8,252,Completed,
T4468,D287,R1224,Mumbai,Powai,Colaba,2023-10-06 23:25:00,,,0.0,0.0,Cancelled,Driver Not Found
T4469,D270,R2149,Delhi,Saket,Dwarka,2023-10-13 17:54:00,2023-10-13 18:03:00,2023-10-13 19:23:00,24.1,518,Completed,
T4470,D301,R1476,Bangalore,Koramangala,Jayanagar,2023-10-18 16:54:00,2023-10-18 17:04:00,2023-10-18 18:03:00,21.1,424,Completed,
T4471,D142,R2968,Mumbai,Colaba,Andheri,2023-10-08 06:38:00,2023-10-08 06:43:00,2023-10-08 08:07:00,22.5,410,Completed,
T4472,D342,R2249,Delhi,Dwarka,Vasant Kunj,2023-10-27 10:05:00,2023-10-27 10:18:00,2023-10-27 11:00:00,16.9,384,Completed,
T4473,D320,R2524,Bangalore,Jayanagar,Koramangala,2023-10-22 02:11:00,2023-10-22 02:23:00,2023-10-22 03:17:00,20.5,451,Completed,
T4474,D281,R1298,Delhi,Dwarka,Connaught Place,2023-10-28 10:59:00,2023-10-28 11:04:00,2023-10-28 12:00:00,15.5,284,Completed,
T4475,D211,R2198,Mumbai,Andheri,Powai,2023-10-28 09:20:00,2023-10-28 09:26:00,2023-10-28 09:45:00,6.9,211,Completed,
T4476,D123,R1628,Bangalore,Indiranagar,HSR Layout,2023-10-12 03:34:00,2023-10-12 03:41:00,2023-10-12 04:10:00,11.3,243,Completed,
T4477,D147,R3831,Delhi,Rohini,Connaught Place,2023-10-13 18:10:00,2023-10-13 18:20:00,2023-10-13 19:28:00,20.6,491,Completed,
T4478,D307,R3386,Mumbai,Colaba,Bandra,2023-10-27 12:59:00,2023-10-27 13:08:00,2023-10-27 13:40:00,8.3,179,Completed,
T4479,D177,R1690,Bangalore,Whitefield,Indiranagar,2023-10-05 10:41:00,2023-10-05 10:50:00,2023-10-05 11:02:00,4.7,164,Completed,
T4480,D119,R4058,Delhi,Vasant Kunj,Saket,2023-10-29 02:34:00,2023-10-29 02:45:00,2023-10-29 03:30:00,16.7,399,Completed,
T4481,D194,R4445,Mumbai,Powai,Juhu,2023-10-09 22:14:00,2023-10-09 22:20:00,2023-10-09 22:33:00,4.4,131,Completed,
T4482,D261,R1406,Mumbai,Bandra,Colaba,2023-10-14 05:34:00,2023-10-14 05:39:00,2023-10-14 05:46:00,2.8,107,Completed,
T4483,D143,R2784,Bangalore,HSR Layout,Koramangala,2023-10-24 16:26:00,2023-10-24 16:39:00,2023-10-24 17:32:00,17.2,464,Completed,
T4484,D316,R4749,Bangalore,Whitefield,Jayanagar,2023-10-29 16:45:00,2023-10-29 16:53:00,2023-10-29 17:23:00,9.0,227,Completed,
T4485,D150,R2405,Mumbai,Colaba,Juhu,2023-10-06 05:52:00,,,0.0,0.0,Cancelled,Driver Not Found
T4486,D141,R1410,Mumbai,Andheri,Powai,2023-10-14 05:52:00,2023-10-14 06:07:00,2023-10-14 07:10:00,19.4,466,Completed,
T4487,D255,R4715,Mumbai,Colaba,Powai,2023-10-27 04:22:00,2023-10-27 04:28:00,2023-10-27 05:18:00,12.9,331,Completed,
T4488,D322,R4669,Bangalore,Koramangala,HSR Layout,2023-10-26 08:18:00,2023-10-26 08:26:00,2023-10-26 08:48:00,7.9,241,Completed,
T4489,D284,R1490,Mumbai,Bandra,Juhu,2023-10-28 00:27:00,2023-10-28 00:31:00,2023-10-28 01:45:00,20.5,479,Completed,
T4490,D249,R2879,Delhi,Dwarka,Rohini,2023-10-05 20:37:00,2023-10-05 20:40:00,2023-10-05 21:04:00,6.4,206,Completed,
T4491,D229,R4802,Mumbai,Bandra,Powai,2023-10-13 10:07:00,2023-10-13 10:16:00,2023-10-13 10:46:00,11.6,296,Completed,
T4492,D194,R1745,Mumbai,Bandra,Colaba,2023-10-16 17:40:00,2023-10-16 17:45:00,2023-10-16 18:31:00,14.9,294,Completed,
T4493,D319,R3754,Bangalore,Whitefield,Indiranagar,2023-10-17 17:52:00,2023-10-17 18:02:00,2023-10-17 18:08:00,2.4,98,Completed,
T4494,D143,R2258,Bangalore,Whitefield,HSR Layout,2023-10-26 18:50:00,2023-10-26 19:05:00,2023-10-26 19:57:00,18.5,335,Completed,
T4495,D325,R2830,Bangalore,HSR Layout,Koramangala,2023-10-30 21:23:00,2023-10-30 21:27:00,2023-10-30 21:56:00,7.4,174,Completed,
T4496,D328,R1925,Mumbai,Colaba,Andheri,2023-10-26 03:01:00,2023-10-26 03:10:00,2023-10-26 03:41:00,12.1,297,Completed,
T4497,D130,R3276,Bangalore,HSR Layout,Koramangala,2023-10-26 21:10:00,2023-10-26 21:16:00,2023-10-26 22:04:00,16.2,447,Completed,
T4498,D312,R2422,Delhi,Dwarka,Vasant Kunj,2023-10-25 15:43:00,2023-10-25 15:51:00,2023-10-25 16:01:00,3.1,105,Completed,
T4499,D160,R3228,Mumbai,Powai,Juhu,2023-10-16 11:16:00,,,0.0,0.0,Cancelled,Driver Not Found
T4500,D204,R3479,Bangalore,Indiranagar,Whitefield,2023-10-25 05:09:00,,,0.0,0.0,Cancelled,Driver Not Found
T4501,D172,R4740,Delhi,Dwarka,Rohini,2023-10-27 19:36:00,2023-10-27 19:48:00,2023-10-27 20:17:00,10.1,207,Completed,
T4502,D184,R2932,Bangalore,HSR Layout,Jayanagar,2023-10-17 22:29:00,2023-10-17 22:32:00,2023-10-17 23:37:00,17.3,369,Completed,
T4503,D274,R2129,Mumbai,Colaba,Juhu,2023-10-11 20:33:00,2023-10-11 20:45:00,2023-10-11 20:53:00,3.0,109,Completed,
T4504,D191,R2667,Bangalore,Koramangala,Jayanagar,2023-10-24 20:04:00,2023-10-24 20:06:00,2023-10-24 21:18:00,23.8,478,Completed,
T4505,D280,R3213,Delhi,Connaught Place,Dwarka,2023-10-07 22:22:00,2023-10-07 22:26:00,2023-10-07 22:36:00,3.5,112,Completed,
T4506,D342,R2471,Delhi,Saket,Connaught Place,2023-10-19 08:03:00,2023-10-19 08:09:00,2023-10-19 08:52:00,15.9,393,Completed,
T4507,D310,R2829,Bangalore,HSR Layout,Koramangala,2023-10-24 23:38:00,2023-10-24 23:47:00,2023-10-25 00:47:00,22.9,486,Completed,
T4508,D335,R1222,Delhi,Rohini,Saket,2023-10-23 05:25:00,2023-10-23 05:39:00,2023-10-23 05:59:00,6.9,210,Completed,
T4509,D165,R2367,Delhi,Saket,Connaught Place,2023-10-12 04:15:00,2023-10-12 04:25:00,2023-10-12 04:31:00,2.5,92,Completed,
T4510,D181,R3047,Bangalore,Indiranagar,HSR Layout,2023-10-11 07:13:00,,,0.0,0.0,Cancelled,Rider Cancelled
T4511,D223,R3535,Bangalore,Whitefield,HSR Layout,2023-10-21 22:08:00,2023-10-21 22:10:00,2023-10-21 22:41:00,10.2,251,Completed,
T4512,D261,R3587,Mumbai,Colaba,Bandra,2023-10-27 10:33:00,2023-10-27 10:38:00,2023-10-27 11:49:00,22.1,451,Completed,
T4513,D211,R1628,Mumbai,Colaba,Andheri,2023-10-27 22:39:00,2023-10-27 22:52:00,2023-10-27 23:01:00,3.3,127,Completed,
T4514,D101,R1039,Mumbai,Bandra,Colaba,2023-10-14 00:58:00,2023-10-14 01:07:00,2023-10-14 01:41:00,11.8,318,Completed,
T4515,D216,R4548,Mumbai,Bandra,Powai,2023-10-26 17:18:00,2023-10-26 17:27:00,2023-10-26 17:54:00,9.6,215,Completed,
T4516,D327,R3646,Mumbai,Juhu,Bandra,2023-10-07 18:20:00,2023-10-07 18:28:00,2023-10-07 19:13:00,17.7,346,Completed,
T4517,D342,R1348,Delhi,Vasant Kunj,Saket,2023-10-04 13:06:00,,,0.0,0.0,Cancelled,Driver Not Found
T4518,D195,R4214,Bangalore,Koramangala,HSR Layout,2023-10-04 19:50:00,,,0.0,0.0,Cancelled,Driver Cancelled
T4519,D174,R4748,Bangalore,Jayanagar,Whitefield,2023-10-30 19:15:00,2023-10-30 19:30:00,2023-10-30 20:28:00,15.0,390,Completed,
T4520,D250,R3064,Delhi,Rohini,Saket,2023-10-27 03:04:00,2023-10-27 03:17:00,2023-10-27 03:25:00,2.5,112,Completed,
T4521,D144,R1912,Mumbai,Bandra,Andheri,2023-10-06 14:04:00,2023-10-06 14:06:00,2023-10-06 14:37:00,8.3,235,Completed,
T4522,D224,R1893,Bangalore,Whitefield,Koramangala,2023-10-12 13:57:00,2023-10-12 14:00:00,2023-10-12 14:47:00,17.5,474,Completed,
T4523,D185,R4790,Delhi,Saket,Connaught Place,2023-10-12 11:15:00,2023-10-12 11:27:00,2023-10-12 12:57:00,22.9,589,Completed,
T4524,D267,R3702,Mumbai,Colaba,Juhu,2023-10-27 13:45:00,2023-10-27 13:53:00,2023-10-27 14:14:00,7.7,185,Completed,
T4525,D296,R4037,Mumbai,Andheri,Powai,2023-10-08 10:34:00,2023-10-08 10:46:00,2023-10-08 11:37:00,14.1,338,Completed,
T4526,D326,R4443,Delhi,Vasant Kunj,Rohini,2023-10-26 17:37:00,2023-10-26 17:45:00,2023-10-26 18:30:00,17.2,396,Completed,
T4527,D279,R2479,Mumbai,Powai,Bandra,2023-10-10 05:10:00,2023-10-10 05:25:00,2023-10-10 05:35:00,4.2,145,Completed,
T4528,D210,R4277,Mumbai,Bandra,Colaba,2023-10-20 05:59:00,2023-10-20 06:07:00,2023-10-20 06:41:00,13.3,270,Completed,
T4529,D300,R2032,Delhi,Rohini,Dwarka,2023-10-26 02:17:00,2023-10-26 02:32:00,2023-10-26 03:36:00,17.5,423,Completed,
T4530,D164,R3037,Bangalore,Koramangala,Indiranagar,2023-10-30 23:36:00,,,0.0,0.0,Cancelled,Payment Issue
T4531,D232,R1833,Bangalore,HSR Layout,Koramangala,2023-10-11 23:18:00,2023-10-11 23:20:00,2023-10-12 00:05:00,14.7,326,Completed,
T4532,D191,R1757,Bangalore,Whitefield,Jayanagar,2023-10-08 16:04:00,2023-10-08 16:06:00,2023-10-08 16:37:00,8.4,223,Completed,
T4533,D263,R2693,Bangalore,HSR Layout,Koramangala,2023-10-06 10:12:00,2023-10-06 10:20:00,2023-10-06 11:17:00,19.6,491,Completed,
T4534,D189,R1320,Mumbai,Powai,Colaba,2023-10-09 05:19:00,2023-10-09 05:24:00,2023-10-09 05:50:00,7.5,225,Completed,
T4535,D117,R1997,Delhi,Connaught Place,Rohini,2023-10-02 09:20:00,2023-10-02 09:33:00,2023-10-02 10:49:00,19.5,364,Completed,
T4536,D129,R4520,Bangalore,Whitefield,HSR Layout,2023-10-03 16:33:00,2023-10-03 16:47:00,2023-10-03 17:21:00,12.6,246,Completed,
T4537,D158,R2176,Mumbai,Powai,Juhu,2023-10-28 20:46:00,2023-10-28 20:56:00,2023-10-28 22:16:00,21.4,536,Completed,
T4538,D321,R3959,Mumbai,Colaba,Juhu,2023-10-16 14:53:00,,,0.0,0.0,Cancelled,Driver Cancelled
T4539,D215,R4805,Mumbai,Juhu,Bandra,2023-10-15 22:57:00,,,0.0,0.0,Cancelled,Rider Cancelled
T4540,D176,R3916,Bangalore,Indiranagar,Whitefield,2023-10-21 16:22:00,2023-10-21 16:30:00,2023-10-21 16:49:00,5.3,135,Completed,
T4541,D318,R3538,Bangalore,Indiranagar,Whitefield,2023-10-02 15:36:00,2023-10-02 15:42:00,2023-10-02 16:39:00,16.8,455,Completed,
T4542,D307,R1501,Mumbai,Bandra,Juhu,2023-10-06 20:02:00,2023-10-06 20:07:00,2023-10-06 21:31:00,21.6,499,Completed,
T4543,D348,R2168,Bangalore,HSR Layout,Indiranagar,2023-10-28 13:26:00,2023-10-28 13:29:00,2023-10-28 14:36:00,17.8,396,Completed,
T4544,D241,R4564,Mumbai,Juhu,Powai,2023-10-05 15:15:00,2023-10-05 15:22:00,2023-10-05 16:39:00,23.7,581,Completed,
T4545,D328,R2483,Mumbai,Juhu,Bandra,2023-10-24 07:14:00,,,0.0,0.0,Cancelled,Driver Cancelled
T4546,D152,R4590,Bangalore,Indiranagar,Jayanagar,2023-10-15 23:54:00,2023-10-16 00:00:00,2023-10-16 00:48:00,15.1,380,Completed,
T4547,D130,R4673,Bangalore,Whitefield,Jayanagar,2023-10-16 02:57:00,2023-10-16 03:02:00,2023-10-16 03:14:00,4.1,116,Completed,
T4548,D174,R3308,Bangalore,Jayanagar,Koramangala,2023-10-30 08:17:00,2023-10-30 08:23:00,2023-10-30 08:51:00,8.5,216,Completed,
T4549,D212,R3271,Bangalore,Jayanagar,HSR Layout,2023-10-08 22:43:00,2023-10-08 22:54:00,2023-10-08 23:56:00,20.6,474,Completed,
T4550,D222,R2429,Bangalore,Whitefield,Jayanagar,2023-10-06 20:48:00,2023-10-06 21:01:00,2023-10-06 21:44:00,14.3,277,Completed,
T4551,D211,R4471,Mumbai,Colaba,Juhu,2023-10-23 07:44:00,2023-10-23 07:59:00,2023-10-23 08:46:00,14.3,326,Completed,
T4552,D269,R3576,Delhi,Saket,Vasant Kunj,2023-10-04 00:15:00,2023-10-04 00:22:00,2023-10-04 00:42:00,5.9,172,Completed,
T4553,D217,R2338,Delhi,Rohini,Saket,2023-10-27 13:22:00,2023-10-27 13:30:00,2023-10-27 14:44:00,23.7,487,Completed,
T4554,D194,R3792,Mumbai,Powai,Bandra,2023-10-02 11:22:00,2023-10-02 11:37:00,2023-10-02 12:43:00,17.5,374,Completed,
T4555,D255,R4726,Mumbai,Powai,Andheri,2023-10-09 20:04:00,,,0.0,0.0,Cancelled,Driver Not Found
T4556,D226,R4366,Bangalore,Indiranagar,Whitefield,2023-10-08 14:17:00,,,0.0,0.0,Cancelled,Driver Not Found
T4557,D271,R1298,Bangalore,HSR Layout,Jayanagar,2023-10-01 17:01:00,,,0.0,0.0,Cancelled,Driver Cancelled
T4558,D269,R4724,Delhi,Vasant Kunj,Rohini,2023-10-09 21:02:00,2023-10-09 21:04:00,2023-10-09 21:10:00,2.2,95,Completed,
T4559,D115,R2730,Delhi,Rohini,Vasant Kunj,2023-10-30 22:45:00,2023-10-30 22:51:00,2023-10-30 23:32:00,12.7,309,Completed,
T4560,D163,R4956,Mumbai,Andheri,Colaba,2023-10-26 00:05:00,2023-10-26 00:15:00,2023-10-26 00:42:00,11.1,235,Completed,
T4561,D337,R3849,Mumbai,Powai,Andheri,2023-10-06 16:17:00,2023-10-06 16:21:00,2023-10-06 16:38:00,4.9,136,Completed,
T4562,D219,R1540,Bangalore,Koramangala,HSR Layout,2023-10-25 22:12:00,2023-10-25 22:27:00,2023-10-25 22:36:00,2.9,116,Completed,
T4563,D248,R1244,Mumbai,Juhu,Bandra,2023-10-01 15:08:00,2023-10-01 15:10:00,2023-10-01 16:37:00,24.9,526,Completed,
T4564,D191,R3475,Bangalore,Whitefield,Indiranagar,2023-10-05 22:10:00,,,0.0,0.0,Cancelled,Driver Cancelled
T4565,D250,R3292,Delhi,Dwarka,Rohini,2023-10-09 07:15:00,2023-10-09 07:22:00,2023-10-09 07:36:00,3.9,116,Completed,
T4566,D213,R2947,Bangalore,Koramangala,HSR Layout,2023-10-27 13:43:00,2023-10-27 13:48:00,2023-10-27 14:01:00,4.8,149,Completed,
T4567,D278,R2082,Bangalore,HSR Layout,Indiranagar,2023-10-11 17:13:00,2023-10-11 17:17:00,2023-10-11 18:01:00,15.2,386,Completed,
T4568,D212,R1649,Bangalore,Whitefield,Koramangala,2023-10-12 04:20:00,2023-10-12 04:28:00,2023-10-12 05:19:00,14.6,274,Completed,
T4569,D343,R4648,Bangalore,Whitefield,HSR Layout,2023-10-13 21:26:00,2023-10-13 21:29:00,2023-10-13 22:32:00,23.6,468,Completed,
T4570,D135,R3759,Mumbai,Colaba,Andheri,2023-10-25 18:22:00,2023-10-25 18:31:00,2023-10-25 19:44:00,22.8,496,Completed,
T4571,D278,R4064,Bangalore,Koramangala,HSR Layout,2023-10-07 19:44:00,2023-10-07 19:51:00,2023-10-07 21:07:00,23.5,518,Completed,
T4572,D334,R3157,Bangalore,Whitefield,Indiranagar,2023-10-13 02:33:00,2023-10-13 02:35:00,2023-10-13 04:07:00,23.2,620,Completed,
T4573,D177,R4671,Bangalore,Koramangala,Whitefield,2023-10-10 05:28:00,2023-10-10 05:40:00,2023-10-10 06:31:00,13.6,270,Completed,
T4574,D116,R3493,Mumbai,Powai,Colaba,2023-10-01 18:50:00,2023-10-01 18:54:00,2023-10-01 19:10:00,5.8,161,Completed,
T4575,D103,R3682,Delhi,Rohini,Dwarka,2023-10-01 13:23:00,2023-10-01 13:28:00,2023-10-01 13:58:00,11.0,225,Completed,
T4576,D138,R2714,Mumbai,Powai,Bandra,2023-10-05 12:32:00,2023-10-05 12:47:00,2023-10-05 13:18:00,8.1,245,Completed,
T4577,D338,R1712,Mumbai,Andheri,Colaba,2023-10-07 15:43:00,2023-10-07 15:50:00,2023-10-07 16:51:00,21.9,466,Completed,
T4578,D237,R4942,Bangalore,Koramangala,Jayanagar,2023-10-04 14:47:00,2023-10-04 14:51:00,2023-10-04 15:31:00,12.8,362,Completed,
T4579,D284,R4776,Mumbai,Colaba,Andheri,2023-10-28 20:19:00,2023-10-28 20:30:00,2023-10-28 20:44:00,3.8,144,Completed,
T4580,D103,R1759,Delhi,Connaught Place,Saket,2023-10-27 08:23:00,2023-10-27 08:30:00,2023-10-27 09:43:00,23.0,603,Completed,
T4581,D241,R4067,Mumbai,Andheri,Bandra,2023-10-06 15:28:00,2023-10-06 15:41:00,2023-10-06 16:58:00,21.0,430,Completed,
T4582,D272,R3529,Mumbai,Bandra,Andheri,2023-10-17 23:42:00,2023-10-17 23:52:00,2023-10-18 00:31:00,11.9,346,Completed,
T4583,D223,R1728,Bangalore,Koramangala,Indiranagar,2023-10-26 05:59:00,2023-10-26 06:07:00,2023-10-26 07:20:00,21.5,436,Completed,
T4584,D312,R2285,Delhi,Connaught Place,Rohini,2023-10-02 02:55:00,2023-10-02 03:01:00,2023-10-02 03:38:00,12.8,276,Completed,
T4585,D268,R2305,Delhi,Rohini,Connaught Place,2023-10-13 01:13:00,2023-10-13 01:28:00,2023-10-13 02:03:00,13.7,372,Completed,
T4586,D167,R3728,Delhi,Saket,Rohini,2023-10-09 18:41:00,2023-10-09 18:43:00,2023-10-09 19:04:00,7.5,164,Completed,
T4587,D174,R4353,Bangalore,HSR Layout,Indiranagar,2023-10-30 12:30:00,2023-10-30 12:38:00,2023-10-30 13:04:00,10.5,300,Completed,
T4588,D172,R2691,Delhi,Connaught Place,Rohini,2023-10-23 17:42:00,2023-10-23 17:45:00,2023-10-23 18:28:00,11.5,230,Completed,
T4589,D236,R1489,Delhi,Dwarka,Saket,2023-10-22 15:03:00,,,0.0,0.0,Cancelled,Rider Cancelled
T4590,D107,R1118,Bangalore,Indiranagar,Whitefield,2023-10-12 03:55:00,2023-10-12 03:58:00,2023-10-12 04:41:00,14.7,321,Completed,
T4591,D144,R4560,Mumbai,Bandra,Andheri,2023-10-30 12:01:00,2023-10-30 12:12:00,2023-10-30 13:09:00,21.8,424,Completed,
T4592,D237,R3926,Bangalore,Whitefield,Indiranagar,2023-10-12 22:12:00,2023-10-12 22:23:00,2023-10-12 23:12:00,18.4,371,Completed,
T4593,D143,R1187,Bangalore,Koramangala,HSR Layout,2023-10-27 15:25:00,2023-10-27 15:31:00,2023-10-27 16:09:00,13.0,358,Completed,
T4594,D185,R3509,Delhi,Rohini,Connaught Place,2023-10-14 02:27:00,2023-10-14 02:35:00,2023-10-14 03:19:00,16.9,393,Completed,
T4595,D224,R4174,Bangalore,Jayanagar,HSR Layout,2023-10-04 01:06:00,2023-10-04 01:16:00,2023-10-04 02:00:00,16.4,321,Completed,
T4596,D163,R4663,Mumbai,Juhu,Powai,2023-10-30 16:45:00,2023-10-30 16:50:00,2023-10-30 18:06:00,19.4,472,Completed,
T4597,D311,R1385,Mumbai,Andheri,Bandra,2023-10-19 19:02:00,2023-10-19 19:04:00,2023-10-19 20:05:00,19.5,508,Completed,
T4598,D148,R3187,Bangalore,Whitefield,Jayanagar,2023-10-23 04:05:00,2023-10-23 04:20:00,2023-10-23 04:28:00,3.0,106,Completed,
T4599,D145,R3611,Bangalore,HSR Layout,Whitefield,2023-10-26 19:25:00,2023-10-26 19:39:00,2023-10-26 20:05:00,8.3,200,Completed,
T4600,D335,R2160,Delhi,Rohini,Dwarka,2023-10-30 02:12:00,2023-10-30 02:20:00,2023-10-30 02:43:00,9.0,218,Completed,
T4601,D279,R2764,Mumbai,Andheri,Juhu,2023-10-03 15:28:00,2023-10-03 15:36:00,2023-10-03 15:56:00,8.1,187,Completed,
T4602,D212,R2324,Bangalore,Whitefield,Indiranagar,2023-10-02 14:33:00,2023-10-02 14:42:00,2023-10-02 15:11:00,10.0,228,Completed,
T4603,D105,R4385,Bangalore,Indiranagar,Whitefield,2023-10-09 21:34:00,2023-10-09 21:46:00,2023-10-09 22:31:00,17.2,363,Completed,
T4604,D121,R3237,Mumbai,Powai,Andheri,2023-10-12 03:56:00,2023-10-12 04:10:00,2023-10-12 04:17:00,2.1,102,Completed,
T4605,D126,R3778,Delhi,Dwarka,Saket,2023-10-28 17:46:00,2023-10-28 17:57:00,2023-10-28 18:54:00,21.2,433,Completed,
T4606,D344,R1627,Delhi,Rohini,Connaught Place,2023-10-13 11:02:00,2023-10-13 11:07:00,2023-10-13 11:45:00,12.6,325,Completed,
T4607,D204,R4272,Bangalore,HSR Layout,Indiranagar,2023-10-21 19:48:00,,,0.0,0.0,Cancelled,Rider Cancelled
T4608,D209,R2610,Bangalore,Indiranagar,Jayanagar,2023-10-25 04:02:00,,,0.0,0.0,Cancelled,Rider Cancelled
T4609,D254,R1331,Bangalore,Koramangala,Indiranagar,2023-10-18 16:00:00,2023-10-18 16:02:00,2023-10-18 16:47:00,16.6,448,Completed,
T4610,D325,R4751,Bangalore,HSR Layout,Indiranagar,2023-10-21 09:41:00,2023-10-21 09:48:00,2023-10-21 10:19:00,8.1,223,Completed,
T4611,D241,R1077,Mumbai,Colaba,Powai,2023-10-13 09:59:00,2023-10-13 10:13:00,2023-10-13 10:31:00,5.6,164,Completed,
T4612,D271,R2176,Bangalore,HSR Layout,Indiranagar,2023-10-01 07:52:00,2023-10-01 08:01:00,2023-10-01 09:10:00,18.2,497,Completed,
T4613,D298,R2675,Delhi,Rohini,Connaught Place,2023-10-23 20:11:00,2023-10-23 20:23:00,2023-10-23 20:57:00,12.3,268,Completed,
T4614,D276,R4291,Bangalore,Whitefield,Indiranagar,2023-10-24 16:27:00,2023-10-24 16:30:00,2023-10-24 16:47:00,5.5,136,Completed,
T4615,D349,R2002,Delhi,Dwarka,Connaught Place,2023-10-04 02:40:00,,,0.0,0.0,Cancelled,Driver Not Found
T4616,D265,R1478,Bangalore,Whitefield,HSR Layout,2023-10-26 22:43:00,2023-10-26 22:56:00,2023-10-26 23:21:00,9.5,220,Completed,
T4617,D230,R2673,Bangalore,HSR Layout,Indiranagar,2023-10-01 22:24:00,,,0.0,0.0,Cancelled,Other
T4618,D296,R4182,Mumbai,Bandra,Powai,2023-10-29 19:45:00,2023-10-29 19:51:00,2023-10-29 20:59:00,21.7,444,Completed,
T4619,D225,R3786,Mumbai,Powai,Juhu,2023-10-18 11:09:00,2023-10-18 11:12:00,2023-10-18 11:20:00,2.5,102,Completed,
T4620,D153,R3955,Mumbai,Juhu,Andheri,2023-10-20 19:30:00,2023-10-20 19:35:00,2023-10-20 19:59:00,6.9,167,Completed,
T4621,D104,R3918,Delhi,Connaught Place,Dwarka,2023-10-06 15:00:00,2023-10-06 15:04:00,2023-10-06 15:36:00,9.5,208,Completed,
T4622,D178,R4067,Bangalore,HSR Layout,Indiranagar,2023-10-28 19:52:00,2023-10-28 19:55:00,2023-10-28 20:32:00,10.7,220,Completed,
T4623,D286,R2184,Mumbai,Andheri,Powai,2023-10-16 06:23:00,2023-10-16 06:32:00,2023-10-16 07:36:00,19.5,354,Completed,
T4624,D226,R4313,Bangalore,Indiranagar,Whitefield,2023-10-11 22:17:00,2023-10-11 22:19:00,2023-10-11 23:24:00,19.0,467,Completed,
T4625,D109,R4498,Bangalore,Jayanagar,Koramangala,2023-10-04 15:04:00,2023-10-04 15:13:00,2023-10-04 16:03:00,14.5,368,Completed,
T4626,D269,R2758,Delhi,Connaught Place,Dwarka,2023-10-03 22:21:00,2023-10-03 22:26:00,2023-10-03 23:20:00,20.1,482,Completed,
T4627,D106,R2328,Mumbai,Colaba,Andheri,2023-10-29 19:58:00,,,0.0,0.0,Cancelled,Driver Cancelled
T4628,D123,R3662,Bangalore,Whitefield,HSR Layout,2023-10-11 11:40:00,2023-10-11 11:55:00,2023-10-11 12:58:00,16.9,401,Completed,
T4629,D128,R3498,Delhi,Vasant Kunj,Saket,2023-10-28 02:30:00,2023-10-28 02:37:00,2023-10-28 03:22:00,12.0,313,Completed,
T4630,D244,R2900,Mumbai,Juhu,Andheri,2023-10-26 23:30:00,2023-10-26 23:34:00,2023-10-27 00:40:00,20.6,401,Completed,
T4631,D239,R4027,Bangalore,Jayanagar,Indiranagar,2023-10-14 20:40:00,,,0.0,0.0,Cancelled,Driver Cancelled
T4632,D348,R4366,Bangalore,Indiranagar,HSR Layout,2023-10-30 20:45:00,,,0.0,0.0,Cancelled,Payment Issue
T4633,D328,R4895,Mumbai,Bandra,Andheri,2023-10-13 11:30:00,2023-10-13 11:34:00,2023-10-13 12:09:00,9.1,194,Completed,
T4634,D191,R3606,Bangalore,Indiranagar,Jayanagar,2023-10-24 00:32:00,2023-10-24 00:46:00,2023-10-24 01:41:00,16.0,303,Completed,
T4635,D149,R1265,Bangalore,Indiranagar,HSR Layout,2023-10-26 02:27:00,2023-10-26 02:37:00,2023-10-26 03:35:00,15.4,431,Completed,
T4636,D125,R3304,Delhi,Saket,Vasant Kunj,2023-10-03 00:50:00,2023-10-03 01:02:00,2023-10-03 01:45:00,15.0,315,Completed,
T4637,D183,R2351,Mumbai,Juhu,Bandra,2023-10-25 23:53:00,2023-10-26 00:08:00,2023-10-26 00:34:00,8.1,222,Completed,
T4638,D226,R3070,Bangalore,HSR Layout,Jayanagar,2023-10-05 06:57:00,2023-10-05 06:59:00,2023-10-05 07:31:00,11.6,290,Completed,
T4639,D203,R1479,Mumbai,Andheri,Bandra,2023-10-14 14:50:00,2023-10-14 14:54:00,2023-10-14 15:39:00,17.6,449,Completed,
T4640,D154,R4187,Mumbai,Bandra,Powai,2023-10-28 10:03:00,2023-10-28 10:07:00,2023-10-28 10:28:00,7.7,208,Completed,
T4641,D334,R1731,Bangalore,Jayanagar,Whitefield,2023-10-01 09:29:00,2023-10-01 09:37:00,2023-10-01 09:59:00,7.8,192,Completed,
T4642,D338,R2341,Mumbai,Colaba,Bandra,2023-10-22 15:09:00,2023-10-22 15:20:00,2023-10-22 16:26:00,22.3,458,Completed,
T4643,D266,R1291,Bangalore,Indiranagar,Koramangala,2023-10-11 04:59:00,2023-10-11 05:10:00,2023-10-11 06:03:00,14.3,386,Completed,
T4644,D207,R3810,Bangalore,Whitefield,Jayanagar,2023-10-03 20:35:00,2023-10-03 20:41:00,2023-10-03 21:44:00,19.7,488,Completed,
T4645,D225,R2705,Mumbai,Andheri,Colaba,2023-10-29 22:30:00,2023-10-29 22:39:00,2023-10-29 23:36:00,20.2,444,Completed,
T4646,D161,R4043,Bangalore,Jayanagar,Koramangala,2023-10-08 11:32:00,2023-10-08 11:42:00,2023-10-08 12:42:00,21.0,440,Completed,
T4647,D104,R3042,Delhi,Connaught Place,Dwarka,2023-10-30 09:16:00,2023-10-30 09:28:00,2023-10-30 10:24:00,18.1,379,Completed,
T4648,D284,R2614,Mumbai,Colaba,Bandra,2023-10-29 04:13:00,2023-10-29 04:18:00,2023-10-29 05:00:00,10.7,214,Completed,
T4649,D159,R2973,Delhi,Dwarka,Vasant Kunj,2023-10-01 20:47:00,2023-10-01 20:50:00,2023-10-01 22:01:00,24.3,536,Completed,
T4650,D232,R4777,Bangalore,Koramangala,Jayanagar,2023-10-08 10:03:00,2023-10-08 10:17:00,2023-10-08 11:07:00,20.1,500,Completed,
T4651,D165,R1965,Delhi,Rohini,Connaught Place,2023-10-15 02:45:00,,,0.0,0.0,Cancelled,Driver Not Found
T4652,D166,R1441,Mumbai,Colaba,Bandra,2023-10-07 19:10:00,2023-10-07 19:16:00,2023-10-07 20:11:00,14.4,293,Completed,
T4653,D227,R1582,Mumbai,Bandra,Andheri,2023-10-25 12:38:00,2023-10-25 12:51:00,2023-10-25 13:50:00,20.6,543,Completed,
T4654,D299,R1199,Delhi,Connaught Place,Saket,2023-10-22 14:25:00,2023-10-22 14:38:00,2023-10-22 15:40:00,20.0,516,Completed,
T4655,D139,R3048,Bangalore,Indiranagar,Whitefield,2023-10-19 01:35:00,2023-10-19 01:47:00,2023-10-19 02:25:00,12.6,330,Completed,
T4656,D162,R3182,Delhi,Rohini,Connaught Place,2023-10-21 03:26:00,2023-10-21 03:28:00,2023-10-21 04:20:00,16.2,344,Completed,
T4657,D132,R1160,Mumbai,Powai,Juhu,2023-10-12 11:18:00,2023-10-12 11:27:00,2023-10-12 11:42:00,4.2,151,Completed,
T4658,D220,R4149,Mumbai,Juhu,Andheri,2023-10-05 16:15:00,2023-10-05 16:28:00,2023-10-05 17:05:00,15.0,308,Completed,
T4659,D156,R1769,Delhi,Saket,Rohini,2023-10-14 23:30:00,2023-10-14 23:35:00,2023-10-15 00:29:00,15.6,343,Completed,
T4660,D148,R4486,Bangalore,Koramangala,Whitefield,2023-10-04 03:35:00,2023-10-04 03:38:00,2023-10-04 05:03:00,22.5,507,Completed,
T4661,D160,R3369,Mumbai,Juhu,Bandra,2023-10-11 09:30:00,2023-10-11 09:36:00,2023-10-11 09:45:00,2.5,111,Completed,
T4662,D193,R2457,Mumbai,Andheri,Powai,2023-10-20 22:24:00,2023-10-20 22:38:00,2023-10-20 23:19:00,13.2,357,Completed,
T4663,D251,R2163,Bangalore,HSR Layout,Indiranagar,2023-10-12 19:30:00,2023-10-12 19:34:00,2023-10-12 20:28:00,19.4,459,Completed,
T4664,D141,R2483,Mumbai,Andheri,Juhu,2023-10-04 17:46:00,2023-10-04 17:58:00,2023-10-04 18:54:00,15.4,337,Completed,
T4665,D211,R3810,Mumbai,Andheri,Bandra,2023-10-12 23:24:00,2023-10-12 23:37:00,2023-10-13 00:26:00,18.5,469,Completed,
T4666,D102,R2867,Delhi,Saket,Dwarka,2023-10-01 00:34:00,2023-10-01 00:42:00,2023-10-01 01:37:00,14.9,405,Completed,
T4667,D156,R1400,Delhi,Rohini,Connaught Place,2023-10-14 10:01:00,2023-10-14 10:09:00,2023-10-14 10:52:00,13.0,291,Completed,
T4668,D299,R1610,Delhi,Rohini,Vasant Kunj,2023-10-01 22:09:00,2023-10-01 22:17:00,2023-10-01 22:51:00,13.4,291,Completed,
T4669,D255,R1261,Mumbai,Juhu,Andheri,2023-10-03 07:00:00,2023-10-03 07:05:00,2023-10-03 08:04:00,22.0,498,Completed,
T4670,D303,R4890,Mumbai,Bandra,Andheri,2023-10-19 19:38:00,2023-10-19 19:40:00,2023-10-19 20:17:00,11.1,246,Completed,
T4671,D278,R4673,Bangalore,Jayanagar,HSR Layout,2023-10-30 18:30:00,2023-10-30 18:33:00,2023-10-30 19:23:00,17.8,435,Completed,
T4672,D192,R1394,Bangalore,Jayanagar,HSR Layout,2023-10-11 11:11:00,2023-10-11 11:23:00,2023-10-11 12:10:00,17.4,430,Completed,
T4673,D287,R3600,Mumbai,Powai,Andheri,2023-10-04 21:36:00,2023-10-04 21:44:00,2023-10-04 22:58:00,20.7,372,Completed,
T4674,D152,R3318,Bangalore,Koramangala,Whitefield,2023-10-18 05:01:00,2023-10-18 05:10:00,2023-10-18 05:56:00,11.8,277,Completed,
T4675,D188,R3327,Mumbai,Bandra,Colaba,2023-10-04 13:55:00,,,0.0,0.0,Cancelled,Rider Cancelled
T4676,D127,R3799,Delhi,Rohini,Dwarka,2023-10-22 13:16:00,2023-10-22 13:27:00,2023-10-22 14:14:00,18.3,403,Completed,
T4677,D297,R2532,Bangalore,Indiranagar,HSR Layout,2023-10-15 04:37:00,2023-10-15 04:48:00,2023-10-15 05:33:00,12.6,319,Completed,
T4678,D216,R4340,Mumbai,Bandra,Juhu,2023-10-06 04:17:00,,,0.0,0.0,Cancelled,Other
T4679,D242,R2651,Delhi,Connaught Place,Rohini,2023-10-26 01:02:00,2023-10-26 01:12:00,2023-10-26 01:56:00,14.0,263,Completed,
T4680,D203,R1764,Mumbai,Andheri,Powai,2023-10-02 16:44:00,2023-10-02 16:56:00,2023-10-02 18:06:00,19.4,341,Completed,
T4681,D239,R3623,Bangalore,Jayanagar,Whitefield,2023-10-13 09:07:00,2023-10-13 09:20:00,2023-10-13 10:14:00,20.1,447,Completed,
T4682,D129,R3978,Bangalore,HSR Layout,Jayanagar,2023-10-19 06:21:00,2023-10-19 06:23:00,2023-10-19 06:56:00,10.6,270,Completed,
T4683,D283,R4138,Mumbai,Colaba,Powai,2023-10-01 18:18:00,2023-10-01 18:30:00,2023-10-01 18:50:00,6.5,210,Completed,
T4684,D150,R3495,Mumbai,Andheri,Powai,2023-10-27 15:08:00,2023-10-27 15:15:00,2023-10-27 16:09:00,17.1,410,Completed,
T4685,D180,R2317,Bangalore,Indiranagar,Jayanagar,2023-10-09 10:28:00,,,0.0,0.0,Cancelled,Driver Not Found
T4686,D350,R4682,Delhi,Dwarka,Connaught Place,2023-10-16 19:57:00,2023-10-16 19:59:00,2023-10-16 20:51:00,18.2,398,Completed,
T4687,D295,R1136,Bangalore,HSR Layout,Jayanagar,2023-10-22 18:46:00,2023-10-22 18:51:00,2023-10-22 19:49:00,17.4,420,Completed,
T4688,D265,R3263,Bangalore,HSR Layout,Indiranagar,2023-10-05 14:10:00,2023-10-05 14:21:00,2023-10-05 14:37:00,5.4,162,Completed,
T4689,D319,R4816,Bangalore,Whitefield,Indiranagar,2023-10-24 04:30:00,,,0.0,0.0,Cancelled,Driver Cancelled
T4690,D327,R4688,Mumbai,Andheri,Juhu,2023-10-26 18:03:00,2023-10-26 18:15:00,2023-10-26 19:10:00,16.7,439,Completed,
T4691,D223,R2904,Bangalore,Whitefield,Koramangala,2023-10-16 05:13:00,2023-10-16 05:26:00,2023-10-16 06:39:00,21.8,390,Completed,
T4692,D135,R4108,Mumbai,Bandra,Colaba,2023-10-12 10:46:00,2023-10-12 10:50:00,2023-10-12 11:24:00,9.3,279,Completed,
T4693,D306,R4698,Mumbai,Powai,Juhu,2023-10-07 00:14:00,2023-10-07 00:26:00,2023-10-07 01:12:00,15.1,414,Completed,
T4694,D106,R1709,Mumbai,Powai,Bandra,2023-10-28 15:10:00,2023-10-28 15:17:00,2023-10-28 15:42:00,9.0,209,Completed,
T4695,D285,R2432,Delhi,Vasant Kunj,Dwarka,2023-10-21 02:18:00,2023-10-21 02:20:00,2023-10-21 02:41:00,8.5,255,Completed,
T4696,D114,R2873,Bangalore,Whitefield,Koramangala,2023-10-05 20:46:00,2023-10-05 20:49:00,2023-10-05 21:54:00,23.4,495,Completed,
T4697,D210,R4408,Mumbai,Powai,Bandra,2023-10-24 05:17:00,2023-10-24 05:30:00,2023-10-24 07:05:00,24.5,528,Completed,
T4698,D205,R1115,Delhi,Rohini,Vasant Kunj,2023-10-09 21:17:00,2023-10-09 21:32:00,2023-10-09 22:33:00,23.4,542,Completed,
T4699,D284,R4716,Mumbai,Juhu,Bandra,2023-10-17 09:00:00,,,0.0,0.0,Cancelled,Driver Not Found
T4700,D266,R3656,Bangalore,Indiranagar,Whitefield,2023-10-14 17:22:00,,,0.0,0.0,Cancelled,Rider Cancelled
T4701,D262,R3455,Bangalore,Whitefield,HSR Layout,2023-10-27 06:49:00,2023-10-27 06:51:00,2023-10-27 06:57:00,2.0,85,Completed,
T4702,D224,R1618,Bangalore,Whitefield,Koramangala,2023-10-07 01:50:00,2023-10-07 02:03:00,2023-10-07 02:48:00,17.1,458,Completed,
T4703,D326,R1826,Delhi,Dwarka,Rohini,2023-10-23 10:40:00,2023-10-23 10:43:00,2023-10-23 10:51:00,2.6,98,Completed,
T4704,D296,R3212,Mumbai,Powai,Andheri,2023-10-12 07:52:00,2023-10-12 08:01:00,2023-10-12 08:26:00,8.1,227,Completed,
T4705,D329,R4804,Bangalore,Koramangala,Jayanagar,2023-10-28 11:25:00,2023-10-28 11:34:00,2023-10-28 12:07:00,8.5,232,Completed,
T4706,D283,R4225,Mumbai,Powai,Colaba,2023-10-24 16:51:00,,,0.0,0.0,Cancelled,Rider Cancelled
T4707,D311,R4482,Mumbai,Andheri,Powai,2023-10-17 12:45:00,2023-10-17 12:59:00,2023-10-17 13:58:00,20.9,540,Completed,
T4708,D133,R1565,Delhi,Connaught Place,Rohini,2023-10-14 09:12:00,2023-10-14 09:20:00,2023-10-14 10:18:00,18.2,340,Completed,
T4709,D257,R2068,Mumbai,Powai,Bandra,2023-10-13 05:04:00,2023-10-13 05:09:00,2023-10-13 06:10:00,24.6,588,Completed,
T4710,D232,R3122,Bangalore,Koramangala,Indiranagar,2023-10-02 21:23:00,2023-10-02 21:29:00,2023-10-02 21:37:00,2.4,97,Completed,
T4711,D165,R1001,Delhi,Dwarka,Connaught Place,2023-10-28 03:15:00,2023-10-28 03:18:00,2023-10-28 04:17:00,23.1,469,Completed,
T4712,D280,R3107,Delhi,Saket,Connaught Place,2023-10-29 14:08:00,2023-10-29 14:16:00,2023-10-29 15:21:00,21.3,582,Completed,
T4713,D146,R4369,Delhi,Dwarka,Rohini,2023-10-18 12:36:00,2023-10-18 12:39:00,2023-10-18 13:25:00,17.3,414,Completed,
T4714,D241,R4134,Mumbai,Bandra,Andheri,2023-10-13 16:18:00,2023-10-13 16:22:00,2023-10-13 17:00:00,11.7,286,Completed,
T4715,D190,R1759,Bangalore,Jayanagar,HSR Layout,2023-10-08 11:16:00,2023-10-08 11:27:00,2023-10-08 12:18:00,20.3,546,Completed,
T4716,D120,R3632,Bangalore,Indiranagar,Jayanagar,2023-10-10 12:46:00,2023-10-10 12:50:00,2023-10-10 13:36:00,13.0,286,Completed,
T4717,D245,R3794,Delhi,Connaught Place,Dwarka,2023-10-28 20:08:00,,,0.0,0.0,Cancelled,Driver Not Found
T4718,D274,R1973,Mumbai,Andheri,Colaba,2023-10-10 08:18:00,,,0.0,0.0,Cancelled,Payment Issue
T4719,D179,R1617,Delhi,Vasant Kunj,Rohini,2023-10-12 09:18:00,2023-10-12 09:21:00,2023-10-12 09:28:00,2.9,109,Completed,
T4720,D198,R1207,Delhi,Vasant Kunj,Connaught Place,2023-10-23 01:48:00,2023-10-23 01:54:00,2023-10-23 02:58:00,19.9,380,Completed,
T4721,D334,R2836,Bangalore,HSR Layout,Koramangala,2023-10-28 14:14:00,2023-10-28 14:20:00,2023-10-28 14:32:00,4.1,139,Completed,
T4722,D153,R3229,Mumbai,Colaba,Powai,2023-10-02 18:33:00,2023-10-02 18:37:00,2023-10-02 19:58:00,21.1,465,Completed,
T4723,D171,R3520,Delhi,Dwarka,Saket,2023-10-24 14:49:00,2023-10-24 14:58:00,2023-10-24 15:16:00,5.4,159,Completed,
T4724,D171,R3704,Delhi,Saket,Rohini,2023-10-16 03:56:00,2023-10-16 03:59:00,2023-10-16 04:15:00,6.1,195,Completed,
T4725,D345,R1805,Delhi,Vasant Kunj,Rohini,2023-10-17 15:04:00,2023-10-17 15:12:00,2023-10-17 15:58:00,12.5,329,Completed,
T4726,D195,R1016,Bangalore,Koramangala,Whitefield,2023-10-25 14:46:00,2023-10-25 14:50:00,2023-10-25 15:06:00,6.5,164,Completed,
T4727,D158,R1760,Mumbai,Powai,Andheri,2023-10-02 23:57:00,2023-10-03 00:05:00,2023-10-03 00:47:00,10.8,268,Completed,
T4728,D307,R1996,Mumbai,Colaba,Juhu,2023-10-01 00:50:00,2023-10-01 00:53:00,2023-10-01 01:11:00,6.5,172,Completed,
T4729,D225,R1632,Mumbai,Bandra,Powai,2023-10-21 05:31:00,2023-10-21 05:39:00,2023-10-21 06:51:00,22.2,437,Completed,
T4730,D316,R4349,Bangalore,Indiranagar,Jayanagar,2023-10-15 11:42:00,2023-10-15 11:49:00,2023-10-15 12:41:00,20.3,362,Completed,
T4731,D241,R1436,Mumbai,Andheri,Powai,2023-10-27 04:31:00,2023-10-27 04:45:00,2023-10-27 05:02:00,4.6,121,Completed,
T4732,D120,R4525,Bangalore,Koramangala,Jayanagar,2023-10-17 10:41:00,2023-10-17 10:43:00,2023-10-17 11:47:00,21.2,423,Completed,
T4733,D323,R2335,Delhi,Vasant Kunj,Saket,2023-10-08 16:03:00,2023-10-08 16:09:00,2023-10-08 16:16:00,2.8,101,Completed,
T4734,D271,R4092,Bangalore,Whitefield,Jayanagar,2023-10-09 20:22:00,2023-10-09 20:33:00,2023-10-09 21:33:00,17.8,493,Completed,
T4735,D226,R3054,Bangalore,HSR Layout,Whitefield,2023-10-13 03:25:00,2023-10-13 03:36:00,2023-10-13 04:07:00,9.2,218,Completed,
T4736,D338,R4387,Mumbai,Colaba,Juhu,2023-10-14 09:40:00,2023-10-14 09:42:00,2023-10-14 11:04:00,22.7,485,Completed,
T4737,D158,R4941,Mumbai,Powai,Juhu,2023-10-06 17:34:00,2023-10-06 17:38:00,2023-10-06 18:02:00,7.6,239,Completed,
T4738,D175,R3378,Mumbai,Powai,Andheri,2023-10-08 05:54:00,2023-10-08 05:56:00,2023-10-08 06:36:00,15.6,319,Completed,
T4739,D244,R1083,Mumbai,Juhu,Colaba,2023-10-11 07:33:00,2023-10-11 07:44:00,2023-10-11 07:57:00,3.7,128,Completed,
T4740,D328,R4407,Mumbai,Andheri,Colaba,2023-10-05 00:53:00,2023-10-05 00:59:00,2023-10-05 01:34:00,10.0,265,Completed,
T4741,D255,R3745,Mumbai,Andheri,Colaba,2023-10-09 06:52:00,2023-10-09 06:54:00,2023-10-09 07:06:00,3.3,111,Completed,
T4742,D128,R2318,Delhi,Rohini,Connaught Place,2023-10-23 22:19:00,2023-10-23 22:24:00,2023-10-23 23:12:00,18.3,377,Completed,
T4743,D192,R2184,Bangalore,Koramangala,HSR Layout,2023-10-10 16:01:00,2023-10-10 16:05:00,2023-10-10 16:26:00,6.4,185,Completed,
T4744,D118,R1794,Delhi,Dwarka,Connaught Place,2023-10-18 19:51:00,,,0.0,0.0,Cancelled,Driver Not Found
T4745,D243,R4722,Bangalore,Jayanagar,HSR Layout,2023-10-28 06:05:00,2023-10-28 06:18:00,2023-10-28 06:48:00,7.7,168,Completed,
T4746,D332,R3034,Delhi,Vasant Kunj,Saket,2023-10-13 21:48:00,2023-10-13 21:58:00,2023-10-13 22:07:00,3.6,139,Completed,
T4747,D154,R4070,Mumbai,Bandra,Andheri,2023-10-20 03:13:00,2023-10-20 03:23:00,2023-10-20 04:26:00,18.1,369,Completed,
T4748,D143,R2994,Bangalore,Koramangala,Jayanagar,2023-10-11 18:14:00,2023-10-11 18:22:00,2023-10-11 19:12:00,16.7,389,Completed,
T4749,D287,R2942,Mumbai,Colaba,Bandra,2023-10-25 01:48:00,2023-10-25 01:53:00,2023-10-25 02:45:00,20.5,452,Completed,
T4750,D228,R1433,Delhi,Rohini,Dwarka,2023-10-28 00:18:00,,2023-10-28 01:45:00,20.4,406,Completed,
T4751,D121,R2089,Mumbai,Andheri,Powai,2023-10-12 07:01:00,2023-10-12 07:09:00,2023-10-12 07:40:00,10.8,302,Completed,
T4752,D133,R1348,Delhi,Saket,Rohini,2023-10-18 22:06:00,,,0.0,0.0,Cancelled,Other
T4753,D119,R2105,Delhi,Dwarka,Vasant Kunj,2023-10-15 14:57:00,,,0.0,0.0,Cancelled,Driver Cancelled
T4754,D189,R3623,Mumbai,Andheri,Juhu,2023-10-26 19:03:00,2023-10-26 19:13:00,2023-10-26 20:12:00,16.2,385,Completed,
T4755,D147,R2785,Delhi,Vasant Kunj,Dwarka,2023-10-26 19:05:00,2023-10-26 19:12:00,2023-10-26 20:16:00,23.4,473,Completed,
T4756,D217,R1522,Delhi,Vasant Kunj,Dwarka,2023-10-22 15:37:00,,,0.0,0.0,Cancelled,Payment Issue
T4757,D220,R2058,Mumbai,Bandra,Andheri,2023-10-12 18:57:00,,,0.0,0.0,Cancelled,Payment Issue
T4758,D320,R1496,Bangalore,Whitefield,HSR Layout,2023-10-05 03:36:00,2023-10-05 03:40:00,2023-10-05 04:51:00,24.8,482,Completed,
T4759,D294,R3877,Delhi,Rohini,Saket,2023-10-03 05:11:00,,,0.0,0.0,Cancelled,Rider Cancelled
T4760,D284,R3552,Mumbai,Andheri,Colaba,2023-10-20 01:30:00,2023-10-20 01:39:00,2023-10-20 02:05:00,9.0,244,Completed,
T4761,D328,R4488,Mumbai,Andheri,Bandra,2023-10-23 13:49:00,2023-10-23 14:00:00,2023-10-23 14:35:00,14.3,318,Completed,
T4762,D324,R3360,Mumbai,Andheri,Powai,2023-10-18 21:52:00,2023-10-18 21:59:00,2023-10-18 22:26:00,10.7,298,Completed,
T4763,D208,R2782,Bangalore,Whitefield,Jayanagar,2023-10-05 05:26:00,2023-10-05 05:36:00,2023-10-05 06:58:00,23.2,549,Completed,
T4764,D139,R4748,Bangalore,HSR Layout,Whitefield,2023-10-13 00:21:00,2023-10-13 00:26:00,2023-10-13 01:13:00,14.5,278,Completed,
T4765,D177,R1710,Bangalore,Jayanagar,Indiranagar,2023-10-12 19:12:00,2023-10-12 19:27:00,2023-10-12 20:40:00,24.3,578,Completed,
T4766,D220,R4069,Mumbai,Powai,Juhu,2023-10-10 00:50:00,2023-10-10 01:05:00,2023-10-10 01:13:00,3.1,124,Completed,
T4767,D343,R4523,Bangalore,Koramangala,Whitefield,2023-10-27 14:14:00,2023-10-27 14:28:00,2023-10-27 15:39:00,20.8,497,Completed,
T4768,D202,R4208,Delhi,Saket,Dwarka,2023-10-19 21:09:00,2023-10-19 21:13:00,2023-10-19 21:51:00,12.0,325,Completed,
T4769,D110,R4836,Mumbai,Colaba,Powai,2023-10-28 03:29:00,2023-10-28 03:34:00,2023-10-28 04:31:00,21.5,417,Completed,
T4770,D141,R2968,Mumbai,Colaba,Andheri,2023-10-02 15:48:00,2023-10-02 15:52:00,2023-10-02 16:25:00,8.4,212,Completed,
T4771,D104,R1799,Delhi,Vasant Kunj,Rohini,2023-10-19 14:30:00,2023-10-19 14:32:00,2023-10-19 15:10:00,10.5,289,Completed,
T4772,D230,R2621,Bangalore,Koramangala,Indiranagar,2023-10-16 05:48:00,2023-10-16 06:02:00,2023-10-16 06:17:00,5.1,170,Completed,
T4773,D137,R1373,Mumbai,Powai,Bandra,2023-10-26 21:45:00,2023-10-26 21:53:00,2023-10-26 23:16:00,23.7,531,Completed,
T4774,D134,R4149,Mumbai,Bandra,Colaba,2023-10-21 21:40:00,2023-10-21 21:43:00,2023-10-21 22:21:00,12.3,266,Completed,
T4775,D128,R2766,Delhi,Dwarka,Rohini,2023-10-16 07:53:00,2023-10-16 08:08:00,2023-10-16 08:33:00,6.7,184,Completed,
T4776,D329,R1339,Bangalore,HSR Layout,Indiranagar,2023-10-17 22:36:00,2023-10-17 22:48:00,2023-10-18 00:09:00,22.1,562,Completed,
T4777,D227,R1190,Mumbai,Bandra,Colaba,2023-10-25 19:08:00,2023-10-25 19:21:00,2023-10-25 19:42:00,5.8,154,Completed,
T4778,D114,R3700,Bangalore,HSR Layout,Jayanagar,2023-10-03 18:03:00,2023-10-03 18:17:00,2023-10-03 18:54:00,14.7,412,Completed,
T4779,D263,R2811,Bangalore,Whitefield,Koramangala,2023-10-07 13:22:00,2023-10-07 13:36:00,2023-10-07 14:58:00,22.3,561,Completed,
T4780,D314,R4748,Mumbai,Bandra,Powai,2023-10-08 03:42:00,2023-10-08 03:48:00,2023-10-08 04:32:00,13.6,256,Completed,
T4781,D271,R1030,Bangalore,Indiranagar,Whitefield,2023-10-13 20:37:00,2023-10-13 20:46:00,2023-10-13 21:44:00,21.5,383,Completed,
T4782,D170,R2281,Bangalore,Koramangala,Whitefield,2023-10-03 10:09:00,2023-10-03 10:22:00,2023-10-03 10:50:00,10.4,240,Completed,
T4783,D167,R1591,Delhi,Saket,Vasant Kunj,2023-10-02 19:45:00,,,0.0,0.0,Cancelled,Rider Cancelled
T4784,D245,R3734,Delhi,Dwarka,Rohini,2023-10-29 09:19:00,2023-10-29 09:29:00,2023-10-29 09:37:00,2.7,93,Completed,
T4785,D196,R4107,Delhi,Vasant Kunj,Saket,2023-10-21 02:28:00,,,0.0,0.0,Cancelled,Driver Cancelled
T4786,D268,R2316,Delhi,Rohini,Dwarka,2023-10-26 23:07:00,,,0.0,0.0,Cancelled,Driver Cancelled
T4787,D158,R2317,Mumbai,Powai,Andheri,2023-10-28 00:44:00,2023-10-28 00:48:00,2023-10-28 01:29:00,13.7,368,Completed,
T4788,D278,R2777,Bangalore,Indiranagar,HSR Layout,2023-10-04 01:52:00,2023-10-04 02:03:00,2023-10-04 02:31:00,8.5,184,Completed,
T4789,D188,R1888,Mumbai,Powai,Andheri,2023-10-29 21:30:00,2023-10-29 21:40:00,2023-10-29 22:42:00,15.8,373,Completed,
T4790,D173,R1526,Delhi,Dwarka,Vasant Kunj,2023-10-10 00:40:00,2023-10-10 00:53:00,2023-10-10 01:11:00,5.0,169,Completed,
T4791,D198,R4178,Delhi,Connaught Place,Rohini,2023-10-28 01:28:00,2023-10-28 01:33:00,2023-10-28 01:43:00,2.6,114,Completed,
T4792,D111,R3883,Mumbai,Andheri,Bandra,2023-10-09 16:23:00,2023-10-09 16:33:00,2023-10-09 17:08:00,12.3,341,Completed,
T4793,D101,R2014,Mumbai,Juhu,Bandra,2023-10-10 08:02:00,2023-10-10 08:17:00,2023-10-10 08:37:00,7.6,237,Completed,
T4794,D156,R1468,Delhi,Dwarka,Saket,2023-10-03 04:38:00,2023-10-03 04:52:00,2023-10-03 05:30:00,12.5,332,Completed,
T4795,D261,R1324,Mumbai,Andheri,Colaba,2023-10-29 17:06:00,2023-10-29 17:10:00,2023-10-29 17:43:00,11.5,269,Completed,
T4796,D267,R3665,Mumbai,Colaba,Powai,2023-10-18 14:38:00,,,0.0,0.0,Cancelled,Driver Not Found
T4797,D174,R2667,Bangalore,Indiranagar,Jayanagar,2023-10-18 09:17:00,2023-10-18 09:21:00,2023-10-18 10:57:00,24.2,586,Completed,
T4798,D161,R4162,Bangalore,Jayanagar,HSR Layout,2023-10-01 19:02:00,2023-10-01 19:14:00,2023-10-01 19:54:00,14.3,378,Completed,
T4799,D220,R2486,Mumbai,Andheri,Juhu,2023-10-16 07:14:00,2023-10-16 07:29:00,2023-10-16 08:11:00,15.7,357,Completed,
T4800,D130,R3184,Bangalore,Koramangala,Indiranagar,2023-10-10 20:01:00,2023-10-10 20:03:00,2023-10-10 20:58:00,18.1,348,Completed,
T4801,D304,R3647,Delhi,Connaught Place,Vasant Kunj,2023-10-28 00:53:00,2023-10-28 00:57:00,2023-10-28 01:15:00,5.8,186,Completed,
T4802,D257,R4335,Mumbai,Colaba,Bandra,2023-10-17 23:30:00,2023-10-17 23:44:00,2023-10-18 00:10:00,9.6,263,Completed,
T4803,D322,R2808,Bangalore,Jayanagar,Koramangala,2023-10-15 22:37:00,2023-10-15 22:49:00,2023-10-16 00:02:00,21.3,497,Completed,
T4804,D297,R4957,Bangalore,Koramangala,Indiranagar,2023-10-10 18:52:00,2023-10-10 19:02:00,2023-10-10 19:09:00,2.6,112,Completed,
T4805,D191,R1197,Bangalore,Indiranagar,Whitefield,2023-10-24 17:17:00,2023-10-24 17:25:00,2023-10-24 18:15:00,18.1,401,Completed,
T4806,D342,R2880,Delhi,Rohini,Dwarka,2023-10-15 07:51:00,2023-10-15 07:59:00,2023-10-15 08:44:00,17.6,454,Completed,
T4807,D173,R1963,Delhi,Connaught Place,Saket,2023-10-12 01:51:00,2023-10-12 02:02:00,2023-10-12 03:25:00,22.0,540,Completed,
T4808,D200,R1221,Delhi,Vasant Kunj,Saket,2023-10-21 06:35:00,,,0.0,0.0,Cancelled,Driver Cancelled
T4809,D299,R1524,Delhi,Connaught Place,Rohini,2023-10-24 12:19:00,2023-10-24 12:24:00,2023-10-24 12:54:00,11.9,235,Completed,
T4810,D208,R1185,Bangalore,Jayanagar,Whitefield,2023-10-26 20:10:00,2023-10-26 20:15:00,2023-10-26 20:53:00,9.9,207,Completed,
T4811,D130,R1191,Bangalore,Koramangala,Jayanagar,2023-10-02 12:51:00,2023-10-02 13:01:00,2023-10-02 14:08:00,17.1,458,Completed,
T4812,D181,R1270,Bangalore,Koramangala,Indiranagar,2023-10-11 15:40:00,2023-10-11 15:51:00,2023-10-11 16:20:00,10.6,275,Completed,
T4813,D297,R4810,Bangalore,Jayanagar,Koramangala,2023-10-29 00:28:00,2023-10-29 00:36:00,2023-10-29 01:42:00,17.2,480,Completed,
T4814,D190,R1286,Bangalore,Koramangala,HSR Layout,2023-10-13 21:17:00,2023-10-13 21:20:00,2023-10-13 22:30:00,19.6,509,Completed,
T4815,D238,R2050,Mumbai,Juhu,Colaba,2023-10-04 09:56:00,2023-10-04 10:05:00,2023-10-04 10:41:00,14.4,323,Completed,
T4816,D299,R2513,Delhi,Connaught Place,Rohini,2023-10-10 19:54:00,2023-10-10 20:05:00,2023-10-10 20:13:00,2.4,109,Completed,
T4817,D330,R2190,Delhi,Saket,Dwarka,2023-10-01 23:10:00,2023-10-01 23:20:00,2023-10-02 00:00:00,14.6,385,Completed,
T4818,D192,R1585,Bangalore,Koramangala,Jayanagar,2023-10-02 17:45:00,2023-10-02 17:57:00,2023-10-02 18:50:00,17.0,440,Completed,
T4819,D142,R1702,Mumbai,Andheri,Powai,2023-10-28 12:57:00,,,0.0,0.0,Cancelled,Other
T4820,D323,R3279,Delhi,Connaught Place,Rohini,2023-10-03 09:27:00,2023-10-03 09:32:00,2023-10-03 10:23:00,13.8,316,Completed,
T4821,D310,R2040,Bangalore,HSR Layout,Jayanagar,2023-10-14 10:22:00,2023-10-14 10:30:00,2023-10-14 11:34:00,23.9,523,Completed,
T4822,D109,R3297,Bangalore,Indiranagar,Whitefield,2023-10-17 08:59:00,2023-10-17 09:10:00,2023-10-17 09:53:00,16.4,413,Completed,
T4823,D250,R1766,Delhi,Connaught Place,Vasant Kunj,2023-10-19 06:44:00,2023-10-19 06:48:00,2023-10-19 07:11:00,8.6,222,Completed,
T4824,D222,R4203,Bangalore,Koramangala,Whitefield,2023-10-29 08:07:00,2023-10-29 08:12:00,2023-10-29 09:12:00,18.7,383,Completed,
T4825,D142,R1503,Mumbai,Andheri,Bandra,2023-10-17 01:37:00,2023-10-17 01:50:00,2023-10-17 02:44:00,17.9,327,Completed,
T4826,D288,R1639,Mumbai,Juhu,Powai,2023-10-05 02:35:00,2023-10-05 02:48:00,2023-10-05 03:03:00,4.4,153,Completed,
T4827,D253,R3333,Delhi,Rohini,Dwarka,2023-10-25 04:01:00,2023-10-25 04:06:00,2023-10-25 05:13:00,20.2,527,Completed,
T4828,D215,R2231,Mumbai,Juhu,Bandra,2023-10-16 01:42:00,2023-10-16 01:47:00,2023-10-16 02:52:00,17.6,456,Completed,
T4829,D178,R4713,Bangalore,Koramangala,Jayanagar,2023-10-18 08:34:00,2023-10-18 08:38:00,2023-10-18 09:02:00,9.7,242,Completed,
T4830,D267,R4465,Mumbai,Colaba,Powai,2023-10-11 18:04:00,2023-10-11 18:08:00,2023-10-11 18:22:00,5.2,160,Completed,
T4831,D330,R4751,Delhi,Dwarka,Connaught Place,2023-10-21 00:39:00,2023-10-21 00:54:00,2023-10-21 01:27:00,13.1,324,Completed,
T4832,D137,R4183,Mumbai,Colaba,Juhu,2023-10-20 04:49:00,2023-10-20 04:53:00,2023-10-20 05:49:00,17.7,415,Completed,
T4833,D167,R3706,Delhi,Vasant Kunj,Connaught Place,2023-10-07 12:39:00,2023-10-07 12:41:00,2023-10-07 14:11:00,23.7,473,Completed,
T4834,D115,R4013,Delhi,Vasant Kunj,Connaught Place,2023-10-19 01:29:00,2023-10-19 01:37:00,2023-10-19 02:27:00,18.2,328,Completed,
T4835,D273,R4809,Mumbai,Bandra,Andheri,2023-10-02 15:27:00,2023-10-02 15:29:00,2023-10-02 15:57:00,9.0,207,Completed,
T4836,D185,R3402,Delhi,Dwarka,Connaught Place,2023-10-14 23:49:00,2023-10-15 00:01:00,2023-10-15 00:16:00,4.3,121,Completed,
T4837,D126,R2158,Delhi,Vasant Kunj,Saket,2023-10-09 16:36:00,2023-10-09 16:50:00,2023-10-09 17:16:00,8.8,231,Completed,
T4838,D311,R1616,Mumbai,Powai,Bandra,2023-10-09 20:28:00,2023-10-09 20:41:00,2023-10-09 22:04:00,22.1,416,Completed,
T4839,D173,R3133,Delhi,Rohini,Vasant Kunj,2023-10-15 14:59:00,2023-10-15 15:01:00,2023-10-15 15:24:00,6.0,163,Completed,
T4840,D140,R3706,Bangalore,Indiranagar,Whitefield,2023-10-04 16:38:00,2023-10-04 16:50:00,2023-10-04 17:39:00,13.1,289,Completed,
T4841,D119,R2028,Delhi,Saket,Rohini,2023-10-06 02:43:00,,,0.0,0.0,Cancelled,Payment Issue
T4842,D224,R2368,Bangalore,Whitefield,Koramangala,2023-10-09 10:12:00,2023-10-09 10:26:00,2023-10-09 11:21:00,18.4,328,Completed,
T4843,D242,R3295,Delhi,Saket,Vasant Kunj,2023-10-12 22:54:00,2023-10-12 23:05:00,2023-10-13 00:00:00,18.6,513,Completed,
T4844,D346,R4246,Mumbai,Powai,Bandra,2023-10-05 02:56:00,2023-10-05 03:10:00,2023-10-05 04:06:00,14.4,392,Completed,
T4845,D207,R1872,Bangalore,Whitefield,Indiranagar,2023-10-08 13:47:00,2023-10-08 13:50:00,2023-10-08 14:40:00,16.2,425,Completed,
T4846,D234,R2303,Mumbai,Powai,Colaba,2023-10-02 16:10:00,2023-10-02 16:19:00,2023-10-02 17:22:00,18.7,461,Completed,
T4847,D272,R1135,Mumbai,Bandra,Andheri,2023-10-25 01:17:00,,,0.0,0.0,Cancelled,Rider Cancelled
T4848,D180,R1077,Bangalore,Indiranagar,Koramangala,2023-10-25 18:06:00,2023-10-25 18:10:00,2023-10-25 18:48:00,13.6,320,Completed,
T4849,D311,R1291,Mumbai,Bandra,Powai,2023-10-03 07:37:00,2023-10-03 07:50:00,2023-10-03 09:00:00,21.6,441,Completed,
T4850,D318,R3230,Bangalore,Koramangala,HSR Layout,2023-10-05 07:29:00,2023-10-05 07:37:00,2023-10-05 08:11:00,12.8,270,Completed,
T4851,D246,R3822,Delhi,Connaught Place,Rohini,2023-10-05 17:16:00,2023-10-05 17:29:00,2023-10-05 17:37:00,2.5,107,Completed,
T4852,D316,R1138,Bangalore,Jayanagar,HSR Layout,2023-10-28 22:09:00,2023-10-28 22:16:00,2023-10-28 22:33:00,6.4,185,Completed,
T4853,D159,R2944,Delhi,Saket,Dwarka,2023-10-26 01:35:00,2023-10-26 01:48:00,2023-10-26 02:29:00,15.4,322,Completed,
T4854,D291,R4265,Delhi,Saket,Dwarka,2023-10-21 02:03:00,,,0.0,0.0,Cancelled,Rider Cancelled
T4855,D315,R1416,Mumbai,Powai,Andheri,2023-10-26 17:19:00,2023-10-26 17:29:00,2023-10-26 18:34:00,17.2,389,Completed,
T4856,D241,R2021,Mumbai,Juhu,Colaba,2023-10-30 09:25:00,2023-10-30 09:29:00,2023-10-30 09:58:00,7.6,206,Completed,
T4857,D212,R2362,Bangalore,Indiranagar,Koramangala,2023-10-08 00:35:00,2023-10-08 00:40:00,2023-10-08 01:45:00,23.6,587,Completed,
T4858,D293,R1688,Bangalore,HSR Layout,Whitefield,2023-10-25 19:08:00,2023-10-25 19:17:00,2023-10-25 20:04:00,16.5,334,Completed,
T4859,D334,R3034,Bangalore,HSR Layout,Indiranagar,2023-10-28 15:13:00,2023-10-28 15:24:00,2023-10-28 15:58:00,10.8,229,Completed,
T4860,D341,R4036,Bangalore,HSR Layout,Indiranagar,2023-10-12 08:43:00,2023-10-12 08:56:00,2023-10-12 09:58:00,17.6,470,Completed,
T4861,D286,R3427,Mumbai,Bandra,Colaba,2023-10-30 14:23:00,,,0.0,0.0,Cancelled,Rider Cancelled
T4862,D348,R4293,Bangalore,Whitefield,Indiranagar,2023-10-14 20:57:00,2023-10-14 21:00:00,2023-10-14 22:06:00,22.9,589,Completed,
T4863,D295,R2721,Bangalore,Koramangala,Indiranagar,2023-10-19 11:36:00,,,0.0,0.0,Cancelled,Driver Cancelled
T4864,D342,R1766,Delhi,Saket,Dwarka,2023-10-02 14:10:00,2023-10-02 14:14:00,2023-10-02 14:32:00,5.9,189,Completed,
T4865,D159,R2626,Delhi,Rohini,Vasant Kunj,2023-10-24 04:11:00,2023-10-24 04:25:00,2023-10-24 05:15:00,14.2,353,Completed,
T4866,D153,R2516,Mumbai,Juhu,Andheri,2023-10-04 13:23:00,2023-10-04 13:36:00,2023-10-04 14:33:00,15.4,305,Completed,
T4867,D184,R2364,Bangalore,HSR Layout,Whitefield,2023-10-01 12:00:00,2023-10-01 12:10:00,2023-10-01 13:08:00,17.0,431,Completed,
T4868,D247,R1265,Bangalore,Indiranagar,HSR Layout,2023-10-22 02:16:00,2023-10-22 02:24:00,2023-10-22 03:12:00,14.0,334,Completed,
T4869,D153,R3913,Mumbai,Colaba,Bandra,2023-10-14 15:47:00,2023-10-14 15:53:00,2023-10-14 16:05:00,3.5,126,Completed,
T4870,D273,R2139,Mumbai,Andheri,Bandra,2023-10-01 21:12:00,2023-10-01 21:21:00,2023-10-01 22:38:00,20.8,546,Completed,
T4871,D284,R1820,Mumbai,Powai,Andheri,2023-10-04 19:38:00,,,0.0,0.0,Cancelled,Rider Cancelled
T4872,D171,R1578,Delhi,Rohini,Saket,2023-10-13 15:30:00,2023-10-13 15:37:00,2023-10-13 16:53:00,20.9,482,Completed,
T4873,D242,R2294,Delhi,Saket,Vasant Kunj,2023-10-14 13:49:00,2023-10-14 13:52:00,2023-10-14 15:02:00,19.8,507,Completed,
T4874,D231,R1128,Bangalore,Whitefield,Koramangala,2023-10-04 11:42:00,,,0.0,0.0,Cancelled,Driver Cancelled
T4875,D286,R3714,Mumbai,Colaba,Juhu,2023-10-10 15:06:00,2023-10-10 15:21:00,2023-10-10 15:49:00,10.4,264,Completed,
T4876,D197,R3364,Mumbai,Andheri,Powai,2023-10-18 11:41:00,2023-10-18 11:55:00,2023-10-18 12:52:00,20.4,392,Completed,
T4877,D221,R1155,Bangalore,Jayanagar,Whitefield,2023-10-20 02:37:00,2023-10-20 02:43:00,2023-10-20 02:55:00,5.0,171,Completed,
T4878,D335,R4652,Delhi,Connaught Place,Saket,2023-10-23 20:44:00,2023-10-23 20:51:00,2023-10-23 22:16:00,22.1,485,Completed,
T4879,D243,R4449,Bangalore,Koramangala,Indiranagar,2023-10-24 03:53:00,2023-10-24 03:57:00,2023-10-24 04:23:00,8.2,195,Completed,
T4880,D257,R3425,Mumbai,Powai,Bandra,2023-10-10 02:02:00,2023-10-10 02:12:00,2023-10-10 02:19:00,2.1,92,Completed,
T4881,D345,R2086,Delhi,Dwarka,Vasant Kunj,2023-10-01 12:56:00,2023-10-01 13:09:00,2023-10-01 13:17:00,3.2,113,Completed,
T4882,D343,R1777,Bangalore,HSR Layout,Jayanagar,2023-10-12 20:05:00,2023-10-12 20:18:00,2023-10-12 21:38:00,23.4,574,Completed,
T4883,D178,R1641,Bangalore,Whitefield,Jayanagar,2023-10-10 18:58:00,2023-10-10 19:12:00,2023-10-10 19:28:00,4.4,135,Completed,
T4884,D117,R3272,Delhi,Connaught Place,Saket,2023-10-18 05:14:00,2023-10-18 05:21:00,2023-10-18 06:27:00,20.7,510,Completed,
T4885,D185,R3453,Delhi,Dwarka,Saket,2023-10-06 16:43:00,,,0.0,0.0,Cancelled,Driver Not Found
T4886,D229,R3304,Mumbai,Colaba,Juhu,2023-10-21 04:03:00,2023-10-21 04:14:00,2023-10-21 04:40:00,10.6,246,Completed,
T4887,D114,R4019,Bangalore,Whitefield,Indiranagar,2023-10-15 15:01:00,,,0.0,0.0,Cancelled,Driver Cancelled
T4888,D232,R4460,Bangalore,Indiranagar,Koramangala,2023-10-19 07:36:00,2023-10-19 07:43:00,2023-10-19 08:19:00,9.6,271,Completed,
T4889,D104,R4079,Delhi,Connaught Place,Dwarka,2023-10-22 22:14:00,2023-10-22 22:24:00,2023-10-22 22:37:00,4.0,125,Completed,
T4890,D303,R1539,Mumbai,Powai,Juhu,2023-10-16 19:03:00,2023-10-16 19:16:00,2023-10-16 19:28:00,4.9,160,Completed,
T4891,D137,R4167,Mumbai,Juhu,Andheri,2023-10-02 13:09:00,2023-10-02 13:15:00,2023-10-02 14:23:00,24.5,522,Completed,
T4892,D257,R4836,Mumbai,Powai,Bandra,2023-10-04 15:47:00,2023-10-04 15:50:00,2023-10-04 15:59:00,2.9,114,Completed,
T4893,D246,R2562,Delhi,Connaught Place,Dwarka,2023-10-26 03:09:00,2023-10-26 03:19:00,2023-10-26 03:59:00,10.4,242,Completed,
T4894,D195,R1773,Bangalore,Koramangala,Indiranagar,2023-10-15 18:19:00,2023-10-15 18:21:00,2023-10-15 18:52:00,10.6,239,Completed,
T4895,D173,R1699,Delhi,Vasant Kunj,Dwarka,2023-10-09 20:11:00,,,0.0,0.0,Cancelled,Payment Issue
T4896,D292,R3095,Bangalore,Jayanagar,Indiranagar,2023-10-18 08:01:00,2023-10-18 08:03:00,2023-10-18 08:59:00,18.6,474,Completed,
T4897,D137,R1435,Mumbai,Juhu,Andheri,2023-10-03 05:17:00,2023-10-03 05:22:00,2023-10-03 06:05:00,13.6,291,Completed,
T4898,D202,R1207,Delhi,Rohini,Vasant Kunj,2023-10-20 10:12:00,2023-10-20 10:14:00,2023-10-20 10:49:00,14.1,402,Completed,
T4899,D321,R2159,Mumbai,Bandra,Juhu,2023-10-06 10:29:00,2023-10-06 10:39:00,2023-10-06 11:10:00,10.9,282,Completed,
T4900,D156,R1500,Delhi,Vasant Kunj,Saket,2023-10-20 15:25:00,2023-10-20 15:38:00,2023-10-20 16:33:00,19.8,500,Completed,
T4901,D130,R4438,Bangalore,Whitefield,Koramangala,2023-10-16 21:14:00,2023-10-16 21:27:00,2023-10-16 22:36:00,21.9,443,Completed,
T4902,D191,R3477,Bangalore,Koramangala,Indiranagar,2023-10-08 19:10:00,2023-10-08 19:14:00,2023-10-08 20:38:00,21.9,521,Completed,
T4903,D261,R1874,Mumbai,Powai,Andheri,2023-10-28 16:06:00,2023-10-28 16:17:00,2023-10-28 17:07:00,20.1,446,Completed,
T4904,D216,R3842,Mumbai,Andheri,Juhu,2023-10-27 03:15:00,2023-10-27 03:23:00,2023-10-27 04:18:00,15.6,371,Completed,
T4905,D297,R4427,Bangalore,Jayanagar,Whitefield,2023-10-07 16:35:00,2023-10-07 16:50:00,2023-10-07 17:38:00,19.0,502,Completed,
T4906,D219,R1510,Bangalore,Indiranagar,HSR Layout,2023-10-06 05:43:00,2023-10-06 05:54:00,2023-10-06 07:14:00,24.1,643,Completed,
T4907,D260,R1249,Bangalore,Jayanagar,Whitefield,2023-10-05 07:59:00,2023-10-05 08:05:00,2023-10-05 08:32:00,9.4,198,Completed,
T4908,D245,R1969,Delhi,Connaught Place,Saket,2023-10-02 05:39:00,2023-10-02 05:47:00,2023-10-02 06:34:00,16.9,409,Completed,
T4909,D274,R4289,Mumbai,Juhu,Bandra,2023-10-01 02:10:00,2023-10-01 02:12:00,2023-10-01 02:54:00,13.9,275,Completed,
T4910,D221,R4585,Bangalore,Jayanagar,Koramangala,2023-10-25 22:15:00,2023-10-25 22:30:00,2023-10-25 23:31:00,21.4,546,Completed,
T4911,D250,R3103,Delhi,Dwarka,Rohini,2023-10-13 04:57:00,,,0.0,0.0,Cancelled,Rider Cancelled
T4912,D178,R2417,Bangalore,Koramangala,HSR Layout,2023-10-15 14:43:00,2023-10-15 14:52:00,2023-10-15 16:20:00,23.4,547,Completed,
T4913,D288,R4441,Mumbai,Colaba,Powai,2023-10-17 22:15:00,,,0.0,0.0,Cancelled,Driver Cancelled
T4914,D254,R4227,Bangalore,Jayanagar,Indiranagar,2023-10-07 23:05:00,2023-10-07 23:14:00,2023-10-07 23:20:00,2.6,104,Completed,
T4915,D171,R1843,Delhi,Connaught Place,Saket,2023-10-25 07:38:00,2023-10-25 07:53:00,2023-10-25 08:43:00,13.3,357,Completed,
T4916,D275,R1581,Delhi,Rohini,Vasant Kunj,2023-10-20 17:53:00,2023-10-20 17:58:00,2023-10-20 18:07:00,3.1,108,Completed,
T4917,D107,R2178,Bangalore,Whitefield,Jayanagar,2023-10-08 14:25:00,2023-10-08 14:38:00,2023-10-08 14:56:00,6.7,173,Completed,
T4918,D196,R4374,Delhi,Connaught Place,Vasant Kunj,2023-10-22 12:11:00,,,0.0,0.0,Cancelled,Driver Cancelled
T4919,D142,R4894,Mumbai,Colaba,Juhu,2023-10-27 04:40:00,2023-10-27 04:46:00,2023-10-27 05:28:00,12.3,331,Completed,
T4920,D265,R2284,Bangalore,Jayanagar,HSR Layout,2023-10-21 20:11:00,2023-10-21 20:21:00,2023-10-21 20:47:00,9.9,207,Completed,
T4921,D312,R1210,Delhi,Saket,Vasant Kunj,2023-10-15 06:02:00,2023-10-15 06:06:00,2023-10-15 06:20:00,5.6,137,Completed,
T4922,D138,R4917,Mumbai,Powai,Bandra,2023-10-24 08:06:00,2023-10-24 08:10:00,2023-10-24 09:13:00,19.1,454,Completed,
T4923,D302,R4138,Bangalore,Jayanagar,HSR Layout,2023-10-21 19:53:00,,,0.0,0.0,Cancelled,Driver Cancelled
T4924,D148,R1316,Bangalore,Indiranagar,Koramangala,2023-10-02 15:57:00,,,0.0,0.0,Cancelled,Driver Not Found
T4925,D179,R4975,Delhi,Dwarka,Vasant Kunj,2023-10-27 19:51:00,,,0.0,0.0,Cancelled,Driver Not Found
T4926,D182,R3833,Bangalore,Jayanagar,Whitefield,2023-10-25 19:28:00,,,0.0,0.0,Cancelled,Driver Cancelled
T4927,D316,R2257,Bangalore,Koramangala,HSR Layout,2023-10-03 21:57:00,2023-10-03 22:02:00,2023-10-03 22:56:00,21.5,467,Completed,
T4928,D141,R4773,Mumbai,Bandra,Juhu,2023-10-26 06:46:00,2023-10-26 06:56:00,2023-10-26 07:32:00,13.2,293,Completed,
T4929,D214,R4934,Delhi,Dwarka,Vasant Kunj,2023-10-02 10:59:00,2023-10-02 11:12:00,2023-10-02 11:57:00,11.6,310,Completed,
T4930,D146,R3760,Delhi,Connaught Place,Vasant Kunj,2023-10-04 21:33:00,,,0.0,0.0,Cancelled,Driver Not Found
T4931,D341,R4349,Bangalore,Whitefield,HSR Layout,2023-10-28 10:07:00,,,0.0,0.0,Cancelled,Other
T4932,D299,R2646,Delhi,Dwarka,Rohini,2023-10-11 08:14:00,2023-10-11 08:16:00,2023-10-11 09:07:00,16.3,392,Completed,
T4933,D258,R3972,Mumbai,Andheri,Bandra,2023-10-10 17:07:00,2023-10-10 17:15:00,2023-10-10 18:30:00,20.4,487,Completed,
T4934,D119,R4210,Delhi,Vasant Kunj,Saket,2023-10-27 07:24:00,2023-10-27 07:32:00,2023-10-27 08:05:00,9.7,259,Completed,
T4935,D227,R1052,Mumbai,Colaba,Andheri,2023-10-17 22:37:00,2023-10-17 22:50:00,2023-10-17 23:18:00,9.4,213,Completed,
T4936,D311,R3492,Mumbai,Bandra,Juhu,2023-10-11 02:57:00,2023-10-11 03:09:00,2023-10-11 03:29:00,7.0,217,Completed,
T4937,D173,R2703,Delhi,Saket,Vasant Kunj,2023-10-20 00:13:00,2023-10-20 00:21:00,2023-10-20 01:03:00,14.3,357,Completed,
T4938,D296,R1146,Mumbai,Powai,Juhu,2023-10-05 03:04:00,2023-10-05 03:10:00,2023-10-05 03:43:00,9.2,208,Completed,
T4939,D117,R2052,Delhi,Rohini,Connaught Place,2023-10-20 20:07:00,,,0.0,0.0,Cancelled,Driver Cancelled
T4940,D306,R2928,Mumbai,Powai,Bandra,2023-10-02 06:49:00,2023-10-02 06:52:00,2023-10-02 07:38:00,18.5,335,Completed,
T4941,D243,R4675,Bangalore,Whitefield,Koramangala,2023-10-30 18:22:00,2023-10-30 18:36:00,2023-10-30 18:49:00,5.1,129,Completed,
T4942,D334,R1224,Bangalore,HSR Layout,Jayanagar,2023-10-09 20:35:00,2023-10-09 20:42:00,2023-10-09 21:41:00,16.9,439,Completed,
T4943,D275,R4297,Delhi,Dwarka,Vasant Kunj,2023-10-17 09:56:00,2023-10-17 10:10:00,2023-10-17 10:28:00,5.1,127,Completed,
T4944,D226,R3617,Bangalore,Indiranagar,HSR Layout,2023-10-08 01:31:00,2023-10-08 01:43:00,2023-10-08 02:06:00,7.5,182,Completed,
T4945,D162,R4283,Delhi,Saket,Dwarka,2023-10-25 11:31:00,2023-10-25 11:42:00,2023-10-25 12:41:00,15.2,387,Completed,
T4946,D309,R1514,Mumbai,Bandra,Andheri,2023-10-04 00:13:00,2023-10-04 00:24:00,2023-10-04 01:28:00,17.4,366,Completed,
T4947,D216,R4201,Mumbai,Andheri,Juhu,2023-10-10 01:08:00,2023-10-10 01:19:00,2023-10-10 01:42:00,8.5,197,Completed,
T4948,D345,R4175,Delhi,Vasant Kunj,Dwarka,2023-10-18 16:41:00,2023-10-18 16:47:00,2023-10-18 17:45:00,15.9,297,Completed,
T4949,D313,R4628,Delhi,Rohini,Saket,2023-10-07 11:17:00,2023-10-07 11:25:00,2023-10-07 11:53:00,8.8,261,Completed,
T4950,D173,R3348,Delhi,Rohini,Vasant Kunj,2023-10-12 07:21:00,2023-10-12 07:34:00,2023-10-12 08:47:00,20.0,548,Completed,
T4951,D282,R2513,Mumbai,Powai,Andheri,2023-10-20 18:19:00,,,0.0,0.0,Cancelled,Driver Not Found
T4952,D276,R1721,Bangalore,Koramangala,Jayanagar,2023-10-21 13:45:00,2023-10-21 13:54:00,2023-10-21 14:44:00,12.9,265,Completed,
T4953,D284,R1830,Mumbai,Juhu,Bandra,2023-10-14 10:49:00,2023-10-14 10:54:00,2023-10-14 11:15:00,5.7,150,Completed,
T4954,D296,R2943,Mumbai,Juhu,Colaba,2023-10-02 05:54:00,,,0.0,0.0,Cancelled,Payment Issue
T4955,D226,R2269,Bangalore,HSR Layout,Jayanagar,2023-10-16 14:25:00,2023-10-16 14:33:00,2023-10-16 14:59:00,10.2,273,Completed,
T4956,D322,R2569,Bangalore,Koramangala,Jayanagar,2023-10-21 21:57:00,2023-10-21 22:02:00,2023-10-21 22:36:00,13.3,255,Completed,
T4957,D347,R3852,Bangalore,HSR Layout,Indiranagar,2023-10-12 20:54:00,,,0.0,0.0,Cancelled,Driver Not Found
T4958,D131,R3724,Mumbai,Juhu,Andheri,2023-10-24 20:42:00,2023-10-24 20:48:00,2023-10-24 21:07:00,7.2,223,Completed,
T4959,D112,R4155,Delhi,Vasant Kunj,Dwarka,2023-10-14 12:50:00,2023-10-14 12:52:00,2023-10-14 14:00:00,24.3,617,Completed,
T4960,D264,R3287,Delhi,Connaught Place,Rohini,2023-10-22 05:42:00,2023-10-22 05:56:00,2023-10-22 07:10:00,21.3,505,Completed,
T4961,D190,R4554,Bangalore,Jayanagar,HSR Layout,2023-10-20 17:42:00,,,0.0,0.0,Cancelled,Driver Not Found
T4962,D312,R2948,Delhi,Rohini,Connaught Place,2023-10-14 08:47:00,2023-10-14 09:00:00,2023-10-14 10:25:00,22.2,535,Completed,
T4963,D129,R3548,Bangalore,HSR Layout,Jayanagar,2023-10-30 01:54:00,2023-10-30 02:08:00,2023-10-30 03:19:00,22.0,426,Completed,
T4964,D219,R1400,Bangalore,Whitefield,Jayanagar,2023-10-23 22:29:00,,,0.0,0.0,Cancelled,Rider Cancelled
T4965,D105,R4051,Bangalore,Whitefield,Indiranagar,2023-10-21 19:37:00,2023-10-21 19:48:00,2023-10-21 20:55:00,17.2,393,Completed,
T4966,D302,R4034,Bangalore,Koramangala,HSR Layout,2023-10-25 20:29:00,2023-10-25 20:34:00,2023-10-25 21:36:00,21.1,384,Completed,
T4967,D325,R2847,Bangalore,Jayanagar,Koramangala,2023-10-24 16:31:00,2023-10-24 16:41:00,2023-10-24 17:25:00,15.3,291,Completed,
T4968,D223,R2025,Bangalore,Jayanagar,Koramangala,2023-10-08 22:51:00,2023-10-08 22:53:00,2023-10-09 00:16:00,23.9,545,Completed,
T4969,D133,R1912,Delhi,Rohini,Vasant Kunj,2023-10-22 12:51:00,2023-10-22 12:58:00,2023-10-22 13:48:00,18.8,352,Completed,
T4970,D326,R3714,Delhi,Vasant Kunj,Dwarka,2023-10-21 19:49:00,2023-10-21 19:53:00,2023-10-21 20:25:00,9.1,217,Completed,
T4971,D201,R3081,Delhi,Rohini,Connaught Place,2023-10-29 00:15:00,2023-10-29 00:26:00,2023-10-29 01:01:00,12.2,251,Completed,
T4972,D143,R1680,Bangalore,Jayanagar,Koramangala,2023-10-01 08:06:00,2023-10-01 08:20:00,2023-10-01 08:34:00,4.6,152,Completed,
T4973,D335,R4288,Delhi,Connaught Place,Dwarka,2023-10-11 08:35:00,2023-10-11 08:48:00,2023-10-11 09:35:00,18.2,467,Completed,
T4974,D238,R4959,Mumbai,Colaba,Powai,2023-10-24 17:46:00,2023-10-24 17:49:00,2023-10-24 18:42:00,15.9,290,Completed,
T4975,D334,R3061,Bangalore,Indiranagar,Jayanagar,2023-10-04 04:03:00,2023-10-04 04:16:00,2023-10-04 04:34:00,6.6,168,Completed,
T4976,D203,R2801,Mumbai,Bandra,Powai,2023-10-24 18:17:00,,,0.0,0.0,Cancelled,Driver Cancelled
T4977,D278,R1248,Bangalore,Koramangala,Whitefield,2023-10-22 15:32:00,2023-10-22 15:34:00,2023-10-22 16:10:00,12.9,358,Completed,
T4978,D145,R3044,Bangalore,Whitefield,Jayanagar,2023-10-18 03:42:00,2023-10-18 03:51:00,2023-10-18 04:25:00,12.8,263,Completed,
T4979,D113,R2643,Delhi,Dwarka,Rohini,2023-10-02 06:20:00,2023-10-02 06:24:00,2023-10-02 07:00:00,10.4,223,Completed,
T4980,D203,R2452,Mumbai,Andheri,Colaba,2023-10-24 21:36:00,2023-10-24 21:45:00,2023-10-24 22:46:00,17.4,382,Completed,
T4981,D191,R1663,Bangalore,Jayanagar,Indiranagar,2023-10-10 18:16:00,2023-10-10 18:30:00,2023-10-10 19:41:00,19.4,516,Completed,
T4982,D110,R2849,Mumbai,Juhu,Andheri,2023-10-18 18:19:00,2023-10-18 18:27:00,2023-10-18 18:34:00,2.2,104,Completed,
T4983,D220,R2783,Mumbai,Powai,Colaba,2023-10-11 23:37:00,2023-10-11 23:43:00,2023-10-12 00:43:00,24.2,636,Completed,
T4984,D287,R2941,Mumbai,Bandra,Colaba,2023-10-07 18:52:00,2023-10-07 19:06:00,2023-10-07 19:35:00,10.8,278,Completed,
T4985,D296,R2702,Mumbai,Powai,Juhu,2023-10-14 13:56:00,2023-10-14 14:08:00,2023-10-14 15:01:00,20.5,405,Completed,
T4986,D144,R1716,Mumbai,Andheri,Powai,2023-10-21 09:10:00,2023-10-21 09:20:00,2023-10-21 10:08:00,14.7,394,Completed,
T4987,D280,R1548,Delhi,Saket,Connaught Place,2023-10-29 20:17:00,2023-10-29 20:20:00,2023-10-29 21:05:00,16.3,326,Completed,
T4988,D123,R3273,Bangalore,Jayanagar,Koramangala,2023-10-15 06:10:00,2023-10-15 06:22:00,2023-10-15 06:33:00,3.0,109,Completed,
T4989,D310,R2777,Bangalore,Koramangala,Jayanagar,2023-10-11 15:29:00,2023-10-11 15:41:00,2023-10-11 16:19:00,11.9,299,Completed,
T4990,D103,R1358,Delhi,Rohini,Connaught Place,2023-10-24 15:35:00,2023-10-24 15:44:00,2023-10-24 16:31:00,14.6,278,Completed,
T4991,D144,R3557,Mumbai,Juhu,Bandra,2023-10-12 09:10:00,2023-10-12 09:21:00,2023-10-12 09:27:00,2.3,95,Completed,
T4992,D213,R1417,Bangalore,Jayanagar,Whitefield,2023-10-06 18:54:00,2023-10-06 19:02:00,2023-10-06 20:03:00,18.8,395,Completed,
T4993,D294,R4213,Delhi,Vasant Kunj,Saket,2023-10-09 21:37:00,2023-10-09 21:40:00,2023-10-09 22:29:00,16.2,401,Completed,
T4994,D105,R2866,Bangalore,Jayanagar,HSR Layout,2023-10-19 12:35:00,2023-10-19 12:50:00,2023-10-19 13:31:00,13.8,303,Completed,
T4995,D156,R3858,Delhi,Saket,Vasant Kunj,2023-10-05 15:10:00,2023-10-05 15:12:00,2023-10-05 16:09:00,22.6,477,Completed,
T4996,D226,R3698,Bangalore,Koramangala,HSR Layout,2023-10-22 05:17:00,2023-10-22 05:25:00,2023-10-22 06:04:00,13.7,356,Completed,
T4997,D150,R1182,Mumbai,Juhu,Powai,2023-10-08 00:53:00,2023-10-08 01:00:00,2023-10-08 01:59:00,17.6,443,Completed,
T4998,D321,R3460,Mumbai,Juhu,Bandra,2023-10-08 04:18:00,2023-10-08 04:33:00,2023-10-08 05:11:00,12.3,239,Completed,
T4999,D298,R1223,Delhi,Saket,Dwarka,2023-10-23 05:07:00,2023-10-23 05:22:00,2023-10-23 06:13:00,15.4,305,Completed,
T5000,D107,R4034,Bangalore,HSR Layout,Indiranagar,2023-10-14 13:03:00,,,0.0,0.0,Cancelled,Driver Cancelled
T5001,D127,R2982,Delhi,Saket,Vasant Kunj,2023-10-14 20:53:00,2023-10-14 21:00:00,2023-10-14 21:34:00,12.7,315,Completed,
T5002,D320,R2633,Bangalore,HSR Layout,Koramangala,2023-10-23 02:31:00,2023-10-23 02:33:00,2023-10-23 02:42:00,3.2,113,Completed,
T5003,D239,R3351,Bangalore,Indiranagar,Jayanagar,2023-10-18 21:50:00,2023-10-18 22:03:00,2023-10-18 22:30:00,8.2,217,Completed,
T5004,D169,R3692,Bangalore,Indiranagar,Whitefield,2023-10-06 18:29:00,2023-10-06 18:35:00,2023-10-06 19:14:00,12.8,269,Completed,
T5005,D126,R4817,Delhi,Rohini,Dwarka,2023-10-05 05:30:00,2023-10-05 05:33:00,2023-10-05 06:50:00,23.5,588,Completed,
T5006,D143,R2465,Bangalore,Indiranagar,Whitefield,2023-10-08 09:32:00,2023-10-08 09:40:00,2023-10-08 09:58:00,5.9,197,Completed,
T5007,D300,R1095,Delhi,Connaught Place,Rohini,2023-10-21 13:10:00,2023-10-21 13:23:00,2023-10-21 14:21:00,14.9,345,Completed,
T5008,D159,R1309,Delhi,Vasant Kunj,Rohini,2023-10-21 09:35:00,2023-10-21 09:45:00,2023-10-21 10:50:00,23.2,405,Completed,
T5009,D331,R4257,Delhi,Saket,Vasant Kunj,2023-10-07 08:21:00,2023-10-07 08:31:00,2023-10-07 09:03:00,12.1,249,Completed,
T5010,D148,R4072,Bangalore,Koramangala,Jayanagar,2023-10-14 06:38:00,2023-10-14 06:49:00,2023-10-14 07:13:00,6.8,203,Completed,
T5011,D134,R1280,Mumbai,Juhu,Colaba,2023-10-01 19:52:00,2023-10-01 19:57:00,2023-10-01 20:49:00,13.7,335,Completed,
T5012,D256,R4986,Delhi,Dwarka,Vasant Kunj,2023-10-14 23:24:00,2023-10-14 23:37:00,2023-10-15 00:39:00,16.1,356,Completed,
T5013,D262,R3060,Bangalore,Indiranagar,Whitefield,2023-10-21 00:51:00,2023-10-21 00:59:00,2023-10-21 02:26:00,23.7,518,Completed,
T5014,D253,R3831,Delhi,Dwarka,Saket,2023-10-24 18:34:00,2023-10-24 18:36:00,2023-10-24 18:45:00,3.6,106,Completed,
T5015,D311,R4465,Mumbai,Bandra,Colaba,2023-10-10 12:03:00,2023-10-10 12:05:00,2023-10-10 13:20:00,21.1,519,Completed,
T5016,D170,R4907,Bangalore,HSR Layout,Whitefield,2023-10-16 01:56:00,2023-10-16 02:01:00,2023-10-16 02:59:00,19.2,384,Completed,
T5017,D321,R2424,Mumbai,Andheri,Bandra,2023-10-29 06:42:00,2023-10-29 06:54:00,2023-10-29 07:44:00,12.6,316,Completed,
T5018,D248,R3513,Mumbai,Andheri,Bandra,2023-10-13 03:00:00,2023-10-13 03:02:00,2023-10-13 04:01:00,15.3,372,Completed,
T5019,D313,R4646,Delhi,Connaught Place,Dwarka,2023-10-04 21:56:00,2023-10-04 22:09:00,2023-10-04 22:46:00,9.8,290,Completed,
T5020,D281,R4910,Delhi,Saket,Vasant Kunj,2023-10-18 15:38:00,2023-10-18 15:42:00,2023-10-18 16:04:00,8.4,199,Completed,
T5021,D187,R1941,Mumbai,Juhu,Bandra,2023-10-10 07:35:00,2023-10-10 07:46:00,2023-10-10 08:27:00,13.6,339,Completed,
T5022,D148,R2931,Bangalore,Indiranagar,Jayanagar,2023-10-07 17:03:00,2023-10-07 17:07:00,2023-10-07 17:27:00,6.8,160,Completed,
T5023,D199,R3389,Bangalore,HSR Layout,Jayanagar,2023-10-24 17:00:00,2023-10-24 17:07:00,2023-10-24 17:26:00,6.2,175,Completed,
T5024,D114,R4648,Bangalore,Indiranagar,HSR Layout,2023-10-14 21:36:00,2023-10-14 21:41:00,2023-10-14 22:00:00,5.8,159,Completed,
T5025,D148,R1862,Bangalore,Whitefield,Koramangala,2023-10-28 02:10:00,2023-10-28 02:13:00,2023-10-28 02:34:00,8.3,251,Completed,
T5026,D164,R1250,Bangalore,Koramangala,Whitefield,2023-10-09 09:17:00,2023-10-09 09:28:00,2023-10-09 10:09:00,13.6,336,Completed,
T5027,D224,R1170,Bangalore,Whitefield,HSR Layout,2023-10-14 04:55:00,2023-10-14 05:09:00,2023-10-14 05:33:00,8.4,180,Completed,
T5028,D303,R1061,Mumbai,Juhu,Bandra,2023-10-16 03:42:00,2023-10-16 03:45:00,2023-10-16 04:49:00,22.2,488,Completed,
T5029,D259,R1202,Delhi,Saket,Dwarka,2023-10-20 03:52:00,2023-10-20 03:59:00,2023-10-20 04:15:00,4.8,135,Completed,
T5030,D271,R1622,Bangalore,Whitefield,HSR Layout,2023-10-17 00:17:00,2023-10-17 00:25:00,2023-10-17 01:26:00,15.5,288,Completed,
T5031,D346,R4984,Mumbai,Bandra,Powai,2023-10-02 17:59:00,2023-10-02 18:12:00,2023-10-02 18:21:00,2.9,118,Completed,
T5032,D306,R1107,Mumbai,Andheri,Bandra,2023-10-09 15:30:00,2023-10-09 15:36:00,2023-10-09 17:07:00,24.2,607,Completed,
T5033,D133,R2268,Delhi,Saket,Rohini,2023-10-05 11:01:00,2023-10-05 11:11:00,2023-10-05 11:57:00,14.7,314,Completed,
T5034,D330,R1419,Delhi,Connaught Place,Vasant Kunj,2023-10-10 17:16:00,2023-10-10 17:30:00,2023-10-10 18:35:00,22.2,384,Completed,
T5035,D212,R3133,Bangalore,Indiranagar,HSR Layout,2023-10-01 01:54:00,2023-10-01 01:59:00,2023-10-01 02:08:00,3.6,128,Completed,
T5036,D330,R2924,Delhi,Vasant Kunj,Saket,2023-10-20 03:08:00,2023-10-20 03:17:00,2023-10-20 03:25:00,2.9,103,Completed,
T5037,D230,R1250,Bangalore,Whitefield,Jayanagar,2023-10-01 02:26:00,2023-10-01 02:37:00,2023-10-01 03:24:00,17.2,356,Completed,
T5038,D286,R3177,Mumbai,Bandra,Colaba,2023-10-11 18:40:00,2023-10-11 18:48:00,2023-10-11 20:03:00,19.3,383,Completed,
T5039,D208,R1661,Bangalore,Whitefield,Koramangala,2023-10-14 01:30:00,2023-10-14 01:36:00,2023-10-14 02:00:00,6.3,152,Completed,
T5040,D128,R4433,Delhi,Vasant Kunj,Dwarka,2023-10-25 03:14:00,2023-10-25 03:19:00,2023-10-25 04:05:00,14.9,408,Completed,
T5041,D336,R1490,Bangalore,Whitefield,HSR Layout,2023-10-19 19:05:00,2023-10-19 19:10:00,2023-10-19 19:35:00,7.1,178,Completed,
T5042,D143,R2025,Bangalore,Jayanagar,Koramangala,2023-10-21 16:35:00,2023-10-21 16:50:00,2023-10-21 18:18:00,22.9,620,Completed,
T5043,D315,R3961,Mumbai,Bandra,Juhu,2023-10-10 00:46:00,2023-10-10 00:57:00,2023-10-10 01:29:00,10.4,211,Completed,
T5044,D174,R3825,Bangalore,Whitefield,Jayanagar,2023-10-14 11:15:00,2023-10-14 11:20:00,2023-10-14 12:43:00,23.8,619,Completed,
T5045,D309,R1451,Mumbai,Juhu,Andheri,2023-10-18 18:27:00,2023-10-18 18:40:00,2023-10-18 19:06:00,9.2,188,Completed,
T5046,D303,R2031,Mumbai,Bandra,Powai,2023-10-17 04:03:00,2023-10-17 04:16:00,2023-10-17 05:05:00,19.4,450,Completed,
T5047,D316,R2380,Bangalore,Indiranagar,Koramangala,2023-10-26 02:34:00,2023-10-26 02:38:00,2023-10-26 03:10:00,12.7,359,Completed,
T5048,D165,R2532,Delhi,Connaught Place,Rohini,2023-10-17 12:48:00,2023-10-17 12:54:00,2023-10-17 13:45:00,15.8,367,Completed,
T5049,D186,R4700,Bangalore,HSR Layout,Whitefield,2023-10-27 20:28:00,2023-10-27 20:37:00,2023-10-27 21:16:00,10.5,303,Completed,
T5050,D123,R2145,Bangalore,HSR Layout,Jayanagar,2023-10-05 07:37:00,2023-10-05 07:39:00,2023-10-05 08:21:00,11.7,241,Completed,
T5051,D289,R2203,Bangalore,Indiranagar,Whitefield,2023-10-30 20:27:00,2023-10-30 20:31:00,2023-10-30 20:41:00,3.7,107,Completed,
T5052,D342,R3301,Delhi,Rohini,Connaught Place,2023-10-23 09:42:00,2023-10-23 09:56:00,2023-10-23 10:01:00,2.2,95,Completed,
T5053,D228,R2251,Delhi,Dwarka,Vasant Kunj,2023-10-17 06:42:00,2023-10-17 06:44:00,2023-10-17 07:35:00,18.5,368,Completed,
T5054,D277,R3228,Mumbai,Andheri,Bandra,2023-10-25 18:47:00,2023-10-25 18:55:00,2023-10-25 19:32:00,11.0,293,Completed,
T5055,D331,R1275,Delhi,Rohini,Connaught Place,2023-10-20 19:37:00,2023-10-20 19:43:00,2023-10-20 20:53:00,17.9,328,Completed,
T5056,D221,R3817,Bangalore,Indiranagar,HSR Layout,2023-10-12 23:31:00,2023-10-12 23:36:00,2023-10-12 23:57:00,6.0,200,Completed,
T5057,D138,R4444,Mumbai,Juhu,Bandra,2023-10-30 12:31:00,2023-10-30 12:37:00,2023-10-30 13:57:00,23.1,449,Completed,
T5058,D298,R1547,Delhi,Dwarka,Saket,2023-10-30 15:44:00,2023-10-30 15:52:00,2023-10-30 16:10:00,7.0,221,Completed,
T5059,D211,R4304,Mumbai,Juhu,Bandra,2023-10-29 06:01:00,2023-10-29 06:16:00,2023-10-29 07:18:00,18.2,339,Completed,
T5060,D250,R1943,Delhi,Vasant Kunj,Rohini,2023-10-19 02:41:00,2023-10-19 02:51:00,2023-10-19 03:30:00,11.7,310,Completed,
T5061,D200,R2569,Delhi,Saket,Vasant Kunj,2023-10-14 22:33:00,2023-10-14 22:45:00,2023-10-14 23:04:00,5.5,150,Completed,
T5062,D135,R2950,Mumbai,Andheri,Bandra,2023-10-06 20:53:00,2023-10-06 20:56:00,2023-10-06 21:07:00,3.3,100,Completed,
T5063,D164,R2688,Bangalore,Jayanagar,HSR Layout,2023-10-30 02:42:00,2023-10-30 02:47:00,2023-10-30 03:28:00,11.4,311,Completed,
T5064,D299,R1191,Delhi,Vasant Kunj,Connaught Place,2023-10-25 06:48:00,2023-10-25 07:01:00,2023-10-25 07:33:00,8.7,256,Completed,
T5065,D141,R4801,Mumbai,Bandra,Juhu,2023-10-10 12:54:00,2023-10-10 13:00:00,2023-10-10 13:56:00,21.9,446,Completed,
T5066,D148,R1909,Bangalore,Indiranagar,Whitefield,2023-10-27 22:50:00,2023-10-27 23:04:00,2023-10-28 00:25:00,21.5,562,Completed,
T5067,D315,R2422,Mumbai,Juhu,Bandra,2023-10-17 18:53:00,,,0.0,0.0,Cancelled,Other
T5068,D152,R1816,Bangalore,Koramangala,Indiranagar,2023-10-18 09:48:00,2023-10-18 09:53:00,2023-10-18 10:01:00,2.3,88,Completed,
T5069,D105,R4728,Bangalore,HSR Layout,Whitefield,2023-10-12 06:40:00,2023-10-12 06:54:00,2023-10-12 07:59:00,20.0,357,Completed,
T5070,D188,R1257,Mumbai,Juhu,Bandra,2023-10-25 13:29:00,2023-10-25 13:34:00,2023-10-25 14:30:00,17.8,384,Completed,
T5071,D173,R1133,Delhi,Connaught Place,Saket,2023-10-21 18:24:00,2023-10-21 18:27:00,2023-10-21 19:07:00,11.7,307,Completed,
T5072,D153,R2108,Mumbai,Juhu,Powai,2023-10-27 04:45:00,2023-10-27 04:47:00,2023-10-27 05:08:00,6.5,165,Completed,
T5073,D163,R4769,Mumbai,Colaba,Juhu,2023-10-20 07:30:00,2023-10-20 07:39:00,2023-10-20 07:56:00,4.5,139,Completed,
T5074,D162,R2981,Delhi,Dwarka,Saket,2023-10-20 21:13:00,2023-10-20 21:22:00,2023-10-20 22:03:00,16.5,358,Completed,
T5075,D123,R4389,Bangalore,HSR Layout,Jayanagar,2023-10-06 06:01:00,2023-10-06 06:11:00,2023-10-06 06:57:00,13.9,347,Completed,
T5076,D348,R2977,Bangalore,Jayanagar,Indiranagar,2023-10-26 02:14:00,2023-10-26 02:23:00,2023-10-26 03:38:00,23.1,621,Completed,
T5077,D345,R1177,Delhi,Dwarka,Saket,2023-10-27 18:45:00,2023-10-27 18:53:00,2023-10-27 19:09:00,5.5,133,Completed,
T5078,D109,R3269,Bangalore,Whitefield,Koramangala,2023-10-15 07:03:00,,,0.0,0.0,Cancelled,Other
T5079,D204,R4109,Bangalore,Jayanagar,Indiranagar,2023-10-28 08:09:00,2023-10-28 08:22:00,2023-10-28 09:03:00,13.1,250,Completed,
T5080,D187,R4725,Mumbai,Bandra,Colaba,2023-10-27 00:00:00,2023-10-27 00:03:00,2023-10-27 00:33:00,9.2,256,Completed,
T5081,D225,R2877,Mumbai,Colaba,Powai,2023-10-22 08:30:00,2023-10-22 08:32:00,2023-10-22 09:35:00,18.0,456,Completed,
T5082,D303,R2040,Mumbai,Colaba,Powai,2023-10-30 16:35:00,2023-10-30 16:37:00,2023-10-30 16:46:00,2.9,106,Completed,
T5083,D139,R3655,Bangalore,Indiranagar,Whitefield,2023-10-25 12:03:00,,,0.0,0.0,Cancelled,Driver Cancelled
T5084,D186,R1366,Bangalore,HSR Layout,Indiranagar,2023-10-12 11:38:00,2023-10-12 11:47:00,2023-10-12 12:17:00,10.6,234,Completed,
T5085,D283,R2834,Mumbai,Colaba,Bandra,2023-10-23 18:22:00,2023-10-23 18:29:00,2023-10-23 19:16:00,13.1,315,Completed,
T5086,D253,R1413,Delhi,Saket,Vasant Kunj,2023-10-16 13:18:00,2023-10-16 13:29:00,2023-10-16 14:25:00,16.9,347,Completed,
T5087,D260,R3418,Bangalore,Koramangala,Indiranagar,2023-10-14 06:04:00,2023-10-14 06:17:00,2023-10-14 06:52:00,10.2,248,Completed,
T5088,D192,R2878,Bangalore,Whitefield,Jayanagar,2023-10-21 10:06:00,2023-10-21 10:14:00,2023-10-21 10:57:00,14.2,332,Completed,
T5089,D240,R4515,Bangalore,Koramangala,Jayanagar,2023-10-04 19:56:00,2023-10-04 20:07:00,2023-10-04 21:37:00,23.7,548,Completed,
T5090,D342,R1245,Delhi,Vasant Kunj,Connaught Place,2023-10-23 22:04:00,2023-10-23 22:13:00,2023-10-23 23:23:00,21.3,384,Completed,
T5091,D348,R4292,Bangalore,Jayanagar,Whitefield,2023-10-03 11:09:00,2023-10-03 11:22:00,2023-10-03 12:07:00,17.6,429,Completed,
T5092,D213,R4499,Bangalore,Indiranagar,Jayanagar,2023-10-23 20:41:00,2023-10-23 20:45:00,2023-10-23 21:16:00,9.7,235,Completed,
T5093,D106,R3532,Mumbai,Andheri,Colaba,2023-10-03 13:46:00,2023-10-03 13:50:00,2023-10-03 13:59:00,2.5,103,Completed,
T5094,D191,R2104,Bangalore,Koramangala,HSR Layout,2023-10-11 01:54:00,2023-10-11 02:00:00,2023-10-11 03:15:00,22.8,533,Completed,
T5095,D295,R1807,Bangalore,Jayanagar,Whitefield,2023-10-03 08:38:00,2023-10-03 08:42:00,2023-10-03 10:12:00,22.7,617,Completed,
T5096,D152,R2140,Bangalore,Whitefield,Koramangala,2023-10-26 02:21:00,2023-10-26 02:29:00,2023-10-26 02:36:00,2.2,102,Completed,
T5097,D234,R2331,Mumbai,Bandra,Andheri,2023-10-26 13:19:00,2023-10-26 13:28:00,2023-10-26 14:22:00,18.1,371,Completed,
T5098,D190,R3039,Bangalore,Koramangala,HSR Layout,2023-10-04 09:13:00,2023-10-04 09:20:00,2023-10-04 10:04:00,11.7,290,Completed,
T5099,D164,R1189,Bangalore,Jayanagar,Koramangala,2023-10-29 08:30:00,2023-10-29 08:40:00,2023-10-29 09:11:00,12.0,344,Completed,
T5100,D268,R3089,Delhi,Dwarka,Connaught Place,2023-10-12 20:40:00,2023-10-12 20:48:00,2023-10-12 21:44:00,15.2,420,Completed,
T5101,D232,R3873,Bangalore,HSR Layout,Koramangala,2023-10-14 20:10:00,2023-10-14 20:24:00,2023-10-14 21:42:00,19.9,540,Completed,
T5102,D107,R1554,Bangalore,Jayanagar,Indiranagar,2023-10-09 11:32:00,,,0.0,0.0,Cancelled,Driver Not Found
T5103,D192,R1079,Bangalore,Jayanagar,Indiranagar,2023-10-01 17:50:00,2023-10-01 18:05:00,2023-10-01 18:30:00,9.4,191,Completed,
T5104,D104,R4740,Delhi,Dwarka,Vasant Kunj,2023-10-06 17:32:00,2023-10-06 17:37:00,2023-10-06 18:41:00,20.8,490,Completed,
T5105,D229,R4655,Mumbai,Powai,Andheri,2023-10-21 07:25:00,2023-10-21 07:27:00,2023-10-21 08:33:00,17.7,412,Completed,
T5106,D208,R3894,Bangalore,Jayanagar,Indiranagar,2023-10-10 16:54:00,2023-10-10 16:57:00,2023-10-10 17:12:00,4.8,134,Completed,
T5107,D122,R1369,Mumbai,Colaba,Andheri,2023-10-20 09:02:00,2023-10-20 09:04:00,2023-10-20 09:20:00,6.4,186,Completed,
T5108,D276,R3967,Bangalore,Jayanagar,Whitefield,2023-10-24 04:23:00,2023-10-24 04:28:00,2023-10-24 04:39:00,3.0,119,Completed,
T5109,D258,R4408,Mumbai,Colaba,Powai,2023-10-27 13:10:00,2023-10-27 13:24:00,2023-10-27 13:41:00,4.4,119,Completed,
T5110,D320,R1258,Bangalore,Whitefield,Koramangala,2023-10-19 17:29:00,2023-10-19 17:37:00,2023-10-19 18:20:00,12.4,246,Completed,
T5111,D211,R4734,Mumbai,Colaba,Juhu,2023-10-15 14:30:00,2023-10-15 14:34:00,2023-10-15 15:36:00,18.9,476,Completed,
T5112,D231,R3834,Bangalore,Jayanagar,Whitefield,2023-10-17 17:47:00,2023-10-17 17:53:00,2023-10-17 18:51:00,21.5,481,Completed,
T5113,D134,R4927,Mumbai,Colaba,Powai,2023-10-06 12:34:00,2023-10-06 12:47:00,2023-10-06 13:09:00,8.2,254,Completed,
T5114,D302,R2967,Bangalore,HSR Layout,Whitefield,2023-10-08 07:21:00,2023-10-08 07:27:00,2023-10-08 07:48:00,5.9,159,Completed,
T5115,D279,R3538,Mumbai,Powai,Andheri,2023-10-14 17:48:00,2023-10-14 17:56:00,2023-10-14 18:26:00,8.8,215,Completed,
T5116,D109,R3797,Bangalore,Indiranagar,Jayanagar,2023-10-22 21:17:00,2023-10-22 21:29:00,2023-10-22 22:18:00,12.4,331,Completed,
T5117,D306,R1888,Mumbai,Juhu,Bandra,2023-10-09 05:46:00,2023-10-09 06:01:00,2023-10-09 06:30:00,7.9,220,Completed,
T5118,D314,R3590,Mumbai,Andheri,Powai,2023-10-30 17:16:00,2023-10-30 17:23:00,2023-10-30 18:16:00,16.4,431,Completed,
T5119,D289,R1473,Bangalore,HSR Layout,Whitefield,2023-10-23 04:17:00,,,0.0,0.0,Cancelled,Driver Cancelled
T5120,D240,R4379,Bangalore,Whitefield,Indiranagar,2023-10-29 19:57:00,2023-10-29 20:02:00,2023-10-29 21:04:00,18.7,428,Completed,
T5121,D214,R3238,Delhi,Dwarka,Vasant Kunj,2023-10-08 12:17:00,2023-10-08 12:28:00,2023-10-08 12:41:00,5.3,138,Completed,
T5122,D137,R1634,Mumbai,Powai,Bandra,2023-10-04 23:33:00,,,0.0,0.0,Cancelled,Driver Cancelled
T5123,D349,R1188,Delhi,Saket,Connaught Place,2023-10-02 07:19:00,,,0.0,0.0,Cancelled,Driver Not Found
T5124,D172,R1073,Delhi,Saket,Dwarka,2023-10-11 12:55:00,2023-10-11 13:01:00,2023-10-11 13:32:00,9.7,229,Completed,
T5125,D184,R2589,Bangalore,Indiranagar,Jayanagar,2023-10-06 00:59:00,2023-10-06 01:06:00,2023-10-06 02:14:00,19.8,475,Completed,
T5126,D254,R1100,Bangalore,Jayanagar,Indiranagar,2023-10-10 09:53:00,2023-10-10 10:06:00,2023-10-10 10:14:00,2.3,100,Completed,
T5127,D314,R2218,Mumbai,Colaba,Powai,2023-10-03 11:17:00,2023-10-03 11:29:00,2023-10-03 12:03:00,11.1,218,Completed,
T5128,D308,R1801,Mumbai,Colaba,Juhu,2023-10-06 12:08:00,2023-10-06 12:18:00,2023-10-06 12:34:00,5.2,174,Completed,
T5129,D164,R2161,Bangalore,Koramangala,Whitefield,2023-10-19 08:04:00,2023-10-19 08:13:00,2023-10-19 09:09:00,19.5,419,Completed,
T5130,D231,R2832,Bangalore,Jayanagar,Whitefield,2023-10-21 21:07:00,2023-10-21 21:13:00,2023-10-21 22:45:00,24.6,474,Completed,
T5131,D262,R1543,Bangalore,Indiranagar,Jayanagar,2023-10-09 18:46:00,2023-10-09 18:53:00,2023-10-09 19:10:00,6.6,194,Completed,
T5132,D286,R4245,Mumbai,Colaba,Bandra,2023-10-09 06:30:00,2023-10-09 06:38:00,2023-10-09 07:03:00,7.3,164,Completed,
T5133,D225,R3071,Mumbai,Andheri,Juhu,2023-10-10 09:47:00,2023-10-10 09:49:00,2023-10-10 10:29:00,12.8,245,Completed,
T5134,D329,R2434,Bangalore,Koramangala,Jayanagar,2023-10-07 14:07:00,2023-10-07 14:16:00,2023-10-07 14:30:00,5.1,172,Completed,
T5135,D148,R3140,Bangalore,Whitefield,Jayanagar,2023-10-12 22:10:00,2023-10-12 22:18:00,2023-10-12 22:56:00,14.7,273,Completed,
T5136,D303,R4095,Mumbai,Andheri,Colaba,2023-10-01 06:27:00,2023-10-01 06:40:00,2023-10-01 07:35:00,17.4,416,Completed,
T5137,D242,R3315,Delhi,Connaught Place,Saket,2023-10-16 12:03:00,2023-10-16 12:10:00,2023-10-16 13:07:00,19.0,419,Completed,
T5138,D118,R2296,Delhi,Vasant Kunj,Connaught Place,2023-10-11 09:59:00,2023-10-11 10:14:00,2023-10-11 10:59:00,15.3,382,Completed,
T5139,D299,R2082,Delhi,Rohini,Vasant Kunj,2023-10-27 10:25:00,2023-10-27 10:27:00,2023-10-27 11:27:00,18.6,439,Completed,
T5140,D338,R4145,Mumbai,Colaba,Andheri,2023-10-04 10:33:00,2023-10-04 10:38:00,2023-10-04 11:24:00,14.6,376,Completed,
T5141,D145,R1807,Bangalore,Koramangala,Indiranagar,2023-10-18 12:48:00,,,0.0,0.0,Cancelled,Driver Not Found
T5142,D224,R1537,Bangalore,Indiranagar,Koramangala,2023-10-23 06:28:00,2023-10-23 06:31:00,2023-10-23 07:10:00,13.6,295,Completed,
T5143,D171,R1544,Delhi,Vasant Kunj,Rohini,2023-10-09 18:30:00,2023-10-09 18:41:00,2023-10-09 19:05:00,8.2,178,Completed,
T5144,D143,R2421,Bangalore,Whitefield,Koramangala,2023-10-14 23:51:00,2023-10-14 23:54:00,2023-10-15 01:18:00,21.4,440,Completed,
T5145,D315,R2010,Mumbai,Juhu,Bandra,2023-10-20 22:38:00,2023-10-20 22:51:00,2023-10-20 23:50:00,16.6,306,Completed,
T5146,D292,R4415,Bangalore,Koramangala,Jayanagar,2023-10-03 15:17:00,2023-10-03 15:23:00,2023-10-03 16:37:00,19.6,364,Completed,
T5147,D101,R2187,Mumbai,Powai,Colaba,2023-10-18 23:39:00,2023-10-18 23:50:00,2023-10-19 00:33:00,13.6,315,Completed,
T5148,D312,R2551,Delhi,Dwarka,Connaught Place,2023-10-18 00:31:00,2023-10-18 00:43:00,2023-10-18 01:59:00,24.2,494,Completed,
T5149,D157,R2252,Mumbai,Bandra,Powai,2023-10-26 04:51:00,2023-10-26 05:04:00,2023-10-26 05:50:00,15.4,299,Completed,
T5150,D116,R4435,Mumbai,Colaba,Bandra,2023-10-13 07:42:00,2023-10-13 07:51:00,2023-10-13 08:21:00,10.3,262,Completed,
T5151,D230,R4182,Bangalore,Koramangala,HSR Layout,2023-10-05 17:27:00,2023-10-05 17:38:00,2023-10-05 18:05:00,8.2,189,Completed,
T5152,D254,R1023,Bangalore,HSR Layout,Whitefield,2023-10-23 13:33:00,2023-10-23 13:43:00,2023-10-23 14:34:00,17.0,320,Completed,
T5153,D327,R4635,Mumbai,Bandra,Colaba,2023-10-11 18:13:00,2023-10-11 18:16:00,2023-10-11 18:54:00,10.7,294,Completed,
T5154,D243,R3628,Bangalore,Jayanagar,HSR Layout,2023-10-18 08:13:00,2023-10-18 08:21:00,2023-10-18 08:56:00,12.9,357,Completed,
T5155,D110,R3047,Mumbai,Colaba,Bandra,2023-10-26 13:56:00,,,0.0,0.0,Cancelled,Driver Not Found
T5156,D174,R1944,Bangalore,HSR Layout,Indiranagar,2023-10-09 03:51:00,,,0.0,0.0,Cancelled,Driver Not Found
T5157,D335,R2013,Delhi,Rohini,Connaught Place,2023-10-30 00:35:00,2023-10-30 00:48:00,2023-10-30 01:11:00,7.2,188,Completed,
T5158,D296,R3814,Mumbai,Andheri,Powai,2023-10-05 05:01:00,2023-10-05 05:12:00,2023-10-05 06:18:00,19.8,467,Completed,
T5159,D162,R3123,Delhi,Rohini,Vasant Kunj,2023-10-12 14:12:00,2023-10-12 14:26:00,2023-10-12 15:20:00,16.0,449,Completed,
T5160,D276,R1413,Bangalore,Jayanagar,HSR Layout,2023-10-18 09:38:00,2023-10-18 09:50:00,2023-10-18 11:01:00,20.5,359,Completed,
T5161,D281,R4214,Delhi,Dwarka,Rohini,2023-10-30 04:58:00,2023-10-30 05:13:00,2023-10-30 05:51:00,10.3,219,Completed,
T5162,D149,R4731,Bangalore,HSR Layout,Indiranagar,2023-10-03 08:57:00,2023-10-03 09:00:00,2023-10-03 09:50:00,18.7,358,Completed,
T5163,D245,R2124,Delhi,Connaught Place,Dwarka,2023-10-06 19:57:00,2023-10-06 20:03:00,2023-10-06 21:10:00,21.5,382,Completed,
T5164,D230,R1738,Bangalore,HSR Layout,Koramangala,2023-10-23 08:38:00,2023-10-23 08:46:00,2023-10-23 09:38:00,15.4,317,Completed,
T5165,D109,R4377,Bangalore,Koramangala,Indiranagar,2023-10-17 23:27:00,2023-10-17 23:36:00,2023-10-17 23:52:00,5.0,141,Completed,
T5166,D342,R4500,Delhi,Dwarka,Saket,2023-10-20 13:54:00,2023-10-20 14:06:00,2023-10-20 15:11:00,23.9,423,Completed,
T5167,D310,R3106,Bangalore,Koramangala,Whitefield,2023-10-15 00:04:00,2023-10-15 00:11:00,2023-10-15 00:54:00,12.1,246,Completed,
T5168,D230,R3415,Bangalore,Koramangala,Indiranagar,2023-10-05 15:38:00,2023-10-05 15:45:00,2023-10-05 16:01:00,4.2,146,Completed,
T5169,D341,R4527,Bangalore,Indiranagar,Jayanagar,2023-10-30 03:36:00,2023-10-30 03:43:00,2023-10-30 04:38:00,18.9,449,Completed,
T5170,D318,R3396,Bangalore,Jayanagar,Whitefield,2023-10-03 15:42:00,,,0.0,0.0,Cancelled,Payment Issue
T5171,D172,R1032,Delhi,Rohini,Saket,2023-10-25 07:56:00,2023-10-25 08:11:00,2023-10-25 08:44:00,10.3,262,Completed,
T5172,D249,R3894,Delhi,Dwarka,Saket,2023-10-09 08:43:00,2023-10-09 08:51:00,2023-10-09 08:59:00,2.2,84,Completed,
T5173,D269,R3865,Delhi,Connaught Place,Dwarka,2023-10-30 17:00:00,,,0.0,0.0,Cancelled,Driver Cancelled
T5174,D157,R3356,Mumbai,Bandra,Powai,2023-10-18 21:05:00,2023-10-18 21:19:00,2023-10-18 22:21:00,17.2,386,Completed,
T5175,D295,R1972,Bangalore,Jayanagar,HSR Layout,2023-10-21 01:35:00,2023-10-21 01:42:00,2023-10-21 02:04:00,8.0,181,Completed,
T5176,D310,R2439,Bangalore,HSR Layout,Jayanagar,2023-10-14 08:34:00,2023-10-14 08:43:00,2023-10-14 09:02:00,6.4,153,Completed,
T5177,D142,R1461,Mumbai,Andheri,Juhu,2023-10-21 05:23:00,2023-10-21 05:29:00,2023-10-21 05:47:00,6.5,209,Completed,
T5178,D296,R2145,Mumbai,Powai,Colaba,2023-10-25 08:31:00,,,0.0,0.0,Cancelled,Driver Cancelled
T5179,D247,R4975,Bangalore,Koramangala,Jayanagar,2023-10-08 04:36:00,2023-10-08 04:45:00,2023-10-08 05:10:00,9.3,264,Completed,
T5180,D285,R3335,Delhi,Connaught Place,Rohini,2023-10-03 10:35:00,2023-10-03 10:43:00,2023-10-03 11:03:00,6.2,195,Completed,
T5181,D224,R2444,Bangalore,Indiranagar,Whitefield,2023-10-27 00:29:00,2023-10-27 00:39:00,2023-10-27 01:06:00,8.3,246,Completed,
T5182,D250,R1380,Delhi,Dwarka,Vasant Kunj,2023-10-03 14:43:00,2023-10-03 14:50:00,2023-10-03 15:23:00,11.7,246,Completed,
T5183,D314,R3400,Mumbai,Andheri,Juhu,2023-10-16 04:22:00,,,0.0,0.0,Cancelled,Other
T5184,D293,R1001,Bangalore,Jayanagar,Whitefield,2023-10-05 14:38:00,2023-10-05 14:44:00,2023-10-05 15:09:00,9.0,267,Completed,
T5185,D186,R2782,Bangalore,HSR Layout,Koramangala,2023-10-24 12:49:00,,,0.0,0.0,Cancelled,Driver Cancelled
T5186,D284,R3261,Mumbai,Colaba,Bandra,2023-10-27 14:19:00,,,0.0,0.0,Cancelled,Rider Cancelled
T5187,D179,R3926,Delhi,Connaught Place,Saket,2023-10-05 07:10:00,2023-10-05 07:21:00,2023-10-05 07:35:00,4.8,141,Completed,
T5188,D261,R3933,Mumbai,Colaba,Andheri,2023-10-07 20:59:00,2023-10-07 21:10:00,2023-10-07 22:02:00,13.7,276,Completed,
T5189,D300,R1797,Delhi,Vasant Kunj,Rohini,2023-10-17 20:32:00,2023-10-17 20:40:00,2023-10-17 21:56:00,23.6,410,Completed,
T5190,D269,R2431,Delhi,Rohini,Vasant Kunj,2023-10-23 23:01:00,2023-10-23 23:10:00,2023-10-23 23:38:00,7.3,165,Completed,
T5191,D184,R3005,Bangalore,Jayanagar,Indiranagar,2023-10-01 11:00:00,2023-10-01 11:05:00,2023-10-01 11:22:00,6.8,211,Completed,
T5192,D255,R3922,Mumbai,Colaba,Juhu,2023-10-03 08:08:00,2023-10-03 08:13:00,2023-10-03 09:20:00,20.0,518,Completed,
T5193,D305,R4199,Bangalore,Jayanagar,Whitefield,2023-10-16 20:57:00,2023-10-16 21:00:00,2023-10-16 22:00:00,19.0,365,Completed,
T5194,D324,R3668,Mumbai,Andheri,Powai,2023-10-24 15:12:00,2023-10-24 15:14:00,2023-10-24 15:57:00,14.8,340,Completed,
T5195,D318,R3272,Bangalore,Jayanagar,Whitefield,2023-10-06 01:35:00,2023-10-06 01:38:00,2023-10-06 02:05:00,10.6,216,Completed,
T5196,D222,R2684,Bangalore,Jayanagar,HSR Layout,2023-10-30 06:09:00,2023-10-30 06:13:00,2023-10-30 06:59:00,12.5,271,Completed,
T5197,D331,R2844,Delhi,Dwarka,Vasant Kunj,2023-10-10 07:26:00,2023-10-10 07:31:00,2023-10-10 07:46:00,4.9,161,Completed,
T5198,D213,R3146,Bangalore,Whitefield,Jayanagar,2023-10-06 18:48:00,2023-10-06 19:01:00,2023-10-06 20:22:00,24.3,506,Completed,
T5199,D119,R3822,Delhi,Rohini,Saket,2023-10-02 23:37:00,2023-10-02 23:47:00,2023-10-03 00:07:00,5.9,176,Completed,
T5200,D189,R1394,Mumbai,Bandra,Andheri,2023-10-28 16:15:00,2023-10-28 16:17:00,2023-10-28 16:45:00,8.4,185,Completed,
T5201,D312,R4645,Delhi,Connaught Place,Saket,2023-10-12 08:24:00,2023-10-12 08:35:00,2023-10-12 09:04:00,11.4,291,Completed,
T5202,D308,R2498,Mumbai,Bandra,Andheri,2023-10-24 06:56:00,2023-10-24 07:03:00,2023-10-24 07:44:00,13.4,340,Completed,
T5203,D209,R1574,Bangalore,HSR Layout,Jayanagar,2023-10-25 23:12:00,2023-10-25 23:16:00,2023-10-26 00:24:00,19.1,512,Completed,
T5204,D255,R1226,Mumbai,Powai,Colaba,2023-10-20 22:15:00,2023-10-20 22:18:00,2023-10-20 23:43:00,24.8,484,Completed,
T5205,D301,R1850,Bangalore,Whitefield,Koramangala,2023-10-03 15:56:00,2023-10-03 16:02:00,2023-10-03 17:22:00,21.1,549,Completed,
T5206,D222,R3805,Bangalore,Koramangala,Jayanagar,2023-10-13 10:24:00,,,0.0,0.0,Cancelled,Driver Not Found
T5207,D285,R2377,Delhi,Vasant Kunj,Saket,2023-10-19 07:27:00,2023-10-19 07:37:00,2023-10-19 08:09:00,8.1,209,Completed,
T5208,D276,R2867,Bangalore,Whitefield,Indiranagar,2023-10-28 22:49:00,2023-10-28 23:04:00,2023-10-28 23:44:00,13.1,351,Completed,
T5209,D299,R1998,Delhi,Connaught Place,Saket,2023-10-09 09:03:00,2023-10-09 09:14:00,2023-10-09 09:33:00,5.9,156,Completed,
T5210,D181,R1648,Bangalore,Indiranagar,HSR Layout,2023-10-10 14:45:00,2023-10-10 14:59:00,2023-10-10 16:31:00,24.1,497,Completed,
T5211,D232,R2692,Bangalore,Koramangala,HSR Layout,2023-10-02 05:10:00,2023-10-02 05:15:00,2023-10-02 05:52:00,9.4,262,Completed,
T5212,D137,R4345,Mumbai,Bandra,Colaba,2023-10-27 20:59:00,2023-10-27 21:09:00,2023-10-27 21:45:00,12.0,284,Completed,
T5213,D185,R3001,Delhi,Connaught Place,Rohini,2023-10-30 20:58:00,2023-10-30 21:05:00,2023-10-30 22:11:00,20.4,542,Completed,
T5214,D123,R2667,Bangalore,Jayanagar,Koramangala,2023-10-05 18:36:00,2023-10-05 18:42:00,2023-10-05 19:41:00,18.8,433,Completed,
T5215,D195,R1508,Bangalore,Whitefield,Indiranagar,2023-10-03 23:48:00,2023-10-04 00:00:00,2023-10-04 00:49:00,16.0,355,Completed,
T5216,D137,R3169,Mumbai,Colaba,Juhu,2023-10-30 23:19:00,2023-10-30 23:32:00,2023-10-31 00:21:00,15.4,354,Completed,
T5217,D315,R3926,Mumbai,Powai,Bandra,2023-10-06 14:48:00,2023-10-06 14:57:00,2023-10-06 15:07:00,3.0,113,Completed,
T5218,D314,R1000,Mumbai,Juhu,Powai,2023-10-01 04:59:00,2023-10-01 05:08:00,2023-10-01 06:32:00,22.3,443,Completed,
T5219,D303,R1075,Mumbai,Powai,Juhu,2023-10-04 05:50:00,2023-10-04 06:00:00,2023-10-04 06:40:00,11.3,258,Completed,
T5220,D154,R1520,Mumbai,Powai,Colaba,2023-10-28 17:28:00,2023-10-28 17:35:00,2023-10-28 18:23:00,16.2,325,Completed,
T5221,D147,R2658,Delhi,Saket,Rohini,2023-10-18 11:39:00,2023-10-18 11:41:00,2023-10-18 12:12:00,12.4,346,Completed,
T5222,D225,R4858,Mumbai,Bandra,Colaba,2023-10-24 03:18:00,2023-10-24 03:31:00,2023-10-24 04:36:00,20.3,466,Completed,
T5223,D248,R3187,Mumbai,Andheri,Bandra,2023-10-03 03:04:00,2023-10-03 03:14:00,2023-10-03 04:20:00,19.8,380,Completed,
T5224,D260,R4272,Bangalore,Koramangala,Jayanagar,2023-10-23 22:51:00,2023-10-23 22:58:00,2023-10-24 00:07:00,21.9,561,Completed,
T5225,D278,R2908,Bangalore,Whitefield,Jayanagar,2023-10-27 14:00:00,2023-10-27 14:03:00,2023-10-27 15:15:00,22.3,565,Completed,
T5226,D259,R3189,Delhi,Dwarka,Connaught Place,2023-10-11 07:28:00,2023-10-11 07:33:00,2023-10-11 07:45:00,3.6,135,Completed,
T5227,D327,R2489,Mumbai,Colaba,Bandra,2023-10-09 18:32:00,2023-10-09 18:47:00,2023-10-09 19:50:00,16.7,311,Completed,
T5228,D213,R2617,Bangalore,Jayanagar,Indiranagar,2023-10-26 10:16:00,2023-10-26 10:27:00,2023-10-26 10:46:00,5.0,172,Completed,
T5229,D306,R1897,Mumbai,Andheri,Powai,2023-10-23 07:34:00,2023-10-23 07:42:00,2023-10-23 08:55:00,22.5,548,Completed,
T5230,D298,R2269,Delhi,Vasant Kunj,Saket,2023-10-24 15:10:00,2023-10-24 15:15:00,2023-10-24 15:29:00,4.8,156,Completed,
T5231,D143,R1088,Bangalore,Jayanagar,Koramangala,2023-10-15 21:06:00,2023-10-15 21:19:00,2023-10-15 21:41:00,6.2,163,Completed,
T5232,D284,R3163,Mumbai,Andheri,Bandra,2023-10-11 04:47:00,,,0.0,0.0,Cancelled,Rider Cancelled
T5233,D285,R3557,Delhi,Rohini,Connaught Place,2023-10-01 18:39:00,2023-10-01 18:52:00,2023-10-01 20:03:00,20.1,488,Completed,
T5234,D131,R2446,Mumbai,Bandra,Juhu,2023-10-20 08:42:00,,,0.0,0.0,Cancelled,Driver Not Found
T5235,D247,R1777,Bangalore,Koramangala,HSR Layout,2023-10-09 18:26:00,2023-10-09 18:37:00,2023-10-09 19:32:00,19.5,391,Completed,
T5236,D184,R2773,Bangalore,Indiranagar,Whitefield,2023-10-20 01:31:00,,,0.0,0.0,Cancelled,Rider Cancelled
T5237,D138,R1292,Mumbai,Colaba,Powai,2023-10-16 19:54:00,2023-10-16 19:56:00,2023-10-16 20:30:00,12.6,331,Completed,
T5238,D291,R2707,Delhi,Vasant Kunj,Saket,2023-10-27 16:21:00,2023-10-27 16:36:00,2023-10-27 16:57:00,6.7,197,Completed,
T5239,D250,R1618,Delhi,Connaught Place,Dwarka,2023-10-09 19:17:00,2023-10-09 19:27:00,2023-10-09 20:01:00,10.0,280,Completed,
T5240,D255,R3670,Mumbai,Colaba,Powai,2023-10-25 13:19:00,2023-10-25 13:31:00,2023-10-25 14:51:00,20.9,370,Completed,
T5241,D292,R4062,Bangalore,HSR Layout,Indiranagar,2023-10-06 06:29:00,2023-10-06 06:38:00,2023-10-06 06:47:00,2.5,108,Completed,
T5242,D210,R2518,Mumbai,Colaba,Andheri,2023-10-23 14:07:00,2023-10-23 14:09:00,2023-10-23 14:26:00,5.3,172,Completed,
T5243,D174,R1865,Bangalore,Whitefield,Koramangala,2023-10-24 00:57:00,2023-10-24 01:09:00,2023-10-24 01:56:00,17.6,395,Completed,
T5244,D279,R4020,Mumbai,Bandra,Juhu,2023-10-13 17:03:00,2023-10-13 17:10:00,2023-10-13 18:17:00,17.2,475,Completed,
T5245,D115,R4658,Delhi,Saket,Connaught Place,2023-10-06 14:48:00,2023-10-06 14:50:00,2023-10-06 15:41:00,19.8,358,Completed,
T5246,D337,R1373,Mumbai,Colaba,Andheri,2023-10-29 20:37:00,2023-10-29 20:52:00,2023-10-29 21:48:00,14.3,321,Completed,
T5247,D227,R4365,Mumbai,Andheri,Bandra,2023-10-02 14:43:00,2023-10-02 14:49:00,2023-10-02 15:16:00,9.4,279,Completed,
T5248,D101,R3520,Mumbai,Colaba,Powai,2023-10-22 05:42:00,2023-10-22 05:51:00,2023-10-22 06:17:00,7.0,156,Completed,
T5249,D282,R3210,Mumbai,Powai,Juhu,2023-10-07 08:55:00,,,0.0,0.0,Cancelled,Payment Issue
T5250,D272,R3096,Mumbai,Bandra,Andheri,2023-10-17 01:04:00,,2023-10-17 02:04:00,22.5,549,Completed,
T5251,D337,R4529,Mumbai,Andheri,Juhu,2023-10-04 15:50:00,2023-10-04 16:04:00,2023-10-04 16:49:00,14.3,276,Completed,
T5252,D306,R1826,Mumbai,Bandra,Colaba,2023-10-25 14:25:00,2023-10-25 14:31:00,2023-10-25 15:01:00,11.5,292,Completed,
T5253,D271,R3318,Bangalore,Indiranagar,HSR Layout,2023-10-16 03:31:00,2023-10-16 03:39:00,2023-10-16 04:05:00,7.9,173,Completed,
T5254,D227,R2398,Mumbai,Colaba,Powai,2023-10-04 13:23:00,2023-10-04 13:36:00,2023-10-04 14:09:00,9.1,202,Completed,
T5255,D239,R3027,Bangalore,Indiranagar,HSR Layout,2023-10-10 13:25:00,2023-10-10 13:29:00,2023-10-10 14:24:00,20.3,474,Completed,
T5256,D277,R4812,Mumbai,Colaba,Powai,2023-10-27 09:44:00,2023-10-27 09:54:00,2023-10-27 10:36:00,10.8,312,Completed,
T5257,D106,R4714,Mumbai,Andheri,Colaba,2023-10-29 08:26:00,,,0.0,0.0,Cancelled,Rider Cancelled
T5258,D288,R2495,Mumbai,Andheri,Juhu,2023-10-26 00:07:00,2023-10-26 00:14:00,2023-10-26 00:42:00,8.3,227,Completed,
T5259,D273,R4268,Mumbai,Andheri,Bandra,2023-10-10 05:31:00,2023-10-10 05:45:00,2023-10-10 06:23:00,13.1,322,Completed,
T5260,D232,R4011,Bangalore,HSR Layout,Jayanagar,2023-10-23 00:03:00,,,0.0,0.0,Cancelled,Other
T5261,D121,R3323,Mumbai,Powai,Juhu,2023-10-06 15:41:00,2023-10-06 15:51:00,2023-10-06 16:47:00,19.1,420,Completed,
T5262,D152,R1749,Bangalore,Koramangala,Jayanagar,2023-10-12 04:33:00,2023-10-12 04:37:00,2023-10-12 05:16:00,10.1,261,Completed,
T5263,D130,R3581,Bangalore,Whitefield,Koramangala,2023-10-05 13:03:00,2023-10-05 13:07:00,2023-10-05 14:15:00,21.3,424,Completed,
T5264,D313,R4622,Delhi,Saket,Dwarka,2023-10-07 13:57:00,2023-10-07 14:06:00,2023-10-07 14:37:00,11.9,252,Completed,
T5265,D155,R2235,Delhi,Saket,Vasant Kunj,2023-10-30 21:49:00,,,0.0,0.0,Cancelled,Other
T5266,D345,R2592,Delhi,Rohini,Dwarka,2023-10-24 15:05:00,,,0.0,0.0,Cancelled,Rider Cancelled
T5267,D333,R1592,Mumbai,Bandra,Colaba,2023-10-16 08:35:00,2023-10-16 08:46:00,2023-10-16 09:32:00,13.2,314,Completed,
T5268,D325,R1724,Bangalore,HSR Layout,Indiranagar,2023-10-29 19:57:00,2023-10-29 20:09:00,2023-10-29 20:39:00,9.3,204,Completed,
T5269,D307,R3161,Mumbai,Andheri,Bandra,2023-10-09 13:41:00,2023-10-09 13:43:00,2023-10-09 14:35:00,19.9,431,Completed,
T5270,D220,R4115,Mumbai,Colaba,Juhu,2023-10-19 17:33:00,,,0.0,0.0,Cancelled,Driver Not Found
T5271,D223,R3929,Bangalore,Whitefield,Indiranagar,2023-10-20 17:39:00,2023-10-20 17:45:00,2023-10-20 18:24:00,14.7,359,Completed,
T5272,D179,R4885,Delhi,Connaught Place,Dwarka,2023-10-27 04:40:00,2023-10-27 04:52:00,2023-10-27 06:04:00,19.5,493,Completed,
T5273,D291,R4129,Delhi,Saket,Connaught Place,2023-10-08 20:08:00,2023-10-08 20:17:00,2023-10-08 21:28:00,22.7,445,Completed,
T5274,D331,R1292,Delhi,Rohini,Saket,2023-10-10 19:27:00,2023-10-10 19:33:00,2023-10-10 20:32:00,23.4,527,Completed,
T5275,D102,R4613,Delhi,Dwarka,Rohini,2023-10-15 10:28:00,2023-10-15 10:40:00,2023-10-15 11:28:00,12.3,311,Completed,
T5276,D313,R3274,Delhi,Connaught Place,Rohini,2023-10-20 07:52:00,2023-10-20 07:55:00,2023-10-20 08:38:00,15.0,350,Completed,
T5277,D123,R4303,Bangalore,Indiranagar,HSR Layout,2023-10-24 08:22:00,2023-10-24 08:25:00,2023-10-24 08:55:00,10.3,253,Completed,
T5278,D314,R2428,Mumbai,Colaba,Andheri,2023-10-06 17:20:00,2023-10-06 17:24:00,2023-10-06 17:32:00,2.2,97,Completed,
T5279,D254,R3695,Bangalore,Koramangala,Whitefield,2023-10-30 16:36:00,2023-10-30 16:43:00,2023-10-30 17:01:00,4.8,146,Completed,
T5280,D257,R4451,Mumbai,Colaba,Juhu,2023-10-22 10:16:00,,,0.0,0.0,Cancelled,Driver Not Found
T5281,D133,R2725,Delhi,Vasant Kunj,Dwarka,2023-10-09 16:17:00,2023-10-09 16:23:00,2023-10-09 16:58:00,10.4,289,Completed,
T5282,D175,R4199,Mumbai,Andheri,Colaba,2023-10-14 15:07:00,2023-10-14 15:09:00,2023-10-14 16:40:00,23.3,609,Completed,
T5283,D323,R2191,Delhi,Dwarka,Connaught Place,2023-10-16 08:31:00,2023-10-16 08:39:00,2023-10-16 10:14:00,24.9,558,Completed,
T5284,D273,R3934,Mumbai,Colaba,Bandra,2023-10-14 22:54:00,2023-10-14 22:59:00,2023-10-14 23:29:00,10.1,301,Completed,
T5285,D113,R2421,Delhi,Vasant Kunj,Dwarka,2023-10-25 09:04:00,2023-10-25 09:09:00,2023-10-25 09:27:00,6.4,164,Completed,
T5286,D140,R1209,Bangalore,Whitefield,Koramangala,2023-10-08 08:30:00,2023-10-08 08:41:00,2023-10-08 08:57:00,5.8,190,Completed,
T5287,D201,R3132,Delhi,Rohini,Dwarka,2023-10-26 21:07:00,2023-10-26 21:10:00,2023-10-26 22:27:00,22.2,452,Completed,
T5288,D171,R2493,Delhi,Saket,Rohini,2023-10-25 07:15:00,2023-10-25 07:22:00,2023-10-25 08:25:00,18.8,449,Completed,
T5289,D350,R4552,Delhi,Vasant Kunj,Connaught Place,2023-10-24 14:36:00,2023-10-24 14:49:00,2023-10-24 16:13:00,21.3,380,Completed,
T5290,D210,R4868,Mumbai,Colaba,Juhu,2023-10-15 22:34:00,2023-10-15 22:45:00,2023-10-16 00:10:00,25.0,434,Completed,
T5291,D270,R3297,Delhi,Vasant Kunj,Rohini,2023-10-16 18:10:00,2023-10-16 18:12:00,2023-10-16 19:04:00,15.1,350,Completed,
T5292,D113,R1105,Delhi,Rohini,Saket,2023-10-22 18:51:00,2023-10-22 18:58:00,2023-10-22 19:24:00,7.7,203,Completed,
T5293,D135,R4578,Mumbai,Andheri,Bandra,2023-10-26 00:57:00,2023-10-26 01:09:00,2023-10-26 01:59:00,13.0,302,Completed,
T5294,D263,R3790,Bangalore,Koramangala,HSR Layout,2023-10-02 06:50:00,,,0.0,0.0,Cancelled,Driver Cancelled
T5295,D249,R2378,Delhi,Vasant Kunj,Dwarka,2023-10-18 17:35:00,2023-10-18 17:46:00,2023-10-18 19:03:00,22.9,534,Completed,
T5296,D259,R1273,Delhi,Saket,Dwarka,2023-10-09 05:20:00,2023-10-09 05:27:00,2023-10-09 06:01:00,8.8,225,Completed,
T5297,D288,R4014,Mumbai,Andheri,Bandra,2023-10-25 00:34:00,2023-10-25 00:39:00,2023-10-25 01:48:00,21.8,437,Completed,
T5298,D223,R4617,Bangalore,Indiranagar,HSR Layout,2023-10-07 02:32:00,2023-10-07 02:39:00,2023-10-07 03:24:00,12.7,256,Completed,
T5299,D336,R4801,Bangalore,Indiranagar,Whitefield,2023-10-01 18:21:00,2023-10-01 18:24:00,2023-10-01 19:37:00,20.0,541,Completed,
T5300,D200,R2789,Delhi,Vasant Kunj,Connaught Place,2023-10-07 14:28:00,2023-10-07 14:41:00,2023-10-07 15:11:00,9.6,282,Completed,
T5301,D248,R3586,Mumbai,Bandra,Colaba,2023-10-26 21:51:00,2023-10-26 22:01:00,2023-10-26 22:37:00,9.9,262,Completed,
T5302,D285,R4798,Delhi,Vasant Kunj,Dwarka,2023-10-05 19:29:00,2023-10-05 19:36:00,2023-10-05 20:33:00,16.1,382,Completed,
T5303,D216,R1995,Mumbai,Powai,Juhu,2023-10-02 06:42:00,2023-10-02 06:46:00,2023-10-02 07:11:00,7.2,210,Completed,
T5304,D342,R3037,Delhi,Saket,Connaught Place,2023-10-06 12:08:00,2023-10-06 12:16:00,2023-10-06 13:02:00,15.4,299,Completed,
T5305,D113,R1724,Delhi,Connaught Place,Saket,2023-10-03 05:06:00,2023-10-03 05:11:00,2023-10-03 06:19:00,17.4,461,Completed,
T5306,D228,R3165,Delhi,Dwarka,Rohini,2023-10-12 10:40:00,2023-10-12 10:44:00,2023-10-12 11:25:00,14.0,390,Completed,
T5307,D346,R4277,Mumbai,Andheri,Powai,2023-10-02 00:15:00,2023-10-02 00:18:00,2023-10-02 00:46:00,7.6,224,Completed,
T5308,D106,R4263,Mumbai,Colaba,Juhu,2023-10-18 00:13:00,2023-10-18 00:21:00,2023-10-18 00:56:00,12.1,321,Completed,
T5309,D290,R1240,Mumbai,Colaba,Bandra,2023-10-03 07:01:00,2023-10-03 07:05:00,2023-10-03 07:32:00,7.4,196,Completed,
T5310,D290,R4505,Mumbai,Colaba,Andheri,2023-10-28 20:53:00,2023-10-28 21:00:00,2023-10-28 21:13:00,3.3,120,Completed,
T5311,D214,R3265,Delhi,Rohini,Vasant Kunj,2023-10-19 08:51:00,2023-10-19 09:06:00,2023-10-19 10:05:00,19.6,411,Completed,
T5312,D297,R1661,Bangalore,Whitefield,Koramangala,2023-10-25 12:25:00,2023-10-25 12:32:00,2023-10-25 13:13:00,12.1,270,Completed,
T5313,D148,R1934,Bangalore,Indiranagar,Whitefield,2023-10-29 06:12:00,2023-10-29 06:24:00,2023-10-29 06:58:00,9.2,240,Completed,
T5314,D188,R3032,Mumbai,Colaba,Bandra,2023-10-15 01:15:00,2023-10-15 01:30:00,2023-10-15 02:06:00,9.3,208,Completed,
T5315,D207,R4789,Bangalore,Indiranagar,HSR Layout,2023-10-12 16:00:00,2023-10-12 16:02:00,2023-10-12 16:54:00,17.2,445,Completed,
T5316,D109,R2091,Bangalore,Whitefield,Indiranagar,2023-10-12 08:34:00,2023-10-12 08:42:00,2023-10-12 09:57:00,22.8,425,Completed,
T5317,D218,R1711,Bangalore,Koramangala,Whitefield,2023-10-09 06:46:00,2023-10-09 06:56:00,2023-10-09 07:33:00,12.7,274,Completed,
T5318,D249,R4802,Delhi,Vasant Kunj,Rohini,2023-10-23 15:12:00,2023-10-23 15:25:00,2023-10-23 16:13:00,15.3,411,Completed,
T5319,D251,R4421,Bangalore,Jayanagar,Whitefield,2023-10-14 01:43:00,2023-10-14 01:45:00,2023-10-14 02:32:00,13.2,280,Completed,
T5320,D310,R4468,Bangalore,Koramangala,Jayanagar,2023-10-27 01:20:00,2023-10-27 01:26:00,2023-10-27 02:08:00,16.7,407,Completed,
T5321,D223,R4179,Bangalore,HSR Layout,Whitefield,2023-10-28 07:02:00,2023-10-28 07:10:00,2023-10-28 07:46:00,14.7,368,Completed,
T5322,D240,R4236,Bangalore,Indiranagar,Jayanagar,2023-10-07 05:36:00,2023-10-07 05:40:00,2023-10-07 06:49:00,21.0,486,Completed,
T5323,D348,R4462,Bangalore,HSR Layout,Whitefield,2023-10-09 19:01:00,2023-10-09 19:12:00,2023-10-09 19:37:00,8.1,206,Completed,
T5324,D288,R2201,Mumbai,Powai,Juhu,2023-10-10 02:30:00,2023-10-10 02:41:00,2023-10-10 03:19:00,15.2,309,Completed,
T5325,D287,R3426,Mumbai,Andheri,Bandra,2023-10-02 20:52:00,2023-10-02 21:06:00,2023-10-02 22:30:00,23.0,605,Completed,
T5326,D290,R1747,Mumbai,Juhu,Andheri,2023-10-17 05:00:00,2023-10-17 05:11:00,2023-10-17 05:31:00,8.2,226,Completed,
T5327,D133,R1058,Delhi,Saket,Connaught Place,2023-10-17 20:33:00,2023-10-17 20:43:00,2023-10-17 21:34:00,15.5,327,Completed,
T5328,D347,R1889,Bangalore,Koramangala,Whitefield,2023-10-20 12:17:00,2023-10-20 12:31:00,2023-10-20 13:09:00,12.8,250,Completed,
T5329,D223,R3191,Bangalore,Jayanagar,HSR Layout,2023-10-25 09:45:00,2023-10-25 09:48:00,2023-10-25 10:19:00,11.3,284,Completed,
T5330,D349,R1088,Delhi,Rohini,Dwarka,2023-10-25 14:55:00,2023-10-25 15:00:00,2023-10-25 15:31:00,9.9,215,Completed,
T5331,D325,R1250,Bangalore,Whitefield,Koramangala,2023-10-18 18:15:00,2023-10-18 18:24:00,2023-10-18 18:43:00,4.9,161,Completed,
T5332,D186,R2190,Bangalore,HSR Layout,Indiranagar,2023-10-08 09:57:00,2023-10-08 10:03:00,2023-10-08 11:33:00,24.5,487,Completed,
T5333,D108,R4909,Delhi,Saket,Vasant Kunj,2023-10-24 05:52:00,2023-10-24 06:07:00,2023-10-24 06:44:00,14.6,300,Completed,
T5334,D239,R2634,Bangalore,Indiranagar,Whitefield,2023-10-30 05:20:00,2023-10-30 05:23:00,2023-10-30 06:52:00,24.2,573,Completed,
T5335,D175,R4390,Mumbai,Bandra,Juhu,2023-10-23 15:33:00,2023-10-23 15:40:00,2023-10-23 16:44:00,23.1,620,Completed,
T5336,D239,R2815,Bangalore,HSR Layout,Indiranagar,2023-10-18 01:06:00,2023-10-18 01:09:00,2023-10-18 02:34:00,23.7,476,Completed,
T5337,D339,R3062,Bangalore,Jayanagar,Whitefield,2023-10-29 13:52:00,2023-10-29 14:04:00,2023-10-29 15:12:00,24.2,506,Completed,
T5338,D340,R2370,Delhi,Dwarka,Vasant Kunj,2023-10-05 19:08:00,2023-10-05 19:23:00,2023-10-05 20:05:00,12.7,249,Completed,
T5339,D185,R2574,Delhi,Rohini,Connaught Place,2023-10-05 12:58:00,2023-10-05 13:05:00,2023-10-05 13:56:00,18.1,461,Completed,
T5340,D338,R2866,Mumbai,Juhu,Andheri,2023-10-21 13:43:00,2023-10-21 13:45:00,2023-10-21 14:18:00,10.4,273,Completed,
T5341,D223,R1689,Bangalore,HSR Layout,Whitefield,2023-10-30 00:36:00,2023-10-30 00:39:00,2023-10-30 01:16:00,14.5,311,Completed,
T5342,D254,R4438,Bangalore,Whitefield,HSR Layout,2023-10-08 16:28:00,,,0.0,0.0,Cancelled,Driver Cancelled
T5343,D339,R4879,Bangalore,Whitefield,Jayanagar,2023-10-14 13:25:00,2023-10-14 13:32:00,2023-10-14 13:41:00,3.3,100,Completed,
T5344,D197,R4191,Mumbai,Andheri,Juhu,2023-10-24 21:01:00,2023-10-24 21:05:00,2023-10-24 21:51:00,15.7,365,Completed,
T5345,D204,R4286,Bangalore,HSR Layout,Indiranagar,2023-10-29 16:12:00,2023-10-29 16:18:00,2023-10-29 17:34:00,23.0,584,Completed,
T5346,D124,R4554,Bangalore,HSR Layout,Jayanagar,2023-10-17 01:41:00,2023-10-17 01:52:00,2023-10-17 03:07:00,19.1,454,Completed,
T5347,D262,R3009,Bangalore,Indiranagar,Jayanagar,2023-10-04 09:54:00,,,0.0,0.0,Cancelled,Rider Cancelled
T5348,D236,R2961,Delhi,Rohini,Connaught Place,2023-10-09 02:26:00,2023-10-09 02:39:00,2023-10-09 02:56:00,4.9,137,Completed,
T5349,D180,R3236,Bangalore,Whitefield,HSR Layout,2023-10-24 14:50:00,,,0.0,0.0,Cancelled,Driver Cancelled
T5350,D193,R2263,Mumbai,Bandra,Powai,2023-10-20 13:04:00,,,0.0,0.0,Cancelled,Other
T5351,D309,R3426,Mumbai,Andheri,Juhu,2023-10-01 09:54:00,2023-10-01 10:09:00,2023-10-01 10:46:00,10.2,295,Completed,
T5352,D258,R4996,Mumbai,Juhu,Bandra,2023-10-25 03:12:00,2023-10-25 03:25:00,2023-10-25 03:43:00,4.9,136,Completed,
T5353,D191,R1866,Bangalore,HSR Layout,Whitefield,2023-10-29 07:14:00,2023-10-29 07:28:00,2023-10-29 08:06:00,10.8,284,Completed,
T5354,D306,R4384,Mumbai,Andheri,Powai,2023-10-08 07:28:00,2023-10-08 07:38:00,2023-10-08 08:40:00,22.2,547,Completed,
T5355,D203,R1895,Mumbai,Powai,Bandra,2023-10-18 07:08:00,2023-10-18 07:15:00,2023-10-18 08:13:00,20.3,432,Completed,
T5356,D157,R4997,Mumbai,Bandra,Andheri,2023-10-18 05:44:00,2023-10-18 05:56:00,2023-10-18 06:44:00,18.4,387,Completed,
T5357,D221,R4445,Bangalore,Koramangala,Indiranagar,2023-10-18 12:19:00,2023-10-18 12:26:00,2023-10-18 12:45:00,7.6,178,Completed,
T5358,D278,R3266,Bangalore,Jayanagar,HSR Layout,2023-10-02 07:15:00,2023-10-02 07:22:00,2023-10-02 07:32:00,3.7,120,Completed,
T5359,D324,R1356,Mumbai,Andheri,Bandra,2023-10-07 21:31:00,2023-10-07 21:34:00,2023-10-07 22:43:00,22.3,586,Completed,
T5360,D309,R4169,Mumbai,Juhu,Bandra,2023-10-09 22:31:00,2023-10-09 22:43:00,2023-10-09 23:51:00,22.4,479,Completed,
T5361,D217,R4280,Delhi,Connaught Place,Vasant Kunj,2023-10-03 04:37:00,2023-10-03 04:47:00,2023-10-03 04:55:00,3.1,121,Completed,
T5362,D277,R3712,Mumbai,Powai,Colaba,2023-10-10 16:19:00,2023-10-10 16:22:00,2023-10-10 16:31:00,2.4,106,Completed,
T5363,D210,R2731,Mumbai,Colaba,Bandra,2023-10-26 21:35:00,2023-10-26 21:49:00,2023-10-26 22:31:00,15.2,429,Completed,
T5364,D174,R4228,Bangalore,HSR Layout,Koramangala,2023-10-05 03:28:00,,,0.0,0.0,Cancelled,Driver Cancelled
T5365,D346,R1971,Mumbai,Juhu,Colaba,2023-10-19 02:11:00,2023-10-19 02:22:00,2023-10-19 03:16:00,16.5,396,Completed,
T5366,D120,R1559,Bangalore,Jayanagar,HSR Layout,2023-10-14 10:16:00,2023-10-14 10:30:00,2023-10-14 11:19:00,12.9,283,Completed,
T5367,D231,R2221,Bangalore,Jayanagar,Indiranagar,2023-10-05 04:45:00,2023-10-05 04:50:00,2023-10-05 05:01:00,3.0,117,Completed,
T5368,D323,R4169,Delhi,Connaught Place,Vasant Kunj,2023-10-09 14:37:00,2023-10-09 14:44:00,2023-10-09 15:56:00,23.2,564,Completed,
T5369,D224,R3365,Bangalore,Whitefield,Indiranagar,2023-10-06 07:42:00,,,0.0,0.0,Cancelled,Driver Cancelled
T5370,D264,R1919,Delhi,Connaught Place,Rohini,2023-10-01 14:42:00,2023-10-01 14:51:00,2023-10-01 15:13:00,8.1,230,Completed,
T5371,D219,R2774,Bangalore,Koramangala,Jayanagar,2023-10-10 03:01:00,2023-10-10 03:05:00,2023-10-10 03:59:00,17.8,418,Completed,
T5372,D258,R4495,Mumbai,Andheri,Bandra,2023-10-28 13:05:00,2023-10-28 13:08:00,2023-10-28 14:12:00,16.6,406,Completed,
T5373,D145,R3245,Bangalore,Whitefield,Jayanagar,2023-10-08 21:23:00,2023-10-08 21:28:00,2023-10-08 21:40:00,4.4,155,Completed,
T5374,D284,R3184,Mumbai,Bandra,Powai,2023-10-10 10:55:00,2023-10-10 11:02:00,2023-10-10 11:19:00,6.3,154,Completed,
T5375,D347,R3014,Bangalore,Jayanagar,HSR Layout,2023-10-20 07:32:00,2023-10-20 07:44:00,2023-10-20 08:14:00,11.1,245,Completed,
T5376,D124,R4192,Bangalore,Indiranagar,Jayanagar,2023-10-23 06:47:00,2023-10-23 06:59:00,2023-10-23 07:30:00,11.1,261,Completed,
T5377,D297,R4556,Bangalore,Koramangala,Jayanagar,2023-10-28 19:40:00,2023-10-28 19:44:00,2023-10-28 20:58:00,19.1,523,Completed,
T5378,D140,R2439,Bangalore,Koramangala,Jayanagar,2023-10-05 03:54:00,,,0.0,0.0,Cancelled,Rider Cancelled
T5379,D164,R4465,Bangalore,HSR Layout,Indiranagar,2023-10-19 16:04:00,2023-10-19 16:12:00,2023-10-19 17:10:00,17.7,372,Completed,
T5380,D208,R4047,Bangalore,Jayanagar,Indiranagar,2023-10-23 18:14:00,2023-10-23 18:23:00,2023-10-23 18:37:00,5.7,184,Completed,
T5381,D179,R3160,Delhi,Connaught Place,Saket,2023-10-28 23:30:00,2023-10-28 23:42:00,2023-10-29 00:06:00,9.4,247,Completed,
T5382,D332,R3406,Delhi,Rohini,Dwarka,2023-10-29 12:04:00,2023-10-29 12:09:00,2023-10-29 12:40:00,8.5,247,Completed,
T5383,D325,R4390,Bangalore,Whitefield,Indiranagar,2023-10-06 08:15:00,2023-10-06 08:18:00,2023-10-06 08:34:00,5.2,178,Completed,
T5384,D299,R2307,Delhi,Saket,Connaught Place,2023-10-11 22:34:00,2023-10-11 22:48:00,2023-10-11 22:55:00,2.9,122,Completed,
T5385,D293,R4035,Bangalore,HSR Layout,Koramangala,2023-10-04 02:16:00,2023-10-04 02:26:00,2023-10-04 02:55:00,10.9,321,Completed,
T5386,D199,R4649,Bangalore,Indiranagar,Jayanagar,2023-10-19 19:31:00,2023-10-19 19:39:00,2023-10-19 20:45:00,22.8,400,Completed,
T5387,D197,R2837,Mumbai,Colaba,Andheri,2023-10-15 20:26:00,2023-10-15 20:30:00,2023-10-15 20:57:00,7.8,238,Completed,
T5388,D303,R1858,Mumbai,Andheri,Powai,2023-10-21 16:50:00,2023-10-21 16:59:00,2023-10-21 17:24:00,6.7,181,Completed,
T5389,D147,R4465,Delhi,Saket,Connaught Place,2023-10-11 14:45:00,2023-10-11 14:59:00,2023-10-11 15:25:00,6.9,156,Completed,
T5390,D124,R1549,Bangalore,Jayanagar,Koramangala,2023-10-13 16:21:00,,,0.0,0.0,Cancelled,Rider Cancelled
T5391,D198,R1027,Delhi,Vasant Kunj,Rohini,2023-10-02 09:18:00,2023-10-02 09:32:00,2023-10-02 10:24:00,14.1,295,Completed,
T5392,D130,R4219,Bangalore,Whitefield,Koramangala,2023-10-11 03:44:00,2023-10-11 03:55:00,2023-10-11 04:44:00,15.9,380,Completed,
T5393,D184,R1111,Bangalore,HSR Layout,Indiranagar,2023-10-23 07:55:00,2023-10-23 07:58:00,2023-10-23 08:26:00,10.2,265,Completed,
T5394,D333,R2619,Mumbai,Colaba,Powai,2023-10-01 22:27:00,,,0.0,0.0,Cancelled,Driver Cancelled
T5395,D127,R2776,Delhi,Dwarka,Vasant Kunj,2023-10-24 14:59:00,2023-10-24 15:12:00,2023-10-24 15:40:00,9.8,218,Completed,
T5396,D244,R4555,Mumbai,Bandra,Andheri,2023-10-27 08:36:00,,,0.0,0.0,Cancelled,Driver Not Found
T5397,D270,R4146,Delhi,Dwarka,Vasant Kunj,2023-10-15 09:37:00,,,0.0,0.0,Cancelled,Rider Cancelled
T5398,D141,R3722,Mumbai,Bandra,Andheri,2023-10-19 13:39:00,2023-10-19 13:51:00,2023-10-19 14:51:00,21.6,532,Completed,
T5399,D257,R2733,Mumbai,Colaba,Juhu,2023-10-12 03:09:00,2023-10-12 03:14:00,2023-10-12 04:09:00,14.3,328,Completed,
T5400,D136,R1624,Delhi,Saket,Rohini,2023-10-10 04:43:00,2023-10-10 04:51:00,2023-10-10 05:16:00,7.7,234,Completed,
T5401,D288,R3303,Mumbai,Andheri,Powai,2023-10-02 16:22:00,,,0.0,0.0,Cancelled,Driver Not Found
T5402,D161,R4127,Bangalore,Jayanagar,HSR Layout,2023-10-20 05:30:00,2023-10-20 05:42:00,2023-10-20 06:40:00,20.2,486,Completed,
T5403,D210,R2706,Mumbai,Colaba,Powai,2023-10-03 20:48:00,2023-10-03 21:03:00,2023-10-03 21:48:00,14.2,351,Completed,
T5404,D209,R4920,Bangalore,Whitefield,Jayanagar,2023-10-01 23:38:00,2023-10-01 23:42:00,2023-10-02 00:45:00,19.1,398,Completed,
T5405,D130,R3686,Bangalore,Whitefield,Jayanagar,2023-10-20 15:56:00,2023-10-20 15:59:00,2023-10-20 16:48:00,19.2,482,Completed,
T5406,D251,R2926,Bangalore,Indiranagar,HSR Layout,2023-10-09 10:44:00,2023-10-09 10:49:00,2023-10-09 11:24:00,13.4,286,Completed,
T5407,D269,R3137,Delhi,Rohini,Connaught Place,2023-10-23 18:57:00,2023-10-23 19:08:00,2023-10-23 20:20:00,18.3,460,Completed,
T5408,D334,R2234,Bangalore,Jayanagar,Indiranagar,2023-10-05 23:19:00,2023-10-05 23:23:00,2023-10-06 00:46:00,23.5,407,Completed,
T5409,D140,R3629,Bangalore,Whitefield,Jayanagar,2023-10-04 12:36:00,2023-10-04 12:45:00,2023-10-04 13:37:00,15.9,434,Completed,
T5410,D279,R1267,Mumbai,Juhu,Powai,2023-10-14 06:55:00,2023-10-14 06:58:00,2023-10-14 07:09:00,3.0,108,Completed,
T5411,D327,R1298,Mumbai,Andheri,Powai,2023-10-09 17:51:00,,,0.0,0.0,Cancelled,Payment Issue
T5412,D250,R3501,Delhi,Dwarka,Vasant Kunj,2023-10-26 14:39:00,2023-10-26 14:42:00,2023-10-26 15:25:00,16.8,446,Completed,
T5413,D349,R4888,Delhi,Saket,Rohini,2023-10-11 09:52:00,2023-10-11 10:03:00,2023-10-11 11:38:00,24.0,441,Completed,
T5414,D163,R4276,Mumbai,Bandra,Powai,2023-10-10 01:04:00,2023-10-10 01:06:00,2023-10-10 01:21:00,4.8,167,Completed,
T5415,D218,R4405,Bangalore,HSR Layout,Koramangala,2023-10-27 17:35:00,2023-10-27 17:43:00,2023-10-27 18:04:00,8.2,222,Completed,
T5416,D196,R2682,Delhi,Vasant Kunj,Rohini,2023-10-11 22:46:00,2023-10-11 23:01:00,2023-10-12 00:14:00,21.1,506,Completed,
T5417,D121,R2628,Mumbai,Colaba,Powai,2023-10-30 20:20:00,2023-10-30 20:35:00,2023-10-30 20:57:00,7.6,180,Completed,
T5418,D165,R3771,Delhi,Connaught Place,Vasant Kunj,2023-10-26 01:29:00,2023-10-26 01:38:00,2023-10-26 01:59:00,6.0,159,Completed,
T5419,D190,R1263,Bangalore,Koramangala,Whitefield,2023-10-08 10:25:00,2023-10-08 10:30:00,2023-10-08 11:09:00,11.2,225,Completed,
T5420,D251,R1388,Bangalore,Indiranagar,Whitefield,2023-10-11 19:46:00,2023-10-11 19:50:00,2023-10-11 20:22:00,9.5,279,Completed,
T5421,D207,R3055,Bangalore,HSR Layout,Koramangala,2023-10-09 23:45:00,2023-10-09 23:51:00,2023-10-10 00:22:00,8.9,240,Completed,
T5422,D133,R1065,Delhi,Rohini,Vasant Kunj,2023-10-16 17:34:00,2023-10-16 17:43:00,2023-10-16 18:48:00,21.9,543,Completed,
T5423,D117,R2703,Delhi,Vasant Kunj,Connaught Place,2023-10-18 10:41:00,2023-10-18 10:45:00,2023-10-18 10:53:00,2.2,95,Completed,
T5424,D105,R3600,Bangalore,HSR Layout,Jayanagar,2023-10-19 14:25:00,2023-10-19 14:36:00,2023-10-19 14:59:00,8.0,214,Completed,
T5425,D185,R2685,Delhi,Vasant Kunj,Rohini,2023-10-17 10:51:00,2023-10-17 10:56:00,2023-10-17 12:00:00,23.6,573,Completed,
T5426,D129,R2335,Bangalore,Koramangala,Jayanagar,2023-10-27 17:41:00,2023-10-27 17:56:00,2023-10-27 18:24:00,10.2,254,Completed,
T5427,D131,R1123,Mumbai,Powai,Juhu,2023-10-19 15:47:00,2023-10-19 15:56:00,2023-10-19 16:05:00,3.1,108,Completed,
T5428,D319,R4007,Bangalore,Koramangala,Whitefield,2023-10-10 01:55:00,2023-10-10 02:10:00,2023-10-10 02:33:00,6.3,155,Completed,
T5429,D227,R1972,Mumbai,Bandra,Andheri,2023-10-28 16:52:00,2023-10-28 17:05:00,2023-10-28 18:17:00,23.1,432,Completed,
T5430,D233,R3543,Delhi,Dwarka,Rohini,2023-10-07 09:22:00,2023-10-07 09:37:00,2023-10-07 10:38:00,18.0,491,Completed,
T5431,D178,R1256,Bangalore,HSR Layout,Jayanagar,2023-10-05 13:30:00,2023-10-05 13:41:00,2023-10-05 14:19:00,10.3,228,Completed,
T5432,D224,R3976,Bangalore,Koramangala,Whitefield,2023-10-13 23:24:00,2023-10-13 23:31:00,2023-10-14 00:01:00,9.2,239,Completed,
T5433,D251,R3042,Bangalore,Whitefield,Koramangala,2023-10-28 12:36:00,2023-10-28 12:43:00,2023-10-28 13:53:00,24.1,486,Completed,
T5434,D108,R2000,Delhi,Vasant Kunj,Saket,2023-10-02 18:25:00,2023-10-02 18:40:00,2023-10-02 20:00:00,24.2,647,Completed,
T5435,D316,R2714,Bangalore,Indiranagar,Whitefield,2023-10-26 05:47:00,2023-10-26 05:59:00,2023-10-26 06:51:00,16.8,465,Completed,
T5436,D307,R4823,Mumbai,Bandra,Colaba,2023-10-23 00:54:00,2023-10-23 00:58:00,2023-10-23 01:21:00,6.1,200,Completed,
T5437,D327,R4436,Mumbai,Andheri,Bandra,2023-10-22 10:58:00,2023-10-22 11:00:00,2023-10-22 11:18:00,6.8,152,Completed,
T5438,D199,R3940,Bangalore,Jayanagar,Indiranagar,2023-10-28 18:29:00,2023-10-28 18:43:00,2023-10-28 19:54:00,19.4,389,Completed,
T5439,D331,R1810,Delhi,Dwarka,Vasant Kunj,2023-10-15 02:34:00,2023-10-15 02:36:00,2023-10-15 02:43:00,2.7,92,Completed,
T5440,D283,R1668,Mumbai,Powai,Juhu,2023-10-10 03:21:00,2023-10-10 03:34:00,2023-10-10 03:52:00,5.9,172,Completed,
T5441,D108,R4824,Delhi,Rohini,Connaught Place,2023-10-29 22:23:00,2023-10-29 22:33:00,2023-10-29 23:45:00,21.8,424,Completed,
T5442,D203,R3233,Mumbai,Colaba,Bandra,2023-10-13 18:07:00,2023-10-13 18:14:00,2023-10-13 18:34:00,5.6,170,Completed,
T5443,D260,R2042,Bangalore,Whitefield,Jayanagar,2023-10-20 01:58:00,2023-10-20 02:09:00,2023-10-20 02:52:00,12.3,345,Completed,
T5444,D286,R3988,Mumbai,Juhu,Colaba,2023-10-09 17:34:00,2023-10-09 17:44:00,2023-10-09 19:17:00,24.6,634,Completed,
T5445,D122,R2544,Mumbai,Andheri,Colaba,2023-10-06 00:53:00,2023-10-06 01:01:00,2023-10-06 02:07:00,24.1,641,Completed,
T5446,D336,R1830,Bangalore,Whitefield,HSR Layout,2023-10-21 19:22:00,2023-10-21 19:25:00,2023-10-21 20:22:00,20.7,397,Completed,
T5447,D237,R2349,Bangalore,Koramangala,Indiranagar,2023-10-07 15:22:00,,,0.0,0.0,Cancelled,Rider Cancelled
T5448,D339,R2390,Bangalore,HSR Layout,Jayanagar,2023-10-06 12:33:00,,,0.0,0.0,Cancelled,Driver Not Found
T5449,D282,R4902,Mumbai,Powai,Andheri,2023-10-17 19:27:00,2023-10-17 19:29:00,2023-10-17 19:41:00,4.2,123,Completed,
T5450,D220,R3327,Mumbai,Bandra,Powai,2023-10-21 15:51:00,2023-10-21 15:54:00,2023-10-21 17:07:00,20.7,447,Completed,
T5451,D213,R4655,Bangalore,Indiranagar,HSR Layout,2023-10-16 17:05:00,2023-10-16 17:09:00,2023-10-16 17:21:00,4.1,123,Completed,
T5452,D152,R1587,Bangalore,HSR Layout,Koramangala,2023-10-12 00:12:00,2023-10-12 00:14:00,2023-10-12 00:37:00,9.0,215,Completed,
T5453,D233,R4089,Delhi,Vasant Kunj,Saket,2023-10-19 10:43:00,2023-10-19 10:46:00,2023-10-19 11:45:00,19.1,464,Completed,
T5454,D127,R3260,Delhi,Dwarka,Saket,2023-10-07 23:33:00,2023-10-07 23:43:00,2023-10-07 23:51:00,2.9,111,Completed,
T5455,D321,R3348,Mumbai,Colaba,Juhu,2023-10-27 21:57:00,2023-10-27 22:03:00,2023-10-27 23:14:00,18.0,425,Completed,
T5456,D338,R3508,Mumbai,Bandra,Andheri,2023-10-02 05:21:00,2023-10-02 05:23:00,2023-10-02 05:33:00,3.6,130,Completed,
T5457,D118,R1245,Delhi,Dwarka,Vasant Kunj,2023-10-02 05:31:00,2023-10-02 05:45:00,2023-10-02 06:03:00,7.3,216,Completed,
T5458,D205,R4417,Delhi,Dwarka,Connaught Place,2023-10-15 15:15:00,2023-10-15 15:23:00,2023-10-15 16:17:00,13.8,354,Completed,
T5459,D260,R2051,Bangalore,Koramangala,Indiranagar,2023-10-07 07:29:00,2023-10-07 07:40:00,2023-10-07 09:02:00,24.7,582,Completed,
T5460,D325,R3516,Bangalore,Koramangala,HSR Layout,2023-10-09 10:34:00,,,0.0,0.0,Cancelled,Driver Cancelled
T5461,D303,R1086,Mumbai,Juhu,Powai,2023-10-24 11:49:00,2023-10-24 11:53:00,2023-10-24 12:49:00,19.1,430,Completed,
T5462,D299,R2132,Delhi,Vasant Kunj,Dwarka,2023-10-01 03:16:00,2023-10-01 03:31:00,2023-10-01 04:24:00,14.4,318,Completed,
T5463,D245,R2914,Delhi,Rohini,Vasant Kunj,2023-10-20 11:38:00,2023-10-20 11:52:00,2023-10-20 13:21:00,24.9,461,Completed,
T5464,D118,R4057,Delhi,Saket,Connaught Place,2023-10-25 19:59:00,2023-10-25 20:02:00,2023-10-25 20:52:00,15.9,293,Completed,
T5465,D258,R4141,Mumbai,Andheri,Juhu,2023-10-22 13:41:00,2023-10-22 13:47:00,2023-10-22 13:55:00,2.6,100,Completed,
T5466,D331,R4835,Delhi,Vasant Kunj,Connaught Place,2023-10-25 03:28:00,2023-10-25 03:37:00,2023-10-25 04:20:00,16.2,393,Completed,
T5467,D130,R1120,Bangalore,Whitefield,Koramangala,2023-10-20 16:05:00,2023-10-20 16:12:00,2023-10-20 17:19:00,24.8,471,Completed,
T5468,D267,R1643,Mumbai,Powai,Bandra,2023-10-26 10:30:00,2023-10-26 10:44:00,2023-10-26 11:40:00,16.3,297,Completed,
T5469,D325,R3236,Bangalore,Jayanagar,HSR Layout,2023-10-28 18:32:00,2023-10-28 18:34:00,2023-10-28 19:37:00,18.1,501,Completed,
T5470,D123,R1420,Bangalore,Koramangala,Whitefield,2023-10-02 22:34:00,2023-10-02 22:39:00,2023-10-02 23:38:00,19.0,473,Completed,
T5471,D219,R1604,Bangalore,Indiranagar,Jayanagar,2023-10-30 22:44:00,2023-10-30 22:53:00,2023-10-30 23:49:00,15.0,380,Completed,
T5472,D142,R1165,Mumbai,Powai,Bandra,2023-10-01 10:06:00,2023-10-01 10:16:00,2023-10-01 10:54:00,10.0,278,Completed,
T5473,D229,R3786,Mumbai,Powai,Andheri,2023-10-03 14:41:00,2023-10-03 14:45:00,2023-10-03 15:01:00,6.3,149,Completed,
T5474,D276,R1762,Bangalore,HSR Layout,Koramangala,2023-10-16 20:02:00,,,0.0,0.0,Cancelled,Driver Not Found
T5475,D296,R2867,Mumbai,Juhu,Andheri,2023-10-01 10:50:00,2023-10-01 10:57:00,2023-10-01 11:19:00,6.4,207,Completed,
T5476,D243,R2443,Bangalore,Koramangala,Jayanagar,2023-10-08 13:05:00,2023-10-08 13:09:00,2023-10-08 13:44:00,9.9,232,Completed,
T5477,D163,R4304,Mumbai,Powai,Bandra,2023-10-05 18:49:00,2023-10-05 18:52:00,2023-10-05 19:59:00,19.6,464,Completed,
T5478,D267,R1901,Mumbai,Juhu,Powai,2023-10-25 08:34:00,2023-10-25 08:41:00,2023-10-25 09:02:00,7.9,215,Completed,
T5479,D292,R4664,Bangalore,Jayanagar,Koramangala,2023-10-18 14:37:00,2023-10-18 14:45:00,2023-10-18 15:01:00,4.6,156,Completed,
T5480,D125,R1636,Delhi,Rohini,Connaught Place,2023-10-14 23:32:00,2023-10-14 23:47:00,2023-10-14 23:58:00,4.3,147,Completed,
T5481,D350,R2361,Delhi,Connaught Place,Vasant Kunj,2023-10-07 19:53:00,2023-10-07 20:06:00,2023-10-07 20:33:00,10.1,271,Completed,
T5482,D194,R3195,Mumbai,Powai,Bandra,2023-10-17 16:02:00,2023-10-17 16:16:00,2023-10-17 17:30:00,21.5,585,Completed,
T5483,D330,R2308,Delhi,Vasant Kunj,Connaught Place,2023-10-06 22:01:00,2023-10-06 22:16:00,2023-10-06 22:37:00,8.0,226,Completed,
T5484,D170,R2058,Bangalore,Jayanagar,Indiranagar,2023-10-13 22:20:00,2023-10-13 22:28:00,2023-10-13 22:58:00,11.3,269,Completed,
T5485,D246,R3577,Delhi,Vasant Kunj,Dwarka,2023-10-02 07:00:00,2023-10-02 07:15:00,2023-10-02 07:32:00,5.9,163,Completed,
T5486,D258,R1704,Mumbai,Colaba,Bandra,2023-10-20 07:05:00,2023-10-20 07:08:00,2023-10-20 08:24:00,23.7,493,Completed,
T5487,D284,R2276,Mumbai,Colaba,Bandra,2023-10-28 09:14:00,2023-10-28 09:27:00,2023-10-28 09:38:00,3.4,105,Completed,
T5488,D282,R4757,Mumbai,Colaba,Bandra,2023-10-15 20:21:00,2023-10-15 20:25:00,2023-10-15 20:43:00,6.2,167,Completed,
T5489,D349,R4847,Delhi,Dwarka,Connaught Place,2023-10-08 19:30:00,2023-10-08 19:44:00,2023-10-08 20:17:00,9.6,249,Completed,
T5490,D316,R2910,Bangalore,Jayanagar,Whitefield,2023-10-24 00:40:00,2023-10-24 00:48:00,2023-10-24 01:18:00,8.4,179,Completed,
T5491,D132,R4342,Mumbai,Colaba,Juhu,2023-10-29 21:06:00,2023-10-29 21:21:00,2023-10-29 22:06:00,15.6,386,Completed,
T5492,D114,R3729,Bangalore,Whitefield,Jayanagar,2023-10-12 16:27:00,2023-10-12 16:31:00,2023-10-12 17:00:00,8.5,221,Completed,
T5493,D329,R2999,Bangalore,Jayanagar,Koramangala,2023-10-16 15:56:00,2023-10-16 16:01:00,2023-10-16 16:44:00,16.9,373,Completed,
T5494,D186,R4485,Bangalore,Jayanagar,Whitefield,2023-10-04 17:56:00,2023-10-04 18:08:00,2023-10-04 18:35:00,8.6,241,Completed,
T5495,D281,R2037,Delhi,Saket,Vasant Kunj,2023-10-15 05:50:00,2023-10-15 05:57:00,2023-10-15 06:16:00,6.7,205,Completed,
T5496,D130,R1951,Bangalore,Jayanagar,Whitefield,2023-10-15 09:00:00,2023-10-15 09:07:00,2023-10-15 09:57:00,15.3,362,Completed,
T5497,D330,R4915,Delhi,Dwarka,Saket,2023-10-21 02:50:00,2023-10-21 03:02:00,2023-10-21 03:14:00,3.4,104,Completed,
T5498,D263,R1914,Bangalore,Indiranagar,Koramangala,2023-10-06 09:00:00,2023-10-06 09:11:00,2023-10-06 09:19:00,2.3,90,Completed,
T5499,D348,R2031,Bangalore,Whitefield,Indiranagar,2023-10-10 22:30:00,2023-10-10 22:41:00,2023-10-10 22:57:00,4.7,154,Completed,
T5500,D255,R4941,Mumbai,Juhu,Colaba,2023-10-07 09:21:00,2023-10-07 09:27:00,2023-10-07 09:35:00,2.4,87,Completed,
